ISO-10303-21;
HEADER;
FILE_DESCRIPTION (( 'STEP AP203' ),
    '1' );
FILE_NAME ('bezel2.STEP',
    '2026-09-22T21:52:47',
    ( '' ),
    ( '' ),
    'SwSTEP 2.0',
    'SolidWorks 2025',
    '' );
FILE_SCHEMA (( 'CONFIG_CONTROL_DESIGN' ));
ENDSEC;

DATA;
#1 = EDGE_CURVE ( 'NONE', #173, #1509, #3305, .T. ) ;
#2 = EDGE_LOOP ( 'NONE', ( #2261, #883, #659, #1608 ) ) ;
#3 = DIRECTION ( 'NONE',  ( -0.8904950446498628436, 0.4549929400046100469, 0.000000000000000000 ) ) ;
#4 = AXIS2_PLACEMENT_3D ( 'NONE', #5631, #833, #4333 ) ;
#5 = LINE ( 'NONE', #887, #3524 ) ;
#6 = ADVANCED_FACE ( 'NONE', ( #670 ), #2419, .T. ) ;
#7 = DIRECTION ( 'NONE',  ( -0.1582248390206373034, -0.9874031093311856910, 0.000000000000000000 ) ) ;
#8 = DIRECTION ( 'NONE',  ( 0.8892176836772031079, 0.4574843287324162344, -0.000000000000000000 ) ) ;
#9 = CARTESIAN_POINT ( 'NONE',  ( 111.4890000000000043, 123.9350000000000023, 0.000000000000000000 ) ) ;
#10 = EDGE_LOOP ( 'NONE', ( #591, #2739, #3994, #5354 ) ) ;
#11 = LINE ( 'NONE', #3045, #1791 ) ;
#12 = VECTOR ( 'NONE', #5062, 1000.000000000000114 ) ;
#13 = EDGE_CURVE ( 'NONE', #961, #2203, #5069, .T. ) ;
#14 = CARTESIAN_POINT ( 'NONE',  ( 218.7359999999999900, 1.451070000000000082, 5.000000000000000000 ) ) ;
#15 = FACE_OUTER_BOUND ( 'NONE', #4729, .T. ) ;
#16 = VERTEX_POINT ( 'NONE', #697 ) ;
#17 = EDGE_LOOP ( 'NONE', ( #341, #1288, #2645, #5043 ) ) ;
#18 = VECTOR ( 'NONE', #2644, 1000.000000000000114 ) ;
#19 = EDGE_CURVE ( 'NONE', #5055, #1942, #2448, .T. ) ;
#20 = VERTEX_POINT ( 'NONE', #937 ) ;
#21 = DIRECTION ( 'NONE',  ( -0.7071067811865335839, -0.7071067811865613395, 0.000000000000000000 ) ) ;
#22 = DIRECTION ( 'NONE',  ( -0.9871073587932587268, 0.1600595583406276001, 0.000000000000000000 ) ) ;
#23 = ORIENTED_EDGE ( 'NONE', *, *, #1806, .F. ) ;
#24 = ORIENTED_EDGE ( 'NONE', *, *, #1146, .F. ) ;
#25 = FACE_OUTER_BOUND ( 'NONE', #650, .T. ) ;
#26 = VERTEX_POINT ( 'NONE', #844 ) ;
#27 = CARTESIAN_POINT ( 'NONE',  ( 12.09370000000000012, 15.24380000000000024, 0.000000000000000000 ) ) ;
#28 = ADVANCED_FACE ( 'NONE', ( #297 ), #3844, .T. ) ;
#29 = ORIENTED_EDGE ( 'NONE', *, *, #478, .T. ) ;
#30 = LINE ( 'NONE', #4745, #1177 ) ;
#31 = LINE ( 'NONE', #919, #321 ) ;
#32 = DIRECTION ( 'NONE',  ( 0.9872093450064345355, 0.1594293233127661025, 0.000000000000000000 ) ) ;
#33 = EDGE_CURVE ( 'NONE', #2463, #954, #4667, .T. ) ;
#34 = LINE ( 'NONE', #1783, #3003 ) ;
#35 = FACE_OUTER_BOUND ( 'NONE', #1986, .T. ) ;
#36 = CARTESIAN_POINT ( 'NONE',  ( 110.1950000000000074, 121.3940000000000055, 5.000000000000000000 ) ) ;
#37 = DIRECTION ( 'NONE',  ( 0.9872630143935667846, -0.1590966385896566693, 0.000000000000000000 ) ) ;
#38 = EDGE_LOOP ( 'NONE', ( #3631, #3599, #5509, #4956 ) ) ;
#39 = LINE ( 'NONE', #4401, #412 ) ;
#40 = EDGE_CURVE ( 'NONE', #2143, #5203, #4252, .T. ) ;
#41 = DIRECTION ( 'NONE',  ( 0.1572637512810519111, 0.9875566376330074947, 0.000000000000000000 ) ) ;
#42 = VECTOR ( 'NONE', #1985, 1000.000000000000114 ) ;
#43 = EDGE_LOOP ( 'NONE', ( #4120, #1670, #3463, #2056 ) ) ;
#44 = ORIENTED_EDGE ( 'NONE', *, *, #4150, .F. ) ;
#45 = AXIS2_PLACEMENT_3D ( 'NONE', #3935, #5641, #2988 ) ;
#46 = ORIENTED_EDGE ( 'NONE', *, *, #5160, .T. ) ;
#47 = PLANE ( 'NONE',  #5616 ) ;
#48 = DIRECTION ( 'NONE',  ( -0.8912071782601717063, -0.4535964786211886812, 0.000000000000000000 ) ) ;
#49 = EDGE_CURVE ( 'NONE', #3619, #3395, #2052, .T. ) ;
#50 = ORIENTED_EDGE ( 'NONE', *, *, #2451, .F. ) ;
#51 = ORIENTED_EDGE ( 'NONE', *, *, #1028, .T. ) ;
#52 = PLANE ( 'NONE',  #870 ) ;
#53 = VECTOR ( 'NONE', #2812, 1000.000000000000114 ) ;
#54 = VERTEX_POINT ( 'NONE', #5154 ) ;
#55 = CALENDAR_DATE ( 2026, 22, 9 ) ;
#56 = ORIENTED_EDGE ( 'NONE', *, *, #2611, .F. ) ;
#57 = VECTOR ( 'NONE', #2070, 1000.000000000000114 ) ;
#58 = DIRECTION ( 'NONE',  ( -0.000000000000000000, -0.000000000000000000, -1.000000000000000000 ) ) ;
#59 = DIRECTION ( 'NONE',  ( 0.4559917922216185637, -0.8899839804325223591, 0.000000000000000000 ) ) ;
#60 = CARTESIAN_POINT ( 'NONE',  ( 111.7159999999999940, 122.5010000000000190, 5.000000000000000000 ) ) ;
#61 = DIRECTION ( 'NONE',  ( 0.9871058195297819360, -0.1600690508825414748, 0.000000000000000000 ) ) ;
#62 = CARTESIAN_POINT ( 'NONE',  ( 3.888809999999999878, 3.684870000000000090, 5.000000000000000000 ) ) ;
#63 = CARTESIAN_POINT ( 'NONE',  ( 219.0900000000000034, 122.0540000000000163, 0.000000000000000000 ) ) ;
#64 = LINE ( 'NONE', #4427, #661 ) ;
#65 = LINE ( 'NONE', #897, #1515 ) ;
#66 = EDGE_CURVE ( 'NONE', #938, #3197, #1268, .T. ) ;
#67 = EDGE_CURVE ( 'NONE', #5251, #2352, #4751, .T. ) ;
#68 = DIRECTION ( 'NONE',  ( -0.7083262900088976854, -0.7058851655065653263, 0.000000000000000000 ) ) ;
#69 = CARTESIAN_POINT ( 'NONE',  ( 3.088179999999999481, 124.5169999999999959, 5.000000000000000000 ) ) ;
#70 = ORIENTED_EDGE ( 'NONE', *, *, #4923, .T. ) ;
#71 = VECTOR ( 'NONE', #850, 1000.000000000000000 ) ;
#72 = ORIENTED_EDGE ( 'NONE', *, *, #2045, .T. ) ;
#73 = ORIENTED_EDGE ( 'NONE', *, *, #2702, .T. ) ;
#74 = DIRECTION ( 'NONE',  ( -0.9872411207126464694, 0.1592324388246248446, 0.000000000000000000 ) ) ;
#75 = VECTOR ( 'NONE', #4937, 1000.000000000000000 ) ;
#76 = PLANE ( 'NONE',  #5590 ) ;
#77 = ORIENTED_EDGE ( 'NONE', *, *, #2888, .F. ) ;
#78 = ORIENTED_EDGE ( 'NONE', *, *, #3993, .F. ) ;
#79 = VECTOR ( 'NONE', #2347, 1000.000000000000000 ) ;
#80 = LINE ( 'NONE', #3972, #1878 ) ;
#81 = ORIENTED_EDGE ( 'NONE', *, *, #2008, .T. ) ;
#82 = ORIENTED_EDGE ( 'NONE', *, *, #4985, .F. ) ;
#83 = EDGE_CURVE ( 'NONE', #3306, #2332, #1617, .T. ) ;
#84 = DIRECTION ( 'NONE',  ( -0.7071067811865890951, 0.7071067811865059394, 0.000000000000000000 ) ) ;
#85 = CARTESIAN_POINT ( 'NONE',  ( 111.1350000000000051, 4.039019999999999833, 0.000000000000000000 ) ) ;
#86 = CARTESIAN_POINT ( 'NONE',  ( 111.7159999999999940, 122.5010000000000190, 5.000000000000000000 ) ) ;
#87 = EDGE_CURVE ( 'NONE', #26, #5418, #3359, .T. ) ;
#88 = CARTESIAN_POINT ( 'NONE',  ( 108.6720000000000113, 122.5010000000000190, 5.000000000000000000 ) ) ;
#89 = FACE_OUTER_BOUND ( 'NONE', #3829, .T. ) ;
#90 = PLANE ( 'NONE',  #655 ) ;
#91 = DIRECTION ( 'NONE',  ( 0.8911057429423657750, 0.4537957193442158643, 0.000000000000000000 ) ) ;
#92 = CARTESIAN_POINT ( 'NONE',  ( 219.3160000000000025, 122.5010000000000190, 0.000000000000000000 ) ) ;
#93 = VECTOR ( 'NONE', #3144, 1000.000000000000000 ) ;
#94 = VECTOR ( 'NONE', #4629, 1000.000000000000114 ) ;
#95 = DIRECTION ( 'NONE',  ( 0.9871977739796293783, 0.1595009562656748425, 0.000000000000000000 ) ) ;
#96 = CARTESIAN_POINT ( 'NONE',  ( 324.1010000000000559, 122.0540000000000163, 5.000000000000000000 ) ) ;
#97 = ORIENTED_EDGE ( 'NONE', *, *, #2766, .T. ) ;
#98 = ORIENTED_EDGE ( 'NONE', *, *, #4216, .F. ) ;
#99 = ORIENTED_EDGE ( 'NONE', *, *, #3748, .F. ) ;
#100 = DIRECTION ( 'NONE',  ( -0.1592042833370855837, -0.9872456615083829989, 0.000000000000000000 ) ) ;
#101 = EDGE_CURVE ( 'NONE', #2950, #4663, #2588, .T. ) ;
#102 = CARTESIAN_POINT ( 'NONE',  ( 217.7949999999999875, 124.5939999999999941, 0.000000000000000000 ) ) ;
#103 = DIRECTION ( 'NONE',  ( -0.7083262900088698188, 0.7058851655065930819, 0.000000000000000000 ) ) ;
#104 = VERTEX_POINT ( 'NONE', #1703 ) ;
#105 = CARTESIAN_POINT ( 'NONE',  ( 326.3360000000000127, 124.2890000000000157, 5.000000000000000000 ) ) ;
#106 = VECTOR ( 'NONE', #1537, 1000.000000000000000 ) ;
#107 = EDGE_LOOP ( 'NONE', ( #4620, #4589, #4844, #3134 ) ) ;
#108 = PERSON_AND_ORGANIZATION ( #2303, #3712 ) ;
#109 = CARTESIAN_POINT ( 'NONE',  ( 111.4890000000000043, 3.684870000000000090, 5.000000000000000000 ) ) ;
#110 = EDGE_CURVE ( 'NONE', #674, #5219, #760, .T. ) ;
#111 = VECTOR ( 'NONE', #2414, 1000.000000000000000 ) ;
#112 = ORIENTED_EDGE ( 'NONE', *, *, #978, .T. ) ;
#113 = CARTESIAN_POINT ( 'NONE',  ( 108.8990000000000151, 123.9350000000000023, 0.000000000000000000 ) ) ;
#114 = FACE_OUTER_BOUND ( 'NONE', #5411, .T. ) ;
#115 = FACE_OUTER_BOUND ( 'NONE', #5283, .T. ) ;
#116 = CARTESIAN_POINT ( 'NONE',  ( 1.299490000000000256, 123.9350000000000023, 0.000000000000000000 ) ) ;
#117 = FACE_OUTER_BOUND ( 'NONE', #208, .T. ) ;
#118 = EDGE_CURVE ( 'NONE', #3856, #5074, #353, .T. ) ;
#119 = CARTESIAN_POINT ( 'NONE',  ( 0.09508460000000000523, 0.2439130000000000187, 5.000000000000000000 ) ) ;
#120 = FACE_OUTER_BOUND ( 'NONE', #395, .T. ) ;
#121 = DIRECTION ( 'NONE',  ( 0.1594098865181494684, 0.9872124837542679554, -0.000000000000000000 ) ) ;
#122 = LINE ( 'NONE', #1876, #5123 ) ;
#123 = CARTESIAN_POINT ( 'NONE',  ( 219.0900000000000034, 1.803850000000000176, 0.000000000000000000 ) ) ;
#124 = ORIENTED_EDGE ( 'NONE', *, *, #239, .F. ) ;
#125 = EDGE_CURVE ( 'NONE', #4432, #1565, #784, .T. ) ;
#126 = VERTEX_POINT ( 'NONE', #1676 ) ;
#127 = VERTEX_POINT ( 'NONE', #5097 ) ;
#128 = CARTESIAN_POINT ( 'NONE',  ( 0.9935670000000000890, 2.745049999999999990, 5.000000000000000000 ) ) ;
#129 = PLANE ( 'NONE',  #5383 ) ;
#130 = VERTEX_POINT ( 'NONE', #3389 ) ;
#131 = EDGE_LOOP ( 'NONE', ( #457, #2790, #4493, #4262 ) ) ;
#132 = VERTEX_POINT ( 'NONE', #2532 ) ;
#133 = APPROVAL_DATE_TIME ( #4933, #3058 ) ;
#134 = VECTOR ( 'NONE', #1549, 1000.000000000000000 ) ;
#135 = DIRECTION ( 'NONE',  ( 0.7069569863009588229, -0.7072565443460143708, 0.000000000000000000 ) ) ;
#136 = EDGE_CURVE ( 'NONE', #2524, #5337, #4281, .T. ) ;
#137 = VERTEX_POINT ( 'NONE', #2108 ) ;
#138 = VECTOR ( 'NONE', #5324, 1000.000000000000000 ) ;
#139 = CARTESIAN_POINT ( 'NONE',  ( 111.4890000000000043, 122.0540000000000163, 5.000000000000000000 ) ) ;
#140 = CARTESIAN_POINT ( 'NONE',  ( 216.5010000000000048, 1.803850000000000176, 5.000000000000000000 ) ) ;
#141 = ORIENTED_EDGE ( 'NONE', *, *, #1602, .T. ) ;
#142 = ADVANCED_FACE ( 'NONE', ( #5612 ), #5179, .T. ) ;
#143 = DIRECTION ( 'NONE',  ( 0.7093211804271944976, -0.7048854254397458607, 0.000000000000000000 ) ) ;
#144 = DIRECTION ( 'NONE',  ( -0.000000000000000000, -1.000000000000000000, -0.000000000000000000 ) ) ;
#145 = VECTOR ( 'NONE', #1205, 1000.000000000000114 ) ;
#146 = CARTESIAN_POINT ( 'NONE',  ( 326.9159999999999968, 123.4890000000000043, 5.000000000000000000 ) ) ;
#147 = CARTESIAN_POINT ( 'NONE',  ( 108.6720000000000113, 122.5010000000000190, 5.000000000000000000 ) ) ;
#148 = LINE ( 'NONE', #2753, #4223 ) ;
#149 = LINE ( 'NONE', #1468, #2570 ) ;
#150 = CARTESIAN_POINT ( 'NONE',  ( 219.0900000000000034, 123.9350000000000023, 0.000000000000000000 ) ) ;
#151 = ORIENTED_EDGE ( 'NONE', *, *, #4690, .F. ) ;
#152 = ADVANCED_FACE ( 'NONE', ( #2559 ), #407, .T. ) ;
#153 = CARTESIAN_POINT ( 'NONE',  ( 111.1350000000000051, 124.2890000000000157, 0.000000000000000000 ) ) ;
#154 = CARTESIAN_POINT ( 'NONE',  ( 1.072109999999999896, 122.5010000000000190, 5.000000000000000000 ) ) ;
#155 = ADVANCED_FACE ( 'NONE', ( #5666 ), #3903, .T. ) ;
#156 = VERTEX_POINT ( 'NONE', #5264 ) ;
#157 = ORIENTED_EDGE ( 'NONE', *, *, #400, .F. ) ;
#158 = VECTOR ( 'NONE', #2016, 999.9999999999998863 ) ;
#159 = ADVANCED_FACE ( 'NONE', ( #3042 ), #1296, .T. ) ;
#160 = ORIENTED_EDGE ( 'NONE', *, *, #4278, .T. ) ;
#161 = CARTESIAN_POINT ( 'NONE',  ( 218.7359999999999900, 1.451070000000000082, 5.000000000000000000 ) ) ;
#162 = LINE ( 'NONE', #989, #1917 ) ;
#163 = VECTOR ( 'NONE', #3246, 1000.000000000000000 ) ;
#164 = EDGE_LOOP ( 'NONE', ( #2801, #4562, #4490, #3534 ) ) ;
#165 = ORIENTED_EDGE ( 'NONE', *, *, #544, .F. ) ;
#166 = PERSON_AND_ORGANIZATION_ROLE ( 'design_supplier' ) ;
#167 = DIRECTION ( 'NONE',  ( 0.8899839804325453407, 0.4559917922215735442, 0.000000000000000000 ) ) ;
#168 = VECTOR ( 'NONE', #1498, 1000.000000000000000 ) ;
#169 = ORIENTED_EDGE ( 'NONE', *, *, #5405, .T. ) ;
#170 = CARTESIAN_POINT ( 'NONE',  ( 4.194740000000000357, 122.9939999999999998, 5.000000000000000000 ) ) ;
#171 = CARTESIAN_POINT ( 'NONE',  ( 108.5949999999999989, 122.9939999999999998, 0.000000000000000000 ) ) ;
#172 = VECTOR ( 'NONE', #2705, 1000.000000000000000 ) ;
#173 = VERTEX_POINT ( 'NONE', #547 ) ;
#174 = PLANE ( 'NONE',  #790 ) ;
#175 = DIRECTION ( 'NONE',  ( -0.4516045380685624888, -0.8922182138893378633, 0.000000000000000000 ) ) ;
#176 = ADVANCED_FACE ( 'NONE', ( #4833 ), #3071, .T. ) ;
#177 = CARTESIAN_POINT ( 'NONE',  ( 326.3360000000000127, 121.7000000000000028, 5.000000000000000000 ) ) ;
#178 = PLANE ( 'NONE',  #749 ) ;
#179 = CARTESIAN_POINT ( 'NONE',  ( 219.3950000000000102, 122.9939999999999998, 5.000000000000000000 ) ) ;
#180 = ORIENTED_EDGE ( 'NONE', *, *, #4717, .F. ) ;
#181 = DIRECTION ( 'NONE',  ( -0.9871374159439407769, -0.1598740818379245920, 0.000000000000000000 ) ) ;
#182 = LINE ( 'NONE', #3681, #163 ) ;
#183 = VERTEX_POINT ( 'NONE', #1758 ) ;
#184 = VECTOR ( 'NONE', #4684, 999.9999999999998863 ) ;
#185 = ORIENTED_EDGE ( 'NONE', *, *, #4985, .T. ) ;
#186 = EDGE_CURVE ( 'NONE', #3315, #173, #4368, .T. ) ;
#187 = ORIENTED_EDGE ( 'NONE', *, *, #679, .F. ) ;
#188 = CARTESIAN_POINT ( 'NONE',  ( 324.1010000000000559, 1.803850000000000176, 5.000000000000000000 ) ) ;
#189 = CARTESIAN_POINT ( 'NONE',  ( 0.9935670000000000890, 122.9939999999999998, 0.000000000000000000 ) ) ;
#190 = ORIENTED_EDGE ( 'NONE', *, *, #3378, .F. ) ;
#191 = EDGE_CURVE ( 'NONE', #1509, #3836, #4015, .T. ) ;
#192 = ORIENTED_EDGE ( 'NONE', *, *, #1913, .T. ) ;
#193 = VECTOR ( 'NONE', #3121, 1000.000000000000114 ) ;
#194 = CARTESIAN_POINT ( 'NONE',  ( 326.9959999999999809, 2.745049999999999990, 5.000000000000000000 ) ) ;
#195 = EDGE_LOOP ( 'NONE', ( #4416, #2539, #3657, #765 ) ) ;
#196 = PLANE ( 'NONE',  #1371 ) ;
#197 = CARTESIAN_POINT ( 'NONE',  ( 108.8990000000000151, 122.0540000000000163, 0.000000000000000000 ) ) ;
#198 = ORIENTED_EDGE ( 'NONE', *, *, #1452, .F. ) ;
#199 = DIRECTION ( 'NONE',  ( -0.000000000000000000, -0.000000000000000000, -1.000000000000000000 ) ) ;
#200 = EDGE_CURVE ( 'NONE', #1390, #3659, #2242, .T. ) ;
#201 = VECTOR ( 'NONE', #4171, 1000.000000000000114 ) ;
#202 = CARTESIAN_POINT ( 'NONE',  ( 2.594850000000000101, 124.5939999999999941, 5.000000000000000000 ) ) ;
#203 = FACE_OUTER_BOUND ( 'NONE', #1459, .T. ) ;
#204 = FACE_BOUND ( 'NONE', #702, .T. ) ;
#205 = CARTESIAN_POINT ( 'NONE',  ( 326.6899999999999977, 3.684870000000000090, 5.000000000000000000 ) ) ;
#206 = CARTESIAN_POINT ( 'NONE',  ( 326.6899999999999977, 1.803850000000000176, 5.000000000000000000 ) ) ;
#207 = CARTESIAN_POINT ( 'NONE',  ( 111.4890000000000043, 3.684870000000000090, 0.000000000000000000 ) ) ;
#208 = EDGE_LOOP ( 'NONE', ( #4331, #425, #51, #1572 ) ) ;
#209 = EDGE_CURVE ( 'NONE', #3836, #5596, #2722, .T. ) ;
#210 = CARTESIAN_POINT ( 'NONE',  ( 219.3950000000000102, 2.745049999999999990, 5.000000000000000000 ) ) ;
#211 = ORIENTED_EDGE ( 'NONE', *, *, #2595, .T. ) ;
#212 = LINE ( 'NONE', #2684, #953 ) ;
#213 = ORIENTED_EDGE ( 'NONE', *, *, #5447, .T. ) ;
#214 = EDGE_CURVE ( 'NONE', #4648, #5628, #3501, .T. ) ;
#215 = ORIENTED_EDGE ( 'NONE', *, *, #4511, .F. ) ;
#216 = LINE ( 'NONE', #4555, #2855 ) ;
#217 = CARTESIAN_POINT ( 'NONE',  ( 0.9935670000000000890, 2.745049999999999990, 5.000000000000000000 ) ) ;
#218 = ORIENTED_EDGE ( 'NONE', *, *, #2489, .T. ) ;
#219 = ORIENTED_EDGE ( 'NONE', *, *, #5319, .T. ) ;
#220 = VERTEX_POINT ( 'NONE', #2671 ) ;
#221 = ADVANCED_FACE ( 'NONE', ( #3473 ), #90, .T. ) ;
#222 = DIRECTION ( 'NONE',  ( 0.9881032527062957316, 0.1537919438437471142, 0.000000000000000000 ) ) ;
#223 = DIRECTION ( 'NONE',  ( 0.8916045487671567793, -0.4528148944300691148, 0.000000000000000000 ) ) ;
#224 = CARTESIAN_POINT ( 'NONE',  ( 3.534660000000000135, 124.2890000000000157, 0.000000000000000000 ) ) ;
#225 = VECTOR ( 'NONE', #2745, 1000.000000000000227 ) ;
#226 = ORIENTED_EDGE ( 'NONE', *, *, #2459, .F. ) ;
#227 = DIRECTION ( 'NONE',  ( -0.8922101619186157961, -0.4516204456943435641, 0.000000000000000000 ) ) ;
#228 = VECTOR ( 'NONE', #3496, 1000.000000000000000 ) ;
#229 = DIRECTION ( 'NONE',  ( -0.4516204456943214707, 0.8922101619186268984, 0.000000000000000000 ) ) ;
#230 = FACE_BOUND ( 'NONE', #5131, .T. ) ;
#231 = LINE ( 'NONE', #2872, #1847 ) ;
#232 = FACE_OUTER_BOUND ( 'NONE', #2416, .T. ) ;
#233 = AXIS2_PLACEMENT_3D ( 'NONE', #4300, #368, #2097 ) ;
#234 = EDGE_LOOP ( 'NONE', ( #2987, #3940, #984, #4883 ) ) ;
#235 = FACE_OUTER_BOUND ( 'NONE', #5191, .T. ) ;
#236 = CARTESIAN_POINT ( 'NONE',  ( 1.072109999999999896, 2.248959999999999848, 5.000000000000000000 ) ) ;
#237 = ORIENTED_EDGE ( 'NONE', *, *, #821, .T. ) ;
#238 = DIRECTION ( 'NONE',  ( -0.000000000000000000, -0.000000000000000000, -1.000000000000000000 ) ) ;
#239 = EDGE_CURVE ( 'NONE', #54, #854, #5236, .T. ) ;
#240 = VERTEX_POINT ( 'NONE', #63 ) ;
#241 = PLANE ( 'NONE',  #1087 ) ;
#242 = VERTEX_POINT ( 'NONE', #1351 ) ;
#243 = LINE ( 'NONE', #4988, #379 ) ;
#244 = LINE ( 'NONE', #4261, #1345 ) ;
#245 = ORIENTED_EDGE ( 'NONE', *, *, #2410, .T. ) ;
#246 = EDGE_CURVE ( 'NONE', #4229, #5070, #1404, .T. ) ;
#247 = ORIENTED_EDGE ( 'NONE', *, *, #3213, .T. ) ;
#248 = ORIENTED_EDGE ( 'NONE', *, *, #575, .T. ) ;
#249 = CARTESIAN_POINT ( 'NONE',  ( 3.534660000000000135, 124.2890000000000157, 5.000000000000000000 ) ) ;
#250 = VECTOR ( 'NONE', #5235, 1000.000000000000000 ) ;
#251 = PLANE ( 'NONE',  #3477 ) ;
#252 = DIRECTION ( 'NONE',  ( -0.000000000000000000, -0.000000000000000000, -1.000000000000000000 ) ) ;
#253 = VERTEX_POINT ( 'NONE', #1844 ) ;
#254 = LINE ( 'NONE', #2015, #2076 ) ;
#255 = VECTOR ( 'NONE', #3813, 1000.000000000000000 ) ;
#256 = VECTOR ( 'NONE', #4677, 1000.000000000000000 ) ;
#257 = ADVANCED_FACE ( 'NONE', ( #4917 ), #3556, .T. ) ;
#258 = CC_DESIGN_DATE_AND_TIME_ASSIGNMENT ( #3572, #3628, ( #4328 ) ) ;
#259 = VECTOR ( 'NONE', #576, 1000.000000000000000 ) ;
#260 = CARTESIAN_POINT ( 'NONE',  ( 218.7359999999999900, 1.451070000000000082, 0.000000000000000000 ) ) ;
#261 = CARTESIAN_POINT ( 'NONE',  ( 3.088179999999999925, 1.223700000000000010, 5.000000000000000000 ) ) ;
#262 = DIRECTION ( 'NONE',  ( -0.1542119231227192799, -0.9880377941995904800, 0.000000000000000000 ) ) ;
#263 = DIRECTION ( 'NONE',  ( -0.000000000000000000, -0.000000000000000000, -1.000000000000000000 ) ) ;
#264 = DIRECTION ( 'NONE',  ( -0.1567122161024270821, -0.9876443091134916585, 0.000000000000000000 ) ) ;
#265 = EDGE_CURVE ( 'NONE', #3831, #4146, #4863, .T. ) ;
#266 = CARTESIAN_POINT ( 'NONE',  ( 326.9159999999999968, 122.5010000000000190, 5.000000000000000000 ) ) ;
#267 = ORIENTED_EDGE ( 'NONE', *, *, #1198, .F. ) ;
#268 = ORIENTED_EDGE ( 'NONE', *, *, #3080, .T. ) ;
#269 = CARTESIAN_POINT ( 'NONE',  ( 1.653650000000000064, 124.2890000000000157, 5.000000000000000000 ) ) ;
#270 = ORIENTED_EDGE ( 'NONE', *, *, #295, .T. ) ;
#271 = CARTESIAN_POINT ( 'NONE',  ( 4.114840000000000053, 122.5010000000000190, 5.000000000000000000 ) ) ;
#272 = EDGE_CURVE ( 'NONE', #126, #2963, #1377, .T. ) ;
#273 = ORIENTED_EDGE ( 'NONE', *, *, #3236, .F. ) ;
#274 = DIRECTION ( 'NONE',  ( 0.4527737055417302980, 0.8916254659721257747, 0.000000000000000000 ) ) ;
#275 = AXIS2_PLACEMENT_3D ( 'NONE', #2436, #1227, #2971 ) ;
#276 = CARTESIAN_POINT ( 'NONE',  ( 316.8949999999999818, 110.4950000000000045, 5.000000000000000000 ) ) ;
#277 = VERTEX_POINT ( 'NONE', #4453 ) ;
#278 = ORIENTED_EDGE ( 'NONE', *, *, #2219, .F. ) ;
#279 = EDGE_CURVE ( 'NONE', #3774, #5188, #4890, .T. ) ;
#280 = VERTEX_POINT ( 'NONE', #3148 ) ;
#281 = LINE ( 'NONE', #1057, #831 ) ;
#282 = CARTESIAN_POINT ( 'NONE',  ( 3.088179999999999925, 124.5169999999999959, 5.000000000000000000 ) ) ;
#283 = PLANE ( 'NONE',  #5002 ) ;
#284 = ORIENTED_EDGE ( 'NONE', *, *, #5405, .F. ) ;
#285 = DIRECTION ( 'NONE',  ( 0.1533772373344627904, -0.9881677099903880546, 0.000000000000000000 ) ) ;
#286 = EDGE_CURVE ( 'NONE', #5328, #1161, #975, .T. ) ;
#287 = VECTOR ( 'NONE', #2694, 1000.000000000000000 ) ;
#288 = ORIENTED_EDGE ( 'NONE', *, *, #1198, .T. ) ;
#289 = DIRECTION ( 'NONE',  ( 0.4516681659875569910, -0.8921860051768558675, 0.000000000000000000 ) ) ;
#290 = CARTESIAN_POINT ( 'NONE',  ( 217.3000000000000114, 4.265010000000000190, 5.000000000000000000 ) ) ;
#291 = LINE ( 'NONE', #1261, #4977 ) ;
#292 = DIRECTION ( 'NONE',  ( -0.8922101619186266763, 0.4516204456943218037, 0.000000000000000000 ) ) ;
#293 = VECTOR ( 'NONE', #274, 1000.000000000000114 ) ;
#294 = AXIS2_PLACEMENT_3D ( 'NONE', #2672, #4918, #976 ) ;
#295 = EDGE_CURVE ( 'NONE', #1249, #2063, #4628, .T. ) ;
#296 = CARTESIAN_POINT ( 'NONE',  ( 108.5949999999999989, 122.9939999999999998, 0.000000000000000000 ) ) ;
#297 = FACE_OUTER_BOUND ( 'NONE', #1626, .T. ) ;
#298 = LINE ( 'NONE', #1214, #5490 ) ;
#299 = VERTEX_POINT ( 'NONE', #1963 ) ;
#300 = CARTESIAN_POINT ( 'NONE',  ( 0.9935670000000000890, 2.745049999999999990, 5.000000000000000000 ) ) ;
#301 = VERTEX_POINT ( 'NONE', #3727 ) ;
#302 = ORIENTED_EDGE ( 'NONE', *, *, #5057, .T. ) ;
#303 = CARTESIAN_POINT ( 'NONE',  ( 216.1949999999999932, 122.9939999999999998, 5.000000000000000000 ) ) ;
#304 = LINE ( 'NONE', #5538, #1257 ) ;
#305 = EDGE_CURVE ( 'NONE', #3005, #632, #4572, .T. ) ;
#306 = ORIENTED_EDGE ( 'NONE', *, *, #1207, .T. ) ;
#307 = ORIENTED_EDGE ( 'NONE', *, *, #49, .T. ) ;
#308 = ORIENTED_EDGE ( 'NONE', *, *, #5395, .F. ) ;
#309 = DIRECTION ( 'NONE',  ( -0.1576014570290689421, 0.9875028003718848701, 0.000000000000000000 ) ) ;
#310 = DIRECTION ( 'NONE',  ( 0.9871757703368737591, 0.1596370835983918213, 0.000000000000000000 ) ) ;
#311 = DIRECTION ( 'NONE',  ( -0.000000000000000000, -0.000000000000000000, -1.000000000000000000 ) ) ;
#312 = ORIENTED_EDGE ( 'NONE', *, *, #4862, .F. ) ;
#313 = CARTESIAN_POINT ( 'NONE',  ( 111.7950000000000017, 122.9939999999999998, 5.000000000000000000 ) ) ;
#314 = EDGE_CURVE ( 'NONE', #3875, #740, #231, .T. ) ;
#315 = VERTEX_POINT ( 'NONE', #5408 ) ;
#316 = CARTESIAN_POINT ( 'NONE',  ( 111.7159999999999940, 2.248959999999999848, 0.000000000000000000 ) ) ;
#317 = PLANE ( 'NONE',  #4696 ) ;
#318 = DIRECTION ( 'NONE',  ( 0.1572265105709937383, 0.9875625673210124411, 0.000000000000000000 ) ) ;
#319 = VECTOR ( 'NONE', #4611, 1000.000000000000000 ) ;
#320 = DIRECTION ( 'NONE',  ( 0.1543157444028216974, -0.9880215842932799086, 0.000000000000000000 ) ) ;
#321 = VECTOR ( 'NONE', #4394, 1000.000000000000000 ) ;
#322 = DIRECTION ( 'NONE',  ( -0.8924298478292961301, 0.4511861774294280147, 0.000000000000000000 ) ) ;
#323 = CARTESIAN_POINT ( 'NONE',  ( 3.888809999999999878, 3.684870000000000090, 5.000000000000000000 ) ) ;
#324 = ORIENTED_EDGE ( 'NONE', *, *, #4915, .F. ) ;
#325 = CARTESIAN_POINT ( 'NONE',  ( 324.1010000000000559, 123.9350000000000023, 5.000000000000000000 ) ) ;
#326 = VECTOR ( 'NONE', #199, 1000.000000000000000 ) ;
#327 = EDGE_LOOP ( 'NONE', ( #1910, #3627, #2397, #5244, #868, #165, #4901, #1978, #1358, #3961, #3518, #2850, #5141, #2449, #3571, #5369, #308, #4708, #2578, #4609 ) ) ;
#328 = EDGE_CURVE ( 'NONE', #5503, #2198, #607, .T. ) ;
#329 = CARTESIAN_POINT ( 'NONE',  ( 324.4549999999999841, 124.2890000000000157, 0.000000000000000000 ) ) ;
#330 = CARTESIAN_POINT ( 'NONE',  ( 2.100130000000000052, 4.265010000000000190, 0.000000000000000000 ) ) ;
#331 = ORIENTED_EDGE ( 'NONE', *, *, #2166, .F. ) ;
#332 = VERTEX_POINT ( 'NONE', #3699 ) ;
#333 = EDGE_CURVE ( 'NONE', #2540, #4954, #639, .T. ) ;
#334 = ORIENTED_EDGE ( 'NONE', *, *, #1767, .F. ) ;
#335 = CARTESIAN_POINT ( 'NONE',  ( 219.3160000000000025, 2.248959999999999848, 0.000000000000000000 ) ) ;
#336 = DIRECTION ( 'NONE',  ( 0.8924218088635806900, 0.4512020778594162396, 0.000000000000000000 ) ) ;
#337 = LINE ( 'NONE', #773, #2152 ) ;
#338 = VERTEX_POINT ( 'NONE', #4978 ) ;
#339 = DIRECTION ( 'NONE',  ( -0.7071067811865335839, 0.7071067811865613395, 0.000000000000000000 ) ) ;
#340 = AXIS2_PLACEMENT_3D ( 'NONE', #1163, #767, #793 ) ;
#341 = ORIENTED_EDGE ( 'NONE', *, *, #838, .F. ) ;
#342 = CARTESIAN_POINT ( 'NONE',  ( 3.088179999999999925, 1.223700000000000010, 0.000000000000000000 ) ) ;
#343 = VECTOR ( 'NONE', #320, 1000.000000000000114 ) ;
#344 = LINE ( 'NONE', #2102, #3293 ) ;
#345 = DIRECTION ( 'NONE',  ( -0.9881032527062957316, -0.1537919438437470865, 0.000000000000000000 ) ) ;
#346 = PLANE ( 'NONE',  #4076 ) ;
#347 = VERTEX_POINT ( 'NONE', #1434 ) ;
#348 = AXIS2_PLACEMENT_3D ( 'NONE', #381, #5126, #785 ) ;
#349 = VECTOR ( 'NONE', #5665, 1000.000000000000000 ) ;
#350 = EDGE_CURVE ( 'NONE', #5040, #2521, #4516, .T. ) ;
#351 = VECTOR ( 'NONE', #5535, 1000.000000000000227 ) ;
#352 = CARTESIAN_POINT ( 'NONE',  ( 110.1950000000000074, 1.143769999999999953, 0.000000000000000000 ) ) ;
#353 = LINE ( 'NONE', #5587, #4872 ) ;
#354 = DIRECTION ( 'NONE',  ( -0.9872598878091026764, -0.1591160391763127013, 0.000000000000000000 ) ) ;
#355 = ORIENTED_EDGE ( 'NONE', *, *, #4075, .T. ) ;
#356 = LINE ( 'NONE', #2111, #1510 ) ;
#357 = CARTESIAN_POINT ( 'NONE',  ( 326.3360000000000127, 121.7000000000000028, 5.000000000000000000 ) ) ;
#358 = EDGE_CURVE ( 'NONE', #958, #632, #3296, .T. ) ;
#359 = DIRECTION ( 'NONE',  ( -0.000000000000000000, -0.000000000000000000, -1.000000000000000000 ) ) ;
#360 = ORIENTED_EDGE ( 'NONE', *, *, #1043, .F. ) ;
#361 = ORIENTED_EDGE ( 'NONE', *, *, #507, .T. ) ;
#362 = VERTEX_POINT ( 'NONE', #2842 ) ;
#363 = DIRECTION ( 'NONE',  ( 0.7083262900088421743, 0.7058851655066208375, 0.000000000000000000 ) ) ;
#364 = ADVANCED_FACE ( 'NONE', ( #4072 ), #2782, .T. ) ;
#365 = EDGE_LOOP ( 'NONE', ( #5330, #1310, #2404, #245 ) ) ;
#366 = CARTESIAN_POINT ( 'NONE',  ( 218.2889999999999873, 4.265009999999993084, 5.000000000000000000 ) ) ;
#367 = ORIENTED_EDGE ( 'NONE', *, *, #4041, .T. ) ;
#368 = DIRECTION ( 'NONE',  ( -0.4511861774294279592, -0.8924298478292962411, 0.000000000000000000 ) ) ;
#369 = VECTOR ( 'NONE', #5427, 1000.000000000000000 ) ;
#370 = ORIENTED_EDGE ( 'NONE', *, *, #4812, .F. ) ;
#371 = VECTOR ( 'NONE', #5184, 1000.000000000000227 ) ;
#372 = CARTESIAN_POINT ( 'NONE',  ( 1.072109999999999896, 3.238389999999999880, 0.000000000000000000 ) ) ;
#373 = DIRECTION ( 'NONE',  ( 0.7083262900088698188, 0.7058851655065930819, 0.000000000000000000 ) ) ;
#374 = EDGE_CURVE ( 'NONE', #467, #4528, #5033, .T. ) ;
#375 = CARTESIAN_POINT ( 'NONE',  ( 4.114840000000000053, 2.248959999999999848, 5.000000000000000000 ) ) ;
#376 = VECTOR ( 'NONE', #3208, 1000.000000000000000 ) ;
#377 = CARTESIAN_POINT ( 'NONE',  ( 217.7949999999999875, 4.344949999999999868, 5.000000000000000000 ) ) ;
#378 = CARTESIAN_POINT ( 'NONE',  ( 111.7950000000000017, 122.9939999999999998, 0.000000000000000000 ) ) ;
#379 = VECTOR ( 'NONE', #2884, 1000.000000000000000 ) ;
#380 = DIRECTION ( 'NONE',  ( 0.1542119231227464249, 0.9880377941995862612, 0.000000000000000000 ) ) ;
#381 = CARTESIAN_POINT ( 'NONE',  ( 325.8890000000000668, 121.4740000000000180, 5.000000000000000000 ) ) ;
#382 = VERTEX_POINT ( 'NONE', #3674 ) ;
#383 = LINE ( 'NONE', #2646, #1237 ) ;
#384 = LINE ( 'NONE', #3046, #5146 ) ;
#385 = EDGE_CURVE ( 'NONE', #5526, #5020, #4105, .T. ) ;
#386 = AXIS2_PLACEMENT_3D ( 'NONE', #3253, #1107, #2765 ) ;
#387 = CARTESIAN_POINT ( 'NONE',  ( 219.3160000000000025, 2.248959999999999848, 5.000000000000000000 ) ) ;
#388 = CARTESIAN_POINT ( 'NONE',  ( 3.888809999999999878, 122.0540000000000163, 5.000000000000000000 ) ) ;
#389 = ADVANCED_FACE ( 'NONE', ( #4602 ), #178, .T. ) ;
#390 = ORIENTED_EDGE ( 'NONE', *, *, #2313, .F. ) ;
#391 = EDGE_LOOP ( 'NONE', ( #3647, #1541, #5048, #3279 ) ) ;
#392 = ORIENTED_EDGE ( 'NONE', *, *, #3668, .T. ) ;
#393 = CARTESIAN_POINT ( 'NONE',  ( 324.1010000000000559, 3.684870000000000090, 5.000000000000000000 ) ) ;
#394 = FACE_OUTER_BOUND ( 'NONE', #2495, .T. ) ;
#395 = EDGE_LOOP ( 'NONE', ( #2969, #1540, #2398, #4254 ) ) ;
#396 = DIRECTION ( 'NONE',  ( -0.000000000000000000, -0.000000000000000000, -1.000000000000000000 ) ) ;
#397 = ORIENTED_EDGE ( 'NONE', *, *, #1724, .F. ) ;
#398 = ADVANCED_FACE ( 'NONE', ( #5376 ), #3240, .T. ) ;
#399 = ORIENTED_EDGE ( 'NONE', *, *, #3574, .F. ) ;
#400 = EDGE_CURVE ( 'NONE', #3716, #2466, #5005, .T. ) ;
#401 = CARTESIAN_POINT ( 'NONE',  ( 111.1350000000000051, 4.039019999999999833, 5.000000000000000000 ) ) ;
#402 = LINE ( 'NONE', #1721, #1640 ) ;
#403 = DIRECTION ( 'NONE',  ( 0.1553213958544118756, -0.9878639906332434828, 0.000000000000000000 ) ) ;
#404 = DIRECTION ( 'NONE',  ( -0.000000000000000000, -0.000000000000000000, -1.000000000000000000 ) ) ;
#405 = LINE ( 'NONE', #2187, #4137 ) ;
#406 = FACE_OUTER_BOUND ( 'NONE', #195, .T. ) ;
#407 = PLANE ( 'NONE',  #5520 ) ;
#408 = FACE_OUTER_BOUND ( 'NONE', #4291, .T. ) ;
#409 = ORIENTED_EDGE ( 'NONE', *, *, #5601, .F. ) ;
#410 = CARTESIAN_POINT ( 'NONE',  ( 326.6899999999999977, 1.803850000000000176, 5.000000000000000000 ) ) ;
#411 = VECTOR ( 'NONE', #2082, 1000.000000000000114 ) ;
#412 = VECTOR ( 'NONE', #1324, 1000.000000000000114 ) ;
#413 = PLANE ( 'NONE',  #1636 ) ;
#414 = CARTESIAN_POINT ( 'NONE',  ( 111.7159999999999940, 2.248959999999999848, 0.000000000000000000 ) ) ;
#415 = EDGE_CURVE ( 'NONE', #1509, #2569, #148, .T. ) ;
#416 = EDGE_LOOP ( 'NONE', ( #5145, #5626, #4051, #3272 ) ) ;
#417 = EDGE_LOOP ( 'NONE', ( #729, #1833, #5272, #1678 ) ) ;
#418 = VECTOR ( 'NONE', #1668, 1000.000000000000000 ) ;
#419 = ORIENTED_EDGE ( 'NONE', *, *, #3684, .T. ) ;
#420 = CARTESIAN_POINT ( 'NONE',  ( 3.088179999999999925, 4.265010000000000190, 5.000000000000000000 ) ) ;
#421 = ADVANCED_FACE ( 'NONE', ( #1870 ), #3609, .T. ) ;
#422 = PLANE ( 'NONE',  #4196 ) ;
#423 = ORIENTED_EDGE ( 'NONE', *, *, #3993, .T. ) ;
#424 = FACE_OUTER_BOUND ( 'NONE', #2939, .T. ) ;
#425 = ORIENTED_EDGE ( 'NONE', *, *, #4026, .F. ) ;
#426 = CARTESIAN_POINT ( 'NONE',  ( 108.6720000000000113, 123.4890000000000043, 5.000000000000000000 ) ) ;
#427 = EDGE_LOOP ( 'NONE', ( #5066, #3821, #3677, #2853 ) ) ;
#428 = LINE ( 'NONE', #3895, #4688 ) ;
#429 = CARTESIAN_POINT ( 'NONE',  ( 218.7359999999999900, 124.2890000000000157, 5.000000000000000000 ) ) ;
#430 = CARTESIAN_POINT ( 'NONE',  ( 1.653650000000000064, 124.2890000000000157, 5.000000000000000000 ) ) ;
#431 = AXIS2_PLACEMENT_3D ( 'NONE', #531, #1050, #1079 ) ;
#432 = EDGE_CURVE ( 'NONE', #1579, #16, #1903, .T. ) ;
#433 = APPROVAL ( #3660, 'UNSPECIFIED' ) ;
#434 = PLANE ( 'NONE',  #4418 ) ;
#435 = AXIS2_PLACEMENT_3D ( 'NONE', #3818, #2957, #3734 ) ;
#436 = CARTESIAN_POINT ( 'NONE',  ( 108.6720000000000113, 122.5010000000000190, 5.000000000000000000 ) ) ;
#437 = EDGE_CURVE ( 'NONE', #2144, #5513, #3786, .T. ) ;
#438 = DIRECTION ( 'NONE',  ( 0.9871905049027066559, -0.1595459401863275894, 0.000000000000000000 ) ) ;
#439 = DIRECTION ( 'NONE',  ( 0.9877308020495735308, -0.1561661380789901576, 0.000000000000000000 ) ) ;
#440 = EDGE_LOOP ( 'NONE', ( #4273, #3258, #5227, #4922 ) ) ;
#441 = LINE ( 'NONE', #3962, #5008 ) ;
#442 = VECTOR ( 'NONE', #3147, 999.9999999999998863 ) ;
#443 = DIRECTION ( 'NONE',  ( 0.1592042833370855837, 0.9872456615083829989, 0.000000000000000000 ) ) ;
#444 = DIRECTION ( 'NONE',  ( -0.000000000000000000, -0.000000000000000000, -1.000000000000000000 ) ) ;
#445 = AXIS2_PLACEMENT_3D ( 'NONE', #5681, #48, #3887 ) ;
#446 = ORIENTED_EDGE ( 'NONE', *, *, #3101, .F. ) ;
#447 = ADVANCED_FACE ( 'NONE', ( #2130 ), #317, .T. ) ;
#448 = ORIENTED_EDGE ( 'NONE', *, *, #3010, .T. ) ;
#449 = ORIENTED_EDGE ( 'NONE', *, *, #1570, .T. ) ;
#450 = LINE ( 'NONE', #557, #3769 ) ;
#451 = DIRECTION ( 'NONE',  ( -0.9881164689548826985, -0.1537070062818681471, 0.000000000000000000 ) ) ;
#452 = ORIENTED_EDGE ( 'NONE', *, *, #4915, .T. ) ;
#453 = ORIENTED_EDGE ( 'NONE', *, *, #5197, .T. ) ;
#454 = CARTESIAN_POINT ( 'NONE',  ( 326.3360000000000127, 124.2890000000000157, 5.000000000000000000 ) ) ;
#455 = ORIENTED_EDGE ( 'NONE', *, *, #679, .T. ) ;
#456 = DIRECTION ( 'NONE',  ( -0.4533763750535688142, 0.8913191698506689464, 0.000000000000000000 ) ) ;
#457 = ORIENTED_EDGE ( 'NONE', *, *, #1011, .F. ) ;
#458 = CARTESIAN_POINT ( 'NONE',  ( 326.6899999999999977, 3.684870000000000090, 0.000000000000000000 ) ) ;
#459 = CARTESIAN_POINT ( 'NONE',  ( 326.3360000000000127, 124.2890000000000157, 5.000000000000000000 ) ) ;
#460 = VECTOR ( 'NONE', #1925, 1000.000000000000000 ) ;
#461 = EDGE_CURVE ( 'NONE', #791, #5242, #835, .T. ) ;
#462 = LINE ( 'NONE', #1673, #4908 ) ;
#463 = CARTESIAN_POINT ( 'NONE',  ( 12.09370000000000012, 110.4950000000000045, 5.000000000000000000 ) ) ;
#464 = DIRECTION ( 'NONE',  ( -0.000000000000000000, -0.000000000000000000, -1.000000000000000000 ) ) ;
#465 = CARTESIAN_POINT ( 'NONE',  ( 324.8999999999999773, 4.265010000000000190, 5.000000000000000000 ) ) ;
#466 = CARTESIAN_POINT ( 'NONE',  ( 326.3360000000000127, 121.7000000000000028, 0.000000000000000000 ) ) ;
#467 = VERTEX_POINT ( 'NONE', #4661 ) ;
#468 = DIRECTION ( 'NONE',  ( -0.9875566376330119356, 0.1572637512810249882, 0.000000000000000000 ) ) ;
#469 = CARTESIAN_POINT ( 'NONE',  ( 2.100130000000000052, 121.4740000000000180, 0.000000000000000000 ) ) ;
#470 = EDGE_CURVE ( 'NONE', #1938, #2512, #344, .T. ) ;
#471 = PLANE ( 'NONE',  #4843 ) ;
#472 = FACE_OUTER_BOUND ( 'NONE', #3884, .T. ) ;
#473 = VERTEX_POINT ( 'NONE', #2929 ) ;
#474 = ORIENTED_EDGE ( 'NONE', *, *, #3426, .F. ) ;
#475 = VECTOR ( 'NONE', #1511, 1000.000000000000114 ) ;
#476 = ORIENTED_EDGE ( 'NONE', *, *, #110, .F. ) ;
#477 = CARTESIAN_POINT ( 'NONE',  ( 110.1950000000000074, 1.143769999999999953, 5.000000000000000000 ) ) ;
#478 = EDGE_CURVE ( 'NONE', #3363, #240, #2900, .T. ) ;
#479 = DIRECTION ( 'NONE',  ( -0.1600595583406320133, -0.9871073587932580606, 0.000000000000000000 ) ) ;
#480 = ORIENTED_EDGE ( 'NONE', *, *, #3286, .F. ) ;
#481 = ORIENTED_EDGE ( 'NONE', *, *, #4606, .T. ) ;
#482 = FACE_OUTER_BOUND ( 'NONE', #3475, .T. ) ;
#483 = EDGE_LOOP ( 'NONE', ( #742, #3731, #157, #4507 ) ) ;
#484 = ORIENTED_EDGE ( 'NONE', *, *, #2289, .T. ) ;
#485 = CARTESIAN_POINT ( 'NONE',  ( 111.4890000000000043, 122.0540000000000163, 5.000000000000000000 ) ) ;
#486 = ADVANCED_FACE ( 'NONE', ( #723 ), #4217, .T. ) ;
#487 = DIRECTION ( 'NONE',  ( -0.4520549723629646577, 0.8919900795199009469, 0.000000000000000000 ) ) ;
#488 = DIRECTION ( 'NONE',  ( 0.1537070062818681748, -0.9881164689548828095, 0.000000000000000000 ) ) ;
#489 = CARTESIAN_POINT ( 'NONE',  ( 216.1949999999999932, 2.745049999999999990, 0.000000000000000000 ) ) ;
#490 = PLANE ( 'NONE',  #2636 ) ;
#491 = CARTESIAN_POINT ( 'NONE',  ( 111.7159999999999940, 123.4890000000000043, 5.000000000000000000 ) ) ;
#492 = CARTESIAN_POINT ( 'NONE',  ( 109.7000000000000028, 121.4740000000000180, 5.000000000000000000 ) ) ;
#493 = CARTESIAN_POINT ( 'NONE',  ( 108.8990000000000151, 1.803850000000000176, 0.000000000000000000 ) ) ;
#494 = CARTESIAN_POINT ( 'NONE',  ( 4.114840000000000053, 122.5010000000000190, 5.000000000000000000 ) ) ;
#495 = CARTESIAN_POINT ( 'NONE',  ( 323.8730000000000473, 123.4890000000000043, 0.000000000000000000 ) ) ;
#496 = VECTOR ( 'NONE', #311, 1000.000000000000000 ) ;
#497 = ORIENTED_EDGE ( 'NONE', *, *, #279, .F. ) ;
#498 = ORIENTED_EDGE ( 'NONE', *, *, #752, .F. ) ;
#499 = EDGE_CURVE ( 'NONE', #5019, #1924, #5607, .T. ) ;
#500 = VECTOR ( 'NONE', #4574, 1000.000000000000114 ) ;
#501 = ORIENTED_EDGE ( 'NONE', *, *, #3008, .T. ) ;
#502 = CARTESIAN_POINT ( 'NONE',  ( 324.8999999999999773, 121.4740000000000180, 5.000000000000000000 ) ) ;
#503 = DIRECTION ( 'NONE',  ( 1.000000000000000000, -0.000000000000000000, -0.000000000000000000 ) ) ;
#504 = ORIENTED_EDGE ( 'NONE', *, *, #3329, .T. ) ;
#505 = ORIENTED_EDGE ( 'NONE', *, *, #1376, .T. ) ;
#506 = CARTESIAN_POINT ( 'NONE',  ( 108.8990000000000151, 122.0540000000000163, 0.000000000000000000 ) ) ;
#507 = EDGE_CURVE ( 'NONE', #5203, #2043, #2019, .T. ) ;
#508 = VECTOR ( 'NONE', #5488, 1000.000000000000000 ) ;
#509 = EDGE_LOOP ( 'NONE', ( #1979, #2069, #3707, #5022 ) ) ;
#510 = ORIENTED_EDGE ( 'NONE', *, *, #1099, .F. ) ;
#511 = CARTESIAN_POINT ( 'NONE',  ( 326.3360000000000127, 121.7000000000000028, 0.000000000000000000 ) ) ;
#512 = CARTESIAN_POINT ( 'NONE',  ( 3.088179999999999925, 121.4740000000000180, 5.000000000000000000 ) ) ;
#513 = CARTESIAN_POINT ( 'NONE',  ( 4.114840000000000053, 123.4890000000000043, 0.000000000000000000 ) ) ;
#514 = LINE ( 'NONE', #5406, #707 ) ;
#515 = FACE_OUTER_BOUND ( 'NONE', #3613, .T. ) ;
#516 = DIRECTION ( 'NONE',  ( 0.4547933146790937298, 0.8905970137627921002, 0.000000000000000000 ) ) ;
#517 = CARTESIAN_POINT ( 'NONE',  ( 110.6880000000000024, 1.223700000000000010, 0.000000000000000000 ) ) ;
#518 = CARTESIAN_POINT ( 'NONE',  ( 324.1010000000000559, 122.0540000000000163, 5.000000000000000000 ) ) ;
#519 = EDGE_CURVE ( 'NONE', #2035, #5310, #1645, .T. ) ;
#520 = VECTOR ( 'NONE', #2159, 1000.000000000000114 ) ;
#521 = DIRECTION ( 'NONE',  ( -0.8920142723425459330, 0.4520072321735552623, 0.000000000000000000 ) ) ;
#522 = CARTESIAN_POINT ( 'NONE',  ( 110.6880000000000024, 4.265010000000000190, 0.000000000000000000 ) ) ;
#523 = ORIENTED_EDGE ( 'NONE', *, *, #3850, .F. ) ;
#524 = VECTOR ( 'NONE', #4446, 1000.000000000000000 ) ;
#525 = VERTEX_POINT ( 'NONE', #5148 ) ;
#526 = EDGE_CURVE ( 'NONE', #3256, #5328, #3410, .T. ) ;
#527 = VECTOR ( 'NONE', #4234, 1000.000000000000000 ) ;
#528 = ORIENTED_EDGE ( 'NONE', *, *, #4464, .F. ) ;
#529 = CARTESIAN_POINT ( 'NONE',  ( 323.8730000000000473, 122.5010000000000190, 5.000000000000000000 ) ) ;
#530 = VECTOR ( 'NONE', #1465, 1000.000000000000000 ) ;
#531 = CARTESIAN_POINT ( 'NONE',  ( 324.8999999999999773, 4.265010000000000190, 5.000000000000000000 ) ) ;
#532 = CARTESIAN_POINT ( 'NONE',  ( 217.7949999999999875, 121.3940000000000055, 5.000000000000000000 ) ) ;
#533 = ORIENTED_EDGE ( 'NONE', *, *, #4680, .T. ) ;
#534 = VECTOR ( 'NONE', #3573, 1000.000000000000000 ) ;
#535 = DIRECTION ( 'NONE',  ( 0.4549929400045650829, 0.8904950446498859362, -0.000000000000000000 ) ) ;
#536 = ORIENTED_EDGE ( 'NONE', *, *, #1225, .T. ) ;
#537 = DIRECTION ( 'NONE',  ( -0.1542119231227464249, -0.9880377941995862612, 0.000000000000000000 ) ) ;
#538 = ORIENTED_EDGE ( 'NONE', *, *, #2958, .T. ) ;
#539 = EDGE_CURVE ( 'NONE', #173, #3084, #3868, .T. ) ;
#540 = LINE ( 'NONE', #1088, #460 ) ;
#541 = DIRECTION ( 'NONE',  ( 0.7071067811865059394, -0.7071067811865890951, 0.000000000000000000 ) ) ;
#542 = DIRECTION ( 'NONE',  ( -0.000000000000000000, -0.000000000000000000, -1.000000000000000000 ) ) ;
#543 = DIRECTION ( 'NONE',  ( -0.9872093450064358677, -0.1594293233127573872, 0.000000000000000000 ) ) ;
#544 = EDGE_CURVE ( 'NONE', #881, #5444, #5200, .T. ) ;
#545 = CARTESIAN_POINT ( 'NONE',  ( 218.2889999999999873, 121.4740000000000180, 0.000000000000000000 ) ) ;
#546 = PLANE ( 'NONE',  #1816 ) ;
#547 = CARTESIAN_POINT ( 'NONE',  ( 217.7949999999999875, 121.3940000000000055, 5.000000000000000000 ) ) ;
#548 = LINE ( 'NONE', #3933, #3497 ) ;
#549 = PLANE ( 'NONE',  #2339 ) ;
#550 = VECTOR ( 'NONE', #3438, 1000.000000000000000 ) ;
#551 = PLANE ( 'NONE',  #4386 ) ;
#552 = DIRECTION ( 'NONE',  ( 0.7072665251725597235, -0.7069470011042785496, 0.000000000000000000 ) ) ;
#553 = VERTEX_POINT ( 'NONE', #4360 ) ;
#554 = EDGE_CURVE ( 'NONE', #3021, #5247, #3467, .T. ) ;
#555 = VERTEX_POINT ( 'NONE', #511 ) ;
#556 = ORIENTED_EDGE ( 'NONE', *, *, #5073, .T. ) ;
#557 = CARTESIAN_POINT ( 'NONE',  ( 216.5010000000000048, 3.684870000000000090, 0.000000000000000000 ) ) ;
#558 = EDGE_CURVE ( 'NONE', #3322, #5530, #428, .T. ) ;
#559 = DIRECTION ( 'NONE',  ( -0.000000000000000000, -0.000000000000000000, -1.000000000000000000 ) ) ;
#560 = ORIENTED_EDGE ( 'NONE', *, *, #499, .T. ) ;
#561 = DIRECTION ( 'NONE',  ( 0.4527737055417302980, 0.8916254659721257747, 0.000000000000000000 ) ) ;
#562 = ORIENTED_EDGE ( 'NONE', *, *, #3174, .F. ) ;
#563 = AXIS2_PLACEMENT_3D ( 'NONE', #529, #4056, #3108 ) ;
#564 = ORIENTED_EDGE ( 'NONE', *, *, #623, .F. ) ;
#565 = APPROVAL_DATE_TIME ( #1804, #3230 ) ;
#566 = DIRECTION ( 'NONE',  ( 0.000000000000000000, 0.000000000000000000, 1.000000000000000000 ) ) ;
#567 = AXIS2_PLACEMENT_3D ( 'NONE', #1124, #2020, #1526 ) ;
#568 = ORIENTED_EDGE ( 'NONE', *, *, #1507, .T. ) ;
#569 = CARTESIAN_POINT ( 'NONE',  ( 216.5010000000000048, 122.0540000000000163, 0.000000000000000000 ) ) ;
#570 = PLANE ( 'NONE',  #1789 ) ;
#571 = ORIENTED_EDGE ( 'NONE', *, *, #1017, .F. ) ;
#572 = LINE ( 'NONE', #2775, #4359 ) ;
#573 = EDGE_CURVE ( 'NONE', #1232, #2506, #4884, .T. ) ;
#574 = CARTESIAN_POINT ( 'NONE',  ( 0.09508460000000000523, 0.2439130000000000187, 0.000000000000000000 ) ) ;
#575 = EDGE_CURVE ( 'NONE', #632, #4384, #4392, .T. ) ;
#576 = DIRECTION ( 'NONE',  ( 0.9872411207126464694, -0.1592324388246248446, 0.000000000000000000 ) ) ;
#577 = DIRECTION ( 'NONE',  ( -0.1573322594823948206, 0.9875457255875113027, 0.000000000000000000 ) ) ;
#578 = CARTESIAN_POINT ( 'NONE',  ( 1.653650000000000064, 124.2890000000000157, 5.000000000000000000 ) ) ;
#579 = DIRECTION ( 'NONE',  ( 0.9871395892538341599, 0.1598606622273645861, 0.000000000000000000 ) ) ;
#580 = DIRECTION ( 'NONE',  ( -0.9871585027858535977, 0.1597438273536471998, 0.000000000000000000 ) ) ;
#581 = ADVANCED_FACE ( 'NONE', ( #3979 ), #5316, .T. ) ;
#582 = VERTEX_POINT ( 'NONE', #401 ) ;
#583 = DIRECTION ( 'NONE',  ( -0.8908112580283464865, 0.4543735275849096200, 0.000000000000000000 ) ) ;
#584 = LINE ( 'NONE', #1441, #3273 ) ;
#585 = ORIENTED_EDGE ( 'NONE', *, *, #3668, .F. ) ;
#586 = VERTEX_POINT ( 'NONE', #5659 ) ;
#587 = ORIENTED_EDGE ( 'NONE', *, *, #1169, .F. ) ;
#588 = ADVANCED_FACE ( 'NONE', ( #4125 ), #3632, .T. ) ;
#589 = DIRECTION ( 'NONE',  ( -0.1563763198671320742, 0.9876975481314167471, 0.000000000000000000 ) ) ;
#590 = LINE ( 'NONE', #5420, #4656 ) ;
#591 = ORIENTED_EDGE ( 'NONE', *, *, #2179, .F. ) ;
#592 = ORIENTED_EDGE ( 'NONE', *, *, #191, .T. ) ;
#593 = CALENDAR_DATE ( 2026, 22, 9 ) ;
#594 = AXIS2_PLACEMENT_3D ( 'NONE', #2708, #3277, #5336 ) ;
#595 = EDGE_CURVE ( 'NONE', #3110, #467, #1518, .T. ) ;
#596 = ORIENTED_EDGE ( 'NONE', *, *, #5673, .T. ) ;
#597 = VECTOR ( 'NONE', #4630, 1000.000000000000227 ) ;
#598 = FACE_OUTER_BOUND ( 'NONE', #5196, .T. ) ;
#599 = LINE ( 'NONE', #512, #2915 ) ;
#600 = ORIENTED_EDGE ( 'NONE', *, *, #209, .F. ) ;
#601 = DIRECTION ( 'NONE',  ( 0.7071067811865059394, 0.7071067811865890951, 0.000000000000000000 ) ) ;
#602 = DIRECTION ( 'NONE',  ( 0.8916045487671797609, -0.4528148944300242618, 0.000000000000000000 ) ) ;
#603 = VECTOR ( 'NONE', #4180, 1000.000000000000000 ) ;
#604 = LINE ( 'NONE', #2355, #2474 ) ;
#605 = DIRECTION ( 'NONE',  ( -0.000000000000000000, -0.000000000000000000, -1.000000000000000000 ) ) ;
#606 = DIRECTION ( 'NONE',  ( 0.9880691672626490396, -0.1540107811320215736, 0.000000000000000000 ) ) ;
#607 = LINE ( 'NONE', #5495, #1573 ) ;
#608 = CARTESIAN_POINT ( 'NONE',  ( 219.3160000000000025, 123.4890000000000043, 5.000000000000000000 ) ) ;
#609 = CARTESIAN_POINT ( 'NONE',  ( 218.2889999999999873, 4.265010000000000190, 0.000000000000000000 ) ) ;
#610 = EDGE_CURVE ( 'NONE', #3250, #2343, #540, .T. ) ;
#611 = ADVANCED_FACE ( 'NONE', ( #4967 ), #1425, .T. ) ;
#612 = ORIENTED_EDGE ( 'NONE', *, *, #1724, .T. ) ;
#613 = ADVANCED_FACE ( 'NONE', ( #598 ), #3139, .T. ) ;
#614 = CARTESIAN_POINT ( 'NONE',  ( 108.5949999999999989, 122.9939999999999998, 5.000000000000000000 ) ) ;
#615 = CARTESIAN_POINT ( 'NONE',  ( 218.2889999999999873, 121.4740000000000180, 0.000000000000000000 ) ) ;
#616 = VERTEX_POINT ( 'NONE', #1059 ) ;
#617 = EDGE_LOOP ( 'NONE', ( #2316, #4467, #4939, #504 ) ) ;
#618 = VECTOR ( 'NONE', #1682, 1000.000000000000000 ) ;
#619 = VERTEX_POINT ( 'NONE', #4936 ) ;
#620 = CARTESIAN_POINT ( 'NONE',  ( 219.0900000000000034, 1.803850000000000176, 5.000000000000000000 ) ) ;
#621 = CARTESIAN_POINT ( 'NONE',  ( 12.09370000000000012, 110.4950000000000045, 5.000000000000000000 ) ) ;
#622 = AXIS2_PLACEMENT_3D ( 'NONE', #4811, #873, #1763 ) ;
#623 = EDGE_CURVE ( 'NONE', #1061, #4345, #4007, .T. ) ;
#624 = ORIENTED_EDGE ( 'NONE', *, *, #4893, .T. ) ;
#625 = ORIENTED_EDGE ( 'NONE', *, *, #5568, .F. ) ;
#626 = CARTESIAN_POINT ( 'NONE',  ( 327.8960000000000150, 125.4939999999999998, 5.000000000000000000 ) ) ;
#627 = VECTOR ( 'NONE', #58, 1000.000000000000000 ) ;
#628 = ORIENTED_EDGE ( 'NONE', *, *, #838, .T. ) ;
#629 = VECTOR ( 'NONE', #3203, 1000.000000000000000 ) ;
#630 = DIRECTION ( 'NONE',  ( -0.4527899509762592922, -0.8916172162396354128, 0.000000000000000000 ) ) ;
#631 = CARTESIAN_POINT ( 'NONE',  ( 3.088179999999999925, 121.4740000000000180, 0.000000000000000000 ) ) ;
#632 = VERTEX_POINT ( 'NONE', #3693 ) ;
#633 = DIRECTION ( 'NONE',  ( -0.9880215842932849046, 0.1543157444027903058, 0.000000000000000000 ) ) ;
#634 = EDGE_CURVE ( 'NONE', #132, #3831, #2291, .T. ) ;
#635 = DIRECTION ( 'NONE',  ( -0.000000000000000000, -0.000000000000000000, -1.000000000000000000 ) ) ;
#636 = FACE_OUTER_BOUND ( 'NONE', #4532, .T. ) ;
#637 = EDGE_CURVE ( 'NONE', #3138, #3256, #2321, .T. ) ;
#638 = DIRECTION ( 'NONE',  ( -0.000000000000000000, -0.000000000000000000, -1.000000000000000000 ) ) ;
#639 = LINE ( 'NONE', #3644, #4221 ) ;
#640 = CARTESIAN_POINT ( 'NONE',  ( 110.6880000000000024, 124.5169999999999959, 5.000000000000000000 ) ) ;
#641 = CARTESIAN_POINT ( 'NONE',  ( 3.534660000000000135, 124.2890000000000157, 0.000000000000000000 ) ) ;
#642 = EDGE_LOOP ( 'NONE', ( #2181, #5385, #5517, #3514 ) ) ;
#643 = CARTESIAN_POINT ( 'NONE',  ( 4.194740000000000357, 2.745049999999999990, 5.000000000000000000 ) ) ;
#644 = DIRECTION ( 'NONE',  ( 0.1601766119933535626, 0.9870883714087258509, 0.000000000000000000 ) ) ;
#645 = ORIENTED_EDGE ( 'NONE', *, *, #1146, .T. ) ;
#646 = DIRECTION ( 'NONE',  ( -0.000000000000000000, -0.000000000000000000, -1.000000000000000000 ) ) ;
#647 = VECTOR ( 'NONE', #4185, 1000.000000000000227 ) ;
#648 = ORIENTED_EDGE ( 'NONE', *, *, #499, .F. ) ;
#649 = EDGE_CURVE ( 'NONE', #5391, #362, #4094, .T. ) ;
#650 = EDGE_LOOP ( 'NONE', ( #4782, #796, #3812, #302 ) ) ;
#651 = CARTESIAN_POINT ( 'NONE',  ( 111.1350000000000051, 4.039019999999999833, 5.000000000000000000 ) ) ;
#652 = CARTESIAN_POINT ( 'NONE',  ( 216.2719999999999914, 123.4890000000000043, 5.000000000000000000 ) ) ;
#653 = ORIENTED_EDGE ( 'NONE', *, *, #1528, .T. ) ;
#654 = ORIENTED_EDGE ( 'NONE', *, *, #5246, .T. ) ;
#655 = AXIS2_PLACEMENT_3D ( 'NONE', #4426, #2215, #2616 ) ;
#656 = VERTEX_POINT ( 'NONE', #3600 ) ;
#657 = LINE ( 'NONE', #5398, #4212 ) ;
#658 = CARTESIAN_POINT ( 'NONE',  ( 109.7000000000000028, 121.4740000000000180, 5.000000000000000000 ) ) ;
#659 = ORIENTED_EDGE ( 'NONE', *, *, #5479, .T. ) ;
#660 = CARTESIAN_POINT ( 'NONE',  ( 217.3000000000000114, 124.5169999999999959, 0.000000000000000000 ) ) ;
#661 = VECTOR ( 'NONE', #3149, 1000.000000000000000 ) ;
#662 = EDGE_CURVE ( 'NONE', #20, #1487, #5367, .T. ) ;
#663 = DIRECTION ( 'NONE',  ( -0.9870883714087316241, -0.1601766119933176469, 0.000000000000000000 ) ) ;
#664 = FACE_BOUND ( 'NONE', #5684, .T. ) ;
#665 = DIRECTION ( 'NONE',  ( -0.4547933146790716918, -0.8905970137628034244, 0.000000000000000000 ) ) ;
#666 = CARTESIAN_POINT ( 'NONE',  ( 2.100130000000000052, 1.223700000000000010, 5.000000000000000000 ) ) ;
#667 = DIRECTION ( 'NONE',  ( -0.9871585027858535977, 0.1597438273536471998, 0.000000000000000000 ) ) ;
#668 = ORIENTED_EDGE ( 'NONE', *, *, #4380, .F. ) ;
#669 = DIRECTION ( 'NONE',  ( -0.8920223363405501704, -0.4519913179139026238, 0.000000000000000000 ) ) ;
#670 = FACE_OUTER_BOUND ( 'NONE', #1968, .T. ) ;
#671 = ORIENTED_EDGE ( 'NONE', *, *, #3755, .F. ) ;
#672 = LINE ( 'NONE', #4284, #777 ) ;
#673 = ORIENTED_EDGE ( 'NONE', *, *, #692, .F. ) ;
#674 = VERTEX_POINT ( 'NONE', #4995 ) ;
#675 = LINE ( 'NONE', #4200, #843 ) ;
#676 = CARTESIAN_POINT ( 'NONE',  ( 108.6720000000000113, 3.238389999999999880, 5.000000000000000000 ) ) ;
#677 = VERTEX_POINT ( 'NONE', #4505 ) ;
#678 = VERTEX_POINT ( 'NONE', #569 ) ;
#679 = EDGE_CURVE ( 'NONE', #5074, #4654, #4036, .T. ) ;
#680 = VERTEX_POINT ( 'NONE', #4563 ) ;
#681 = ADVANCED_FACE ( 'NONE', ( #4064 ), #3262, .T. ) ;
#682 = DIRECTION ( 'NONE',  ( -0.7071067811865614505, 0.7071067811865336949, 0.000000000000000000 ) ) ;
#683 = CARTESIAN_POINT ( 'NONE',  ( 110.6880000000000024, 121.4740000000000180, 5.000000000000000000 ) ) ;
#684 = VECTOR ( 'NONE', #1637, 1000.000000000000114 ) ;
#685 = ORIENTED_EDGE ( 'NONE', *, *, #4777, .T. ) ;
#686 = LINE ( 'NONE', #2440, #603 ) ;
#687 = VECTOR ( 'NONE', #5035, 999.9999999999998863 ) ;
#688 = PLANE ( 'NONE',  #3738 ) ;
#689 = FACE_OUTER_BOUND ( 'NONE', #2038, .T. ) ;
#690 = DIRECTION ( 'NONE',  ( -0.000000000000000000, -0.000000000000000000, -1.000000000000000000 ) ) ;
#691 = LINE ( 'NONE', #1964, #2310 ) ;
#692 = EDGE_CURVE ( 'NONE', #525, #2540, #657, .T. ) ;
#693 = CARTESIAN_POINT ( 'NONE',  ( 218.2889999999999873, 1.223700000000000010, 0.000000000000000000 ) ) ;
#694 = LOCAL_TIME ( 17, 52, 47.00000000000000000, #4032 ) ;
#695 = ORIENTED_EDGE ( 'NONE', *, *, #4974, .T. ) ;
#696 = DIRECTION ( 'NONE',  ( 0.4543163942505794028, 0.8908403975545517994, 0.000000000000000000 ) ) ;
#697 = CARTESIAN_POINT ( 'NONE',  ( 4.114840000000000053, 123.4890000000000043, 5.000000000000000000 ) ) ;
#698 = ORIENTED_EDGE ( 'NONE', *, *, #4346, .T. ) ;
#699 = CARTESIAN_POINT ( 'NONE',  ( 1.653650000000000064, 4.039019999999999833, 5.000000000000000000 ) ) ;
#700 = ORIENTED_EDGE ( 'NONE', *, *, #3219, .F. ) ;
#701 = ADVANCED_FACE ( 'NONE', ( #3199 ), #196, .T. ) ;
#702 = EDGE_LOOP ( 'NONE', ( #4718, #4741, #4993, #2047, #3846, #5210, #5481, #2828, #3767, #5531, #1948, #5548, #5266, #73, #1166, #1185, #4203, #4639, #5037, #5309 ) ) ;
#703 = CARTESIAN_POINT ( 'NONE',  ( 3.888809999999999878, 1.803850000000000176, 5.000000000000000000 ) ) ;
#704 = CARTESIAN_POINT ( 'NONE',  ( 216.1949999999999932, 2.745049999999999990, 5.000000000000000000 ) ) ;
#705 = EDGE_CURVE ( 'NONE', #3659, #2866, #3576, .T. ) ;
#706 = VERTEX_POINT ( 'NONE', #1115 ) ;
#707 = VECTOR ( 'NONE', #3607, 1000.000000000000114 ) ;
#708 = ORIENTED_EDGE ( 'NONE', *, *, #3795, .T. ) ;
#709 = ORIENTED_EDGE ( 'NONE', *, *, #1885, .F. ) ;
#710 = CARTESIAN_POINT ( 'NONE',  ( 3.888809999999999878, 122.0540000000000163, 5.000000000000000000 ) ) ;
#711 = VECTOR ( 'NONE', #5012, 1000.000000000000227 ) ;
#712 = LINE ( 'NONE', #5572, #4403 ) ;
#713 = LINE ( 'NONE', #3720, #1607 ) ;
#714 = ORIENTED_EDGE ( 'NONE', *, *, #2366, .T. ) ;
#715 = LINE ( 'NONE', #2925, #57 ) ;
#716 = VECTOR ( 'NONE', #638, 1000.000000000000000 ) ;
#717 = EDGE_CURVE ( 'NONE', #3197, #2311, #2923, .T. ) ;
#718 = AXIS2_PLACEMENT_3D ( 'NONE', #494, #5269, #902 ) ;
#719 = ORIENTED_EDGE ( 'NONE', *, *, #3634, .F. ) ;
#720 = AXIS2_PLACEMENT_3D ( 'NONE', #2898, #229, #1251 ) ;
#721 = DIRECTION ( 'NONE',  ( -0.1533772373344627904, 0.9881677099903881656, 0.000000000000000000 ) ) ;
#722 = PLANE ( 'NONE',  #5584 ) ;
#723 = FACE_OUTER_BOUND ( 'NONE', #1223, .T. ) ;
#724 = LINE ( 'NONE', #4497, #2046 ) ;
#725 = CARTESIAN_POINT ( 'NONE',  ( 325.8890000000000668, 121.4740000000000180, 5.000000000000000000 ) ) ;
#726 = EDGE_CURVE ( 'NONE', #4084, #3934, #2517, .T. ) ;
#727 = CARTESIAN_POINT ( 'NONE',  ( 110.6880000000000024, 4.265010000000006407, 5.000000000000000000 ) ) ;
#728 = CARTESIAN_POINT ( 'NONE',  ( 110.6880000000000024, 4.265010000000000190, 5.000000000000000000 ) ) ;
#729 = ORIENTED_EDGE ( 'NONE', *, *, #4275, .F. ) ;
#730 = DIRECTION ( 'NONE',  ( -0.8913191698506576222, -0.4533763750535910741, 0.000000000000000000 ) ) ;
#731 = ORIENTED_EDGE ( 'NONE', *, *, #4722, .T. ) ;
#732 = CARTESIAN_POINT ( 'NONE',  ( 323.8730000000000473, 2.248959999999999848, 0.000000000000000000 ) ) ;
#733 = ORIENTED_EDGE ( 'NONE', *, *, #101, .F. ) ;
#734 = CARTESIAN_POINT ( 'NONE',  ( 218.7359999999999900, 121.7000000000000028, 5.000000000000000000 ) ) ;
#735 = CARTESIAN_POINT ( 'NONE',  ( 216.2719999999999914, 122.5010000000000190, 0.000000000000000000 ) ) ;
#736 = VECTOR ( 'NONE', #2350, 1000.000000000000114 ) ;
#737 = CARTESIAN_POINT ( 'NONE',  ( 111.1350000000000051, 124.2890000000000157, 0.000000000000000000 ) ) ;
#738 = EDGE_CURVE ( 'NONE', #2487, #4814, #2012, .T. ) ;
#739 = VERTEX_POINT ( 'NONE', #1635 ) ;
#740 = VERTEX_POINT ( 'NONE', #744 ) ;
#741 = EDGE_CURVE ( 'NONE', #1628, #582, #5111, .T. ) ;
#742 = ORIENTED_EDGE ( 'NONE', *, *, #2290, .T. ) ;
#743 = DIRECTION ( 'NONE',  ( 1.000000000000000000, -0.000000000000000000, -0.000000000000000000 ) ) ;
#744 = CARTESIAN_POINT ( 'NONE',  ( 108.8990000000000151, 3.684870000000000090, 0.000000000000000000 ) ) ;
#745 = CARTESIAN_POINT ( 'NONE',  ( 324.1010000000000559, 1.803850000000000176, 5.000000000000000000 ) ) ;
#746 = VECTOR ( 'NONE', #3415, 1000.000000000000114 ) ;
#747 = ORIENTED_EDGE ( 'NONE', *, *, #2045, .F. ) ;
#748 = CARTESIAN_POINT ( 'NONE',  ( 111.1350000000000051, 124.2890000000000157, 5.000000000000000000 ) ) ;
#749 = AXIS2_PLACEMENT_3D ( 'NONE', #2329, #1525, #1499 ) ;
#750 = ORIENTED_EDGE ( 'NONE', *, *, #1438, .F. ) ;
#751 = PLANE ( 'NONE',  #4759 ) ;
#752 = EDGE_CURVE ( 'NONE', #4535, #4592, #2066, .T. ) ;
#753 = CARTESIAN_POINT ( 'NONE',  ( 218.7359999999999900, 121.7000000000000028, 5.000000000000000000 ) ) ;
#754 = CARTESIAN_POINT ( 'NONE',  ( 108.6720000000000113, 3.238389999999999880, 5.000000000000000000 ) ) ;
#755 = VECTOR ( 'NONE', #4586, 1000.000000000000000 ) ;
#756 = ADVANCED_FACE ( 'NONE', ( #3347 ), #251, .T. ) ;
#757 = CC_DESIGN_PERSON_AND_ORGANIZATION_ASSIGNMENT ( #4417, #2346, ( #964 ) ) ;
#758 = DIRECTION ( 'NONE',  ( -0.1581185208565652756, 0.9874201402453425258, 0.000000000000000000 ) ) ;
#759 = EDGE_CURVE ( 'NONE', #4643, #4358, #4242, .T. ) ;
#760 = LINE ( 'NONE', #2504, #5610 ) ;
#761 = DIRECTION ( 'NONE',  ( 0.4549196351979303277, -0.8905324954831136397, 0.000000000000000000 ) ) ;
#762 = VERTEX_POINT ( 'NONE', #2406 ) ;
#763 = CARTESIAN_POINT ( 'NONE',  ( 216.8549999999999898, 4.039019999999999833, 5.000000000000000000 ) ) ;
#764 = DIRECTION ( 'NONE',  ( -0.1595009562656748425, 0.9871977739796293783, 0.000000000000000000 ) ) ;
#765 = ORIENTED_EDGE ( 'NONE', *, *, #1427, .T. ) ;
#766 = CARTESIAN_POINT ( 'NONE',  ( 217.7949999999999875, 1.143769999999999953, 5.000000000000000000 ) ) ;
#767 = DIRECTION ( 'NONE',  ( 0.8897884130655522306, -0.4563732901630924710, 0.000000000000000000 ) ) ;
#768 = ORIENTED_EDGE ( 'NONE', *, *, #4433, .T. ) ;
#769 = ORIENTED_EDGE ( 'NONE', *, *, #4606, .F. ) ;
#770 = ORIENTED_EDGE ( 'NONE', *, *, #3157, .T. ) ;
#771 = CARTESIAN_POINT ( 'NONE',  ( 12.09370000000000012, 110.4950000000000045, 0.000000000000000000 ) ) ;
#772 = LINE ( 'NONE', #4269, #5230 ) ;
#773 = CARTESIAN_POINT ( 'NONE',  ( 324.4549999999999841, 1.451070000000000082, 5.000000000000000000 ) ) ;
#774 = ORIENTED_EDGE ( 'NONE', *, *, #2246, .T. ) ;
#775 = DIRECTION ( 'NONE',  ( 0.7071067811865614505, 0.7071067811865336949, -0.000000000000000000 ) ) ;
#776 = EDGE_CURVE ( 'NONE', #127, #1061, #3751, .T. ) ;
#777 = VECTOR ( 'NONE', #2879, 1000.000000000000000 ) ;
#778 = DIRECTION ( 'NONE',  ( 0.1581185208565652478, -0.9874201402453425258, 0.000000000000000000 ) ) ;
#779 = CARTESIAN_POINT ( 'NONE',  ( 2.594850000000000101, 124.5939999999999941, 5.000000000000000000 ) ) ;
#780 = DIRECTION ( 'NONE',  ( 0.1562712096204883216, -0.9877141838830447718, 0.000000000000000000 ) ) ;
#781 = VECTOR ( 'NONE', #4159, 1000.000000000000114 ) ;
#782 = CARTESIAN_POINT ( 'NONE',  ( 108.8990000000000151, 123.9350000000000023, 5.000000000000000000 ) ) ;
#783 = VECTOR ( 'NONE', #3407, 1000.000000000000000 ) ;
#784 = LINE ( 'NONE', #1650, #1473 ) ;
#785 = DIRECTION ( 'NONE',  ( -0.8924218088635693658, -0.4512020778594384995, 0.000000000000000000 ) ) ;
#786 = EDGE_LOOP ( 'NONE', ( #2927, #982, #5079, #1746 ) ) ;
#787 = DIRECTION ( 'NONE',  ( -0.7069569863009588229, -0.7072565443460143708, 0.000000000000000000 ) ) ;
#788 = CARTESIAN_POINT ( 'NONE',  ( 323.8730000000000473, 122.5010000000000190, 5.000000000000000000 ) ) ;
#789 = EDGE_CURVE ( 'NONE', #2026, #4648, #5514, .T. ) ;
#790 = AXIS2_PLACEMENT_3D ( 'NONE', #3170, #2324, #601 ) ;
#791 = VERTEX_POINT ( 'NONE', #1984 ) ;
#792 = DIRECTION ( 'NONE',  ( -0.000000000000000000, -0.000000000000000000, -1.000000000000000000 ) ) ;
#793 = DIRECTION ( 'NONE',  ( 0.4563732901630924710, 0.8897884130655522306, 0.000000000000000000 ) ) ;
#794 = ORIENTED_EDGE ( 'NONE', *, *, #415, .T. ) ;
#795 = VERTEX_POINT ( 'NONE', #3808 ) ;
#796 = ORIENTED_EDGE ( 'NONE', *, *, #4075, .F. ) ;
#797 = LINE ( 'NONE', #4322, #2579 ) ;
#798 = EDGE_CURVE ( 'NONE', #4529, #347, #712, .T. ) ;
#799 = VERTEX_POINT ( 'NONE', #3719 ) ;
#800 = LINE ( 'NONE', #3001, #1781 ) ;
#801 = VERTEX_POINT ( 'NONE', #1577 ) ;
#802 = PLANE ( 'NONE',  #233 ) ;
#803 = VECTOR ( 'NONE', #444, 1000.000000000000000 ) ;
#804 = VERTEX_POINT ( 'NONE', #3376 ) ;
#805 = DIRECTION ( 'NONE',  ( 0.4519913179139025683, -0.8920223363405500594, 0.000000000000000000 ) ) ;
#806 = EDGE_CURVE ( 'NONE', #1159, #3104, #1548, .T. ) ;
#807 = VECTOR ( 'NONE', #644, 1000.000000000000000 ) ;
#808 = CARTESIAN_POINT ( 'NONE',  ( 219.0900000000000034, 122.0540000000000163, 5.000000000000000000 ) ) ;
#809 = LINE ( 'NONE', #4858, #2792 ) ;
#810 = VECTOR ( 'NONE', #1731, 1000.000000000000114 ) ;
#811 = VECTOR ( 'NONE', #4104, 1000.000000000000000 ) ;
#812 = EDGE_CURVE ( 'NONE', #5510, #5300, #3320, .T. ) ;
#813 = AXIS2_PLACEMENT_3D ( 'NONE', #109, #3597, #135 ) ;
#814 = PLANE ( 'NONE',  #2716 ) ;
#815 = DIRECTION ( 'NONE',  ( 0.4541992607073438437, 0.8909001243533992698, 0.000000000000000000 ) ) ;
#816 = PLANE ( 'NONE',  #5249 ) ;
#817 = ORIENTED_EDGE ( 'NONE', *, *, #3709, .T. ) ;
#818 = CARTESIAN_POINT ( 'NONE',  ( 325.3960000000000150, 121.3940000000000055, 5.000000000000000000 ) ) ;
#819 = CARTESIAN_POINT ( 'NONE',  ( 218.2889999999999873, 124.5170000000000101, 5.000000000000000000 ) ) ;
#820 = EDGE_LOOP ( 'NONE', ( #4637, #2598, #1685, #568 ) ) ;
#821 = EDGE_CURVE ( 'NONE', #2311, #3136, #4177, .T. ) ;
#822 = VERTEX_POINT ( 'NONE', #2464 ) ;
#823 = EDGE_CURVE ( 'NONE', #4347, #1513, #772, .T. ) ;
#824 = ORIENTED_EDGE ( 'NONE', *, *, #4542, .F. ) ;
#825 = CARTESIAN_POINT ( 'NONE',  ( 3.088179999999999925, 124.5169999999999959, 5.000000000000000000 ) ) ;
#826 = DIRECTION ( 'NONE',  ( 0.4537957193442161974, 0.8911057429423656639, -0.000000000000000000 ) ) ;
#827 = ORIENTED_EDGE ( 'NONE', *, *, #4372, .T. ) ;
#828 = CARTESIAN_POINT ( 'NONE',  ( 219.0900000000000034, 123.9350000000000023, 5.000000000000000000 ) ) ;
#829 = ORIENTED_EDGE ( 'NONE', *, *, #4251, .F. ) ;
#830 =( NAMED_UNIT ( * ) SI_UNIT ( $, .STERADIAN. ) SOLID_ANGLE_UNIT ( ) );
#831 = VECTOR ( 'NONE', #5542, 1000.000000000000114 ) ;
#832 = EDGE_LOOP ( 'NONE', ( #2171, #3435, #2835, #4148 ) ) ;
#833 = DIRECTION ( 'NONE',  ( -0.8924218088635695878, 0.4512020778594383330, 0.000000000000000000 ) ) ;
#834 = PLANE ( 'NONE',  #4009 ) ;
#835 = LINE ( 'NONE', #3814, #647 ) ;
#836 = FACE_OUTER_BOUND ( 'NONE', #2597, .T. ) ;
#837 = CARTESIAN_POINT ( 'NONE',  ( 3.534660000000000135, 121.7000000000000028, 5.000000000000000000 ) ) ;
#838 = EDGE_CURVE ( 'NONE', #5561, #3250, #3834, .T. ) ;
#839 = VECTOR ( 'NONE', #5208, 1000.000000000000000 ) ;
#840 = ADVANCED_FACE ( 'NONE', ( #5053 ), #3404, .T. ) ;
#841 = DIRECTION ( 'NONE',  ( -0.000000000000000000, -0.000000000000000000, -1.000000000000000000 ) ) ;
#842 = CARTESIAN_POINT ( 'NONE',  ( 326.3360000000000127, 4.039019999999999833, 5.000000000000000000 ) ) ;
#843 = VECTOR ( 'NONE', #3222, 1000.000000000000000 ) ;
#844 = CARTESIAN_POINT ( 'NONE',  ( 1.653650000000000064, 4.039019999999999833, 0.000000000000000000 ) ) ;
#845 = LINE ( 'NONE', #3043, #5029 ) ;
#846 = ORIENTED_EDGE ( 'NONE', *, *, #4801, .T. ) ;
#847 = DIRECTION ( 'NONE',  ( -0.000000000000000000, -0.000000000000000000, -1.000000000000000000 ) ) ;
#848 = ADVANCED_FACE ( 'NONE', ( #2864 ), #4621, .T. ) ;
#849 = VECTOR ( 'NONE', #5063, 999.9999999999998863 ) ;
#850 = DIRECTION ( 'NONE',  ( -0.000000000000000000, -0.000000000000000000, -1.000000000000000000 ) ) ;
#851 = EDGE_CURVE ( 'NONE', #3395, #3023, #1930, .T. ) ;
#852 = ORIENTED_EDGE ( 'NONE', *, *, #1581, .T. ) ;
#853 = EDGE_LOOP ( 'NONE', ( #747, #2856, #1470, #992 ) ) ;
#854 = VERTEX_POINT ( 'NONE', #1495 ) ;
#855 = FACE_OUTER_BOUND ( 'NONE', #38, .T. ) ;
#856 = ORIENTED_EDGE ( 'NONE', *, *, #40, .T. ) ;
#857 = CARTESIAN_POINT ( 'NONE',  ( 109.7000000000000028, 121.4740000000000180, 0.000000000000000000 ) ) ;
#858 = EDGE_CURVE ( 'NONE', #2656, #1744, #4512, .T. ) ;
#859 = ORIENTED_EDGE ( 'NONE', *, *, #3478, .F. ) ;
#860 = ORIENTED_EDGE ( 'NONE', *, *, #5482, .F. ) ;
#861 = EDGE_CURVE ( 'NONE', #993, #362, #4539, .T. ) ;
#862 = DIRECTION ( 'NONE',  ( -0.000000000000000000, -0.000000000000000000, -1.000000000000000000 ) ) ;
#863 = LINE ( 'NONE', #2155, #1980 ) ;
#864 = LINE ( 'NONE', #3471, #3493 ) ;
#865 = EDGE_CURVE ( 'NONE', #762, #5418, #2718, .T. ) ;
#866 = FACE_OUTER_BOUND ( 'NONE', #2678, .T. ) ;
#867 = CARTESIAN_POINT ( 'NONE',  ( 219.3160000000000025, 3.238389999999999880, 0.000000000000000000 ) ) ;
#868 = ORIENTED_EDGE ( 'NONE', *, *, #3522, .F. ) ;
#869 = DIRECTION ( 'NONE',  ( 0.1582248390206373034, 0.9874031093311856910, 0.000000000000000000 ) ) ;
#870 = AXIS2_PLACEMENT_3D ( 'NONE', #454, #2396, #5014 ) ;
#871 = VECTOR ( 'NONE', #2271, 1000.000000000000114 ) ;
#872 = LINE ( 'NONE', #1849, #1178 ) ;
#873 = DIRECTION ( 'NONE',  ( 0.000000000000000000, 1.000000000000000000, -0.000000000000000000 ) ) ;
#874 = EDGE_LOOP ( 'NONE', ( #2545, #3718, #2000, #5567 ) ) ;
#875 = EDGE_CURVE ( 'NONE', #5171, #4797, #2298, .T. ) ;
#876 = VERTEX_POINT ( 'NONE', #5404 ) ;
#877 = ORIENTED_EDGE ( 'NONE', *, *, #4246, .T. ) ;
#878 = CARTESIAN_POINT ( 'NONE',  ( 219.0900000000000034, 122.0540000000000163, 0.000000000000000000 ) ) ;
#879 = EDGE_CURVE ( 'NONE', #1993, #5055, #1463, .T. ) ;
#880 = LINE ( 'NONE', #1335, #4938 ) ;
#881 = VERTEX_POINT ( 'NONE', #1036 ) ;
#882 = FACE_OUTER_BOUND ( 'NONE', #1387, .T. ) ;
#883 = ORIENTED_EDGE ( 'NONE', *, *, #1701, .F. ) ;
#884 = DIRECTION ( 'NONE',  ( -0.000000000000000000, -0.000000000000000000, -1.000000000000000000 ) ) ;
#885 = VERTEX_POINT ( 'NONE', #2779 ) ;
#886 = PLANE ( 'NONE',  #4846 ) ;
#887 = CARTESIAN_POINT ( 'NONE',  ( 326.3360000000000127, 1.451070000000000082, 5.000000000000000000 ) ) ;
#888 = VECTOR ( 'NONE', #4658, 1000.000000000000000 ) ;
#889 = EDGE_CURVE ( 'NONE', #680, #2909, #604, .T. ) ;
#890 = PRODUCT_DEFINITION_SHAPE ( 'NONE', 'NONE',  #4328 ) ;
#891 = CARTESIAN_POINT ( 'NONE',  ( 4.114840000000000053, 3.238389999999999880, 0.000000000000000000 ) ) ;
#892 = VECTOR ( 'NONE', #41, 1000.000000000000227 ) ;
#893 = LINE ( 'NONE', #2587, #1171 ) ;
#894 = CARTESIAN_POINT ( 'NONE',  ( 216.8549999999999898, 121.7000000000000028, 5.000000000000000000 ) ) ;
#895 = LINE ( 'NONE', #1814, #1386 ) ;
#896 = ORIENTED_EDGE ( 'NONE', *, *, #3093, .F. ) ;
#897 = CARTESIAN_POINT ( 'NONE',  ( 111.7950000000000017, 122.9939999999999998, 0.000000000000000000 ) ) ;
#898 = VECTOR ( 'NONE', #1704, 1000.000000000000114 ) ;
#899 = VECTOR ( 'NONE', #3785, 1000.000000000000114 ) ;
#900 = ADVANCED_FACE ( 'NONE', ( #3237 ), #1960, .T. ) ;
#901 = VECTOR ( 'NONE', #3282, 1000.000000000000114 ) ;
#902 = DIRECTION ( 'NONE',  ( -0.1599815188204922189, -0.9871200097434397192, 0.000000000000000000 ) ) ;
#903 = CARTESIAN_POINT ( 'NONE',  ( 1.653650000000000064, 124.2890000000000157, 0.000000000000000000 ) ) ;
#904 = VECTOR ( 'NONE', #946, 1000.000000000000227 ) ;
#905 = ORIENTED_EDGE ( 'NONE', *, *, #3898, .F. ) ;
#906 = ORIENTED_EDGE ( 'NONE', *, *, #4690, .T. ) ;
#907 = ORIENTED_EDGE ( 'NONE', *, *, #279, .T. ) ;
#908 = ADVANCED_FACE ( 'NONE', ( #1170 ), #2832, .T. ) ;
#909 = CARTESIAN_POINT ( 'NONE',  ( 109.7000000000000028, 4.265010000000000190, 0.000000000000000000 ) ) ;
#910 = DIRECTION ( 'NONE',  ( 0.7071067811865059394, -0.7071067811865890951, 0.000000000000000000 ) ) ;
#911 = ORIENTED_EDGE ( 'NONE', *, *, #2868, .F. ) ;
#912 = ORIENTED_EDGE ( 'NONE', *, *, #4346, .F. ) ;
#913 = CARTESIAN_POINT ( 'NONE',  ( 12.09370000000000012, 110.4950000000000045, 5.000000000000000000 ) ) ;
#914 = EDGE_LOOP ( 'NONE', ( #2338, #4585, #2769, #3456 ) ) ;
#915 = CALENDAR_DATE ( 2026, 22, 9 ) ;
#916 = ORIENTED_EDGE ( 'NONE', *, *, #4275, .T. ) ;
#917 = CARTESIAN_POINT ( 'NONE',  ( 326.3360000000000127, 124.2890000000000157, 5.000000000000000000 ) ) ;
#918 = VECTOR ( 'NONE', #1003, 1000.000000000000227 ) ;
#919 = CARTESIAN_POINT ( 'NONE',  ( 108.8990000000000151, 3.684870000000000090, 0.000000000000000000 ) ) ;
#920 = CARTESIAN_POINT ( 'NONE',  ( 219.3160000000000025, 2.248959999999999848, 5.000000000000000000 ) ) ;
#921 = LINE ( 'NONE', #5292, #988 ) ;
#922 = CARTESIAN_POINT ( 'NONE',  ( 217.3000000000000114, 1.223700000000000010, 5.000000000000000000 ) ) ;
#923 = CARTESIAN_POINT ( 'NONE',  ( 217.3000000000000114, 121.4740000000000180, 5.000000000000000000 ) ) ;
#924 = CARTESIAN_POINT ( 'NONE',  ( 2.100130000000000052, 121.4740000000000180, 5.000000000000000000 ) ) ;
#925 = CARTESIAN_POINT ( 'NONE',  ( 219.3160000000000025, 122.5010000000000190, 5.000000000000000000 ) ) ;
#926 = EDGE_CURVE ( 'NONE', #2498, #2151, #2891, .T. ) ;
#927 = CC_DESIGN_PERSON_AND_ORGANIZATION_ASSIGNMENT ( #2660, #3544, ( #4328 ) ) ;
#928 = EDGE_CURVE ( 'NONE', #3224, #3429, #3288, .T. ) ;
#929 = FACE_OUTER_BOUND ( 'NONE', #3248, .T. ) ;
#930 = LINE ( 'NONE', #414, #892 ) ;
#931 = ORIENTED_EDGE ( 'NONE', *, *, #5178, .F. ) ;
#932 = ORIENTED_EDGE ( 'NONE', *, *, #3434, .T. ) ;
#933 = AXIS2_PLACEMENT_3D ( 'NONE', #4525, #5045, #5076 ) ;
#934 = ORIENTED_EDGE ( 'NONE', *, *, #861, .F. ) ;
#935 = CARTESIAN_POINT ( 'NONE',  ( 12.09370000000000012, 15.24380000000000024, 5.000000000000000000 ) ) ;
#936 = LINE ( 'NONE', #2681, #3357 ) ;
#937 = CARTESIAN_POINT ( 'NONE',  ( 4.114840000000000053, 2.248959999999999848, 5.000000000000000000 ) ) ;
#938 = VERTEX_POINT ( 'NONE', #249 ) ;
#939 = CARTESIAN_POINT ( 'NONE',  ( 3.534660000000000135, 1.451070000000000082, 0.000000000000000000 ) ) ;
#940 = EDGE_LOOP ( 'NONE', ( #4775, #5078, #5426, #3794 ) ) ;
#941 = EDGE_LOOP ( 'NONE', ( #2118, #5081, #1393, #2618 ) ) ;
#942 = LINE ( 'NONE', #4534, #2266 ) ;
#943 = PLANE ( 'NONE',  #1332 ) ;
#944 = EDGE_CURVE ( 'NONE', #1638, #1451, #5082, .T. ) ;
#945 = CARTESIAN_POINT ( 'NONE',  ( 4.194740000000000357, 2.745049999999999990, 5.000000000000000000 ) ) ;
#946 = DIRECTION ( 'NONE',  ( -0.4541992607073437882, -0.8909001243533992698, 0.000000000000000000 ) ) ;
#947 = ADVANCED_FACE ( 'NONE', ( #4593 ), #1575, .T. ) ;
#948 = LINE ( 'NONE', #2300, #3917 ) ;
#949 = CARTESIAN_POINT ( 'NONE',  ( 327.8960000000000150, 125.4939999999999998, 5.000000000000000000 ) ) ;
#950 = DIRECTION ( 'NONE',  ( 0.7071067811865059394, 0.7071067811865890951, 0.000000000000000000 ) ) ;
#951 = DIRECTION ( 'NONE',  ( -0.000000000000000000, -0.000000000000000000, -1.000000000000000000 ) ) ;
#952 = CARTESIAN_POINT ( 'NONE',  ( 2.594850000000000101, 124.5939999999999941, 5.000000000000000000 ) ) ;
#953 = VECTOR ( 'NONE', #3708, 1000.000000000000114 ) ;
#954 = VERTEX_POINT ( 'NONE', #3778 ) ;
#955 = ORIENTED_EDGE ( 'NONE', *, *, #4257, .F. ) ;
#956 = EDGE_CURVE ( 'NONE', #5596, #240, #281, .T. ) ;
#957 = AXIS2_PLACEMENT_3D ( 'NONE', #2584, #5259, #4829 ) ;
#958 = VERTEX_POINT ( 'NONE', #2863 ) ;
#959 = LINE ( 'NONE', #2312, #4510 ) ;
#960 = CARTESIAN_POINT ( 'NONE',  ( 109.7000000000000028, 1.223700000000000010, 5.000000000000000000 ) ) ;
#961 = VERTEX_POINT ( 'NONE', #5052 ) ;
#962 = ORIENTED_EDGE ( 'NONE', *, *, #1896, .T. ) ;
#963 = LINE ( 'NONE', #3948, #2426 ) ;
#964 = PRODUCT_DEFINITION_FORMATION_WITH_SPECIFIED_SOURCE ( 'ANY', '', #5204, .NOT_KNOWN. ) ;
#965 = ORIENTED_EDGE ( 'NONE', *, *, #1955, .T. ) ;
#966 = CARTESIAN_POINT ( 'NONE',  ( 323.7950000000000159, 122.9939999999999998, 0.000000000000000000 ) ) ;
#967 = EDGE_CURVE ( 'NONE', #1906, #3423, #1604, .T. ) ;
#968 = VERTEX_POINT ( 'NONE', #3345 ) ;
#969 = DIRECTION ( 'NONE',  ( -0.000000000000000000, -0.000000000000000000, -1.000000000000000000 ) ) ;
#970 = DIRECTION ( 'NONE',  ( -0.8924298478293074544, 0.4511861774294056437, 0.000000000000000000 ) ) ;
#971 = LINE ( 'NONE', #4447, #4642 ) ;
#972 = EDGE_CURVE ( 'NONE', #4084, #3308, #1113, .T. ) ;
#973 = LINE ( 'NONE', #116, #904 ) ;
#974 = DIRECTION ( 'NONE',  ( 0.9881164689548798119, -0.1537070062818868266, 0.000000000000000000 ) ) ;
#975 = LINE ( 'NONE', #1935, #376 ) ;
#976 = DIRECTION ( 'NONE',  ( -0.4533922161898035208, 0.8913111119572662000, 0.000000000000000000 ) ) ;
#977 = CARTESIAN_POINT ( 'NONE',  ( 108.6720000000000113, 122.5010000000000190, 0.000000000000000000 ) ) ;
#978 = EDGE_CURVE ( 'NONE', #2521, #799, #3318, .T. ) ;
#979 = VECTOR ( 'NONE', #2196, 1000.000000000000000 ) ;
#980 = CARTESIAN_POINT ( 'NONE',  ( 326.9159999999999968, 2.248959999999999848, 5.000000000000000000 ) ) ;
#981 = CARTESIAN_POINT ( 'NONE',  ( 324.4549999999999841, 124.2890000000000157, 5.000000000000000000 ) ) ;
#982 = ORIENTED_EDGE ( 'NONE', *, *, #3213, .F. ) ;
#983 = VECTOR ( 'NONE', #4692, 1000.000000000000000 ) ;
#984 = ORIENTED_EDGE ( 'NONE', *, *, #2295, .T. ) ;
#985 = VECTOR ( 'NONE', #1735, 1000.000000000000114 ) ;
#986 = VERTEX_POINT ( 'NONE', #2119 ) ;
#987 = PLANE ( 'NONE',  #3214 ) ;
#988 = VECTOR ( 'NONE', #61, 1000.000000000000114 ) ;
#989 = CARTESIAN_POINT ( 'NONE',  ( 3.888809999999999878, 122.0540000000000163, 0.000000000000000000 ) ) ;
#990 = ADVANCED_FACE ( 'NONE', ( #3832 ), #2996, .T. ) ;
#991 = EDGE_LOOP ( 'NONE', ( #5303, #1642, #533, #4488 ) ) ;
#992 = ORIENTED_EDGE ( 'NONE', *, *, #5635, .T. ) ;
#993 = VERTEX_POINT ( 'NONE', #5623 ) ;
#994 = DATE_AND_TIME ( #593, #5563 ) ;
#995 = ADVANCED_FACE ( 'NONE', ( #3858 ), #2064, .T. ) ;
#996 = CARTESIAN_POINT ( 'NONE',  ( 323.7950000000000159, 2.745049999999999990, 0.000000000000000000 ) ) ;
#997 = ORIENTED_EDGE ( 'NONE', *, *, #4503, .T. ) ;
#998 = EDGE_CURVE ( 'NONE', #677, #4528, #4817, .T. ) ;
#999 = DIRECTION ( 'NONE',  ( 0.8922101619186268984, 0.4516204456943215262, 0.000000000000000000 ) ) ;
#1000 = ORIENTED_EDGE ( 'NONE', *, *, #1683, .T. ) ;
#1001 = PLANE ( 'NONE',  #3346 ) ;
#1002 = LINE ( 'NONE', #4971, #3552 ) ;
#1003 = DIRECTION ( 'NONE',  ( 0.9871616537672034397, 0.1597243542218899914, 0.000000000000000000 ) ) ;
#1004 = VECTOR ( 'NONE', #543, 1000.000000000000114 ) ;
#1005 = CARTESIAN_POINT ( 'NONE',  ( 110.1950000000000074, 4.344949999999999868, 5.000000000000000000 ) ) ;
#1006 = CARTESIAN_POINT ( 'NONE',  ( 3.534660000000000135, 121.7000000000000028, 5.000000000000000000 ) ) ;
#1007 = DIRECTION ( 'NONE',  ( 0.4567620255206143454, 0.8895889230663259761, 0.000000000000000000 ) ) ;
#1008 = PLANE ( 'NONE',  #1582 ) ;
#1009 = DIRECTION ( 'NONE',  ( 0.9871242698175232144, -0.1599552310405054356, 0.000000000000000000 ) ) ;
#1010 = EDGE_LOOP ( 'NONE', ( #3745, #3593, #70, #1662 ) ) ;
#1011 = EDGE_CURVE ( 'NONE', #1042, #4613, #1713, .T. ) ;
#1012 = LINE ( 'NONE', #614, #2274 ) ;
#1013 = VECTOR ( 'NONE', #1730, 1000.000000000000000 ) ;
#1014 = LINE ( 'NONE', #615, #3171 ) ;
#1015 = ORIENTED_EDGE ( 'NONE', *, *, #461, .T. ) ;
#1016 = ORIENTED_EDGE ( 'NONE', *, *, #5387, .T. ) ;
#1017 = EDGE_CURVE ( 'NONE', #1820, #1159, #4266, .T. ) ;
#1018 = VECTOR ( 'NONE', #4133, 1000.000000000000000 ) ;
#1019 = ORIENTED_EDGE ( 'NONE', *, *, #726, .F. ) ;
#1020 = CARTESIAN_POINT ( 'NONE',  ( 218.2889999999999873, 124.5169999999999959, 0.000000000000000000 ) ) ;
#1021 = CARTESIAN_POINT ( 'NONE',  ( 1.653650000000000064, 121.7000000000000028, 5.000000000000000000 ) ) ;
#1022 = EDGE_LOOP ( 'NONE', ( #5135, #4986, #5334, #2651 ) ) ;
#1023 = AXIS2_PLACEMENT_3D ( 'NONE', #4778, #2586, #3338 ) ;
#1024 = ORIENTED_EDGE ( 'NONE', *, *, #4711, .T. ) ;
#1025 = APPLICATION_PROTOCOL_DEFINITION ( 'international standard', 'config_control_design', 1994, #4504 ) ;
#1026 = VECTOR ( 'NONE', #1556, 1000.000000000000114 ) ;
#1027 = ORIENTED_EDGE ( 'NONE', *, *, #5350, .F. ) ;
#1028 = EDGE_CURVE ( 'NONE', #5546, #54, #2092, .T. ) ;
#1029 = CC_DESIGN_PERSON_AND_ORGANIZATION_ASSIGNMENT ( #4963, #3975, ( #5204 ) ) ;
#1030 = DIRECTION ( 'NONE',  ( -0.4559025274266881866, 0.8900297104512622237, 0.000000000000000000 ) ) ;
#1031 = CARTESIAN_POINT ( 'NONE',  ( 324.8999999999999773, 4.265010000000000190, 5.000000000000000000 ) ) ;
#1032 = VERTEX_POINT ( 'NONE', #771 ) ;
#1033 = LINE ( 'NONE', #5343, #3257 ) ;
#1034 = DIRECTION ( 'NONE',  ( -0.7069569863009865784, 0.7072565443459868373, 0.000000000000000000 ) ) ;
#1035 = EDGE_CURVE ( 'NONE', #2466, #3774, #4765, .T. ) ;
#1036 = CARTESIAN_POINT ( 'NONE',  ( 111.7950000000000017, 2.745049999999999990, 5.000000000000000000 ) ) ;
#1037 = DIRECTION ( 'NONE',  ( -0.000000000000000000, -0.000000000000000000, -1.000000000000000000 ) ) ;
#1038 = CARTESIAN_POINT ( 'NONE',  ( 218.7359999999999900, 121.7000000000000028, 5.000000000000000000 ) ) ;
#1039 = CARTESIAN_POINT ( 'NONE',  ( 326.9159999999999968, 3.238389999999999880, 0.000000000000000000 ) ) ;
#1040 = LINE ( 'NONE', #206, #111 ) ;
#1041 = DIRECTION ( 'NONE',  ( -0.1599552310405054634, -0.9871242698175233254, 0.000000000000000000 ) ) ;
#1042 = VERTEX_POINT ( 'NONE', #5597 ) ;
#1043 = EDGE_CURVE ( 'NONE', #5127, #253, #3375, .T. ) ;
#1044 = CARTESIAN_POINT ( 'NONE',  ( 1.072109999999999896, 2.248959999999999848, 0.000000000000000000 ) ) ;
#1045 = FACE_OUTER_BOUND ( 'NONE', #1882, .T. ) ;
#1046 = VERTEX_POINT ( 'NONE', #2173 ) ;
#1047 = VERTEX_POINT ( 'NONE', #5248 ) ;
#1048 = ORIENTED_EDGE ( 'NONE', *, *, #186, .F. ) ;
#1049 = CARTESIAN_POINT ( 'NONE',  ( 323.8730000000000473, 123.4890000000000043, 5.000000000000000000 ) ) ;
#1050 = DIRECTION ( 'NONE',  ( 0.4527989663758531513, -0.8916126378921280793, 0.000000000000000000 ) ) ;
#1051 = EDGE_CURVE ( 'NONE', #1258, #1106, #5680, .T. ) ;
#1052 = ORIENTED_EDGE ( 'NONE', *, *, #4351, .T. ) ;
#1053 = VERTEX_POINT ( 'NONE', #3402 ) ;
#1054 = VECTOR ( 'NONE', #3405, 1000.000000000000000 ) ;
#1055 = EDGE_CURVE ( 'NONE', #3395, #4681, #3806, .T. ) ;
#1056 = ORIENTED_EDGE ( 'NONE', *, *, #5494, .T. ) ;
#1057 = CARTESIAN_POINT ( 'NONE',  ( 218.7359999999999900, 121.7000000000000028, 0.000000000000000000 ) ) ;
#1058 = VECTOR ( 'NONE', #3009, 1000.000000000000227 ) ;
#1059 = CARTESIAN_POINT ( 'NONE',  ( 110.1950000000000074, 124.5939999999999941, 5.000000000000000000 ) ) ;
#1060 = DIRECTION ( 'NONE',  ( 0.7072565443460422374, -0.7069569863009309563, 0.000000000000000000 ) ) ;
#1061 = VERTEX_POINT ( 'NONE', #5652 ) ;
#1062 = CARTESIAN_POINT ( 'NONE',  ( 3.534660000000000135, 121.7000000000000028, 0.000000000000000000 ) ) ;
#1063 = CARTESIAN_POINT ( 'NONE',  ( 217.3000000000000114, 124.5169999999999959, 5.000000000000000000 ) ) ;
#1064 = VECTOR ( 'NONE', #4823, 1000.000000000000000 ) ;
#1065 = DIRECTION ( 'NONE',  ( -0.000000000000000000, -0.000000000000000000, -1.000000000000000000 ) ) ;
#1066 = DIRECTION ( 'NONE',  ( 0.000000000000000000, 0.000000000000000000, -1.000000000000000000 ) ) ;
#1067 = EDGE_CURVE ( 'NONE', #4227, #5072, #5192, .T. ) ;
#1068 = DIRECTION ( 'NONE',  ( -0.000000000000000000, -0.000000000000000000, -1.000000000000000000 ) ) ;
#1069 = CARTESIAN_POINT ( 'NONE',  ( 324.4549999999999841, 1.451070000000000082, 0.000000000000000000 ) ) ;
#1070 = ORIENTED_EDGE ( 'NONE', *, *, #2717, .F. ) ;
#1071 = DIRECTION ( 'NONE',  ( -0.000000000000000000, -0.000000000000000000, -1.000000000000000000 ) ) ;
#1072 = CARTESIAN_POINT ( 'NONE',  ( 326.9159999999999968, 122.5010000000000190, 5.000000000000000000 ) ) ;
#1073 = VERTEX_POINT ( 'NONE', #1687 ) ;
#1074 = CARTESIAN_POINT ( 'NONE',  ( 110.6880000000000024, 121.4740000000000180, 0.000000000000000000 ) ) ;
#1075 = ORIENTED_EDGE ( 'NONE', *, *, #350, .T. ) ;
#1076 = VECTOR ( 'NONE', #3744, 1000.000000000000114 ) ;
#1077 = ORIENTED_EDGE ( 'NONE', *, *, #4950, .T. ) ;
#1078 = DIRECTION ( 'NONE',  ( -0.9881634915692752985, -0.1534044130056855804, 0.000000000000000000 ) ) ;
#1079 = DIRECTION ( 'NONE',  ( 0.8916126378921280793, 0.4527989663758531513, 0.000000000000000000 ) ) ;
#1080 = VECTOR ( 'NONE', #552, 1000.000000000000114 ) ;
#1081 = ORIENTED_EDGE ( 'NONE', *, *, #2778, .T. ) ;
#1082 = ORIENTED_EDGE ( 'NONE', *, *, #2022, .T. ) ;
#1083 = EDGE_CURVE ( 'NONE', #2234, #674, #3053, .T. ) ;
#1084 = VECTOR ( 'NONE', #5061, 1000.000000000000114 ) ;
#1085 = EDGE_LOOP ( 'NONE', ( #1164, #571, #1596, #3106, #1336, #2687, #5098, #4204, #5487, #1514, #4869, #4113, #24, #4438, #2110, #1279, #3114, #1112, #3455, #1660 ) ) ;
#1086 = DIRECTION ( 'NONE',  ( 0.1537919438437471142, -0.9881032527062957316, 0.000000000000000000 ) ) ;
#1087 = AXIS2_PLACEMENT_3D ( 'NONE', #3768, #3394, #4583 ) ;
#1088 = CARTESIAN_POINT ( 'NONE',  ( 323.8730000000000473, 3.238389999999999880, 0.000000000000000000 ) ) ;
#1089 = DIRECTION ( 'NONE',  ( -0.4516681659875569910, 0.8921860051768558675, 0.000000000000000000 ) ) ;
#1090 = ORIENTED_EDGE ( 'NONE', *, *, #1384, .T. ) ;
#1091 = DIRECTION ( 'NONE',  ( 0.4538115675396488524, 0.8910976720692332931, 0.000000000000000000 ) ) ;
#1092 = DIRECTION ( 'NONE',  ( -0.9880215842932855708, 0.1543157444027860870, 0.000000000000000000 ) ) ;
#1093 = PLANE ( 'NONE',  #1911 ) ;
#1094 = CARTESIAN_POINT ( 'NONE',  ( 219.0900000000000034, 1.803850000000000176, 5.000000000000000000 ) ) ;
#1095 = PLANE ( 'NONE',  #567 ) ;
#1096 = CARTESIAN_POINT ( 'NONE',  ( 323.7950000000000159, 122.9939999999999998, 5.000000000000000000 ) ) ;
#1097 = VERTEX_POINT ( 'NONE', #1280 ) ;
#1098 = CARTESIAN_POINT ( 'NONE',  ( 325.3960000000000150, 121.3940000000000055, 5.000000000000000000 ) ) ;
#1099 = EDGE_CURVE ( 'NONE', #3023, #1073, #797, .T. ) ;
#1100 = ORIENTED_EDGE ( 'NONE', *, *, #998, .T. ) ;
#1101 = ORIENTED_EDGE ( 'NONE', *, *, #662, .T. ) ;
#1102 = CARTESIAN_POINT ( 'NONE',  ( 216.8549999999999898, 121.7000000000000028, 0.000000000000000000 ) ) ;
#1103 = VECTOR ( 'NONE', #4449, 1000.000000000000227 ) ;
#1104 = VERTEX_POINT ( 'NONE', #4296 ) ;
#1105 = EDGE_CURVE ( 'NONE', #986, #4535, #3427, .T. ) ;
#1106 = VERTEX_POINT ( 'NONE', #393 ) ;
#1107 = DIRECTION ( 'NONE',  ( -0.8924218088635695878, 0.4512020778594383330, 0.000000000000000000 ) ) ;
#1108 = CARTESIAN_POINT ( 'NONE',  ( 3.088179999999999925, 124.5169999999999959, 5.000000000000000000 ) ) ;
#1109 = ORIENTED_EDGE ( 'NONE', *, *, #4560, .F. ) ;
#1110 = ORIENTED_EDGE ( 'NONE', *, *, #2337, .F. ) ;
#1111 = VECTOR ( 'NONE', #4636, 1000.000000000000000 ) ;
#1112 = ORIENTED_EDGE ( 'NONE', *, *, #2434, .F. ) ;
#1113 = LINE ( 'NONE', #3750, #2293 ) ;
#1114 = VECTOR ( 'NONE', #1078, 1000.000000000000000 ) ;
#1115 = CARTESIAN_POINT ( 'NONE',  ( 324.8999999999999773, 124.5169999999999959, 0.000000000000000000 ) ) ;
#1116 = DIRECTION ( 'NONE',  ( -0.9871905049027079881, 0.1595459401863189020, 0.000000000000000000 ) ) ;
#1117 = ORIENTED_EDGE ( 'NONE', *, *, #2892, .F. ) ;
#1118 = CARTESIAN_POINT ( 'NONE',  ( 0.09508460000000000523, 0.2439130000000000187, 5.000000000000000000 ) ) ;
#1119 = VECTOR ( 'NONE', #91, 1000.000000000000114 ) ;
#1120 = DIRECTION ( 'NONE',  ( 0.000000000000000000, -0.000000000000000000, -1.000000000000000000 ) ) ;
#1121 = EDGE_CURVE ( 'NONE', #253, #2907, #2145, .T. ) ;
#1122 = DIRECTION ( 'NONE',  ( -1.000000000000000000, 0.000000000000000000, -0.000000000000000000 ) ) ;
#1123 = CARTESIAN_POINT ( 'NONE',  ( 219.0900000000000034, 123.9350000000000023, 5.000000000000000000 ) ) ;
#1124 = CARTESIAN_POINT ( 'NONE',  ( 216.2719999999999914, 123.4890000000000043, 5.000000000000000000 ) ) ;
#1125 = DIRECTION ( 'NONE',  ( -0.000000000000000000, -0.000000000000000000, -1.000000000000000000 ) ) ;
#1126 = ORIENTED_EDGE ( 'NONE', *, *, #3614, .T. ) ;
#1127 = ADVANCED_FACE ( 'NONE', ( #1741 ), #47, .T. ) ;
#1128 = LINE ( 'NONE', #2876, #5484 ) ;
#1129 = VERTEX_POINT ( 'NONE', #3591 ) ;
#1130 = ORIENTED_EDGE ( 'NONE', *, *, #3505, .F. ) ;
#1131 = DIRECTION ( 'NONE',  ( 0.9881164689548840308, 0.1537070062818597649, 0.000000000000000000 ) ) ;
#1132 = ORIENTED_EDGE ( 'NONE', *, *, #4633, .F. ) ;
#1133 = ORIENTED_EDGE ( 'NONE', *, *, #2607, .F. ) ;
#1134 = CARTESIAN_POINT ( 'NONE',  ( 109.7000000000000028, 121.4740000000000180, 5.000000000000000000 ) ) ;
#1135 = CARTESIAN_POINT ( 'NONE',  ( 108.8990000000000151, 1.803850000000000176, 5.000000000000000000 ) ) ;
#1136 = ORIENTED_EDGE ( 'NONE', *, *, #1710, .F. ) ;
#1137 = ADVANCED_FACE ( 'NONE', ( #3623 ), #1361, .T. ) ;
#1138 = ORIENTED_EDGE ( 'NONE', *, *, #1407, .T. ) ;
#1139 = PLANE ( 'NONE',  #2297 ) ;
#1140 = ORIENTED_EDGE ( 'NONE', *, *, #1913, .F. ) ;
#1141 = DIRECTION ( 'NONE',  ( -0.000000000000000000, -0.000000000000000000, -1.000000000000000000 ) ) ;
#1142 = CARTESIAN_POINT ( 'NONE',  ( 109.2540000000000049, 124.2890000000000157, 5.000000000000000000 ) ) ;
#1143 = VECTOR ( 'NONE', #1089, 1000.000000000000000 ) ;
#1144 = VERTEX_POINT ( 'NONE', #2201 ) ;
#1145 = LINE ( 'NONE', #3350, #4448 ) ;
#1146 = EDGE_CURVE ( 'NONE', #5574, #1906, #5275, .T. ) ;
#1147 = VECTOR ( 'NONE', #869, 1000.000000000000114 ) ;
#1148 = CARTESIAN_POINT ( 'NONE',  ( 326.9159999999999968, 3.238389999999999880, 5.000000000000000000 ) ) ;
#1149 = DIRECTION ( 'NONE',  ( -0.4520072321735773557, 0.8920142723425347198, 0.000000000000000000 ) ) ;
#1150 = DIRECTION ( 'NONE',  ( -0.1581185208565923372, 0.9874201402453381959, 0.000000000000000000 ) ) ;
#1151 = DIRECTION ( 'NONE',  ( 0.7071067811865335839, 0.7071067811865613395, 0.000000000000000000 ) ) ;
#1152 = CARTESIAN_POINT ( 'NONE',  ( 218.7359999999999900, 4.039019999999999833, 5.000000000000000000 ) ) ;
#1153 = AXIS2_PLACEMENT_3D ( 'NONE', #375, #2131, #2236 ) ;
#1154 = EDGE_CURVE ( 'NONE', #804, #3824, #2704, .T. ) ;
#1155 = LINE ( 'NONE', #296, #343 ) ;
#1156 = DIRECTION ( 'NONE',  ( -0.7071067811865475727, -0.7071067811865475727, 0.000000000000000000 ) ) ;
#1157 = EDGE_LOOP ( 'NONE', ( #4145, #4998, #3746, #5044 ) ) ;
#1158 = DIRECTION ( 'NONE',  ( 0.9870883714087309579, 0.1601766119933220878, 0.000000000000000000 ) ) ;
#1159 = VERTEX_POINT ( 'NONE', #2680 ) ;
#1160 = ADVANCED_FACE ( 'NONE', ( #5386 ), #5356, .T. ) ;
#1161 = VERTEX_POINT ( 'NONE', #3189 ) ;
#1162 = DIRECTION ( 'NONE',  ( 0.4535964786212107192, 0.8912071782601604930, 0.000000000000000000 ) ) ;
#1163 = CARTESIAN_POINT ( 'NONE',  ( 216.5010000000000048, 3.684870000000000090, 5.000000000000000000 ) ) ;
#1164 = ORIENTED_EDGE ( 'NONE', *, *, #806, .F. ) ;
#1165 = VECTOR ( 'NONE', #1037, 1000.000000000000000 ) ;
#1166 = ORIENTED_EDGE ( 'NONE', *, *, #3356, .T. ) ;
#1167 = DIRECTION ( 'NONE',  ( 0.9872124837542678444, -0.1594098865181494407, 0.000000000000000000 ) ) ;
#1168 = EDGE_LOOP ( 'NONE', ( #1764, #934, #1705, #1610 ) ) ;
#1169 = EDGE_CURVE ( 'NONE', #240, #5072, #2280, .T. ) ;
#1170 = FACE_OUTER_BOUND ( 'NONE', #2682, .T. ) ;
#1171 = VECTOR ( 'NONE', #4779, 1000.000000000000114 ) ;
#1172 = CARTESIAN_POINT ( 'NONE',  ( 109.7000000000000028, 124.5169999999999959, 0.000000000000000000 ) ) ;
#1173 = LINE ( 'NONE', #2924, #1054 ) ;
#1174 = EDGE_CURVE ( 'NONE', #362, #1938, #450, .T. ) ;
#1175 = ORIENTED_EDGE ( 'NONE', *, *, #2733, .F. ) ;
#1176 = CARTESIAN_POINT ( 'NONE',  ( 3.888809999999999878, 122.0540000000000163, 5.000000000000000000 ) ) ;
#1177 = VECTOR ( 'NONE', #5199, 1000.000000000000000 ) ;
#1178 = VECTOR ( 'NONE', #1818, 1000.000000000000114 ) ;
#1179 = ORIENTED_EDGE ( 'NONE', *, *, #2926, .F. ) ;
#1180 = EDGE_CURVE ( 'NONE', #3276, #2793, #4845, .T. ) ;
#1181 = VECTOR ( 'NONE', #3567, 1000.000000000000114 ) ;
#1182 = DIRECTION ( 'NONE',  ( -0.9871279408508155662, 0.1599325745169778434, 0.000000000000000000 ) ) ;
#1183 = PLANE ( 'NONE',  #1301 ) ;
#1184 = LINE ( 'NONE', #1096, #2245 ) ;
#1185 = ORIENTED_EDGE ( 'NONE', *, *, #1011, .T. ) ;
#1186 = DIRECTION ( 'NONE',  ( 0.9872630143935667846, -0.1590966385896566693, 0.000000000000000000 ) ) ;
#1187 = DIRECTION ( 'NONE',  ( 0.4559528082269453386, -0.8900039531765925327, 0.000000000000000000 ) ) ;
#1188 = DIRECTION ( 'NONE',  ( -0.4516204456943435641, 0.8922101619186156851, 0.000000000000000000 ) ) ;
#1189 = ORIENTED_EDGE ( 'NONE', *, *, #3929, .F. ) ;
#1190 = CARTESIAN_POINT ( 'NONE',  ( 110.6880000000000024, 4.265010000000000190, 5.000000000000000000 ) ) ;
#1191 = EDGE_CURVE ( 'NONE', #3136, #677, #3131, .T. ) ;
#1192 = ORIENTED_EDGE ( 'NONE', *, *, #2557, .F. ) ;
#1193 = ORIENTED_EDGE ( 'NONE', *, *, #3574, .T. ) ;
#1194 = DIRECTION ( 'NONE',  ( 0.000000000000000000, 0.000000000000000000, 1.000000000000000000 ) ) ;
#1195 = VECTOR ( 'NONE', #5455, 1000.000000000000227 ) ;
#1196 = FACE_OUTER_BOUND ( 'NONE', #1168, .T. ) ;
#1197 = VERTEX_POINT ( 'NONE', #3510 ) ;
#1198 = EDGE_CURVE ( 'NONE', #1073, #3875, #3079, .T. ) ;
#1199 = EDGE_LOOP ( 'NONE', ( #3225, #859, #3413, #2768 ) ) ;
#1200 = VERTEX_POINT ( 'NONE', #477 ) ;
#1201 = CARTESIAN_POINT ( 'NONE',  ( 2.100130000000000052, 124.5169999999999959, 0.000000000000000000 ) ) ;
#1202 = CARTESIAN_POINT ( 'NONE',  ( 324.4549999999999841, 121.7000000000000028, 0.000000000000000000 ) ) ;
#1203 = CARTESIAN_POINT ( 'NONE',  ( 0.09508460000000000523, 0.2439130000000000187, 0.000000000000000000 ) ) ;
#1204 = EDGE_LOOP ( 'NONE', ( #3078, #2400, #5559, #596 ) ) ;
#1205 = DIRECTION ( 'NONE',  ( -0.8903987221554817699, -0.4551814095323809539, 0.000000000000000000 ) ) ;
#1206 = ORIENTED_EDGE ( 'NONE', *, *, #3164, .T. ) ;
#1207 = EDGE_CURVE ( 'NONE', #2043, #678, #5332, .T. ) ;
#1208 = PLANE ( 'NONE',  #2368 ) ;
#1209 = CARTESIAN_POINT ( 'NONE',  ( 1.072109999999999896, 3.238389999999999880, 5.000000000000000000 ) ) ;
#1210 = VECTOR ( 'NONE', #1319, 1000.000000000000000 ) ;
#1211 = EDGE_CURVE ( 'NONE', #1565, #3028, #1388, .T. ) ;
#1212 = DIRECTION ( 'NONE',  ( -0.000000000000000000, -0.000000000000000000, -1.000000000000000000 ) ) ;
#1213 = DIRECTION ( 'NONE',  ( 0.7057251110012996431, 0.7084857568802659378, -0.000000000000000000 ) ) ;
#1214 = CARTESIAN_POINT ( 'NONE',  ( 2.593469999999999942, 121.3940000000000055, 5.000000000000000000 ) ) ;
#1215 = ORIENTED_EDGE ( 'NONE', *, *, #3614, .F. ) ;
#1216 = FACE_OUTER_BOUND ( 'NONE', #1794, .T. ) ;
#1217 = LINE ( 'NONE', #5158, #1841 ) ;
#1218 = ADVANCED_FACE ( 'NONE', ( #3537 ), #5305, .T. ) ;
#1219 = ORIENTED_EDGE ( 'NONE', *, *, #4433, .F. ) ;
#1220 = DIRECTION ( 'NONE',  ( -0.7071067811865059394, -0.7071067811865890951, 0.000000000000000000 ) ) ;
#1221 = DIRECTION ( 'NONE',  ( -0.000000000000000000, -0.000000000000000000, -1.000000000000000000 ) ) ;
#1222 = EDGE_LOOP ( 'NONE', ( #446, #3083, #4410, #3564 ) ) ;
#1223 = EDGE_LOOP ( 'NONE', ( #3192, #600, #1090, #29 ) ) ;
#1224 = ORIENTED_EDGE ( 'NONE', *, *, #478, .F. ) ;
#1225 = EDGE_CURVE ( 'NONE', #553, #3507, #959, .T. ) ;
#1226 = DIRECTION ( 'NONE',  ( -0.000000000000000000, -0.000000000000000000, -1.000000000000000000 ) ) ;
#1227 = DIRECTION ( 'NONE',  ( -0.9871905049027036583, -0.1595459401863458526, 0.000000000000000000 ) ) ;
#1228 = CARTESIAN_POINT ( 'NONE',  ( 1.072109999999999896, 2.248959999999999848, 0.000000000000000000 ) ) ;
#1229 = ORIENTED_EDGE ( 'NONE', *, *, #1971, .F. ) ;
#1230 = DIRECTION ( 'NONE',  ( -0.8899839804325223591, -0.4559917922216185637, 0.000000000000000000 ) ) ;
#1231 = ADVANCED_FACE ( 'NONE', ( #4462 ), #987, .T. ) ;
#1232 = VERTEX_POINT ( 'NONE', #1824 ) ;
#1233 = VECTOR ( 'NONE', #2055, 1000.000000000000000 ) ;
#1234 = DIRECTION ( 'NONE',  ( 0.7069569863009309563, -0.7072565443460422374, 0.000000000000000000 ) ) ;
#1235 = CARTESIAN_POINT ( 'NONE',  ( 324.4549999999999841, 1.451070000000000082, 5.000000000000000000 ) ) ;
#1236 = DIRECTION ( 'NONE',  ( 0.9871977739796293783, 0.1595009562656748425, 0.000000000000000000 ) ) ;
#1237 = VECTOR ( 'NONE', #2619, 1000.000000000000114 ) ;
#1238 = ADVANCED_FACE ( 'NONE', ( #2735 ), #4494, .T. ) ;
#1239 = DIRECTION ( 'NONE',  ( -0.000000000000000000, -0.000000000000000000, -1.000000000000000000 ) ) ;
#1240 = VECTOR ( 'NONE', #143, 1000.000000000000000 ) ;
#1241 = CARTESIAN_POINT ( 'NONE',  ( 1.299490000000000256, 123.9350000000000023, 5.000000000000000000 ) ) ;
#1242 = FACE_BOUND ( 'NONE', #4618, .T. ) ;
#1243 = ORIENTED_EDGE ( 'NONE', *, *, #2989, .T. ) ;
#1244 = DIRECTION ( 'NONE',  ( -0.8916497258679400018, 0.4527259285258880550, 0.000000000000000000 ) ) ;
#1245 = LINE ( 'NONE', #2085, #256 ) ;
#1246 = CARTESIAN_POINT ( 'NONE',  ( 219.3160000000000025, 3.238389999999999880, 5.000000000000000000 ) ) ;
#1247 = ORIENTED_EDGE ( 'NONE', *, *, #5624, .T. ) ;
#1248 = ORIENTED_EDGE ( 'NONE', *, *, #3244, .T. ) ;
#1249 = VERTEX_POINT ( 'NONE', #620 ) ;
#1250 = CARTESIAN_POINT ( 'NONE',  ( 110.1950000000000074, 124.5939999999999941, 0.000000000000000000 ) ) ;
#1251 = DIRECTION ( 'NONE',  ( -0.8922101619186268984, -0.4516204456943214707, 0.000000000000000000 ) ) ;
#1252 = ORIENTED_EDGE ( 'NONE', *, *, #4396, .T. ) ;
#1253 = DIRECTION ( 'NONE',  ( -0.8909082072302801913, 0.4541834060043675181, 0.000000000000000000 ) ) ;
#1254 = ORIENTED_EDGE ( 'NONE', *, *, #2650, .F. ) ;
#1255 = LINE ( 'NONE', #3951, #1796 ) ;
#1256 = ADVANCED_FACE ( 'NONE', ( #4143 ), #2341, .T. ) ;
#1257 = VECTOR ( 'NONE', #2510, 1000.000000000000114 ) ;
#1258 = VERTEX_POINT ( 'NONE', #2455 ) ;
#1259 = LINE ( 'NONE', #2581, #3640 ) ;
#1260 = AXIS2_PLACEMENT_3D ( 'NONE', #1350, #5263, #2558 ) ;
#1261 = CARTESIAN_POINT ( 'NONE',  ( 323.7950000000000159, 2.745049999999999990, 5.000000000000000000 ) ) ;
#1262 = PLANE ( 'NONE',  #1698 ) ;
#1263 = VECTOR ( 'NONE', #1707, 1000.000000000000000 ) ;
#1264 = VECTOR ( 'NONE', #3238, 1000.000000000000000 ) ;
#1265 = DIRECTION ( 'NONE',  ( 0.1594293233127661025, -0.9872093450064345355, 0.000000000000000000 ) ) ;
#1266 = VECTOR ( 'NONE', #3629, 1000.000000000000114 ) ;
#1267 = FACE_OUTER_BOUND ( 'NONE', #1943, .T. ) ;
#1268 = LINE ( 'NONE', #2959, #3941 ) ;
#1269 = DIRECTION ( 'NONE',  ( -0.7093211804271944976, 0.7048854254397458607, 0.000000000000000000 ) ) ;
#1270 = EDGE_LOOP ( 'NONE', ( #1132, #4949, #3201, #2862 ) ) ;
#1271 = PLANE ( 'NONE',  #1414 ) ;
#1272 = ADVANCED_FACE ( 'NONE', ( #5477 ), #2001, .T. ) ;
#1273 = EDGE_CURVE ( 'NONE', #616, #986, #4085, .T. ) ;
#1274 = DIRECTION ( 'NONE',  ( 0.9872124837542692877, -0.1594098865181407254, 0.000000000000000000 ) ) ;
#1275 = ORIENTED_EDGE ( 'NONE', *, *, #1669, .T. ) ;
#1276 = ORIENTED_EDGE ( 'NONE', *, *, #3583, .F. ) ;
#1277 = EDGE_CURVE ( 'NONE', #4897, #3250, #1598, .T. ) ;
#1278 = AXIS2_PLACEMENT_3D ( 'NONE', #139, #1892, #630 ) ;
#1279 = ORIENTED_EDGE ( 'NONE', *, *, #2982, .F. ) ;
#1280 = CARTESIAN_POINT ( 'NONE',  ( 324.8999999999999773, 121.4740000000000180, 5.000000000000000000 ) ) ;
#1281 = CARTESIAN_POINT ( 'NONE',  ( 219.3950000000000102, 2.745049999999999990, 0.000000000000000000 ) ) ;
#1282 = ORIENTED_EDGE ( 'NONE', *, *, #926, .F. ) ;
#1283 = CARTESIAN_POINT ( 'NONE',  ( 0.9935670000000000890, 2.745049999999999990, 5.000000000000000000 ) ) ;
#1284 = ORIENTED_EDGE ( 'NONE', *, *, #2172, .T. ) ;
#1285 = DIRECTION ( 'NONE',  ( 0.1533772373344897966, -0.9881677099903839467, 0.000000000000000000 ) ) ;
#1286 = AXIS2_PLACEMENT_3D ( 'NONE', #753, #5581, #3839 ) ;
#1287 = EDGE_CURVE ( 'NONE', #4605, #1129, #1916, .T. ) ;
#1288 = ORIENTED_EDGE ( 'NONE', *, *, #2304, .F. ) ;
#1289 = LINE ( 'NONE', #1750, #4664 ) ;
#1290 = CARTESIAN_POINT ( 'NONE',  ( 2.593469999999999942, 1.143769999999999953, 5.000000000000000000 ) ) ;
#1291 = VECTOR ( 'NONE', #5322, 1000.000000000000114 ) ;
#1292 = EDGE_CURVE ( 'NONE', #1993, #1656, #2857, .T. ) ;
#1293 = DIRECTION ( 'NONE',  ( 0.7071067811865613395, 0.7071067811865335839, 0.000000000000000000 ) ) ;
#1294 = LINE ( 'NONE', #4750, #349 ) ;
#1295 = VECTOR ( 'NONE', #4874, 1000.000000000000114 ) ;
#1296 = PLANE ( 'NONE',  #2123 ) ;
#1297 = FACE_BOUND ( 'NONE', #1085, .T. ) ;
#1298 = ORIENTED_EDGE ( 'NONE', *, *, #2868, .T. ) ;
#1299 = PLANE ( 'NONE',  #2157 ) ;
#1300 = ADVANCED_FACE ( 'NONE', ( #2794 ), #3686, .T. ) ;
#1301 = AXIS2_PLACEMENT_3D ( 'NONE', #5174, #2582, #2953 ) ;
#1302 = LINE ( 'NONE', #3451, #527 ) ;
#1303 = CARTESIAN_POINT ( 'NONE',  ( 0.9935670000000000890, 122.9939999999999998, 0.000000000000000000 ) ) ;
#1304 = ORIENTED_EDGE ( 'NONE', *, *, #4308, .F. ) ;
#1305 = ORIENTED_EDGE ( 'NONE', *, *, #5047, .T. ) ;
#1306 = ORIENTED_EDGE ( 'NONE', *, *, #575, .F. ) ;
#1307 = DIRECTION ( 'NONE',  ( -0.000000000000000000, -0.000000000000000000, -1.000000000000000000 ) ) ;
#1308 = CARTESIAN_POINT ( 'NONE',  ( 1.072109999999999896, 123.4890000000000043, 0.000000000000000000 ) ) ;
#1309 = EDGE_CURVE ( 'NONE', #582, #2622, #1481, .T. ) ;
#1310 = ORIENTED_EDGE ( 'NONE', *, *, #2523, .F. ) ;
#1311 = CARTESIAN_POINT ( 'NONE',  ( 325.8890000000000100, 124.5170000000000101, 5.000000000000000000 ) ) ;
#1312 = ORIENTED_EDGE ( 'NONE', *, *, #3031, .T. ) ;
#1313 = LINE ( 'NONE', #3892, #783 ) ;
#1314 = VERTEX_POINT ( 'NONE', #161 ) ;
#1315 = DIRECTION ( 'NONE',  ( -0.000000000000000000, -0.000000000000000000, -1.000000000000000000 ) ) ;
#1316 = PLANE ( 'NONE',  #4934 ) ;
#1317 = EDGE_CURVE ( 'NONE', #876, #277, #216, .T. ) ;
#1318 = CARTESIAN_POINT ( 'NONE',  ( 326.6899999999999977, 122.0540000000000163, 0.000000000000000000 ) ) ;
#1319 = DIRECTION ( 'NONE',  ( -0.000000000000000000, -0.000000000000000000, -1.000000000000000000 ) ) ;
#1320 = DIRECTION ( 'NONE',  ( 0.9871585027858535977, -0.1597438273536471998, 0.000000000000000000 ) ) ;
#1321 = CARTESIAN_POINT ( 'NONE',  ( 324.1010000000000559, 3.684870000000000090, 5.000000000000000000 ) ) ;
#1322 = CARTESIAN_POINT ( 'NONE',  ( 111.4890000000000043, 3.684870000000000090, 5.000000000000000000 ) ) ;
#1323 = ORIENTED_EDGE ( 'NONE', *, *, #1825, .F. ) ;
#1324 = DIRECTION ( 'NONE',  ( -0.7072565443460006041, 0.7069569863009727007, 0.000000000000000000 ) ) ;
#1325 = VECTOR ( 'NONE', #2067, 1000.000000000000227 ) ;
#1326 = EDGE_CURVE ( 'NONE', #1047, #220, #675, .T. ) ;
#1327 = VECTOR ( 'NONE', #580, 1000.000000000000114 ) ;
#1328 = DIRECTION ( 'NONE',  ( 0.4547933146790721359, -0.8905970137628032024, 0.000000000000000000 ) ) ;
#1329 = CARTESIAN_POINT ( 'NONE',  ( 216.8549999999999898, 124.2890000000000157, 5.000000000000000000 ) ) ;
#1330 = ORIENTED_EDGE ( 'NONE', *, *, #4739, .F. ) ;
#1331 = ORIENTED_EDGE ( 'NONE', *, *, #4147, .F. ) ;
#1332 = AXIS2_PLACEMENT_3D ( 'NONE', #4887, #59, #1460 ) ;
#1333 = ORIENTED_EDGE ( 'NONE', *, *, #4041, .F. ) ;
#1334 = DIRECTION ( 'NONE',  ( 0.8924218088635693658, 0.4512020778594384995, 0.000000000000000000 ) ) ;
#1335 = CARTESIAN_POINT ( 'NONE',  ( 108.8990000000000151, 122.0540000000000163, 5.000000000000000000 ) ) ;
#1336 = ORIENTED_EDGE ( 'NONE', *, *, #4365, .F. ) ;
#1337 = EDGE_LOOP ( 'NONE', ( #1229, #3035, #1920, #2452 ) ) ;
#1338 = CARTESIAN_POINT ( 'NONE',  ( 1.653650000000000064, 4.039019999999999833, 5.000000000000000000 ) ) ;
#1339 = EDGE_LOOP ( 'NONE', ( #1070, #2649, #2062, #3691 ) ) ;
#1340 = PERSON_AND_ORGANIZATION ( #2303, #3712 ) ;
#1341 = ORIENTED_EDGE ( 'NONE', *, *, #738, .T. ) ;
#1342 = EDGE_CURVE ( 'NONE', #5300, #4797, #243, .T. ) ;
#1343 = LINE ( 'NONE', #2292, #2997 ) ;
#1344 = CARTESIAN_POINT ( 'NONE',  ( 111.1350000000000051, 4.039019999999999833, 5.000000000000000000 ) ) ;
#1345 = VECTOR ( 'NONE', #1221, 1000.000000000000000 ) ;
#1346 = EDGE_CURVE ( 'NONE', #1359, #2144, #4117, .T. ) ;
#1347 = FACE_OUTER_BOUND ( 'NONE', #5016, .T. ) ;
#1348 = VECTOR ( 'NONE', #4317, 1000.000000000000114 ) ;
#1349 = CARTESIAN_POINT ( 'NONE',  ( 0.09508460000000000523, 125.4939999999999998, 5.000000000000000000 ) ) ;
#1350 = CARTESIAN_POINT ( 'NONE',  ( 108.5949999999999989, 2.745049999999999990, 5.000000000000000000 ) ) ;
#1351 = CARTESIAN_POINT ( 'NONE',  ( 325.8890000000000668, 4.265010000000000190, 0.000000000000000000 ) ) ;
#1352 = DIRECTION ( 'NONE',  ( -0.4527259285258880550, -0.8916497258679400018, 0.000000000000000000 ) ) ;
#1353 = LINE ( 'NONE', #925, #5096 ) ;
#1354 = VECTOR ( 'NONE', #4425, 1000.000000000000000 ) ;
#1355 = VECTOR ( 'NONE', #1472, 1000.000000000000000 ) ;
#1356 = CARTESIAN_POINT ( 'NONE',  ( 216.1949999999999932, 2.745049999999999990, 5.000000000000000000 ) ) ;
#1357 = CARTESIAN_POINT ( 'NONE',  ( 216.2719999999999914, 2.248959999999999848, 5.000000000000000000 ) ) ;
#1358 = ORIENTED_EDGE ( 'NONE', *, *, #526, .F. ) ;
#1359 = VERTEX_POINT ( 'NONE', #188 ) ;
#1360 = VERTEX_POINT ( 'NONE', #1020 ) ;
#1361 = PLANE ( 'NONE',  #563 ) ;
#1362 = EDGE_CURVE ( 'NONE', #5401, #968, #5449, .T. ) ;
#1363 = DIRECTION ( 'NONE',  ( -0.7069569863009588229, 0.7072565443460143708, 0.000000000000000000 ) ) ;
#1364 = ORIENTED_EDGE ( 'NONE', *, *, #3419, .T. ) ;
#1365 = VERTEX_POINT ( 'NONE', #1134 ) ;
#1366 = CARTESIAN_POINT ( 'NONE',  ( 216.2719999999999914, 2.248959999999999848, 5.000000000000000000 ) ) ;
#1367 = ORIENTED_EDGE ( 'NONE', *, *, #1169, .T. ) ;
#1368 = EDGE_CURVE ( 'NONE', #3242, #706, #1568, .T. ) ;
#1369 = ORIENTED_EDGE ( 'NONE', *, *, #2800, .T. ) ;
#1370 = DIRECTION ( 'NONE',  ( 0.8908403975545406972, 0.4543163942506014963, -0.000000000000000000 ) ) ;
#1371 = AXIS2_PLACEMENT_3D ( 'NONE', #4594, #84, #1834 ) ;
#1372 = LINE ( 'NONE', #513, #4548 ) ;
#1373 = VECTOR ( 'NONE', #4285, 1000.000000000000114 ) ;
#1374 = LINE ( 'NONE', #1349, #5577 ) ;
#1375 = CARTESIAN_POINT ( 'NONE',  ( 108.6720000000000113, 123.4890000000000043, 5.000000000000000000 ) ) ;
#1376 = EDGE_CURVE ( 'NONE', #2909, #20, #4644, .T. ) ;
#1377 = LINE ( 'NONE', #867, #193 ) ;
#1378 = CARTESIAN_POINT ( 'NONE',  ( 111.1350000000000051, 121.7000000000000028, 5.000000000000000000 ) ) ;
#1379 = CARTESIAN_POINT ( 'NONE',  ( 326.9959999999999809, 122.9939999999999998, 0.000000000000000000 ) ) ;
#1380 = AXIS2_PLACEMENT_3D ( 'NONE', #36, #1785, #5294 ) ;
#1381 = FACE_OUTER_BOUND ( 'NONE', #1562, .T. ) ;
#1382 = DIRECTION ( 'NONE',  ( -0.4512020778594162396, 0.8924218088635806900, 0.000000000000000000 ) ) ;
#1383 = EDGE_LOOP ( 'NONE', ( #2090, #1691, #2141, #5499 ) ) ;
#1384 = EDGE_CURVE ( 'NONE', #3836, #3363, #3771, .T. ) ;
#1385 = ORIENTED_EDGE ( 'NONE', *, *, #3865, .F. ) ;
#1386 = VECTOR ( 'NONE', #4016, 1000.000000000000114 ) ;
#1387 = EDGE_LOOP ( 'NONE', ( #2054, #1254, #5640, #2006 ) ) ;
#1388 = LINE ( 'NONE', #3968, #2758 ) ;
#1389 = FACE_OUTER_BOUND ( 'NONE', #2367, .T. ) ;
#1390 = VERTEX_POINT ( 'NONE', #4831 ) ;
#1391 = VERTEX_POINT ( 'NONE', #3982 ) ;
#1392 = LINE ( 'NONE', #1802, #3143 ) ;
#1393 = ORIENTED_EDGE ( 'NONE', *, *, #4625, .T. ) ;
#1394 = CARTESIAN_POINT ( 'NONE',  ( 327.8960000000000150, 0.2439130000000000187, 0.000000000000000000 ) ) ;
#1395 = EDGE_CURVE ( 'NONE', #2035, #1042, #2613, .T. ) ;
#1396 = VERTEX_POINT ( 'NONE', #3900 ) ;
#1397 = DIRECTION ( 'NONE',  ( -0.8924218088635806900, -0.4512020778594162396, 0.000000000000000000 ) ) ;
#1398 = CARTESIAN_POINT ( 'NONE',  ( 217.3000000000000114, 124.5169999999999959, 0.000000000000000000 ) ) ;
#1399 = ADVANCED_FACE ( 'NONE', ( #2133 ), #2483, .T. ) ;
#1400 = DIRECTION ( 'NONE',  ( -0.000000000000000000, -0.000000000000000000, -1.000000000000000000 ) ) ;
#1401 = DIRECTION ( 'NONE',  ( -0.000000000000000000, -0.000000000000000000, -1.000000000000000000 ) ) ;
#1402 = DIRECTION ( 'NONE',  ( 0.1594293233127574427, -0.9872093450064359788, 0.000000000000000000 ) ) ;
#1403 = CARTESIAN_POINT ( 'NONE',  ( 218.7359999999999900, 1.451070000000000082, 5.000000000000000000 ) ) ;
#1404 = LINE ( 'NONE', #465, #3851 ) ;
#1405 = PLANE ( 'NONE',  #3859 ) ;
#1406 = DIRECTION ( 'NONE',  ( -0.000000000000000000, -0.000000000000000000, -1.000000000000000000 ) ) ;
#1407 = EDGE_CURVE ( 'NONE', #2150, #739, #1699, .T. ) ;
#1408 = CARTESIAN_POINT ( 'NONE',  ( 111.4890000000000043, 1.803850000000000176, 5.000000000000000000 ) ) ;
#1409 = LINE ( 'NONE', #3154, #5580 ) ;
#1410 = EDGE_CURVE ( 'NONE', #3005, #5251, #405, .T. ) ;
#1411 = AXIS2_PLACEMENT_3D ( 'NONE', #5195, #4354, #4768 ) ;
#1412 = EDGE_LOOP ( 'NONE', ( #1215, #2009, #1776, #2542, #124, #5423, #4616, #3166, #4459, #5483, #1179, #4772, #700, #3487, #4306, #1421, #4293, #1801, #4932, #5564 ) ) ;
#1413 = VERTEX_POINT ( 'NONE', #463 ) ;
#1414 = AXIS2_PLACEMENT_3D ( 'NONE', #4314, #468, #3016 ) ;
#1415 = ORIENTED_EDGE ( 'NONE', *, *, #5350, .T. ) ;
#1416 = DIRECTION ( 'NONE',  ( -0.8920223363405501704, -0.4519913179139026238, 0.000000000000000000 ) ) ;
#1417 = LINE ( 'NONE', #4463, #3373 ) ;
#1418 = VERTEX_POINT ( 'NONE', #3040 ) ;
#1419 = ORIENTED_EDGE ( 'NONE', *, *, #2417, .F. ) ;
#1420 = VECTOR ( 'NONE', #4067, 1000.000000000000114 ) ;
#1421 = ORIENTED_EDGE ( 'NONE', *, *, #2172, .F. ) ;
#1422 = APPROVAL_STATUS ( 'not_yet_approved' ) ;
#1423 = DIRECTION ( 'NONE',  ( 0.4559917922215735442, -0.8899839804325453407, 0.000000000000000000 ) ) ;
#1424 = ORIENTED_EDGE ( 'NONE', *, *, #5087, .F. ) ;
#1425 = PLANE ( 'NONE',  #5604 ) ;
#1426 = DIRECTION ( 'NONE',  ( 0.1599815188204922467, 0.9871200097434397192, 0.000000000000000000 ) ) ;
#1427 = EDGE_CURVE ( 'NONE', #2596, #5401, #3442, .T. ) ;
#1428 = ORIENTED_EDGE ( 'NONE', *, *, #3356, .F. ) ;
#1429 = LINE ( 'NONE', #1493, #1240 ) ;
#1430 = CARTESIAN_POINT ( 'NONE',  ( 3.534660000000000135, 121.7000000000000028, 5.000000000000000000 ) ) ;
#1431 = ADVANCED_FACE ( 'NONE', ( #5205 ), #4803, .T. ) ;
#1432 = VECTOR ( 'NONE', #559, 1000.000000000000000 ) ;
#1433 = DIRECTION ( 'NONE',  ( -0.9875028003718848701, -0.1576014570290689421, 0.000000000000000000 ) ) ;
#1434 = CARTESIAN_POINT ( 'NONE',  ( 218.2889999999999873, 4.265010000000000190, 0.000000000000000000 ) ) ;
#1435 = CARTESIAN_POINT ( 'NONE',  ( 326.9959999999999809, 2.745049999999999990, 5.000000000000000000 ) ) ;
#1436 = LINE ( 'NONE', #3180, #5556 ) ;
#1437 = VERTEX_POINT ( 'NONE', #4233 ) ;
#1438 = EDGE_CURVE ( 'NONE', #4814, #5647, #864, .T. ) ;
#1439 = VECTOR ( 'NONE', #1616, 1000.000000000000114 ) ;
#1440 = DIRECTION ( 'NONE',  ( -0.8916126378921280793, -0.4527989663758531513, 0.000000000000000000 ) ) ;
#1441 = CARTESIAN_POINT ( 'NONE',  ( 109.2540000000000049, 4.039019999999999833, 5.000000000000000000 ) ) ;
#1442 = ORIENTED_EDGE ( 'NONE', *, *, #3286, .T. ) ;
#1443 = VECTOR ( 'NONE', #1779, 1000.000000000000000 ) ;
#1444 = ORIENTED_EDGE ( 'NONE', *, *, #4026, .T. ) ;
#1445 = VECTOR ( 'NONE', #443, 1000.000000000000114 ) ;
#1446 = ADVANCED_FACE ( 'NONE', ( #1755 ), #3011, .T. ) ;
#1447 = ORIENTED_EDGE ( 'NONE', *, *, #5460, .T. ) ;
#1448 = DIRECTION ( 'NONE',  ( 0.4551814095323810094, -0.8903987221554818809, 0.000000000000000000 ) ) ;
#1449 = AXIS2_PLACEMENT_3D ( 'NONE', #1826, #479, #4383 ) ;
#1450 = LINE ( 'NONE', #3687, #1901 ) ;
#1451 = VERTEX_POINT ( 'NONE', #3499 ) ;
#1452 = EDGE_CURVE ( 'NONE', #586, #4391, #5262, .T. ) ;
#1453 = ORIENTED_EDGE ( 'NONE', *, *, #3634, .T. ) ;
#1454 = APPROVAL_ROLE ( '' ) ;
#1455 = CARTESIAN_POINT ( 'NONE',  ( 326.9159999999999968, 2.248959999999999848, 5.000000000000000000 ) ) ;
#1456 = ORIENTED_EDGE ( 'NONE', *, *, #3929, .T. ) ;
#1457 = DIRECTION ( 'NONE',  ( -0.4512020778594162396, 0.8924218088635806900, 0.000000000000000000 ) ) ;
#1458 = PLANE ( 'NONE',  #1543 ) ;
#1459 = EDGE_LOOP ( 'NONE', ( #5540, #1855, #1456, #46 ) ) ;
#1460 = DIRECTION ( 'NONE',  ( 0.8899839804325223591, 0.4559917922216185637, 0.000000000000000000 ) ) ;
#1461 = ADVANCED_FACE ( 'NONE', ( #4676 ), #5662, .T. ) ;
#1462 = LINE ( 'NONE', #2748, #629 ) ;
#1463 = LINE ( 'NONE', #3205, #4955 ) ;
#1464 = VECTOR ( 'NONE', #2554, 1000.000000000000114 ) ;
#1465 = DIRECTION ( 'NONE',  ( -0.000000000000000000, -0.000000000000000000, -1.000000000000000000 ) ) ;
#1466 = CARTESIAN_POINT ( 'NONE',  ( 219.3160000000000025, 122.5010000000000190, 0.000000000000000000 ) ) ;
#1467 = DIRECTION ( 'NONE',  ( -0.000000000000000000, -0.000000000000000000, -1.000000000000000000 ) ) ;
#1468 = CARTESIAN_POINT ( 'NONE',  ( 1.072109999999999896, 122.5010000000000190, 0.000000000000000000 ) ) ;
#1469 = CARTESIAN_POINT ( 'NONE',  ( 326.3360000000000127, 121.7000000000000028, 5.000000000000000000 ) ) ;
#1470 = ORIENTED_EDGE ( 'NONE', *, *, #5301, .T. ) ;
#1471 = EDGE_CURVE ( 'NONE', #4588, #2966, #2913, .T. ) ;
#1472 = DIRECTION ( 'NONE',  ( -0.000000000000000000, -0.000000000000000000, -1.000000000000000000 ) ) ;
#1473 = VECTOR ( 'NONE', #4780, 1000.000000000000000 ) ;
#1474 = CARTESIAN_POINT ( 'NONE',  ( 4.114840000000000053, 2.248959999999999848, 5.000000000000000000 ) ) ;
#1475 = ORIENTED_EDGE ( 'NONE', *, *, #1775, .T. ) ;
#1476 = EDGE_LOOP ( 'NONE', ( #267, #510, #2896, #448 ) ) ;
#1477 = ADVANCED_FACE ( 'NONE', ( #4366 ), #434, .T. ) ;
#1478 = VECTOR ( 'NONE', #2952, 1000.000000000000227 ) ;
#1479 = ORIENTED_EDGE ( 'NONE', *, *, #998, .F. ) ;
#1480 = ADVANCED_BREP_SHAPE_REPRESENTATION ( 'bezel2', ( #4953, #2247 ), #2160 ) ;
#1481 = LINE ( 'NONE', #651, #2040 ) ;
#1482 = CARTESIAN_POINT ( 'NONE',  ( 324.8999999999999773, 124.5169999999999959, 5.000000000000000000 ) ) ;
#1483 = ORIENTED_EDGE ( 'NONE', *, *, #118, .F. ) ;
#1484 = AXIS2_PLACEMENT_3D ( 'NONE', #4435, #1448, #1883 ) ;
#1485 = ORIENTED_EDGE ( 'NONE', *, *, #3583, .T. ) ;
#1486 = CARTESIAN_POINT ( 'NONE',  ( 1.299490000000000256, 3.684870000000000090, 5.000000000000000000 ) ) ;
#1487 = VERTEX_POINT ( 'NONE', #4859 ) ;
#1488 = EDGE_CURVE ( 'NONE', #4461, #4297, #4395, .T. ) ;
#1489 = CARTESIAN_POINT ( 'NONE',  ( 216.8549999999999898, 124.2890000000000157, 0.000000000000000000 ) ) ;
#1490 = DIRECTION ( 'NONE',  ( -0.7069569863009588229, -0.7072565443460143708, 0.000000000000000000 ) ) ;
#1491 = CARTESIAN_POINT ( 'NONE',  ( 111.7159999999999940, 123.4890000000000043, 0.000000000000000000 ) ) ;
#1492 = ORIENTED_EDGE ( 'NONE', *, *, #83, .F. ) ;
#1493 = CARTESIAN_POINT ( 'NONE',  ( 108.8990000000000151, 1.803850000000000176, 5.000000000000000000 ) ) ;
#1494 = PLANE ( 'NONE',  #4575 ) ;
#1495 = CARTESIAN_POINT ( 'NONE',  ( 111.4890000000000043, 123.9350000000000023, 5.000000000000000000 ) ) ;
#1496 = ADVANCED_FACE ( 'NONE', ( #1347 ), #2667, .T. ) ;
#1497 = DIRECTION ( 'NONE',  ( 0.8922182138893378633, -0.4516045380685624888, 0.000000000000000000 ) ) ;
#1498 = DIRECTION ( 'NONE',  ( -0.000000000000000000, -0.000000000000000000, -1.000000000000000000 ) ) ;
#1499 = DIRECTION ( 'NONE',  ( 0.8922182138893377523, 0.4516045380685628219, 0.000000000000000000 ) ) ;
#1500 = DIRECTION ( 'NONE',  ( -0.000000000000000000, -0.000000000000000000, -1.000000000000000000 ) ) ;
#1501 = VERTEX_POINT ( 'NONE', #1435 ) ;
#1502 = EDGE_CURVE ( 'NONE', #4689, #3155, #3072, .T. ) ;
#1503 = CARTESIAN_POINT ( 'NONE',  ( 324.8999999999999773, 4.265010000000000190, 0.000000000000000000 ) ) ;
#1504 = DIRECTION ( 'NONE',  ( 0.1572637512810519111, 0.9875566376330074947, 0.000000000000000000 ) ) ;
#1505 = EDGE_LOOP ( 'NONE', ( #5105, #2944, #1567, #817 ) ) ;
#1506 = DIRECTION ( 'NONE',  ( 0.9880215842932855708, -0.1543157444027860870, 0.000000000000000000 ) ) ;
#1507 = EDGE_CURVE ( 'NONE', #2178, #799, #2191, .T. ) ;
#1508 = ORIENTED_EDGE ( 'NONE', *, *, #3492, .F. ) ;
#1509 = VERTEX_POINT ( 'NONE', #3986 ) ;
#1510 = VECTOR ( 'NONE', #5615, 1000.000000000000114 ) ;
#1511 = DIRECTION ( 'NONE',  ( -0.9872093450064345355, -0.1594293233127661302, 0.000000000000000000 ) ) ;
#1512 = DIRECTION ( 'NONE',  ( -0.000000000000000000, -0.000000000000000000, -1.000000000000000000 ) ) ;
#1513 = VERTEX_POINT ( 'NONE', #1378 ) ;
#1514 = ORIENTED_EDGE ( 'NONE', *, *, #3955, .F. ) ;
#1515 = VECTOR ( 'NONE', #3906, 999.9999999999998863 ) ;
#1516 = LINE ( 'NONE', #3259, #4479 ) ;
#1517 = ORIENTED_EDGE ( 'NONE', *, *, #2022, .F. ) ;
#1518 = LINE ( 'NONE', #4475, #1739 ) ;
#1519 = CARTESIAN_POINT ( 'NONE',  ( 217.3000000000000114, 121.4740000000000180, 0.000000000000000000 ) ) ;
#1520 = ORIENTED_EDGE ( 'NONE', *, *, #1410, .T. ) ;
#1521 = CARTESIAN_POINT ( 'NONE',  ( 324.8999999999999773, 1.223700000000000010, 5.000000000000000000 ) ) ;
#1522 = EDGE_CURVE ( 'NONE', #555, #5278, #4399, .T. ) ;
#1523 = DIRECTION ( 'NONE',  ( 0.7069470011042786606, 0.7072665251725598345, -0.000000000000000000 ) ) ;
#1524 = PLANE ( 'NONE',  #2821 ) ;
#1525 = DIRECTION ( 'NONE',  ( 0.4516045380685628219, -0.8922182138893377523, 0.000000000000000000 ) ) ;
#1526 = DIRECTION ( 'NONE',  ( 0.1537070062818597649, 0.9881164689548840308, 0.000000000000000000 ) ) ;
#1527 = CARTESIAN_POINT ( 'NONE',  ( 216.2719999999999914, 123.4890000000000043, 5.000000000000000000 ) ) ;
#1528 = EDGE_CURVE ( 'NONE', #4681, #1073, #5377, .T. ) ;
#1529 = ORIENTED_EDGE ( 'NONE', *, *, #926, .T. ) ;
#1530 = DIRECTION ( 'NONE',  ( 0.9880215842932849046, -0.1543157444027902780, 0.000000000000000000 ) ) ;
#1531 = ORIENTED_EDGE ( 'NONE', *, *, #4332, .F. ) ;
#1532 = VERTEX_POINT ( 'NONE', #4864 ) ;
#1533 = DIRECTION ( 'NONE',  ( 0.8913191698506576222, 0.4533763750535911297, 0.000000000000000000 ) ) ;
#1534 = EDGE_LOOP ( 'NONE', ( #4647, #2819, #2014, #856 ) ) ;
#1535 = VECTOR ( 'NONE', #5501, 1000.000000000000000 ) ;
#1536 = ORIENTED_EDGE ( 'NONE', *, *, #5620, .F. ) ;
#1537 = DIRECTION ( 'NONE',  ( -0.000000000000000000, -0.000000000000000000, -1.000000000000000000 ) ) ;
#1538 = CARTESIAN_POINT ( 'NONE',  ( 219.3160000000000025, 3.238389999999999880, 5.000000000000000000 ) ) ;
#1539 = VECTOR ( 'NONE', #1426, 1000.000000000000114 ) ;
#1540 = ORIENTED_EDGE ( 'NONE', *, *, #4062, .F. ) ;
#1541 = ORIENTED_EDGE ( 'NONE', *, *, #286, .F. ) ;
#1542 = VECTOR ( 'NONE', #5558, 1000.000000000000114 ) ;
#1543 = AXIS2_PLACEMENT_3D ( 'NONE', #1807, #3549, #5317 ) ;
#1544 = EDGE_CURVE ( 'NONE', #5188, #3716, #64, .T. ) ;
#1545 = ORIENTED_EDGE ( 'NONE', *, *, #2371, .T. ) ;
#1546 = DIRECTION ( 'NONE',  ( -0.9871616537672034397, -0.1597243542218899914, 0.000000000000000000 ) ) ;
#1547 = VECTOR ( 'NONE', #4559, 1000.000000000000000 ) ;
#1548 = LINE ( 'NONE', #5485, #4023 ) ;
#1549 = DIRECTION ( 'NONE',  ( -0.4567620255206142899, -0.8895889230663259761, 0.000000000000000000 ) ) ;
#1550 = ORIENTED_EDGE ( 'NONE', *, *, #875, .F. ) ;
#1551 = LINE ( 'NONE', #2467, #2698 ) ;
#1552 = ADVANCED_FACE ( 'NONE', ( #3122 ), #1405, .T. ) ;
#1553 = CARTESIAN_POINT ( 'NONE',  ( 316.8949999999999818, 110.4950000000000045, 5.000000000000000000 ) ) ;
#1554 = CARTESIAN_POINT ( 'NONE',  ( 326.9159999999999968, 123.4890000000000043, 0.000000000000000000 ) ) ;
#1555 = DIRECTION ( 'NONE',  ( -0.4532090333824307926, 0.8914042697118758074, 0.000000000000000000 ) ) ;
#1556 = DIRECTION ( 'NONE',  ( 0.1562712096204883216, -0.9877141838830447718, 0.000000000000000000 ) ) ;
#1557 = CARTESIAN_POINT ( 'NONE',  ( 108.5949999999999989, 122.9939999999999998, 5.000000000000000000 ) ) ;
#1558 = ORIENTED_EDGE ( 'NONE', *, *, #2146, .F. ) ;
#1559 = EDGE_CURVE ( 'NONE', #156, #1053, #895, .T. ) ;
#1560 = DIRECTION ( 'NONE',  ( -0.4532090333824307926, 0.8914042697118758074, 0.000000000000000000 ) ) ;
#1561 = ORIENTED_EDGE ( 'NONE', *, *, #136, .T. ) ;
#1562 = EDGE_LOOP ( 'NONE', ( #4576, #5361, #3181, #556 ) ) ;
#1563 = LINE ( 'NONE', #325, #411 ) ;
#1564 = VECTOR ( 'NONE', #223, 1000.000000000000114 ) ;
#1565 = VERTEX_POINT ( 'NONE', #5323 ) ;
#1566 = AXIS2_PLACEMENT_3D ( 'NONE', #5348, #439, #3585 ) ;
#1567 = ORIENTED_EDGE ( 'NONE', *, *, #4640, .T. ) ;
#1568 = LINE ( 'NONE', #5017, #1114 ) ;
#1569 = CARTESIAN_POINT ( 'NONE',  ( 326.6899999999999977, 122.0540000000000163, 5.000000000000000000 ) ) ;
#1570 = EDGE_CURVE ( 'NONE', #5513, #791, #4834, .T. ) ;
#1571 = ORIENTED_EDGE ( 'NONE', *, *, #4363, .T. ) ;
#1572 = ORIENTED_EDGE ( 'NONE', *, *, #2607, .T. ) ;
#1573 = VECTOR ( 'NONE', #5438, 1000.000000000000227 ) ;
#1574 = EDGE_LOOP ( 'NONE', ( #1479, #5569, #2176, #4022 ) ) ;
#1575 = PLANE ( 'NONE',  #1836 ) ;
#1576 = AXIS2_PLACEMENT_3D ( 'NONE', #60, #5636, #7 ) ;
#1577 = CARTESIAN_POINT ( 'NONE',  ( 1.072109999999999896, 122.5010000000000190, 5.000000000000000000 ) ) ;
#1578 = CARTESIAN_POINT ( 'NONE',  ( 216.5010000000000048, 123.9350000000000023, 0.000000000000000000 ) ) ;
#1579 = VERTEX_POINT ( 'NONE', #1845 ) ;
#1580 = LINE ( 'NONE', #5459, #2344 ) ;
#1581 = EDGE_CURVE ( 'NONE', #4109, #4059, #1786, .T. ) ;
#1582 = AXIS2_PLACEMENT_3D ( 'NONE', #924, #3502, #4369 ) ;
#1583 = CARTESIAN_POINT ( 'NONE',  ( 325.8890000000000668, 124.5169999999999959, 0.000000000000000000 ) ) ;
#1584 = ADVANCED_FACE ( 'NONE', ( #1871 ), #1008, .T. ) ;
#1585 = DIRECTION ( 'NONE',  ( -0.000000000000000000, -0.000000000000000000, -1.000000000000000000 ) ) ;
#1586 = CARTESIAN_POINT ( 'NONE',  ( 111.7950000000000017, 2.745049999999999990, 5.000000000000000000 ) ) ;
#1587 = CARTESIAN_POINT ( 'NONE',  ( 327.8960000000000150, 125.4939999999999998, 0.000000000000000000 ) ) ;
#1588 = PLANE ( 'NONE',  #5366 ) ;
#1589 = ORIENTED_EDGE ( 'NONE', *, *, #2916, .F. ) ;
#1590 = FACE_OUTER_BOUND ( 'NONE', #832, .T. ) ;
#1591 = DIRECTION ( 'NONE',  ( -0.1595459401863458804, 0.9871905049027036583, 0.000000000000000000 ) ) ;
#1592 = ORIENTED_EDGE ( 'NONE', *, *, #1856, .T. ) ;
#1593 = FACE_OUTER_BOUND ( 'NONE', #1773, .T. ) ;
#1594 = ORIENTED_EDGE ( 'NONE', *, *, #1368, .F. ) ;
#1595 = ADVANCED_FACE ( 'NONE', ( #4891 ), #5295, .T. ) ;
#1596 = ORIENTED_EDGE ( 'NONE', *, *, #4202, .F. ) ;
#1597 = EDGE_CURVE ( 'NONE', #1365, #2340, #4454, .T. ) ;
#1598 = LINE ( 'NONE', #2825, #106 ) ;
#1599 = CARTESIAN_POINT ( 'NONE',  ( 326.9959999999999809, 2.745049999999999990, 0.000000000000000000 ) ) ;
#1600 = VERTEX_POINT ( 'NONE', #517 ) ;
#1601 = ORIENTED_EDGE ( 'NONE', *, *, #2239, .T. ) ;
#1602 = EDGE_CURVE ( 'NONE', #3363, #4227, #2723, .T. ) ;
#1603 = EDGE_LOOP ( 'NONE', ( #278, #4964, #774, #5329 ) ) ;
#1604 = LINE ( 'NONE', #2405, #4776 ) ;
#1605 = DIRECTION ( 'NONE',  ( -0.7069569863009588229, 0.7072565443460143708, 0.000000000000000000 ) ) ;
#1606 = DIRECTION ( 'NONE',  ( 0.8922101619186268984, 0.4516204456943215262, 0.000000000000000000 ) ) ;
#1607 = VECTOR ( 'NONE', #5112, 1000.000000000000114 ) ;
#1608 = ORIENTED_EDGE ( 'NONE', *, *, #1273, .T. ) ;
#1609 = PLANE ( 'NONE',  #2893 ) ;
#1610 = ORIENTED_EDGE ( 'NONE', *, *, #2750, .T. ) ;
#1611 = VECTOR ( 'NONE', #3876, 1000.000000000000114 ) ;
#1612 = ADVANCED_FACE ( 'NONE', ( #3099 ), #5265, .T. ) ;
#1613 = FACE_BOUND ( 'NONE', #3866, .T. ) ;
#1614 = DIRECTION ( 'NONE',  ( -0.8913191698506689464, -0.4533763750535688142, 0.000000000000000000 ) ) ;
#1615 = EDGE_CURVE ( 'NONE', #2151, #4345, #548, .T. ) ;
#1616 = DIRECTION ( 'NONE',  ( -0.1600690508825686753, 0.9871058195297774951, 0.000000000000000000 ) ) ;
#1617 = LINE ( 'NONE', #4724, #746 ) ;
#1618 = LINE ( 'NONE', #3014, #2546 ) ;
#1619 = VERTEX_POINT ( 'NONE', #2301 ) ;
#1620 = CARTESIAN_POINT ( 'NONE',  ( 216.8549999999999898, 1.451070000000000082, 0.000000000000000000 ) ) ;
#1621 = ORIENTED_EDGE ( 'NONE', *, *, #776, .F. ) ;
#1622 = CARTESIAN_POINT ( 'NONE',  ( 1.072109999999999896, 3.238389999999999880, 5.000000000000000000 ) ) ;
#1623 = ORIENTED_EDGE ( 'NONE', *, *, #1615, .F. ) ;
#1624 = PLANE ( 'NONE',  #4006 ) ;
#1625 = LINE ( 'NONE', #5046, #2627 ) ;
#1626 = EDGE_LOOP ( 'NONE', ( #4715, #4174, #1206, #2225 ) ) ;
#1627 = AXIS2_PLACEMENT_3D ( 'NONE', #2227, #1799, #5653 ) ;
#1628 = VERTEX_POINT ( 'NONE', #1322 ) ;
#1629 = ADVANCED_FACE ( 'NONE', ( #120 ), #3610, .T. ) ;
#1630 = EDGE_CURVE ( 'NONE', #4990, #656, #2783, .T. ) ;
#1631 = ORIENTED_EDGE ( 'NONE', *, *, #2207, .T. ) ;
#1632 = CARTESIAN_POINT ( 'NONE',  ( 109.2540000000000049, 4.039019999999999833, 5.000000000000000000 ) ) ;
#1633 = VECTOR ( 'NONE', #359, 1000.000000000000000 ) ;
#1634 = ADVANCED_FACE ( 'NONE', ( #1936 ), #1095, .T. ) ;
#1635 = CARTESIAN_POINT ( 'NONE',  ( 3.888809999999999878, 3.684870000000000090, 0.000000000000000000 ) ) ;
#1636 = AXIS2_PLACEMENT_3D ( 'NONE', #2509, #5617, #4260 ) ;
#1637 = DIRECTION ( 'NONE',  ( 0.1573322594823948206, -0.9875457255875113027, 0.000000000000000000 ) ) ;
#1638 = VERTEX_POINT ( 'NONE', #4603 ) ;
#1639 = LINE ( 'NONE', #3380, #145 ) ;
#1640 = VECTOR ( 'NONE', #2553, 1000.000000000000114 ) ;
#1641 = VECTOR ( 'NONE', #635, 1000.000000000000000 ) ;
#1642 = ORIENTED_EDGE ( 'NONE', *, *, #5500, .F. ) ;
#1643 = AXIS2_PLACEMENT_3D ( 'NONE', #146, #2240, #4424 ) ;
#1644 = FACE_BOUND ( 'NONE', #4349, .T. ) ;
#1645 = LINE ( 'NONE', #3384, #3196 ) ;
#1646 = EDGE_CURVE ( 'NONE', #2332, #3805, #5523, .T. ) ;
#1647 = LINE ( 'NONE', #4187, #3151 ) ;
#1648 = ORIENTED_EDGE ( 'NONE', *, *, #5494, .F. ) ;
#1649 = DIRECTION ( 'NONE',  ( -0.1543157444027902780, -0.9880215842932849046, 0.000000000000000000 ) ) ;
#1650 = CARTESIAN_POINT ( 'NONE',  ( 1.072109999999999896, 123.4890000000000043, 5.000000000000000000 ) ) ;
#1651 = CARTESIAN_POINT ( 'NONE',  ( 325.3960000000000150, 4.344949999999999868, 5.000000000000000000 ) ) ;
#1652 = ORIENTED_EDGE ( 'NONE', *, *, #2146, .T. ) ;
#1653 = DIRECTION ( 'NONE',  ( -0.8911057429423657750, -0.4537957193442159198, 0.000000000000000000 ) ) ;
#1654 = DIRECTION ( 'NONE',  ( -0.1572265105709937383, -0.9875625673210124411, 0.000000000000000000 ) ) ;
#1655 = EDGE_CURVE ( 'NONE', #3084, #2569, #2754, .T. ) ;
#1656 = VERTEX_POINT ( 'NONE', #5034 ) ;
#1657 = AXIS2_PLACEMENT_3D ( 'NONE', #4207, #4994, #1546 ) ;
#1658 = DIRECTION ( 'NONE',  ( -0.000000000000000000, -0.000000000000000000, -1.000000000000000000 ) ) ;
#1659 = EDGE_CURVE ( 'NONE', #1906, #3021, #1904, .T. ) ;
#1660 = ORIENTED_EDGE ( 'NONE', *, *, #4396, .F. ) ;
#1661 = ORIENTED_EDGE ( 'NONE', *, *, #3797, .T. ) ;
#1662 = ORIENTED_EDGE ( 'NONE', *, *, #5643, .T. ) ;
#1663 = DIRECTION ( 'NONE',  ( 0.7062587228899639413, -0.7079538235943337865, 0.000000000000000000 ) ) ;
#1664 = DIRECTION ( 'NONE',  ( -0.4547933146790936743, -0.8905970137627921002, 0.000000000000000000 ) ) ;
#1665 = DIRECTION ( 'NONE',  ( -0.000000000000000000, -0.000000000000000000, -1.000000000000000000 ) ) ;
#1666 = AXIS2_PLACEMENT_3D ( 'NONE', #5638, #1213, #2079 ) ;
#1667 = ORIENTED_EDGE ( 'NONE', *, *, #3183, .F. ) ;
#1668 = DIRECTION ( 'NONE',  ( -0.000000000000000000, -0.000000000000000000, -1.000000000000000000 ) ) ;
#1669 = EDGE_CURVE ( 'NONE', #1924, #876, #2389, .T. ) ;
#1670 = ORIENTED_EDGE ( 'NONE', *, *, #4531, .F. ) ;
#1671 = CARTESIAN_POINT ( 'NONE',  ( 3.534660000000000135, 1.451070000000000082, 0.000000000000000000 ) ) ;
#1672 = DIRECTION ( 'NONE',  ( 0.1572637512810249605, 0.9875566376330118246, 0.000000000000000000 ) ) ;
#1673 = CARTESIAN_POINT ( 'NONE',  ( 218.2889999999999873, 124.5169999999999959, 5.000000000000000000 ) ) ;
#1674 = VECTOR ( 'NONE', #2216, 1000.000000000000114 ) ;
#1675 = LINE ( 'NONE', #3414, #4377 ) ;
#1676 = CARTESIAN_POINT ( 'NONE',  ( 219.3160000000000025, 3.238389999999999880, 0.000000000000000000 ) ) ;
#1677 = CARTESIAN_POINT ( 'NONE',  ( 0.000000000000000000, 0.000000000000000000, 5.000000000000000000 ) ) ;
#1678 = ORIENTED_EDGE ( 'NONE', *, *, #2933, .T. ) ;
#1679 = PLANE ( 'NONE',  #4259 ) ;
#1680 = LINE ( 'NONE', #3418, #371 ) ;
#1681 = LINE ( 'NONE', #2565, #985 ) ;
#1682 = DIRECTION ( 'NONE',  ( -0.000000000000000000, -0.000000000000000000, -1.000000000000000000 ) ) ;
#1683 = EDGE_CURVE ( 'NONE', #5278, #4853, #3759, .T. ) ;
#1684 = EDGE_LOOP ( 'NONE', ( #5381, #2742, #3163, #768 ) ) ;
#1685 = ORIENTED_EDGE ( 'NONE', *, *, #2785, .T. ) ;
#1686 = ORIENTED_EDGE ( 'NONE', *, *, #1407, .F. ) ;
#1687 = CARTESIAN_POINT ( 'NONE',  ( 109.7000000000000028, 4.265010000000000190, 0.000000000000000000 ) ) ;
#1688 = CARTESIAN_POINT ( 'NONE',  ( 216.1949999999999932, 2.745049999999999990, 5.000000000000000000 ) ) ;
#1689 = ORIENTED_EDGE ( 'NONE', *, *, #2650, .T. ) ;
#1690 = CARTESIAN_POINT ( 'NONE',  ( 3.534660000000000135, 1.451070000000000082, 5.000000000000000000 ) ) ;
#1691 = ORIENTED_EDGE ( 'NONE', *, *, #4246, .F. ) ;
#1692 = ORIENTED_EDGE ( 'NONE', *, *, #3653, .T. ) ;
#1693 = VECTOR ( 'NONE', #1158, 1000.000000000000114 ) ;
#1694 = LINE ( 'NONE', #3437, #3091 ) ;
#1695 = CARTESIAN_POINT ( 'NONE',  ( 217.7949999999999875, 121.3940000000000055, 5.000000000000000000 ) ) ;
#1696 = DIRECTION ( 'NONE',  ( -0.9880691672626490396, 0.1540107811320215736, 0.000000000000000000 ) ) ;
#1697 = EDGE_CURVE ( 'NONE', #5451, #3429, #5439, .T. ) ;
#1698 = AXIS2_PLACEMENT_3D ( 'NONE', #3930, #3870, #1725 ) ;
#1699 = LINE ( 'NONE', #891, #4789 ) ;
#1700 = LINE ( 'NONE', #3012, #5206 ) ;
#1701 = EDGE_CURVE ( 'NONE', #2198, #3287, #2811, .T. ) ;
#1702 = SECURITY_CLASSIFICATION ( '', '', #4441 ) ;
#1703 = CARTESIAN_POINT ( 'NONE',  ( 324.1010000000000559, 1.803850000000000176, 0.000000000000000000 ) ) ;
#1704 = DIRECTION ( 'NONE',  ( 0.7071067811865335839, 0.7071067811865613395, 0.000000000000000000 ) ) ;
#1705 = ORIENTED_EDGE ( 'NONE', *, *, #2417, .T. ) ;
#1706 = CARTESIAN_POINT ( 'NONE',  ( 217.7949999999999875, 124.5940000000000083, 0.000000000000000000 ) ) ;
#1707 = DIRECTION ( 'NONE',  ( 0.4527259285258880550, 0.8916497258679400018, 0.000000000000000000 ) ) ;
#1708 = FACE_OUTER_BOUND ( 'NONE', #4469, .T. ) ;
#1709 = ORIENTED_EDGE ( 'NONE', *, *, #2800, .F. ) ;
#1710 = EDGE_CURVE ( 'NONE', #301, #4700, #149, .T. ) ;
#1711 = ORIENTED_EDGE ( 'NONE', *, *, #4147, .T. ) ;
#1712 = ORIENTED_EDGE ( 'NONE', *, *, #4579, .F. ) ;
#1713 = LINE ( 'NONE', #335, #3393 ) ;
#1714 = LINE ( 'NONE', #5224, #3165 ) ;
#1715 = EDGE_LOOP ( 'NONE', ( #399, #4160, #449, #1485 ) ) ;
#1716 = PLANE ( 'NONE',  #2514 ) ;
#1717 = ORIENTED_EDGE ( 'NONE', *, *, #2489, .F. ) ;
#1718 = PLANE ( 'NONE',  #5010 ) ;
#1719 = EDGE_CURVE ( 'NONE', #253, #2377, #1040, .T. ) ;
#1720 = VECTOR ( 'NONE', #1658, 1000.000000000000000 ) ;
#1721 = CARTESIAN_POINT ( 'NONE',  ( 111.1350000000000051, 1.451070000000000082, 0.000000000000000000 ) ) ;
#1722 = VECTOR ( 'NONE', #2107, 1000.000000000000000 ) ;
#1723 = DIRECTION ( 'NONE',  ( -0.000000000000000000, -0.000000000000000000, -1.000000000000000000 ) ) ;
#1724 = EDGE_CURVE ( 'NONE', #3256, #3453, #691, .T. ) ;
#1725 = DIRECTION ( 'NONE',  ( 0.7069569863009864674, -0.7072565443459868373, 0.000000000000000000 ) ) ;
#1726 = VECTOR ( 'NONE', #95, 1000.000000000000000 ) ;
#1727 = VECTOR ( 'NONE', #2411, 1000.000000000000000 ) ;
#1728 = CARTESIAN_POINT ( 'NONE',  ( 217.7949999999999875, 124.5939999999999941, 5.000000000000000000 ) ) ;
#1729 = LINE ( 'NONE', #3901, #5672 ) ;
#1730 = DIRECTION ( 'NONE',  ( 0.9872411207126464694, -0.1592324388246248446, 0.000000000000000000 ) ) ;
#1731 = DIRECTION ( 'NONE',  ( 0.7083262900088421743, 0.7058851655066208375, 0.000000000000000000 ) ) ;
#1732 = ORIENTED_EDGE ( 'NONE', *, *, #3618, .F. ) ;
#1733 = CARTESIAN_POINT ( 'NONE',  ( 326.9159999999999968, 122.5010000000000190, 5.000000000000000000 ) ) ;
#1734 = EDGE_CURVE ( 'NONE', #3308, #1046, #5465, .T. ) ;
#1735 = DIRECTION ( 'NONE',  ( -0.4520549723629646577, 0.8919900795199009469, 0.000000000000000000 ) ) ;
#1736 = CARTESIAN_POINT ( 'NONE',  ( 323.8730000000000473, 3.238389999999999880, 0.000000000000000000 ) ) ;
#1737 = VERTEX_POINT ( 'NONE', #1587 ) ;
#1738 = ORIENTED_EDGE ( 'NONE', *, *, #4552, .F. ) ;
#1739 = VECTOR ( 'NONE', #5341, 1000.000000000000227 ) ;
#1740 = ORIENTED_EDGE ( 'NONE', *, *, #40, .F. ) ;
#1741 = FACE_OUTER_BOUND ( 'NONE', #5260, .T. ) ;
#1742 = EDGE_CURVE ( 'NONE', #706, #280, #5496, .T. ) ;
#1743 = LINE ( 'NONE', #3486, #2186 ) ;
#1744 = VERTEX_POINT ( 'NONE', #3327 ) ;
#1745 = PLANE ( 'NONE',  #1411 ) ;
#1746 = ORIENTED_EDGE ( 'NONE', *, *, #2916, .T. ) ;
#1747 = FACE_OUTER_BOUND ( 'NONE', #2737, .T. ) ;
#1748 = VERTEX_POINT ( 'NONE', #3209 ) ;
#1749 = VECTOR ( 'NONE', #4398, 1000.000000000000000 ) ;
#1750 = CARTESIAN_POINT ( 'NONE',  ( 326.6899999999999977, 122.0540000000000163, 5.000000000000000000 ) ) ;
#1751 = ADVANCED_FACE ( 'NONE', ( #4979 ), #2981, .T. ) ;
#1752 = FACE_OUTER_BOUND ( 'NONE', #1715, .T. ) ;
#1753 = AXIS2_PLACEMENT_3D ( 'NONE', #3178, #4946, #1007 ) ;
#1754 = EDGE_CURVE ( 'NONE', #619, #156, #4720, .T. ) ;
#1755 = FACE_OUTER_BOUND ( 'NONE', #10, .T. ) ;
#1756 = PLANE ( 'NONE',  #1260 ) ;
#1757 = VECTOR ( 'NONE', #2158, 1000.000000000000114 ) ;
#1758 = CARTESIAN_POINT ( 'NONE',  ( 216.8549999999999898, 121.7000000000000028, 5.000000000000000000 ) ) ;
#1759 = CARTESIAN_POINT ( 'NONE',  ( 324.8999999999999773, 1.223700000000000010, 5.000000000000000000 ) ) ;
#1760 = EDGE_LOOP ( 'NONE', ( #3156, #324, #3770, #1880 ) ) ;
#1761 = DIRECTION ( 'NONE',  ( -0.4527259285258880550, -0.8916497258679400018, 0.000000000000000000 ) ) ;
#1762 = VECTOR ( 'NONE', #37, 1000.000000000000114 ) ;
#1763 = DIRECTION ( 'NONE',  ( 0.000000000000000000, 0.000000000000000000, 1.000000000000000000 ) ) ;
#1764 = ORIENTED_EDGE ( 'NONE', *, *, #1174, .F. ) ;
#1765 = ADVANCED_FACE ( 'NONE', ( #836 ), #1183, .T. ) ;
#1766 = ORIENTED_EDGE ( 'NONE', *, *, #400, .T. ) ;
#1767 = EDGE_CURVE ( 'NONE', #5365, #3110, #2901, .T. ) ;
#1768 = ADVANCED_FACE ( 'NONE', ( #4747 ), #2555, .T. ) ;
#1769 = ORIENTED_EDGE ( 'NONE', *, *, #5007, .F. ) ;
#1770 = CARTESIAN_POINT ( 'NONE',  ( 2.594850000000000101, 124.5939999999999941, 0.000000000000000000 ) ) ;
#1771 = LINE ( 'NONE', #3511, #5491 ) ;
#1772 = EDGE_LOOP ( 'NONE', ( #1323, #1330, #307, #2757 ) ) ;
#1773 = EDGE_LOOP ( 'NONE', ( #4353, #3888, #1126, #1442 ) ) ;
#1774 = DIRECTION ( 'NONE',  ( 0.7071167641288979011, 0.7070967981032558747, 0.000000000000000000 ) ) ;
#1775 = EDGE_CURVE ( 'NONE', #1418, #2498, #2154, .T. ) ;
#1776 = ORIENTED_EDGE ( 'NONE', *, *, #328, .F. ) ;
#1777 = LINE ( 'NONE', #3491, #5287 ) ;
#1778 = ORIENTED_EDGE ( 'NONE', *, *, #3107, .T. ) ;
#1779 = DIRECTION ( 'NONE',  ( -0.000000000000000000, -0.000000000000000000, -1.000000000000000000 ) ) ;
#1780 = DIRECTION ( 'NONE',  ( 0.7069470011042786606, -0.7072665251725598345, 0.000000000000000000 ) ) ;
#1781 = VECTOR ( 'NONE', #5627, 1000.000000000000114 ) ;
#1782 = DIRECTION ( 'NONE',  ( 0.9871905049027079881, -0.1595459401863189020, 0.000000000000000000 ) ) ;
#1783 = CARTESIAN_POINT ( 'NONE',  ( 109.2540000000000049, 124.2890000000000157, 0.000000000000000000 ) ) ;
#1784 = DIRECTION ( 'NONE',  ( -0.4511861774294056993, -0.8924298478293074544, 0.000000000000000000 ) ) ;
#1785 = DIRECTION ( 'NONE',  ( -0.1601766119933220600, 0.9870883714087309579, 0.000000000000000000 ) ) ;
#1786 = LINE ( 'NONE', #3529, #1119 ) ;
#1787 = ORIENTED_EDGE ( 'NONE', *, *, #5605, .T. ) ;
#1788 = DIRECTION ( 'NONE',  ( -0.9870883714087258509, 0.1601766119933535626, 0.000000000000000000 ) ) ;
#1789 = AXIS2_PLACEMENT_3D ( 'NONE', #745, #3665, #4243 ) ;
#1790 = EDGE_CURVE ( 'NONE', #2125, #5315, #291, .T. ) ;
#1791 = VECTOR ( 'NONE', #4808, 1000.000000000000000 ) ;
#1792 = DIRECTION ( 'NONE',  ( -0.8920142723425347198, -0.4520072321735773557, 0.000000000000000000 ) ) ;
#1793 = CARTESIAN_POINT ( 'NONE',  ( 110.6880000000000024, 124.5169999999999959, 0.000000000000000000 ) ) ;
#1794 = EDGE_LOOP ( 'NONE', ( #824, #4962, #4840, #2798 ) ) ;
#1795 = ORIENTED_EDGE ( 'NONE', *, *, #4130, .F. ) ;
#1796 = VECTOR ( 'NONE', #5284, 1000.000000000000000 ) ;
#1797 = ORIENTED_EDGE ( 'NONE', *, *, #4870, .T. ) ;
#1798 = DIRECTION ( 'NONE',  ( -0.000000000000000000, -0.000000000000000000, -1.000000000000000000 ) ) ;
#1799 = DIRECTION ( 'NONE',  ( -0.9874031093311901319, 0.1582248390206102417, 0.000000000000000000 ) ) ;
#1800 = ORIENTED_EDGE ( 'NONE', *, *, #3031, .F. ) ;
#1801 = ORIENTED_EDGE ( 'NONE', *, *, #4974, .F. ) ;
#1802 = CARTESIAN_POINT ( 'NONE',  ( 219.3160000000000025, 3.238389999999999880, 5.000000000000000000 ) ) ;
#1803 = EDGE_LOOP ( 'NONE', ( #2548, #3367, #97, #3905 ) ) ;
#1804 = DATE_AND_TIME ( #915, #694 ) ;
#1805 = ORIENTED_EDGE ( 'NONE', *, *, #5635, .F. ) ;
#1806 = EDGE_CURVE ( 'NONE', #1046, #4825, #2930, .T. ) ;
#1807 = CARTESIAN_POINT ( 'NONE',  ( 216.2719999999999914, 3.238389999999999880, 5.000000000000000000 ) ) ;
#1808 = CARTESIAN_POINT ( 'NONE',  ( 2.594850000000000101, 124.5939999999999941, 5.000000000000000000 ) ) ;
#1809 = VECTOR ( 'NONE', #5646, 1000.000000000000000 ) ;
#1810 = EDGE_CURVE ( 'NONE', #795, #1487, #724, .T. ) ;
#1811 = CARTESIAN_POINT ( 'NONE',  ( 111.1350000000000051, 4.039019999999999833, 0.000000000000000000 ) ) ;
#1812 = DIRECTION ( 'NONE',  ( -0.7071067811865474617, 0.7071067811865474617, 0.000000000000000000 ) ) ;
#1813 = CARTESIAN_POINT ( 'NONE',  ( 108.6720000000000113, 123.4890000000000043, 0.000000000000000000 ) ) ;
#1814 = CARTESIAN_POINT ( 'NONE',  ( 1.299490000000000256, 1.803850000000000176, 0.000000000000000000 ) ) ;
#1815 = LINE ( 'NONE', #2591, #3890 ) ;
#1816 = AXIS2_PLACEMENT_3D ( 'NONE', #1375, #974, #4014 ) ;
#1817 = VECTOR ( 'NONE', #5000, 1000.000000000000114 ) ;
#1818 = DIRECTION ( 'NONE',  ( -0.8924298478292961301, 0.4511861774294280147, 0.000000000000000000 ) ) ;
#1819 = CARTESIAN_POINT ( 'NONE',  ( 2.100130000000000052, 1.223700000000000010, 0.000000000000000000 ) ) ;
#1820 = VERTEX_POINT ( 'NONE', #3474 ) ;
#1821 = ADVANCED_FACE ( 'NONE', ( #2936, #2162, #1297, #1242, #2109, #2986, #4699, #4725, #4752, #5613 ), #816, .F. ) ;
#1822 = ORIENTED_EDGE ( 'NONE', *, *, #1051, .T. ) ;
#1823 = VERTEX_POINT ( 'NONE', #323 ) ;
#1824 = CARTESIAN_POINT ( 'NONE',  ( 108.5949999999999989, 2.745049999999999990, 5.000000000000000000 ) ) ;
#1825 = EDGE_CURVE ( 'NONE', #3408, #4681, #4806, .T. ) ;
#1826 = CARTESIAN_POINT ( 'NONE',  ( 110.6880000000000024, 4.265010000000000190, 5.000000000000000000 ) ) ;
#1827 = ORIENTED_EDGE ( 'NONE', *, *, #2156, .T. ) ;
#1828 = ORIENTED_EDGE ( 'NONE', *, *, #265, .T. ) ;
#1829 = CARTESIAN_POINT ( 'NONE',  ( 219.3950000000000102, 2.745049999999999990, 0.000000000000000000 ) ) ;
#1830 = EDGE_LOOP ( 'NONE', ( #3991, #1536, #731, #4673 ) ) ;
#1831 = SHAPE_DEFINITION_REPRESENTATION ( #890, #1480 ) ;
#1832 = CARTESIAN_POINT ( 'NONE',  ( 325.8890000000000100, 4.265010000000006407, 5.000000000000000000 ) ) ;
#1833 = ORIENTED_EDGE ( 'NONE', *, *, #3886, .F. ) ;
#1834 = DIRECTION ( 'NONE',  ( -0.7071067811865059394, -0.7071067811865890951, 0.000000000000000000 ) ) ;
#1835 = CARTESIAN_POINT ( 'NONE',  ( 109.2540000000000049, 121.7000000000000028, 5.000000000000000000 ) ) ;
#1836 = AXIS2_PLACEMENT_3D ( 'NONE', #5109, #2010, #1954 ) ;
#1837 = LINE ( 'NONE', #5318, #1420 ) ;
#1838 = ADVANCED_FACE ( 'NONE', ( #4781 ), #4312, .T. ) ;
#1839 = VECTOR ( 'NONE', #4791, 1000.000000000000227 ) ;
#1840 = ADVANCED_FACE ( 'NONE', ( #2560 ), #5180, .T. ) ;
#1841 = VECTOR ( 'NONE', #4672, 1000.000000000000114 ) ;
#1842 = CARTESIAN_POINT ( 'NONE',  ( 111.7159999999999940, 3.238389999999999880, 0.000000000000000000 ) ) ;
#1843 = LINE ( 'NONE', #5321, #2004 ) ;
#1844 = CARTESIAN_POINT ( 'NONE',  ( 326.6899999999999977, 1.803850000000000176, 5.000000000000000000 ) ) ;
#1845 = CARTESIAN_POINT ( 'NONE',  ( 4.194740000000000357, 122.9939999999999998, 5.000000000000000000 ) ) ;
#1846 = LINE ( 'NONE', #5349, #4635 ) ;
#1847 = VECTOR ( 'NONE', #4543, 1000.000000000000114 ) ;
#1848 = VECTOR ( 'NONE', #1293, 1000.000000000000114 ) ;
#1849 = CARTESIAN_POINT ( 'NONE',  ( 326.3360000000000127, 4.039019999999999833, 0.000000000000000000 ) ) ;
#1850 = LINE ( 'NONE', #3127, #3997 ) ;
#1851 = ORIENTED_EDGE ( 'NONE', *, *, #2502, .F. ) ;
#1852 = ORIENTED_EDGE ( 'NONE', *, *, #2106, .F. ) ;
#1853 = VECTOR ( 'NONE', #2270, 1000.000000000000114 ) ;
#1854 = EDGE_CURVE ( 'NONE', #961, #619, #2136, .T. ) ;
#1855 = ORIENTED_EDGE ( 'NONE', *, *, #4801, .F. ) ;
#1856 = EDGE_CURVE ( 'NONE', #127, #2151, #298, .T. ) ;
#1857 = CARTESIAN_POINT ( 'NONE',  ( 326.9159999999999968, 2.248959999999999848, 5.000000000000000000 ) ) ;
#1858 = CARTESIAN_POINT ( 'NONE',  ( 110.1950000000000074, 121.3940000000000055, 5.000000000000000000 ) ) ;
#1859 = ORIENTED_EDGE ( 'NONE', *, *, #3621, .F. ) ;
#1860 = ORIENTED_EDGE ( 'NONE', *, *, #3255, .T. ) ;
#1861 = CARTESIAN_POINT ( 'NONE',  ( 316.8949999999999818, 110.4950000000000045, 0.000000000000000000 ) ) ;
#1862 = ORIENTED_EDGE ( 'NONE', *, *, #858, .T. ) ;
#1863 = EDGE_CURVE ( 'NONE', #5526, #4229, #5209, .T. ) ;
#1864 = ORIENTED_EDGE ( 'NONE', *, *, #967, .T. ) ;
#1865 = DIRECTION ( 'NONE',  ( -0.9872218978213479490, -0.1593515750220751703, 0.000000000000000000 ) ) ;
#1866 = DIRECTION ( 'NONE',  ( -0.7071067811865059394, 0.7071067811865890951, 0.000000000000000000 ) ) ;
#1867 = LINE ( 'NONE', #4097, #2529 ) ;
#1868 = DIRECTION ( 'NONE',  ( -0.1537070062818597926, -0.9881164689548841418, 0.000000000000000000 ) ) ;
#1869 = PLANE ( 'NONE',  #5030 ) ;
#1870 = FACE_OUTER_BOUND ( 'NONE', #417, .T. ) ;
#1871 = FACE_OUTER_BOUND ( 'NONE', #2071, .T. ) ;
#1872 = DIRECTION ( 'NONE',  ( -0.000000000000000000, -0.000000000000000000, -1.000000000000000000 ) ) ;
#1873 = EDGE_CURVE ( 'NONE', #2999, #3275, #845, .T. ) ;
#1874 = ORIENTED_EDGE ( 'NONE', *, *, #415, .F. ) ;
#1875 = EDGE_CURVE ( 'NONE', #1513, #4176, #2589, .T. ) ;
#1876 = CARTESIAN_POINT ( 'NONE',  ( 12.09370000000000012, 110.4950000000000045, 0.000000000000000000 ) ) ;
#1877 = CARTESIAN_POINT ( 'NONE',  ( 219.0900000000000034, 122.0540000000000163, 5.000000000000000000 ) ) ;
#1878 = VECTOR ( 'NONE', #4878, 1000.000000000000000 ) ;
#1879 = ORIENTED_EDGE ( 'NONE', *, *, #5110, .F. ) ;
#1880 = ORIENTED_EDGE ( 'NONE', *, *, #3142, .T. ) ;
#1881 = AXIS2_PLACEMENT_3D ( 'NONE', #410, #1244, #1761 ) ;
#1882 = EDGE_LOOP ( 'NONE', ( #3051, #1874, #592, #3682 ) ) ;
#1883 = DIRECTION ( 'NONE',  ( 0.8903987221554817699, 0.4551814095323809539, 0.000000000000000000 ) ) ;
#1884 = DIRECTION ( 'NONE',  ( 0.000000000000000000, -1.000000000000000000, 0.000000000000000000 ) ) ;
#1885 = EDGE_CURVE ( 'NONE', #3052, #3005, #1618, .T. ) ;
#1886 = ORIENTED_EDGE ( 'NONE', *, *, #3902, .F. ) ;
#1887 = ORIENTED_EDGE ( 'NONE', *, *, #5600, .T. ) ;
#1888 = VECTOR ( 'NONE', #2715, 1000.000000000000227 ) ;
#1889 = VERTEX_POINT ( 'NONE', #4282 ) ;
#1890 = LINE ( 'NONE', #1486, #1266 ) ;
#1891 = ORIENTED_EDGE ( 'NONE', *, *, #2621, .F. ) ;
#1892 = DIRECTION ( 'NONE',  ( -0.8916172162396354128, 0.4527899509762592922, 0.000000000000000000 ) ) ;
#1893 = LINE ( 'NONE', #917, #3278 ) ;
#1894 = EDGE_LOOP ( 'NONE', ( #5136, #3777, #1024, #4114 ) ) ;
#1895 = DIRECTION ( 'NONE',  ( 0.1590103127589195808, 0.9872769218594702467, 0.000000000000000000 ) ) ;
#1896 = EDGE_CURVE ( 'NONE', #4370, #2524, #2053, .T. ) ;
#1897 = LINE ( 'NONE', #4509, #1641 ) ;
#1898 = DIRECTION ( 'NONE',  ( 0.4528148944300691148, 0.8916045487671568903, -0.000000000000000000 ) ) ;
#1899 = LINE ( 'NONE', #88, #3182 ) ;
#1900 = ADVANCED_FACE ( 'NONE', ( #408 ), #4253, .T. ) ;
#1901 = VECTOR ( 'NONE', #3254, 1000.000000000000114 ) ;
#1902 = CARTESIAN_POINT ( 'NONE',  ( 218.2889999999999873, 124.5169999999999959, 5.000000000000000000 ) ) ;
#1903 = LINE ( 'NONE', #5091, #3949 ) ;
#1904 = LINE ( 'NONE', #666, #3314 ) ;
#1905 = DIRECTION ( 'NONE',  ( -0.000000000000000000, -0.000000000000000000, -1.000000000000000000 ) ) ;
#1906 = VERTEX_POINT ( 'NONE', #3791 ) ;
#1907 = AXIS2_PLACEMENT_3D ( 'NONE', #3910, #3102, #5270 ) ;
#1908 = FACE_OUTER_BOUND ( 'NONE', #2536, .T. ) ;
#1909 = LINE ( 'NONE', #1072, #807 ) ;
#1910 = ORIENTED_EDGE ( 'NONE', *, *, #851, .F. ) ;
#1911 = AXIS2_PLACEMENT_3D ( 'NONE', #3295, #4215, #4132 ) ;
#1912 = ORIENTED_EDGE ( 'NONE', *, *, #1951, .F. ) ;
#1913 = EDGE_CURVE ( 'NONE', #3974, #2907, #3845, .T. ) ;
#1914 = AXIS2_PLACEMENT_3D ( 'NONE', #1408, #3153, #4049 ) ;
#1915 = ORIENTED_EDGE ( 'NONE', *, *, #1121, .F. ) ;
#1916 = LINE ( 'NONE', #3655, #201 ) ;
#1917 = VECTOR ( 'NONE', #5357, 1000.000000000000000 ) ;
#1918 = LINE ( 'NONE', #4556, #4373 ) ;
#1919 = VERTEX_POINT ( 'NONE', #3799 ) ;
#1920 = ORIENTED_EDGE ( 'NONE', *, *, #5358, .T. ) ;
#1921 = DATE_AND_TIME ( #2686, #5372 ) ;
#1922 = CARTESIAN_POINT ( 'NONE',  ( 2.100130000000000052, 121.4740000000000180, 5.000000000000000000 ) ) ;
#1923 = ADVANCED_FACE ( 'NONE', ( #2113 ), #1624, .T. ) ;
#1924 = VERTEX_POINT ( 'NONE', #3420 ) ;
#1925 = DIRECTION ( 'NONE',  ( -0.1561661380789901576, -0.9877308020495735308, 0.000000000000000000 ) ) ;
#1926 = FACE_OUTER_BOUND ( 'NONE', #4082, .T. ) ;
#1927 = ORIENTED_EDGE ( 'NONE', *, *, #4957, .T. ) ;
#1928 = DIRECTION ( 'NONE',  ( -0.1600400487418979500, 0.9871105220788050083, 0.000000000000000000 ) ) ;
#1929 = CARTESIAN_POINT ( 'NONE',  ( 326.9159999999999968, 2.248959999999999848, 0.000000000000000000 ) ) ;
#1930 = LINE ( 'NONE', #5344, #1004 ) ;
#1931 = AXIS2_PLACEMENT_3D ( 'NONE', #4129, #1898, #3671 ) ;
#1932 = EDGE_CURVE ( 'NONE', #5513, #2251, #3368, .T. ) ;
#1933 = FACE_OUTER_BOUND ( 'NONE', #3425, .T. ) ;
#1934 = CARTESIAN_POINT ( 'NONE',  ( 109.2540000000000049, 4.039019999999999833, 0.000000000000000000 ) ) ;
#1935 = CARTESIAN_POINT ( 'NONE',  ( 111.4890000000000043, 1.803850000000000176, 5.000000000000000000 ) ) ;
#1936 = FACE_OUTER_BOUND ( 'NONE', #1534, .T. ) ;
#1937 = FACE_OUTER_BOUND ( 'NONE', #1022, .T. ) ;
#1938 = VERTEX_POINT ( 'NONE', #2964 ) ;
#1939 = DIRECTION ( 'NONE',  ( 0.1598740818379245643, -0.9871374159439406659, 0.000000000000000000 ) ) ;
#1940 = VECTOR ( 'NONE', #438, 1000.000000000000114 ) ;
#1941 = FACE_OUTER_BOUND ( 'NONE', #416, .T. ) ;
#1942 = VERTEX_POINT ( 'NONE', #4757 ) ;
#1943 = EDGE_LOOP ( 'NONE', ( #4522, #4565, #3371, #423 ) ) ;
#1944 = ORIENTED_EDGE ( 'NONE', *, *, #595, .F. ) ;
#1945 = DIRECTION ( 'NONE',  ( 0.1556551389296265409, 0.9878114585915667156, 0.000000000000000000 ) ) ;
#1946 = CARTESIAN_POINT ( 'NONE',  ( 110.1950000000000074, 1.143769999999999953, 5.000000000000000000 ) ) ;
#1947 = CARTESIAN_POINT ( 'NONE',  ( 324.1010000000000559, 123.9350000000000023, 5.000000000000000000 ) ) ;
#1948 = ORIENTED_EDGE ( 'NONE', *, *, #2665, .T. ) ;
#1949 = AXIS2_PLACEMENT_3D ( 'NONE', #128, #3714, #589 ) ;
#1950 = VERTEX_POINT ( 'NONE', #2059 ) ;
#1951 = EDGE_CURVE ( 'NONE', #2907, #2317, #4343, .T. ) ;
#1952 = DIRECTION ( 'NONE',  ( -0.9871058195297774951, -0.1600690508825686753, 0.000000000000000000 ) ) ;
#1953 = ORIENTED_EDGE ( 'NONE', *, *, #879, .T. ) ;
#1954 = DIRECTION ( 'NONE',  ( 0.000000000000000000, 0.000000000000000000, 1.000000000000000000 ) ) ;
#1955 = EDGE_CURVE ( 'NONE', #1053, #3423, #5645, .T. ) ;
#1956 = CARTESIAN_POINT ( 'NONE',  ( 323.8730000000000473, 2.248959999999999848, 5.000000000000000000 ) ) ;
#1957 = CARTESIAN_POINT ( 'NONE',  ( 218.7359999999999900, 124.2890000000000157, 0.000000000000000000 ) ) ;
#1958 = ORIENTED_EDGE ( 'NONE', *, *, #5643, .F. ) ;
#1959 = CARTESIAN_POINT ( 'NONE',  ( 1.653650000000000064, 1.451070000000000082, 5.000000000000000000 ) ) ;
#1960 = PLANE ( 'NONE',  #4122 ) ;
#1961 = DIRECTION ( 'NONE',  ( -0.8921860051768558675, -0.4516681659875569910, 0.000000000000000000 ) ) ;
#1962 = LINE ( 'NONE', #4571, #716 ) ;
#1963 = CARTESIAN_POINT ( 'NONE',  ( 216.1949999999999932, 2.745049999999999990, 5.000000000000000000 ) ) ;
#1964 = CARTESIAN_POINT ( 'NONE',  ( 111.1350000000000051, 1.451070000000000082, 5.000000000000000000 ) ) ;
#1965 = CARTESIAN_POINT ( 'NONE',  ( 111.7159999999999940, 2.248959999999999848, 5.000000000000000000 ) ) ;
#1966 = ORIENTED_EDGE ( 'NONE', *, *, #526, .T. ) ;
#1967 = CARTESIAN_POINT ( 'NONE',  ( 218.7359999999999900, 1.451070000000000082, 5.000000000000000000 ) ) ;
#1968 = EDGE_LOOP ( 'NONE', ( #273, #78, #3508, #1082 ) ) ;
#1969 = DIRECTION ( 'NONE',  ( -0.7069569863009310673, -0.7072565443460422374, 0.000000000000000000 ) ) ;
#1970 = ORIENTED_EDGE ( 'NONE', *, *, #2156, .F. ) ;
#1971 = EDGE_CURVE ( 'NONE', #4929, #1748, #1302, .T. ) ;
#1972 = LINE ( 'NONE', #1622, #2011 ) ;
#1973 = ORIENTED_EDGE ( 'NONE', *, *, #2511, .T. ) ;
#1974 = VECTOR ( 'NONE', #2895, 1000.000000000000114 ) ;
#1975 = CARTESIAN_POINT ( 'NONE',  ( 110.1950000000000074, 124.5939999999999941, 5.000000000000000000 ) ) ;
#1976 = DIRECTION ( 'NONE',  ( 0.1563763198671320742, -0.9876975481314167471, 0.000000000000000000 ) ) ;
#1977 = ADVANCED_FACE ( 'NONE', ( #5132 ), #5215, .F. ) ;
#1978 = ORIENTED_EDGE ( 'NONE', *, *, #5424, .F. ) ;
#1979 = ORIENTED_EDGE ( 'NONE', *, *, #4503, .F. ) ;
#1980 = VECTOR ( 'NONE', #1696, 999.9999999999998863 ) ;
#1981 = DIRECTION ( 'NONE',  ( 0.4527899509762593477, 0.8916172162396353018, 0.000000000000000000 ) ) ;
#1982 = ORIENTED_EDGE ( 'NONE', *, *, #4633, .T. ) ;
#1983 = APPROVAL_PERSON_ORGANIZATION ( #5362, #3058, #1454 ) ;
#1984 = CARTESIAN_POINT ( 'NONE',  ( 325.3960000000000150, 1.143769999999999953, 5.000000000000000000 ) ) ;
#1985 = DIRECTION ( 'NONE',  ( 0.4559025274266881866, -0.8900297104512622237, 0.000000000000000000 ) ) ;
#1986 = EDGE_LOOP ( 'NONE', ( #3666, #5678, #1787, #1996 ) ) ;
#1987 = CARTESIAN_POINT ( 'NONE',  ( 111.1350000000000051, 124.2890000000000157, 5.000000000000000000 ) ) ;
#1988 = EDGE_CURVE ( 'NONE', #5510, #5171, #2990, .T. ) ;
#1989 = FACE_OUTER_BOUND ( 'NONE', #4675, .T. ) ;
#1990 = PLANE ( 'NONE',  #4101 ) ;
#1991 = DIRECTION ( 'NONE',  ( 0.8905970137628034244, -0.4547933146790716918, 0.000000000000000000 ) ) ;
#1992 = FACE_OUTER_BOUND ( 'NONE', #1603, .T. ) ;
#1993 = VERTEX_POINT ( 'NONE', #3018 ) ;
#1994 = CARTESIAN_POINT ( 'NONE',  ( 327.8960000000000150, 0.2439130000000000187, 0.000000000000000000 ) ) ;
#1995 = ORIENTED_EDGE ( 'NONE', *, *, #554, .T. ) ;
#1996 = ORIENTED_EDGE ( 'NONE', *, *, #558, .T. ) ;
#1997 = PLANE ( 'NONE',  #3703 ) ;
#1998 = ORIENTED_EDGE ( 'NONE', *, *, #2166, .T. ) ;
#1999 = VECTOR ( 'NONE', #2134, 1000.000000000000000 ) ;
#2000 = ORIENTED_EDGE ( 'NONE', *, *, #4130, .T. ) ;
#2001 = PLANE ( 'NONE',  #2670 ) ;
#2002 = LINE ( 'NONE', #2940, #3817 ) ;
#2003 = ADVANCED_FACE ( 'NONE', ( #5186 ), #413, .T. ) ;
#2004 = VECTOR ( 'NONE', #4071, 1000.000000000000000 ) ;
#2005 = EDGE_LOOP ( 'NONE', ( #905, #2859, #1973, #2308 ) ) ;
#2006 = ORIENTED_EDGE ( 'NONE', *, *, #305, .T. ) ;
#2007 = VECTOR ( 'NONE', #4182, 1000.000000000000114 ) ;
#2008 = EDGE_CURVE ( 'NONE', #280, #3275, #2167, .T. ) ;
#2009 = ORIENTED_EDGE ( 'NONE', *, *, #5479, .F. ) ;
#2010 = DIRECTION ( 'NONE',  ( -1.000000000000000000, 0.000000000000000000, 0.000000000000000000 ) ) ;
#2011 = VECTOR ( 'NONE', #3711, 1000.000000000000000 ) ;
#2012 = LINE ( 'NONE', #3779, #2932 ) ;
#2013 = LINE ( 'NONE', #1578, #134 ) ;
#2014 = ORIENTED_EDGE ( 'NONE', *, *, #5214, .T. ) ;
#2015 = CARTESIAN_POINT ( 'NONE',  ( 111.1350000000000051, 121.7000000000000028, 5.000000000000000000 ) ) ;
#2016 = DIRECTION ( 'NONE',  ( 0.7083262900088976854, 0.7058851655065653263, 0.000000000000000000 ) ) ;
#2017 = CARTESIAN_POINT ( 'NONE',  ( 2.100130000000000052, 1.223700000000000010, 5.000000000000000000 ) ) ;
#2018 = EDGE_CURVE ( 'NONE', #2352, #242, #1245, .T. ) ;
#2019 = LINE ( 'NONE', #4303, #3662 ) ;
#2020 = DIRECTION ( 'NONE',  ( 0.9881164689548840308, -0.1537070062818597649, 0.000000000000000000 ) ) ;
#2021 = CARTESIAN_POINT ( 'NONE',  ( 217.7949999999999875, 1.143769999999999953, 0.000000000000000000 ) ) ;
#2022 = EDGE_CURVE ( 'NONE', #1390, #4726, #3825, .T. ) ;
#2023 = VECTOR ( 'NONE', #2262, 1000.000000000000000 ) ;
#2024 = CARTESIAN_POINT ( 'NONE',  ( 326.9959999999999809, 2.745049999999999990, 0.000000000000000000 ) ) ;
#2025 = EDGE_CURVE ( 'NONE', #16, #3441, #1681, .T. ) ;
#2026 = VERTEX_POINT ( 'NONE', #4316 ) ;
#2027 = ORIENTED_EDGE ( 'NONE', *, *, #5160, .F. ) ;
#2028 = DIRECTION ( 'NONE',  ( -0.7072665251725597235, -0.7069470011042785496, 0.000000000000000000 ) ) ;
#2029 = EDGE_LOOP ( 'NONE', ( #82, #2288, #2259, #5622 ) ) ;
#2030 = CARTESIAN_POINT ( 'NONE',  ( 1.072109999999999896, 122.5010000000000190, 5.000000000000000000 ) ) ;
#2031 = ORIENTED_EDGE ( 'NONE', *, *, #865, .T. ) ;
#2032 = DIRECTION ( 'NONE',  ( 0.9878114585915668266, -0.1556551389296265686, 0.000000000000000000 ) ) ;
#2033 = LINE ( 'NONE', #3772, #3081 ) ;
#2034 = ORIENTED_EDGE ( 'NONE', *, *, #2219, .T. ) ;
#2035 = VERTEX_POINT ( 'NONE', #387 ) ;
#2036 = AXIS2_PLACEMENT_3D ( 'NONE', #3331, #1156, #4226 ) ;
#2037 = EDGE_CURVE ( 'NONE', #183, #4643, #3479, .T. ) ;
#2038 = EDGE_LOOP ( 'NONE', ( #3379, #3188, #2454, #1995 ) ) ;
#2039 = DIRECTION ( 'NONE',  ( 0.9871058195297819360, -0.1600690508825414748, 0.000000000000000000 ) ) ;
#2040 = VECTOR ( 'NONE', #4614, 1000.000000000000000 ) ;
#2041 = DIRECTION ( 'NONE',  ( -0.000000000000000000, -0.000000000000000000, -1.000000000000000000 ) ) ;
#2042 = LINE ( 'NONE', #2381, #4348 ) ;
#2043 = VERTEX_POINT ( 'NONE', #735 ) ;
#2044 = FACE_OUTER_BOUND ( 'NONE', #234, .T. ) ;
#2045 = EDGE_CURVE ( 'NONE', #5247, #4109, #5326, .T. ) ;
#2046 = VECTOR ( 'NONE', #561, 1000.000000000000114 ) ;
#2047 = ORIENTED_EDGE ( 'NONE', *, *, #649, .T. ) ;
#2048 = FACE_OUTER_BOUND ( 'NONE', #3055, .T. ) ;
#2049 = DIRECTION ( 'NONE',  ( 0.8924218088635693658, 0.4512020778594384995, 0.000000000000000000 ) ) ;
#2050 = CARTESIAN_POINT ( 'NONE',  ( 325.8890000000000668, 124.5169999999999959, 0.000000000000000000 ) ) ;
#2051 = ADVANCED_FACE ( 'NONE', ( #4429 ), #3559, .T. ) ;
#2052 = LINE ( 'NONE', #728, #5058 ) ;
#2053 = LINE ( 'NONE', #3390, #1542 ) ;
#2054 = ORIENTED_EDGE ( 'NONE', *, *, #358, .F. ) ;
#2055 = DIRECTION ( 'NONE',  ( -0.7071167641288979011, -0.7070967981032558747, 0.000000000000000000 ) ) ;
#2056 = ORIENTED_EDGE ( 'NONE', *, *, #1932, .T. ) ;
#2057 = ADVANCED_FACE ( 'NONE', ( #4374 ), #2647, .T. ) ;
#2058 = ORIENTED_EDGE ( 'NONE', *, *, #2077, .T. ) ;
#2059 = CARTESIAN_POINT ( 'NONE',  ( 2.100130000000000052, 4.265010000000000190, 0.000000000000000000 ) ) ;
#2060 = LINE ( 'NONE', #704, #1076 ) ;
#2061 = ORIENTED_EDGE ( 'NONE', *, *, #4103, .F. ) ;
#2062 = ORIENTED_EDGE ( 'NONE', *, *, #2272, .T. ) ;
#2063 = VERTEX_POINT ( 'NONE', #4838 ) ;
#2064 = PLANE ( 'NONE',  #4033 ) ;
#2065 = ADVANCED_FACE ( 'NONE', ( #1381 ), #471, .T. ) ;
#2066 = LINE ( 'NONE', #1172, #4489 ) ;
#2067 = DIRECTION ( 'NONE',  ( 0.4549196351979303277, -0.8905324954831136397, 0.000000000000000000 ) ) ;
#2068 = AXIS2_PLACEMENT_3D ( 'NONE', #1690, #3377, #5573 ) ;
#2069 = ORIENTED_EDGE ( 'NONE', *, *, #13, .F. ) ;
#2070 = DIRECTION ( 'NONE',  ( 0.8913191698506576222, 0.4533763750535911297, 0.000000000000000000 ) ) ;
#2071 = EDGE_LOOP ( 'NONE', ( #1282, #2601, #5679, #1592 ) ) ;
#2072 = VECTOR ( 'NONE', #2218, 1000.000000000000114 ) ;
#2073 = FACE_BOUND ( 'NONE', #4902, .T. ) ;
#2074 = DIRECTION ( 'NONE',  ( -0.000000000000000000, -0.000000000000000000, -1.000000000000000000 ) ) ;
#2075 = PLANE ( 'NONE',  #3978 ) ;
#2076 = VECTOR ( 'NONE', #3754, 1000.000000000000000 ) ;
#2077 = EDGE_CURVE ( 'NONE', #2377, #1501, #4810, .T. ) ;
#2078 = LINE ( 'NONE', #2024, #1439 ) ;
#2079 = DIRECTION ( 'NONE',  ( -0.7084857568802659378, 0.7057251110012996431, 0.000000000000000000 ) ) ;
#2080 = DIRECTION ( 'NONE',  ( -0.1572637512810519111, -0.9875566376330074947, 0.000000000000000000 ) ) ;
#2081 = ORIENTED_EDGE ( 'NONE', *, *, #239, .T. ) ;
#2082 = DIRECTION ( 'NONE',  ( -0.4551814095324029918, -0.8903987221554705567, 0.000000000000000000 ) ) ;
#2083 = LINE ( 'NONE', #3364, #2823 ) ;
#2084 = ORIENTED_EDGE ( 'NONE', *, *, #1362, .F. ) ;
#2085 = CARTESIAN_POINT ( 'NONE',  ( 325.8890000000000668, 4.265010000000000190, 5.000000000000000000 ) ) ;
#2086 = CARTESIAN_POINT ( 'NONE',  ( 2.594849999999999213, 124.5939999999999941, 0.000000000000000000 ) ) ;
#2087 = ORIENTED_EDGE ( 'NONE', *, *, #4491, .F. ) ;
#2088 = VECTOR ( 'NONE', #4732, 1000.000000000000114 ) ;
#2089 = EDGE_CURVE ( 'NONE', #299, #2512, #5298, .T. ) ;
#2090 = ORIENTED_EDGE ( 'NONE', *, *, #5047, .F. ) ;
#2091 = ORIENTED_EDGE ( 'NONE', *, *, #4519, .F. ) ;
#2092 = LINE ( 'NONE', #4241, #3309 ) ;
#2093 = VECTOR ( 'NONE', #5299, 1000.000000000000114 ) ;
#2094 = DIRECTION ( 'NONE',  ( -0.000000000000000000, -0.000000000000000000, -1.000000000000000000 ) ) ;
#2095 = CARTESIAN_POINT ( 'NONE',  ( 109.7000000000000028, 124.5169999999999959, 0.000000000000000000 ) ) ;
#2096 = ORIENTED_EDGE ( 'NONE', *, *, #4292, .F. ) ;
#2097 = DIRECTION ( 'NONE',  ( 0.8924298478292961301, -0.4511861774294279037, 0.000000000000000000 ) ) ;
#2098 = VECTOR ( 'NONE', #5660, 1000.000000000000000 ) ;
#2099 = VECTOR ( 'NONE', #583, 1000.000000000000227 ) ;
#2100 = ORIENTED_EDGE ( 'NONE', *, *, #5568, .T. ) ;
#2101 = LINE ( 'NONE', #2526, #5489 ) ;
#2102 = CARTESIAN_POINT ( 'NONE',  ( 216.2719999999999914, 3.238389999999999880, 0.000000000000000000 ) ) ;
#2103 = DIRECTION ( 'NONE',  ( 0.8922101619186266763, -0.4516204456943218037, 0.000000000000000000 ) ) ;
#2104 = DIRECTION ( 'NONE',  ( -0.000000000000000000, -0.000000000000000000, -1.000000000000000000 ) ) ;
#2105 = ADVANCED_FACE ( 'NONE', ( #929 ), #2729, .T. ) ;
#2106 = EDGE_CURVE ( 'NONE', #4384, #242, #872, .T. ) ;
#2107 = DIRECTION ( 'NONE',  ( -0.000000000000000000, -0.000000000000000000, -1.000000000000000000 ) ) ;
#2108 = CARTESIAN_POINT ( 'NONE',  ( 325.3960000000000150, 1.143769999999999953, 0.000000000000000000 ) ) ;
#2109 = FACE_OUTER_BOUND ( 'NONE', #3536, .T. ) ;
#2110 = ORIENTED_EDGE ( 'NONE', *, *, #1854, .F. ) ;
#2111 = CARTESIAN_POINT ( 'NONE',  ( 108.6720000000000113, 123.4890000000000043, 5.000000000000000000 ) ) ;
#2112 = DIRECTION ( 'NONE',  ( 0.7071067811865059394, 0.7071067811865890951, 0.000000000000000000 ) ) ;
#2113 = FACE_OUTER_BOUND ( 'NONE', #4142, .T. ) ;
#2114 = VECTOR ( 'NONE', #2946, 1000.000000000000227 ) ;
#2115 = LINE ( 'NONE', #2456, #2808 ) ;
#2116 = ORIENTED_EDGE ( 'NONE', *, *, #4771, .T. ) ;
#2117 = ORIENTED_EDGE ( 'NONE', *, *, #3412, .T. ) ;
#2118 = ORIENTED_EDGE ( 'NONE', *, *, #272, .F. ) ;
#2119 = CARTESIAN_POINT ( 'NONE',  ( 110.1950000000000216, 124.5939999999999799, 0.000000000000000000 ) ) ;
#2120 = LINE ( 'NONE', #260, #158 ) ;
#2121 = ORIENTED_EDGE ( 'NONE', *, *, #3255, .F. ) ;
#2122 = PLANE ( 'NONE',  #4632 ) ;
#2123 = AXIS2_PLACEMENT_3D ( 'NONE', #1321, #4805, #516 ) ;
#2124 = ADVANCED_FACE ( 'NONE', ( #3126 ), #551, .T. ) ;
#2125 = VERTEX_POINT ( 'NONE', #2306 ) ;
#2126 = LINE ( 'NONE', #3837, #418 ) ;
#2127 = ORIENTED_EDGE ( 'NONE', *, *, #3434, .F. ) ;
#2128 = ADVANCED_FACE ( 'NONE', ( #2275 ), #4018, .T. ) ;
#2129 = LINE ( 'NONE', #3867, #2457 ) ;
#2130 = FACE_OUTER_BOUND ( 'NONE', #4646, .T. ) ;
#2131 = DIRECTION ( 'NONE',  ( -0.9872769218594703577, 0.1590103127589196363, 0.000000000000000000 ) ) ;
#2132 = VECTOR ( 'NONE', #2516, 1000.000000000000000 ) ;
#2133 = FACE_OUTER_BOUND ( 'NONE', #4496, .T. ) ;
#2134 = DIRECTION ( 'NONE',  ( -0.000000000000000000, -0.000000000000000000, -1.000000000000000000 ) ) ;
#2135 = CARTESIAN_POINT ( 'NONE',  ( 218.7359999999999900, 4.039019999999999833, 5.000000000000000000 ) ) ;
#2136 = LINE ( 'NONE', #5237, #4287 ) ;
#2137 = EDGE_LOOP ( 'NONE', ( #3927, #1117, #2283, #5225, #709, #1886, #2877, #4710, #360, #860, #5472, #3482, #4188, #5256, #2824, #5313, #5189, #226, #2429, #215 ) ) ;
#2138 = PLANE ( 'NONE',  #1881 ) ;
#2139 = DIRECTION ( 'NONE',  ( -0.000000000000000000, -0.000000000000000000, -1.000000000000000000 ) ) ;
#2140 = CARTESIAN_POINT ( 'NONE',  ( 218.7359999999999900, 124.2890000000000157, 5.000000000000000000 ) ) ;
#2141 = ORIENTED_EDGE ( 'NONE', *, *, #66, .T. ) ;
#2142 = EDGE_CURVE ( 'NONE', #4557, #1032, #122, .T. ) ;
#2143 = VERTEX_POINT ( 'NONE', #4577 ) ;
#2144 = VERTEX_POINT ( 'NONE', #2364 ) ;
#2145 = LINE ( 'NONE', #3885, #4882 ) ;
#2146 = EDGE_CURVE ( 'NONE', #3484, #1737, #3649, .T. ) ;
#2147 = CARTESIAN_POINT ( 'NONE',  ( 216.8549999999999898, 4.039019999999999833, 5.000000000000000000 ) ) ;
#2148 = ORIENTED_EDGE ( 'NONE', *, *, #4625, .F. ) ;
#2149 = DIRECTION ( 'NONE',  ( 0.4541834060043675181, 0.8909082072302801913, -0.000000000000000000 ) ) ;
#2150 = VERTEX_POINT ( 'NONE', #5413 ) ;
#2151 = VERTEX_POINT ( 'NONE', #4951 ) ;
#2152 = VECTOR ( 'NONE', #2519, 1000.000000000000000 ) ;
#2153 = DIRECTION ( 'NONE',  ( -0.7072565443460422374, -0.7069569863009309563, 0.000000000000000000 ) ) ;
#2154 = LINE ( 'NONE', #3439, #4515 ) ;
#2155 = CARTESIAN_POINT ( 'NONE',  ( 218.2889999999999873, 124.5169999999999959, 0.000000000000000000 ) ) ;
#2156 = EDGE_CURVE ( 'NONE', #332, #2332, #2392, .T. ) ;
#2157 = AXIS2_PLACEMENT_3D ( 'NONE', #1733, #1788, #3448 ) ;
#2158 = DIRECTION ( 'NONE',  ( -0.7072565443460006041, 0.7069569863009727007, 0.000000000000000000 ) ) ;
#2159 = DIRECTION ( 'NONE',  ( -0.9872093450064345355, -0.1594293233127661302, 0.000000000000000000 ) ) ;
#2160 =( GEOMETRIC_REPRESENTATION_CONTEXT ( 3 ) GLOBAL_UNCERTAINTY_ASSIGNED_CONTEXT ( ( #4330 ) ) GLOBAL_UNIT_ASSIGNED_CONTEXT ( ( #3433, #2975, #830 ) ) REPRESENTATION_CONTEXT ( 'NONE', 'WORKASPACE' ) );
#2161 = DIRECTION ( 'NONE',  ( 0.9880377941995863722, -0.1542119231227464526, 0.000000000000000000 ) ) ;
#2162 = FACE_BOUND ( 'NONE', #1412, .T. ) ;
#2163 = EDGE_LOOP ( 'NONE', ( #1912, #1915, #4896, #367 ) ) ;
#2164 = CARTESIAN_POINT ( 'NONE',  ( 111.7159999999999940, 122.5010000000000190, 5.000000000000000000 ) ) ;
#2165 = DIRECTION ( 'NONE',  ( -0.4547933146790936743, -0.8905970137627921002, 0.000000000000000000 ) ) ;
#2166 = EDGE_CURVE ( 'NONE', #3774, #3484, #3680, .T. ) ;
#2167 = LINE ( 'NONE', #329, #2725 ) ;
#2168 = LINE ( 'NONE', #1303, #2363 ) ;
#2169 = ORIENTED_EDGE ( 'NONE', *, *, #2982, .T. ) ;
#2170 = ORIENTED_EDGE ( 'NONE', *, *, #1710, .T. ) ;
#2171 = ORIENTED_EDGE ( 'NONE', *, *, #5164, .F. ) ;
#2172 = EDGE_CURVE ( 'NONE', #473, #3856, #1012, .T. ) ;
#2173 = CARTESIAN_POINT ( 'NONE',  ( 217.7949999999999875, 124.5939999999999941, 5.000000000000000000 ) ) ;
#2174 = VECTOR ( 'NONE', #3945, 1000.000000000000114 ) ;
#2175 = LINE ( 'NONE', #4900, #4855 ) ;
#2176 = ORIENTED_EDGE ( 'NONE', *, *, #595, .T. ) ;
#2177 = DIRECTION ( 'NONE',  ( -0.7071067811865613395, 0.7071067811865335839, 0.000000000000000000 ) ) ;
#2178 = VERTEX_POINT ( 'NONE', #4520 ) ;
#2179 = EDGE_CURVE ( 'NONE', #3155, #3287, #2816, .T. ) ;
#2180 = VECTOR ( 'NONE', #1212, 1000.000000000000000 ) ;
#2181 = ORIENTED_EDGE ( 'NONE', *, *, #1742, .F. ) ;
#2182 = DIRECTION ( 'NONE',  ( -0.000000000000000000, -0.000000000000000000, -1.000000000000000000 ) ) ;
#2183 = VECTOR ( 'NONE', #862, 1000.000000000000000 ) ;
#2184 = DIRECTION ( 'NONE',  ( 0.7072665251725597235, 0.7069470011042785496, 0.000000000000000000 ) ) ;
#2185 = VECTOR ( 'NONE', #4867, 1000.000000000000000 ) ;
#2186 = VECTOR ( 'NONE', #22, 1000.000000000000114 ) ;
#2187 = CARTESIAN_POINT ( 'NONE',  ( 326.6899999999999977, 3.684870000000000090, 5.000000000000000000 ) ) ;
#2188 = EDGE_CURVE ( 'NONE', #5471, #2026, #4111, .T. ) ;
#2189 = CARTESIAN_POINT ( 'NONE',  ( 218.2889999999999873, 4.265010000000000190, 5.000000000000000000 ) ) ;
#2190 = DIRECTION ( 'NONE',  ( -0.8916045487671797609, 0.4528148944300242618, 0.000000000000000000 ) ) ;
#2191 = LINE ( 'NONE', #2695, #2401 ) ;
#2192 = ORIENTED_EDGE ( 'NONE', *, *, #1346, .T. ) ;
#2193 = DIRECTION ( 'NONE',  ( 0.9870883714087316241, 0.1601766119933176746, 0.000000000000000000 ) ) ;
#2194 = ADVANCED_FACE ( 'NONE', ( #1908 ), #3215, .T. ) ;
#2195 = EDGE_CURVE ( 'NONE', #5070, #3893, #4982, .T. ) ;
#2196 = DIRECTION ( 'NONE',  ( -0.000000000000000000, -0.000000000000000000, -1.000000000000000000 ) ) ;
#2197 = ORIENTED_EDGE ( 'NONE', *, *, #2733, .T. ) ;
#2198 = VERTEX_POINT ( 'NONE', #2759 ) ;
#2199 = VECTOR ( 'NONE', #1141, 1000.000000000000000 ) ;
#2200 = ORIENTED_EDGE ( 'NONE', *, *, #1471, .T. ) ;
#2201 = CARTESIAN_POINT ( 'NONE',  ( 108.8990000000000151, 122.0540000000000163, 5.000000000000000000 ) ) ;
#2202 = PLANE ( 'NONE',  #1627 ) ;
#2203 = VERTEX_POINT ( 'NONE', #1044 ) ;
#2204 = FACE_OUTER_BOUND ( 'NONE', #1894, .T. ) ;
#2205 = EDGE_LOOP ( 'NONE', ( #2575, #213, #4299, #3128, #628, #5382, #3490, #4283, #1056, #3032, #1193, #1081, #3002, #192, #4987, #419, #4849, #2700, #248, #3187 ) ) ;
#2206 = DIRECTION ( 'NONE',  ( -0.8913191698506689464, -0.4533763750535688142, 0.000000000000000000 ) ) ;
#2207 = EDGE_CURVE ( 'NONE', #1200, #3138, #3184, .T. ) ;
#2208 = EDGE_LOOP ( 'NONE', ( #1492, #4787, #624, #1827 ) ) ;
#2209 = CARTESIAN_POINT ( 'NONE',  ( 109.7000000000000028, 1.223700000000000010, 5.000000000000000000 ) ) ;
#2210 = DIRECTION ( 'NONE',  ( -0.000000000000000000, -0.000000000000000000, -1.000000000000000000 ) ) ;
#2211 = EDGE_CURVE ( 'NONE', #3110, #677, #2083, .T. ) ;
#2212 = DIRECTION ( 'NONE',  ( -0.000000000000000000, -0.000000000000000000, -1.000000000000000000 ) ) ;
#2213 = DIRECTION ( 'NONE',  ( -0.4574843287324162344, 0.8892176836772031079, 0.000000000000000000 ) ) ;
#2214 = VECTOR ( 'NONE', #2427, 1000.000000000000114 ) ;
#2215 = DIRECTION ( 'NONE',  ( -0.7058851655066208375, 0.7083262900088421743, 0.000000000000000000 ) ) ;
#2216 = DIRECTION ( 'NONE',  ( -0.7071067811865335839, 0.7071067811865613395, 0.000000000000000000 ) ) ;
#2217 = ORIENTED_EDGE ( 'NONE', *, *, #2702, .F. ) ;
#2218 = DIRECTION ( 'NONE',  ( -0.1556551389296265409, -0.9878114585915667156, 0.000000000000000000 ) ) ;
#2219 = EDGE_CURVE ( 'NONE', #4119, #315, #5475, .T. ) ;
#2220 = CC_DESIGN_PERSON_AND_ORGANIZATION_ASSIGNMENT ( #2232, #166, ( #964 ) ) ;
#2221 = DIRECTION ( 'NONE',  ( -0.000000000000000000, -0.000000000000000000, -1.000000000000000000 ) ) ;
#2222 = ORIENTED_EDGE ( 'NONE', *, *, #4830, .T. ) ;
#2223 = ORIENTED_EDGE ( 'NONE', *, *, #4250, .T. ) ;
#2224 = EDGE_CURVE ( 'NONE', #3322, #3050, #2424, .T. ) ;
#2225 = ORIENTED_EDGE ( 'NONE', *, *, #3093, .T. ) ;
#2226 = DIRECTION ( 'NONE',  ( 0.8911057429423656639, -0.4537957193442161974, 0.000000000000000000 ) ) ;
#2227 = CARTESIAN_POINT ( 'NONE',  ( 219.3160000000000025, 122.5010000000000190, 5.000000000000000000 ) ) ;
#2228 = EDGE_LOOP ( 'NONE', ( #3233, #1027, #3220, #1077 ) ) ;
#2229 = ORIENTED_EDGE ( 'NONE', *, *, #1180, .T. ) ;
#2230 = CARTESIAN_POINT ( 'NONE',  ( 325.3960000000000150, 124.5939999999999941, 5.000000000000000000 ) ) ;
#2231 = ORIENTED_EDGE ( 'NONE', *, *, #1581, .F. ) ;
#2232 = PERSON_AND_ORGANIZATION ( #2303, #3712 ) ;
#2233 = ADVANCED_FACE ( 'NONE', ( #5562 ), #241, .T. ) ;
#2234 = VERTEX_POINT ( 'NONE', #271 ) ;
#2235 = CARTESIAN_POINT ( 'NONE',  ( 324.1010000000000559, 122.0540000000000163, 5.000000000000000000 ) ) ;
#2236 = DIRECTION ( 'NONE',  ( -0.1590103127589196086, -0.9872769218594702467, 0.000000000000000000 ) ) ;
#2237 = VECTOR ( 'NONE', #3056, 999.9999999999998863 ) ;
#2238 = CARTESIAN_POINT ( 'NONE',  ( 108.8990000000000151, 123.9350000000000023, 5.000000000000000000 ) ) ;
#2239 = EDGE_CURVE ( 'NONE', #801, #5113, #4256, .T. ) ;
#2240 = DIRECTION ( 'NONE',  ( -0.8920142723425347198, -0.4520072321735773557, 0.000000000000000000 ) ) ;
#2241 = PLANE ( 'NONE',  #4569 ) ;
#2242 = LINE ( 'NONE', #3985, #2756 ) ;
#2243 = DIRECTION ( 'NONE',  ( 0.9871905049027079881, -0.1595459401863189020, 0.000000000000000000 ) ) ;
#2244 = CARTESIAN_POINT ( 'NONE',  ( 217.3000000000000114, 124.5169999999999959, 5.000000000000000000 ) ) ;
#2245 = VECTOR ( 'NONE', #780, 1000.000000000000114 ) ;
#2246 = EDGE_CURVE ( 'NONE', #3361, #4760, #1972, .T. ) ;
#2247 = AXIS2_PLACEMENT_3D ( 'NONE', #2604, #4357, #3923 ) ;
#2248 = DIRECTION ( 'NONE',  ( 0.8905970137628030914, 0.4547933146790720804, 0.000000000000000000 ) ) ;
#2249 = DIRECTION ( 'NONE',  ( 0.1573322594823948206, -0.9875457255875113027, 0.000000000000000000 ) ) ;
#2250 = ORIENTED_EDGE ( 'NONE', *, *, #1488, .F. ) ;
#2251 = VERTEX_POINT ( 'NONE', #3335 ) ;
#2252 = VERTEX_POINT ( 'NONE', #732 ) ;
#2253 = DIRECTION ( 'NONE',  ( 1.000000000000000000, 0.000000000000000000, 0.000000000000000000 ) ) ;
#2254 = LINE ( 'NONE', #3996, #2374 ) ;
#2255 = EDGE_CURVE ( 'NONE', #183, #3315, #4230, .T. ) ;
#2256 = EDGE_LOOP ( 'NONE', ( #3227, #4376, #4769, #5116 ) ) ;
#2257 = ORIENTED_EDGE ( 'NONE', *, *, #5164, .T. ) ;
#2258 = PLANE ( 'NONE',  #4161 ) ;
#2259 = ORIENTED_EDGE ( 'NONE', *, *, #4443, .T. ) ;
#2260 = PERSON_AND_ORGANIZATION_ROLE ( 'classification_officer' ) ;
#2261 = ORIENTED_EDGE ( 'NONE', *, *, #5371, .F. ) ;
#2262 = DIRECTION ( 'NONE',  ( -0.000000000000000000, -0.000000000000000000, -1.000000000000000000 ) ) ;
#2263 = LINE ( 'NONE', #4008, #225 ) ;
#2264 = DIRECTION ( 'NONE',  ( -0.1542119231227192799, -0.9880377941995904800, 0.000000000000000000 ) ) ;
#2265 = VECTOR ( 'NONE', #2503, 1000.000000000000000 ) ;
#2266 = VECTOR ( 'NONE', #2688, 1000.000000000000000 ) ;
#2267 = CARTESIAN_POINT ( 'NONE',  ( 12.09370000000000012, 15.24380000000000024, 0.000000000000000000 ) ) ;
#2268 = PLANE ( 'NONE',  #3370 ) ;
#2269 = CARTESIAN_POINT ( 'NONE',  ( 218.7359999999999900, 121.7000000000000028, 5.000000000000000000 ) ) ;
#2270 = DIRECTION ( 'NONE',  ( 0.4512020778594382775, 0.8924218088635694768, 0.000000000000000000 ) ) ;
#2271 = DIRECTION ( 'NONE',  ( -0.9871073587932587268, 0.1600595583406276001, 0.000000000000000000 ) ) ;
#2272 = EDGE_CURVE ( 'NONE', #4524, #4553, #3172, .T. ) ;
#2273 = AXIS2_PLACEMENT_3D ( 'NONE', #3860, #1523, #3266 ) ;
#2274 = VECTOR ( 'NONE', #4080, 1000.000000000000114 ) ;
#2275 = FACE_OUTER_BOUND ( 'NONE', #391, .T. ) ;
#2276 = DIRECTION ( 'NONE',  ( -0.000000000000000000, -0.000000000000000000, -1.000000000000000000 ) ) ;
#2277 = ORIENTED_EDGE ( 'NONE', *, *, #4250, .F. ) ;
#2278 = ORIENTED_EDGE ( 'NONE', *, *, #3653, .F. ) ;
#2279 = VERTEX_POINT ( 'NONE', #4942 ) ;
#2280 = LINE ( 'NONE', #878, #4972 ) ;
#2281 = LINE ( 'NONE', #1858, #2639 ) ;
#2282 = DIRECTION ( 'NONE',  ( 0.9871395892538341599, 0.1598606622273645861, 0.000000000000000000 ) ) ;
#2283 = ORIENTED_EDGE ( 'NONE', *, *, #67, .F. ) ;
#2284 = DIRECTION ( 'NONE',  ( -0.8904950446498858252, 0.4549929400045650274, 0.000000000000000000 ) ) ;
#2285 = ORIENTED_EDGE ( 'NONE', *, *, #972, .T. ) ;
#2286 = COORDINATED_UNIVERSAL_TIME_OFFSET ( 5, 0, .BEHIND. ) ;
#2287 = PLANE ( 'NONE',  #5498 ) ;
#2288 = ORIENTED_EDGE ( 'NONE', *, *, #5073, .F. ) ;
#2289 = EDGE_CURVE ( 'NONE', #3441, #586, #1897, .T. ) ;
#2290 = EDGE_CURVE ( 'NONE', #1619, #4408, #3638, .T. ) ;
#2291 = LINE ( 'NONE', #113, #736 ) ;
#2292 = CARTESIAN_POINT ( 'NONE',  ( 326.6899999999999977, 123.9350000000000023, 0.000000000000000000 ) ) ;
#2293 = VECTOR ( 'NONE', #2922, 1000.000000000000227 ) ;
#2294 = LINE ( 'NONE', #5370, #2615 ) ;
#2295 = EDGE_CURVE ( 'NONE', #3224, #2234, #4068, .T. ) ;
#2296 = VECTOR ( 'NONE', #2243, 1000.000000000000114 ) ;
#2297 = AXIS2_PLACEMENT_3D ( 'NONE', #4702, #764, #5591 ) ;
#2298 = LINE ( 'NONE', #3606, #918 ) ;
#2299 = LINE ( 'NONE', #4513, #259 ) ;
#2300 = CARTESIAN_POINT ( 'NONE',  ( 216.1949999999999932, 122.9939999999999998, 5.000000000000000000 ) ) ;
#2301 = CARTESIAN_POINT ( 'NONE',  ( 0.09508460000000000523, 125.4939999999999998, 0.000000000000000000 ) ) ;
#2302 = LINE ( 'NONE', #5006, #3612 ) ;
#2303 = PERSON ( 'UNSPECIFIED', 'UNSPECIFIED', 'UNSPECIFIED', ('UNSPECIFIED'), ('UNSPECIFIED'), ('UNSPECIFIED') ) ;
#2304 = EDGE_CURVE ( 'NONE', #1106, #5561, #1462, .T. ) ;
#2305 = VECTOR ( 'NONE', #5419, 1000.000000000000114 ) ;
#2306 = CARTESIAN_POINT ( 'NONE',  ( 323.7950000000000159, 2.745049999999999990, 5.000000000000000000 ) ) ;
#2307 = DIRECTION ( 'NONE',  ( 0.4527259285258880550, 0.8916497258679400018, 0.000000000000000000 ) ) ;
#2308 = ORIENTED_EDGE ( 'NONE', *, *, #5512, .T. ) ;
#2309 = ORIENTED_EDGE ( 'NONE', *, *, #2497, .T. ) ;
#2310 = VECTOR ( 'NONE', #4158, 1000.000000000000000 ) ;
#2311 = VERTEX_POINT ( 'NONE', #4099 ) ;
#2312 = CARTESIAN_POINT ( 'NONE',  ( 326.3360000000000127, 124.2890000000000157, 0.000000000000000000 ) ) ;
#2313 = EDGE_CURVE ( 'NONE', #2963, #5337, #1002, .T. ) ;
#2314 = CARTESIAN_POINT ( 'NONE',  ( 2.593469999999999942, 1.143769999999999953, 5.000000000000000000 ) ) ;
#2315 = EDGE_LOOP ( 'NONE', ( #187, #1483, #5468, #827 ) ) ;
#2316 = ORIENTED_EDGE ( 'NONE', *, *, #821, .F. ) ;
#2317 = VERTEX_POINT ( 'NONE', #1929 ) ;
#2318 = LINE ( 'NONE', #2740, #4294 ) ;
#2319 = ADVANCED_FACE ( 'NONE', ( #4568 ), #2777, .T. ) ;
#2320 = ORIENTED_EDGE ( 'NONE', *, *, #5201, .F. ) ;
#2321 = LINE ( 'NONE', #4533, #1195 ) ;
#2322 = LINE ( 'NONE', #4420, #627 ) ;
#2323 = ORIENTED_EDGE ( 'NONE', *, *, #1873, .T. ) ;
#2324 = DIRECTION ( 'NONE',  ( 0.7071067811865890951, -0.7071067811865059394, 0.000000000000000000 ) ) ;
#2325 = CARTESIAN_POINT ( 'NONE',  ( 325.8890000000000668, 124.5169999999999959, 5.000000000000000000 ) ) ;
#2326 = DIRECTION ( 'NONE',  ( -0.1600595583406276001, -0.9871073587932587268, 0.000000000000000000 ) ) ;
#2327 = FACE_OUTER_BOUND ( 'NONE', #2515, .T. ) ;
#2328 = ADVANCED_FACE ( 'NONE', ( #5433 ), #1494, .T. ) ;
#2329 = CARTESIAN_POINT ( 'NONE',  ( 2.100130000000000052, 4.265010000000000190, 5.000000000000000000 ) ) ;
#2330 = DIRECTION ( 'NONE',  ( -0.000000000000000000, -0.000000000000000000, -1.000000000000000000 ) ) ;
#2331 = CARTESIAN_POINT ( 'NONE',  ( 12.09370000000000012, 15.24380000000000024, 5.000000000000000000 ) ) ;
#2332 = VERTEX_POINT ( 'NONE', #966 ) ;
#2333 = CARTESIAN_POINT ( 'NONE',  ( 324.4549999999999841, 121.7000000000000028, 5.000000000000000000 ) ) ;
#2334 = LINE ( 'NONE', #981, #4098 ) ;
#2335 = AXIS2_PLACEMENT_3D ( 'NONE', #2576, #2149, #1253 ) ;
#2336 = ORIENTED_EDGE ( 'NONE', *, *, #5469, .F. ) ;
#2337 = EDGE_CURVE ( 'NONE', #4408, #3484, #5364, .T. ) ;
#2338 = ORIENTED_EDGE ( 'NONE', *, *, #1528, .F. ) ;
#2339 = AXIS2_PLACEMENT_3D ( 'NONE', #4047, #121, #3611 ) ;
#2340 = VERTEX_POINT ( 'NONE', #2711 ) ;
#2341 = PLANE ( 'NONE',  #933 ) ;
#2342 = DIRECTION ( 'NONE',  ( 0.000000000000000000, -0.000000000000000000, -1.000000000000000000 ) ) ;
#2343 = VERTEX_POINT ( 'NONE', #996 ) ;
#2344 = VECTOR ( 'NONE', #633, 1000.000000000000000 ) ;
#2345 = ORIENTED_EDGE ( 'NONE', *, *, #944, .T. ) ;
#2346 = PERSON_AND_ORGANIZATION_ROLE ( 'creator' ) ;
#2347 = DIRECTION ( 'NONE',  ( -0.000000000000000000, -0.000000000000000000, -1.000000000000000000 ) ) ;
#2348 = EDGE_CURVE ( 'NONE', #2343, #2252, #2318, .T. ) ;
#2349 = ORIENTED_EDGE ( 'NONE', *, *, #692, .T. ) ;
#2350 = DIRECTION ( 'NONE',  ( -0.4535964786212107192, -0.8912071782601604930, 0.000000000000000000 ) ) ;
#2351 = DIRECTION ( 'NONE',  ( 0.7072565443460006041, 0.7069569863009727007, 0.000000000000000000 ) ) ;
#2352 = VERTEX_POINT ( 'NONE', #1832 ) ;
#2353 = DIRECTION ( 'NONE',  ( 0.4543163942505794028, 0.8908403975545517994, 0.000000000000000000 ) ) ;
#2354 = DIRECTION ( 'NONE',  ( 0.7072565443460006041, -0.7069569863009725896, 0.000000000000000000 ) ) ;
#2355 = CARTESIAN_POINT ( 'NONE',  ( 3.534660000000000135, 1.451070000000000082, 5.000000000000000000 ) ) ;
#2356 = LINE ( 'NONE', #5345, #2726 ) ;
#2357 = VECTOR ( 'NONE', #605, 1000.000000000000000 ) ;
#2358 = CARTESIAN_POINT ( 'NONE',  ( 2.594850000000000101, 4.344949999999999868, 5.000000000000000000 ) ) ;
#2359 = DIRECTION ( 'NONE',  ( 0.7071067811865613395, -0.7071067811865335839, 0.000000000000000000 ) ) ;
#2360 = DIRECTION ( 'NONE',  ( 0.4512020778594382775, 0.8924218088635694768, 0.000000000000000000 ) ) ;
#2361 = LINE ( 'NONE', #150, #4355 ) ;
#2362 = ORIENTED_EDGE ( 'NONE', *, *, #214, .F. ) ;
#2363 = VECTOR ( 'NONE', #2249, 1000.000000000000114 ) ;
#2364 = CARTESIAN_POINT ( 'NONE',  ( 324.4549999999999841, 1.451070000000000082, 5.000000000000000000 ) ) ;
#2365 = CARTESIAN_POINT ( 'NONE',  ( 3.888809999999999878, 123.9350000000000023, 5.000000000000000000 ) ) ;
#2366 = EDGE_CURVE ( 'NONE', #4167, #2506, #4471, .T. ) ;
#2367 = EDGE_LOOP ( 'NONE', ( #4141, #1958, #560, #1275 ) ) ;
#2368 = AXIS2_PLACEMENT_3D ( 'NONE', #2609, #5258, #2951 ) ;
#2369 = ORIENTED_EDGE ( 'NONE', *, *, #5214, .F. ) ;
#2370 = AXIS2_PLACEMENT_3D ( 'NONE', #643, #181, #1939 ) ;
#2371 = EDGE_CURVE ( 'NONE', #2710, #2498, #4992, .T. ) ;
#2372 = ORIENTED_EDGE ( 'NONE', *, *, #3762, .F. ) ;
#2373 = DIRECTION ( 'NONE',  ( -0.4520072321735773557, 0.8920142723425347198, 0.000000000000000000 ) ) ;
#2374 = VECTOR ( 'NONE', #3969, 1000.000000000000114 ) ;
#2375 = LINE ( 'NONE', #1482, #2904 ) ;
#2376 = ORIENTED_EDGE ( 'NONE', *, *, #2717, .T. ) ;
#2377 = VERTEX_POINT ( 'NONE', #1455 ) ;
#2378 = FACE_OUTER_BOUND ( 'NONE', #4440, .T. ) ;
#2379 = ORIENTED_EDGE ( 'NONE', *, *, #2888, .T. ) ;
#2380 = DIRECTION ( 'NONE',  ( -0.1581185208565923372, 0.9874201402453381959, 0.000000000000000000 ) ) ;
#2381 = CARTESIAN_POINT ( 'NONE',  ( 3.088179999999999925, 121.4740000000000180, 0.000000000000000000 ) ) ;
#2382 = VERTEX_POINT ( 'NONE', #4501 ) ;
#2383 = LINE ( 'NONE', #4128, #326 ) ;
#2384 = VECTOR ( 'NONE', #4693, 1000.000000000000000 ) ;
#2385 = LINE ( 'NONE', #5059, #2007 ) ;
#2386 = EDGE_CURVE ( 'NONE', #1532, #3306, #3690, .T. ) ;
#2387 = FACE_OUTER_BOUND ( 'NONE', #1476, .T. ) ;
#2388 = CARTESIAN_POINT ( 'NONE',  ( 325.3960000000000150, 4.344949999999999868, 5.000000000000000000 ) ) ;
#2389 = LINE ( 'NONE', #608, #4792 ) ;
#2390 = CARTESIAN_POINT ( 'NONE',  ( 325.8890000000000668, 1.223700000000000010, 5.000000000000000000 ) ) ;
#2391 = EDGE_LOOP ( 'NONE', ( #4265, #5106, #1692, #2845 ) ) ;
#2392 = LINE ( 'NONE', #2787, #3280 ) ;
#2393 = VECTOR ( 'NONE', #4339, 1000.000000000000000 ) ;
#2394 = DIRECTION ( 'NONE',  ( -0.8924218088635806900, -0.4512020778594162396, 0.000000000000000000 ) ) ;
#2395 = ORIENTED_EDGE ( 'NONE', *, *, #314, .F. ) ;
#2396 = DIRECTION ( 'NONE',  ( -0.4543735275849321575, -0.8908112580283351623, 0.000000000000000000 ) ) ;
#2397 = ORIENTED_EDGE ( 'NONE', *, *, #5319, .F. ) ;
#2398 = ORIENTED_EDGE ( 'NONE', *, *, #1790, .T. ) ;
#2399 = DIRECTION ( 'NONE',  ( -0.000000000000000000, -1.000000000000000000, -0.000000000000000000 ) ) ;
#2400 = ORIENTED_EDGE ( 'NONE', *, *, #2605, .F. ) ;
#2401 = VECTOR ( 'NONE', #3557, 1000.000000000000000 ) ;
#2402 = ADVANCED_FACE ( 'NONE', ( #2830 ), #2287, .T. ) ;
#2403 = ORIENTED_EDGE ( 'NONE', *, *, #305, .F. ) ;
#2404 = ORIENTED_EDGE ( 'NONE', *, *, #1544, .F. ) ;
#2405 = CARTESIAN_POINT ( 'NONE',  ( 2.100130000000000052, 1.223700000000000010, 5.000000000000000000 ) ) ;
#2406 = CARTESIAN_POINT ( 'NONE',  ( 1.299490000000000256, 3.684870000000000090, 5.000000000000000000 ) ) ;
#2407 = LINE ( 'NONE', #2865, #3605 ) ;
#2408 = EDGE_LOOP ( 'NONE', ( #2734, #1331, #1252, #4873 ) ) ;
#2409 = LINE ( 'NONE', #1987, #508 ) ;
#2410 = EDGE_CURVE ( 'NONE', #5188, #1737, #4590, .T. ) ;
#2411 = DIRECTION ( 'NONE',  ( -0.000000000000000000, -0.000000000000000000, -1.000000000000000000 ) ) ;
#2412 = LINE ( 'NONE', #1554, #2719 ) ;
#2413 = CARTESIAN_POINT ( 'NONE',  ( 12.09370000000000012, 15.24380000000000024, 5.000000000000000000 ) ) ;
#2414 = DIRECTION ( 'NONE',  ( 0.4527259285258880550, 0.8916497258679400018, 0.000000000000000000 ) ) ;
#2415 = LINE ( 'NONE', #5149, #781 ) ;
#2416 = EDGE_LOOP ( 'NONE', ( #1508, #4052, #1284, #3313 ) ) ;
#2417 = EDGE_CURVE ( 'NONE', #993, #2279, #4034, .T. ) ;
#2418 = CARTESIAN_POINT ( 'NONE',  ( 109.7000000000000028, 4.265010000000000190, 5.000000000000000000 ) ) ;
#2419 = PLANE ( 'NONE',  #3670 ) ;
#2420 = ORIENTED_EDGE ( 'NONE', *, *, #1067, .T. ) ;
#2421 = CARTESIAN_POINT ( 'NONE',  ( 217.3000000000000114, 124.5169999999999959, 5.000000000000000000 ) ) ;
#2422 = ORIENTED_EDGE ( 'NONE', *, *, #4739, .T. ) ;
#2423 = ADVANCED_FACE ( 'NONE', ( #5425 ), #4061, .T. ) ;
#2424 = LINE ( 'NONE', #4198, #5585 ) ;
#2425 = ORIENTED_EDGE ( 'NONE', *, *, #1427, .F. ) ;
#2426 = VECTOR ( 'NONE', #1969, 1000.000000000000000 ) ;
#2427 = DIRECTION ( 'NONE',  ( 0.7083262900088421743, -0.7058851655066208375, 0.000000000000000000 ) ) ;
#2428 = DIRECTION ( 'NONE',  ( -0.1561661380789901576, -0.9877308020495735308, 0.000000000000000000 ) ) ;
#2429 = ORIENTED_EDGE ( 'NONE', *, *, #1051, .F. ) ;
#2430 = ORIENTED_EDGE ( 'NONE', *, *, #3449, .F. ) ;
#2431 = VECTOR ( 'NONE', #3586, 1000.000000000000000 ) ;
#2432 = CARTESIAN_POINT ( 'NONE',  ( 0.09508460000000000523, 0.2439130000000000187, 5.000000000000000000 ) ) ;
#2433 = ORIENTED_EDGE ( 'NONE', *, *, #1083, .F. ) ;
#2434 = EDGE_CURVE ( 'NONE', #762, #3361, #1890, .T. ) ;
#2435 = VECTOR ( 'NONE', #884, 1000.000000000000000 ) ;
#2436 = CARTESIAN_POINT ( 'NONE',  ( 326.9959999999999809, 122.9939999999999998, 5.000000000000000000 ) ) ;
#2437 = CARTESIAN_POINT ( 'NONE',  ( 110.1950000000000074, 121.3940000000000055, 0.000000000000000000 ) ) ;
#2438 = ADVANCED_FACE ( 'NONE', ( #2378 ), #4121, .T. ) ;
#2439 = ORIENTED_EDGE ( 'NONE', *, *, #3704, .F. ) ;
#2440 = CARTESIAN_POINT ( 'NONE',  ( 216.5010000000000048, 122.0540000000000163, 5.000000000000000000 ) ) ;
#2441 = PLANE ( 'NONE',  #2273 ) ;
#2442 = DIRECTION ( 'NONE',  ( 0.4527989663758082983, -0.8916126378921508389, 0.000000000000000000 ) ) ;
#2443 = DIRECTION ( 'NONE',  ( -0.000000000000000000, -0.000000000000000000, -1.000000000000000000 ) ) ;
#2444 = LINE ( 'NONE', #725, #5461 ) ;
#2445 = ORIENTED_EDGE ( 'NONE', *, *, #4911, .T. ) ;
#2446 = EDGE_CURVE ( 'NONE', #3659, #5510, #1516, .T. ) ;
#2447 = DIRECTION ( 'NONE',  ( -0.9881164689548841418, -0.1537070062818597926, 0.000000000000000000 ) ) ;
#2448 = LINE ( 'NONE', #4193, #3204 ) ;
#2449 = ORIENTED_EDGE ( 'NONE', *, *, #5358, .F. ) ;
#2450 = LINE ( 'NONE', #269, #3424 ) ;
#2451 = EDGE_CURVE ( 'NONE', #678, #4643, #4342, .T. ) ;
#2452 = ORIENTED_EDGE ( 'NONE', *, *, #3850, .T. ) ;
#2453 = VECTOR ( 'NONE', #4550, 1000.000000000000000 ) ;
#2454 = ORIENTED_EDGE ( 'NONE', *, *, #1659, .T. ) ;
#2455 = CARTESIAN_POINT ( 'NONE',  ( 324.4549999999999841, 4.039019999999999833, 5.000000000000000000 ) ) ;
#2456 = CARTESIAN_POINT ( 'NONE',  ( 1.299490000000000256, 3.684870000000000090, 0.000000000000000000 ) ) ;
#2457 = VECTOR ( 'NONE', #5632, 1000.000000000000000 ) ;
#2458 = ORIENTED_EDGE ( 'NONE', *, *, #2665, .F. ) ;
#2459 = EDGE_CURVE ( 'NONE', #1106, #4897, #384, .T. ) ;
#2460 = EDGE_LOOP ( 'NONE', ( #3261, #3950, #3416, #4024 ) ) ;
#2461 = EDGE_CURVE ( 'NONE', #3535, #3252, #3316, .T. ) ;
#2462 = AXIS2_PLACEMENT_3D ( 'NONE', #5003, #1961, #289 ) ;
#2463 = VERTEX_POINT ( 'NONE', #4619 ) ;
#2464 = CARTESIAN_POINT ( 'NONE',  ( 109.7000000000000028, 124.5169999999999959, 5.000000000000000000 ) ) ;
#2465 = CARTESIAN_POINT ( 'NONE',  ( 110.6880000000000024, 1.223700000000000010, 5.000000000000000000 ) ) ;
#2466 = VERTEX_POINT ( 'NONE', #2432 ) ;
#2467 = CARTESIAN_POINT ( 'NONE',  ( 326.6899999999999977, 123.9350000000000023, 5.000000000000000000 ) ) ;
#2468 = ORIENTED_EDGE ( 'NONE', *, *, #3195, .F. ) ;
#2469 = ADVANCED_FACE ( 'NONE', ( #5080 ), #1139, .T. ) ;
#2470 = CARTESIAN_POINT ( 'NONE',  ( 1.299490000000000256, 123.9350000000000023, 5.000000000000000000 ) ) ;
#2471 = CARTESIAN_POINT ( 'NONE',  ( 217.3000000000000114, 4.265010000000000190, 5.000000000000000000 ) ) ;
#2472 = DIRECTION ( 'NONE',  ( 0.9875625673210124411, -0.1572265105709937383, 0.000000000000000000 ) ) ;
#2473 = EDGE_CURVE ( 'NONE', #3275, #3306, #1217, .T. ) ;
#2474 = VECTOR ( 'NONE', #5435, 1000.000000000000114 ) ;
#2475 = LINE ( 'NONE', #5470, #1535 ) ;
#2476 = CARTESIAN_POINT ( 'NONE',  ( 1.653650000000000064, 4.039019999999999833, 0.000000000000000000 ) ) ;
#2477 = VERTEX_POINT ( 'NONE', #788 ) ;
#2478 = LINE ( 'NONE', #4166, #2968 ) ;
#2479 = ORIENTED_EDGE ( 'NONE', *, *, #4239, .F. ) ;
#2480 = EDGE_CURVE ( 'NONE', #5668, #876, #3450, .T. ) ;
#2481 = CLOSED_SHELL ( 'NONE', ( #1821, #3988, #2564, #3221, #1977, #2689, #4756, #2941, #4327, #159, #1595, #1629, #613, #4267, #4055, #5291, #5384, #4703, #221, #4824, #1127, #2438, #4526, #4115, #5670, #2541, #1431, #3926, #2815, #3125, #4222, #2727, #3642, #6, #4657, #5075, #908, #5119, #2105, #1552, #4886, #4087, #5554, #5261, #3678, #3723, #2592, #4005, #990, #2233, #152, #3740, #4181, #1838, #4485, #4039, #2003, #5651, #4617, #2128, #1900, #3877, #1256, #2423, #4470, #2837, #4225, #389, #4600, #5576, #5107, #1238, #3937, #28, #2642, #3913, #2469, #4784, #4422, #4404, #5331, #2194, #2626, #155, #2743, #5021, #1218, #2402, #947, #3022, #4670, #1160, #4337, #1496, #3783, #5134, #3692, #4695, #2124, #4364, #257, #611, #756, #681, #1399, #3816, #2869, #4827, #1446, #3553, #1461, #2328, #1751, #421, #1634, #1923, #4078, #5663, #176, #1765, #3260, #3325, #486, #581, #2875, #2827, #2065, #364, #3268, #3773, #447, #5428, #5374, #4653, #1272, #1768, #1137, #3399, #848, #1231, #2709, #1840, #701, #1300, #4881, #840, #2583, #2762, #4584, #4649, #900, #2057, #5286, #142, #3598, #3854, #1612, #2661, #5176, #1584, #3498, #2675, #3784, #5536, #2051, #588, #1477, #2319, #398, #995 ) ) ;
#2482 = ORIENTED_EDGE ( 'NONE', *, *, #4103, .T. ) ;
#2483 = PLANE ( 'NONE',  #1576 ) ;
#2484 = CARTESIAN_POINT ( 'NONE',  ( 324.8999999999999773, 1.223700000000000010, 5.000000000000000000 ) ) ;
#2485 = DIRECTION ( 'NONE',  ( -0.000000000000000000, -0.000000000000000000, -1.000000000000000000 ) ) ;
#2486 = ORIENTED_EDGE ( 'NONE', *, *, #2089, .F. ) ;
#2487 = VERTEX_POINT ( 'NONE', #5212 ) ;
#2488 = AXIS2_PLACEMENT_3D ( 'NONE', #3269, #665, #1991 ) ;
#2489 = EDGE_CURVE ( 'NONE', #3824, #5656, #3017, .T. ) ;
#2490 = VERTEX_POINT ( 'NONE', #3849 ) ;
#2491 = DIRECTION ( 'NONE',  ( -0.9871242698175232144, 0.1599552310405054079, 0.000000000000000000 ) ) ;
#2492 = VECTOR ( 'NONE', #1782, 1000.000000000000114 ) ;
#2493 = CARTESIAN_POINT ( 'NONE',  ( 111.1350000000000051, 121.7000000000000028, 5.000000000000000000 ) ) ;
#2494 = DIRECTION ( 'NONE',  ( -0.8908112580283464865, 0.4543735275849096200, 0.000000000000000000 ) ) ;
#2495 = EDGE_LOOP ( 'NONE', ( #1709, #1133, #2081, #4124 ) ) ;
#2496 = DIRECTION ( 'NONE',  ( -0.000000000000000000, -0.000000000000000000, -1.000000000000000000 ) ) ;
#2497 = EDGE_CURVE ( 'NONE', #5530, #4929, #1680, .T. ) ;
#2498 = VERTEX_POINT ( 'NONE', #469 ) ;
#2499 = CARTESIAN_POINT ( 'NONE',  ( 326.3360000000000127, 1.451070000000000082, 0.000000000000000000 ) ) ;
#2500 = DIRECTION ( 'NONE',  ( 0.1543157444027945246, -0.9880215842932841275, 0.000000000000000000 ) ) ;
#2501 = FACE_OUTER_BOUND ( 'NONE', #3736, .T. ) ;
#2502 = EDGE_CURVE ( 'NONE', #1600, #3453, #2674, .T. ) ;
#2503 = DIRECTION ( 'NONE',  ( -0.000000000000000000, -0.000000000000000000, -1.000000000000000000 ) ) ;
#2504 = CARTESIAN_POINT ( 'NONE',  ( 4.114840000000000053, 122.5010000000000190, 0.000000000000000000 ) ) ;
#2505 = DIRECTION ( 'NONE',  ( 0.000000000000000000, 0.000000000000000000, -1.000000000000000000 ) ) ;
#2506 = VERTEX_POINT ( 'NONE', #5320 ) ;
#2507 = DIRECTION ( 'NONE',  ( -0.7071067811865335839, 0.7071067811865613395, 0.000000000000000000 ) ) ;
#2508 = ORIENTED_EDGE ( 'NONE', *, *, #4862, .T. ) ;
#2509 = CARTESIAN_POINT ( 'NONE',  ( 110.1950000000000074, 1.143769999999999953, 5.000000000000000000 ) ) ;
#2510 = DIRECTION ( 'NONE',  ( 0.7084857568802659378, -0.7057251110012996431, 0.000000000000000000 ) ) ;
#2511 = EDGE_CURVE ( 'NONE', #1656, #2950, #514, .T. ) ;
#2512 = VERTEX_POINT ( 'NONE', #489 ) ;
#2513 = ORIENTED_EDGE ( 'NONE', *, *, #5231, .T. ) ;
#2514 = AXIS2_PLACEMENT_3D ( 'NONE', #2947, #5226, #4714 ) ;
#2515 = EDGE_LOOP ( 'NONE', ( #2822, #5648, #3922, #2706 ) ) ;
#2516 = DIRECTION ( 'NONE',  ( -0.000000000000000000, -0.000000000000000000, -1.000000000000000000 ) ) ;
#2517 = LINE ( 'NONE', #5169, #2199 ) ;
#2518 = EDGE_CURVE ( 'NONE', #3856, #1144, #1899, .T. ) ;
#2519 = DIRECTION ( 'NONE',  ( -0.000000000000000000, -0.000000000000000000, -1.000000000000000000 ) ) ;
#2520 = VECTOR ( 'NONE', #1872, 1000.000000000000000 ) ;
#2521 = VERTEX_POINT ( 'NONE', #2267 ) ;
#2522 = CARTESIAN_POINT ( 'NONE',  ( 325.3960000000000150, 121.3940000000000055, 0.000000000000000000 ) ) ;
#2523 = EDGE_CURVE ( 'NONE', #3716, #1619, #1374, .T. ) ;
#2524 = VERTEX_POINT ( 'NONE', #2780 ) ;
#2525 = VECTOR ( 'NONE', #847, 1000.000000000000000 ) ;
#2526 = CARTESIAN_POINT ( 'NONE',  ( 4.194740000000000357, 2.745049999999999990, 0.000000000000000000 ) ) ;
#2527 = DIRECTION ( 'NONE',  ( 0.9877141838830448828, 0.1562712096204883494, -0.000000000000000000 ) ) ;
#2528 = CARTESIAN_POINT ( 'NONE',  ( 218.2889999999999873, 1.223700000000000010, 5.000000000000000000 ) ) ;
#2529 = VECTOR ( 'NONE', #1895, 1000.000000000000114 ) ;
#2530 = ORIENTED_EDGE ( 'NONE', *, *, #2089, .T. ) ;
#2531 = LINE ( 'NONE', #5095, #2993 ) ;
#2532 = CARTESIAN_POINT ( 'NONE',  ( 108.8990000000000151, 123.9350000000000023, 0.000000000000000000 ) ) ;
#2533 = CARTESIAN_POINT ( 'NONE',  ( 108.8990000000000151, 1.803850000000000176, 5.000000000000000000 ) ) ;
#2534 = ORIENTED_EDGE ( 'NONE', *, *, #125, .F. ) ;
#2535 = CARTESIAN_POINT ( 'NONE',  ( 1.299490000000000256, 122.0540000000000163, 0.000000000000000000 ) ) ;
#2536 = EDGE_LOOP ( 'NONE', ( #2061, #4165, #1862, #453 ) ) ;
#2537 = EDGE_CURVE ( 'NONE', #1097, #3503, #2299, .T. ) ;
#2538 = DIRECTION ( 'NONE',  ( -0.000000000000000000, -0.000000000000000000, -1.000000000000000000 ) ) ;
#2539 = ORIENTED_EDGE ( 'NONE', *, *, #798, .F. ) ;
#2540 = VERTEX_POINT ( 'NONE', #1842 ) ;
#2541 = ADVANCED_FACE ( 'NONE', ( #4540 ), #3096, .T. ) ;
#2542 = ORIENTED_EDGE ( 'NONE', *, *, #4680, .F. ) ;
#2543 = DIRECTION ( 'NONE',  ( 0.1572637512810249605, 0.9875566376330118246, 0.000000000000000000 ) ) ;
#2544 = AXIS2_PLACEMENT_3D ( 'NONE', #2818, #1382, #2394 ) ;
#2545 = ORIENTED_EDGE ( 'NONE', *, *, #1697, .F. ) ;
#2546 = VECTOR ( 'NONE', #1188, 1000.000000000000114 ) ;
#2547 = LINE ( 'NONE', #1228, #1325 ) ;
#2548 = ORIENTED_EDGE ( 'NONE', *, *, #4363, .F. ) ;
#2549 = LINE ( 'NONE', #426, #2435 ) ;
#2550 = VECTOR ( 'NONE', #3725, 1000.000000000000114 ) ;
#2551 = VECTOR ( 'NONE', #144, 1000.000000000000000 ) ;
#2552 = VERTEX_POINT ( 'NONE', #1430 ) ;
#2553 = DIRECTION ( 'NONE',  ( 0.7083262900088698188, 0.7058851655065930819, 0.000000000000000000 ) ) ;
#2554 = DIRECTION ( 'NONE',  ( -0.1576014570290419081, 0.9875028003718890890, 0.000000000000000000 ) ) ;
#2555 = PLANE ( 'NONE',  #3300 ) ;
#2556 = FACE_OUTER_BOUND ( 'NONE', #3334, .T. ) ;
#2557 = EDGE_CURVE ( 'NONE', #2382, #2882, #973, .T. ) ;
#2558 = DIRECTION ( 'NONE',  ( -0.1533772373344897966, 0.9881677099903839467, 0.000000000000000000 ) ) ;
#2559 = FACE_OUTER_BOUND ( 'NONE', #4379, .T. ) ;
#2560 = FACE_OUTER_BOUND ( 'NONE', #4734, .T. ) ;
#2561 = ORIENTED_EDGE ( 'NONE', *, *, #1211, .F. ) ;
#2562 = DIRECTION ( 'NONE',  ( 0.4559025274266881866, -0.8900297104512622237, 0.000000000000000000 ) ) ;
#2563 = CARTESIAN_POINT ( 'NONE',  ( 216.5010000000000048, 122.0540000000000163, 0.000000000000000000 ) ) ;
#2564 = ADVANCED_FACE ( 'NONE', ( #4944 ), #4070, .F. ) ;
#2565 = CARTESIAN_POINT ( 'NONE',  ( 4.114840000000000053, 123.4890000000000043, 5.000000000000000000 ) ) ;
#2566 = VECTOR ( 'NONE', #5429, 1000.000000000000000 ) ;
#2567 = LINE ( 'NONE', #3879, #1809 ) ;
#2568 = ORIENTED_EDGE ( 'NONE', *, *, #5549, .T. ) ;
#2569 = VERTEX_POINT ( 'NONE', #545 ) ;
#2570 = VECTOR ( 'NONE', #4544, 1000.000000000000227 ) ;
#2571 = ORIENTED_EDGE ( 'NONE', *, *, #136, .F. ) ;
#2572 = CARTESIAN_POINT ( 'NONE',  ( 326.3360000000000127, 1.451070000000000082, 5.000000000000000000 ) ) ;
#2573 = LINE ( 'NONE', #1281, #1181 ) ;
#2574 = EDGE_CURVE ( 'NONE', #3735, #5203, #2356, .T. ) ;
#2575 = ORIENTED_EDGE ( 'NONE', *, *, #5060, .T. ) ;
#2576 = CARTESIAN_POINT ( 'NONE',  ( 109.2540000000000049, 1.451070000000000082, 5.000000000000000000 ) ) ;
#2577 = VECTOR ( 'NONE', #4698, 1000.000000000000000 ) ;
#2578 = ORIENTED_EDGE ( 'NONE', *, *, #3412, .F. ) ;
#2579 = VECTOR ( 'NONE', #1307, 1000.000000000000000 ) ;
#2580 = ORIENTED_EDGE ( 'NONE', *, *, #5233, .T. ) ;
#2581 = CARTESIAN_POINT ( 'NONE',  ( 323.7950000000000159, 2.745049999999999990, 5.000000000000000000 ) ) ;
#2582 = DIRECTION ( 'NONE',  ( 0.1595459401863275894, 0.9871905049027066559, -0.000000000000000000 ) ) ;
#2583 = ADVANCED_FACE ( 'NONE', ( #2720 ), #2692, .T. ) ;
#2584 = CARTESIAN_POINT ( 'NONE',  ( 324.8999999999999773, 1.223700000000000010, 5.000000000000000000 ) ) ;
#2585 = VECTOR ( 'NONE', #2330, 1000.000000000000000 ) ;
#2586 = DIRECTION ( 'NONE',  ( -0.4543735275849096755, -0.8908112580283465975, 0.000000000000000000 ) ) ;
#2587 = CARTESIAN_POINT ( 'NONE',  ( 324.4549999999999841, 121.7000000000000028, 5.000000000000000000 ) ) ;
#2588 = LINE ( 'NONE', #5125, #2393 ) ;
#2589 = LINE ( 'NONE', #3446, #898 ) ;
#2590 = ORIENTED_EDGE ( 'NONE', *, *, #3658, .F. ) ;
#2591 = CARTESIAN_POINT ( 'NONE',  ( 323.8730000000000473, 2.248959999999999848, 0.000000000000000000 ) ) ;
#2592 = ADVANCED_FACE ( 'NONE', ( #3176 ), #4860, .T. ) ;
#2593 = CARTESIAN_POINT ( 'NONE',  ( 326.6899999999999977, 1.803850000000000176, 0.000000000000000000 ) ) ;
#2594 = PLANE ( 'NONE',  #622 ) ;
#2595 = EDGE_CURVE ( 'NONE', #4432, #2882, #2668, .T. ) ;
#2596 = VERTEX_POINT ( 'NONE', #3983 ) ;
#2597 = EDGE_LOOP ( 'NONE', ( #3089, #1219, #3562, #4400 ) ) ;
#2598 = ORIENTED_EDGE ( 'NONE', *, *, #350, .F. ) ;
#2599 = DIRECTION ( 'NONE',  ( 0.7079538235943337865, 0.7062587228899639413, 0.000000000000000000 ) ) ;
#2600 = LINE ( 'NONE', #3132, #2174 ) ;
#2601 = ORIENTED_EDGE ( 'NONE', *, *, #2371, .F. ) ;
#2602 = FACE_OUTER_BOUND ( 'NONE', #3569, .T. ) ;
#2603 = ORIENTED_EDGE ( 'NONE', *, *, #3047, .F. ) ;
#2604 = CARTESIAN_POINT ( 'NONE',  ( 0.000000000000000000, 0.000000000000000000, 0.000000000000000000 ) ) ;
#2605 = EDGE_CURVE ( 'NONE', #4170, #3964, #4914, .T. ) ;
#2606 = ORIENTED_EDGE ( 'NONE', *, *, #2854, .F. ) ;
#2607 = EDGE_CURVE ( 'NONE', #54, #4313, #3206, .T. ) ;
#2608 = AXIS2_PLACEMENT_3D ( 'NONE', #1142, #5545, #4685 ) ;
#2609 = CARTESIAN_POINT ( 'NONE',  ( 216.2719999999999914, 122.5010000000000190, 5.000000000000000000 ) ) ;
#2610 = CARTESIAN_POINT ( 'NONE',  ( 217.3000000000000114, 121.4740000000000180, 0.000000000000000000 ) ) ;
#2611 = EDGE_CURVE ( 'NONE', #4592, #132, #34, .T. ) ;
#2612 = VECTOR ( 'NONE', #4428, 1000.000000000000000 ) ;
#2613 = LINE ( 'NONE', #920, #4040 ) ;
#2614 = PLANE ( 'NONE',  #5118 ) ;
#2615 = VECTOR ( 'NONE', #2353, 1000.000000000000114 ) ;
#2616 = DIRECTION ( 'NONE',  ( -0.7083262900088421743, -0.7058851655066208375, 0.000000000000000000 ) ) ;
#2617 = DIRECTION ( 'NONE',  ( 0.7048854254397458607, 0.7093211804271944976, -0.000000000000000000 ) ) ;
#2618 = ORIENTED_EDGE ( 'NONE', *, *, #3174, .T. ) ;
#2619 = DIRECTION ( 'NONE',  ( 0.8920142723425459330, -0.4520072321735552623, 0.000000000000000000 ) ) ;
#2620 = CARTESIAN_POINT ( 'NONE',  ( 109.7000000000000028, 124.5169999999999959, 5.000000000000000000 ) ) ;
#2621 = EDGE_CURVE ( 'NONE', #2710, #127, #921, .T. ) ;
#2622 = VERTEX_POINT ( 'NONE', #1811 ) ;
#2623 = ORIENTED_EDGE ( 'NONE', *, *, #3351, .T. ) ;
#2624 = ORIENTED_EDGE ( 'NONE', *, *, #634, .T. ) ;
#2625 = DIRECTION ( 'NONE',  ( -0.9872456615083831100, 0.1592042833370856114, 0.000000000000000000 ) ) ;
#2626 = ADVANCED_FACE ( 'NONE', ( #4766 ), #4626, .T. ) ;
#2627 = VECTOR ( 'NONE', #5593, 1000.000000000000114 ) ;
#2628 = DIRECTION ( 'NONE',  ( 0.7072565443460144818, -0.7069569863009589339, 0.000000000000000000 ) ) ;
#2629 = ORIENTED_EDGE ( 'NONE', *, *, #4173, .T. ) ;
#2630 = PLANE ( 'NONE',  #2068 ) ;
#2631 = ORIENTED_EDGE ( 'NONE', *, *, #5007, .T. ) ;
#2632 = CARTESIAN_POINT ( 'NONE',  ( 108.5949999999999989, 2.745049999999999990, 5.000000000000000000 ) ) ;
#2633 = AXIS2_PLACEMENT_3D ( 'NONE', #5068, #4697, #5039 ) ;
#2634 = ORIENTED_EDGE ( 'NONE', *, *, #66, .F. ) ;
#2635 = LINE ( 'NONE', #3896, #2098 ) ;
#2636 = AXIS2_PLACEMENT_3D ( 'NONE', #1902, #5437, #606 ) ;
#2637 = CARTESIAN_POINT ( 'NONE',  ( 218.2889999999999873, 1.223700000000000010, 5.000000000000000000 ) ) ;
#2638 = EDGE_CURVE ( 'NONE', #2178, #3111, #3724, .T. ) ;
#2639 = VECTOR ( 'NONE', #5450, 1000.000000000000114 ) ;
#2640 = DIRECTION ( 'NONE',  ( 0.4520549723629646577, -0.8919900795199009469, 0.000000000000000000 ) ) ;
#2641 = DIRECTION ( 'NONE',  ( 0.4543735275849316024, -0.8908112580283352733, 0.000000000000000000 ) ) ;
#2642 = ADVANCED_FACE ( 'NONE', ( #4214 ), #3294, .T. ) ;
#2643 = DIRECTION ( 'NONE',  ( 0.8904950446498858252, -0.4549929400045650274, 0.000000000000000000 ) ) ;
#2644 = DIRECTION ( 'NONE',  ( -0.9872093450064358677, -0.1594293233127573872, 0.000000000000000000 ) ) ;
#2645 = ORIENTED_EDGE ( 'NONE', *, *, #2459, .T. ) ;
#2646 = CARTESIAN_POINT ( 'NONE',  ( 109.2540000000000049, 121.7000000000000028, 0.000000000000000000 ) ) ;
#2647 = PLANE ( 'NONE',  #3920 ) ;
#2648 = CARTESIAN_POINT ( 'NONE',  ( 111.7159999999999940, 122.5010000000000190, 0.000000000000000000 ) ) ;
#2649 = ORIENTED_EDGE ( 'NONE', *, *, #5057, .F. ) ;
#2650 = EDGE_CURVE ( 'NONE', #3052, #958, #5492, .T. ) ;
#2651 = ORIENTED_EDGE ( 'NONE', *, *, #3865, .T. ) ;
#2652 = VECTOR ( 'NONE', #373, 1000.000000000000114 ) ;
#2653 = ORIENTED_EDGE ( 'NONE', *, *, #4847, .T. ) ;
#2654 = CARTESIAN_POINT ( 'NONE',  ( 216.2719999999999914, 122.5010000000000190, 0.000000000000000000 ) ) ;
#2655 = DIRECTION ( 'NONE',  ( 0.7081034065937691357, -0.7061087491104320879, 0.000000000000000000 ) ) ;
#2656 = VERTEX_POINT ( 'NONE', #2839 ) ;
#2657 = ORIENTED_EDGE ( 'NONE', *, *, #4202, .T. ) ;
#2658 = PLANE ( 'NONE',  #5093 ) ;
#2659 = ORIENTED_EDGE ( 'NONE', *, *, #3068, .F. ) ;
#2660 = PERSON_AND_ORGANIZATION ( #2303, #3712 ) ;
#2661 = ADVANCED_FACE ( 'NONE', ( #4155 ), #2441, .T. ) ;
#2662 = ORIENTED_EDGE ( 'NONE', *, *, #1043, .T. ) ;
#2663 = VECTOR ( 'NONE', #4482, 1000.000000000000114 ) ;
#2664 = DIRECTION ( 'NONE',  ( -0.8908112580283351623, 0.4543735275849321020, 0.000000000000000000 ) ) ;
#2665 = EDGE_CURVE ( 'NONE', #2866, #5171, #2385, .T. ) ;
#2666 = CARTESIAN_POINT ( 'NONE',  ( 326.3360000000000127, 4.039019999999999833, 5.000000000000000000 ) ) ;
#2667 = PLANE ( 'NONE',  #3403 ) ;
#2668 = LINE ( 'NONE', #3641, #530 ) ;
#2669 = LINE ( 'NONE', #1403, #442 ) ;
#2670 = AXIS2_PLACEMENT_3D ( 'NONE', #1049, #2032, #1945 ) ;
#2671 = CARTESIAN_POINT ( 'NONE',  ( 3.534660000000000135, 4.039019999999999833, 0.000000000000000000 ) ) ;
#2672 = CARTESIAN_POINT ( 'NONE',  ( 1.072109999999999896, 122.5010000000000190, 5.000000000000000000 ) ) ;
#2673 = DIRECTION ( 'NONE',  ( 0.1582248390206102417, 0.9874031093311901319, 0.000000000000000000 ) ) ;
#2674 = LINE ( 'NONE', #4013, #4309 ) ;
#2675 = ADVANCED_FACE ( 'NONE', ( #4570 ), #2870, .T. ) ;
#2676 = CARTESIAN_POINT ( 'NONE',  ( 108.8990000000000151, 1.803850000000000176, 5.000000000000000000 ) ) ;
#2677 = ORIENTED_EDGE ( 'NONE', *, *, #1971, .T. ) ;
#2678 = EDGE_LOOP ( 'NONE', ( #4709, #2571, #4413, #4981 ) ) ;
#2679 = EDGE_LOOP ( 'NONE', ( #2395, #2738, #2117, #2917 ) ) ;
#2680 = CARTESIAN_POINT ( 'NONE',  ( 2.594850000000000101, 4.344949999999999868, 5.000000000000000000 ) ) ;
#2681 = CARTESIAN_POINT ( 'NONE',  ( 325.3960000000000150, 1.143769999999999953, 0.000000000000000000 ) ) ;
#2682 = EDGE_LOOP ( 'NONE', ( #1550, #4199, #4871, #3685 ) ) ;
#2683 = ORIENTED_EDGE ( 'NONE', *, *, #2255, .F. ) ;
#2684 = CARTESIAN_POINT ( 'NONE',  ( 111.1350000000000051, 121.7000000000000028, 0.000000000000000000 ) ) ;
#2685 = ORIENTED_EDGE ( 'NONE', *, *, #5201, .T. ) ;
#2686 = CALENDAR_DATE ( 2026, 22, 9 ) ;
#2687 = ORIENTED_EDGE ( 'NONE', *, *, #858, .F. ) ;
#2688 = DIRECTION ( 'NONE',  ( -0.000000000000000000, -0.000000000000000000, -1.000000000000000000 ) ) ;
#2689 = ADVANCED_FACE ( 'NONE', ( #4102 ), #688, .F. ) ;
#2690 = DIRECTION ( 'NONE',  ( -0.9871105220788048973, -0.1600400487418979223, 0.000000000000000000 ) ) ;
#2691 = VECTOR ( 'NONE', #5042, 1000.000000000000114 ) ;
#2692 = PLANE ( 'NONE',  #1643 ) ;
#2693 = LINE ( 'NONE', #3177, #4382 ) ;
#2694 = DIRECTION ( 'NONE',  ( -0.000000000000000000, 1.000000000000000000, -0.000000000000000000 ) ) ;
#2695 = CARTESIAN_POINT ( 'NONE',  ( 316.8949999999999818, 15.24380000000000024, 5.000000000000000000 ) ) ;
#2696 = LINE ( 'NONE', #2724, #871 ) ;
#2697 = VECTOR ( 'NONE', #3092, 1000.000000000000114 ) ;
#2698 = VECTOR ( 'NONE', #2496, 1000.000000000000000 ) ;
#2699 = PLANE ( 'NONE',  #2544 ) ;
#2700 = ORIENTED_EDGE ( 'NONE', *, *, #358, .T. ) ;
#2701 = ORIENTED_EDGE ( 'NONE', *, *, #2239, .F. ) ;
#2702 = EDGE_CURVE ( 'NONE', #885, #2063, #2120, .T. ) ;
#2703 = ORIENTED_EDGE ( 'NONE', *, *, #87, .T. ) ;
#2704 = LINE ( 'NONE', #4381, #5159 ) ;
#2705 = DIRECTION ( 'NONE',  ( 0.9872124837542692877, -0.1594098865181407254, 0.000000000000000000 ) ) ;
#2706 = ORIENTED_EDGE ( 'NONE', *, *, #1806, .T. ) ;
#2707 = ORIENTED_EDGE ( 'NONE', *, *, #3195, .T. ) ;
#2708 = CARTESIAN_POINT ( 'NONE',  ( 111.1350000000000051, 1.451070000000000082, 5.000000000000000000 ) ) ;
#2709 = ADVANCED_FACE ( 'NONE', ( #203 ), #3757, .T. ) ;
#2710 = VERTEX_POINT ( 'NONE', #5031 ) ;
#2711 = CARTESIAN_POINT ( 'NONE',  ( 110.1950000000000074, 121.3940000000000055, 5.000000000000000000 ) ) ;
#2712 = ORIENTED_EDGE ( 'NONE', *, *, #2446, .F. ) ;
#2713 = DIRECTION ( 'NONE',  ( 0.1593515750220751426, -0.9872218978213478380, 0.000000000000000000 ) ) ;
#2714 = FACE_OUTER_BOUND ( 'NONE', #5396, .T. ) ;
#2715 = DIRECTION ( 'NONE',  ( -0.9872598878091026764, -0.1591160391763127013, 0.000000000000000000 ) ) ;
#2716 = AXIS2_PLACEMENT_3D ( 'NONE', #436, #2984, #4338 ) ;
#2717 = EDGE_CURVE ( 'NONE', #3507, #3242, #5625, .T. ) ;
#2718 = LINE ( 'NONE', #3639, #93 ) ;
#2719 = VECTOR ( 'NONE', #1149, 1000.000000000000114 ) ;
#2720 = FACE_OUTER_BOUND ( 'NONE', #2005, .T. ) ;
#2721 = CARTESIAN_POINT ( 'NONE',  ( 327.8960000000000150, 0.2439130000000000187, 5.000000000000000000 ) ) ;
#2722 = LINE ( 'NONE', #2269, #1749 ) ;
#2723 = LINE ( 'NONE', #4483, #1853 ) ;
#2724 = CARTESIAN_POINT ( 'NONE',  ( 325.8890000000000668, 4.265010000000000190, 0.000000000000000000 ) ) ;
#2725 = VECTOR ( 'NONE', #1220, 1000.000000000000000 ) ;
#2726 = VECTOR ( 'NONE', #1868, 999.9999999999998863 ) ;
#2727 = ADVANCED_FACE ( 'NONE', ( #1989 ), #3324, .T. ) ;
#2728 = VECTOR ( 'NONE', #3747, 1000.000000000000114 ) ;
#2729 = PLANE ( 'NONE',  #2919 ) ;
#2730 = CARTESIAN_POINT ( 'NONE',  ( 111.1350000000000051, 1.451070000000000082, 0.000000000000000000 ) ) ;
#2731 = ORIENTED_EDGE ( 'NONE', *, *, #3039, .T. ) ;
#2732 = ORIENTED_EDGE ( 'NONE', *, *, #2179, .T. ) ;
#2733 = EDGE_CURVE ( 'NONE', #1437, #2382, #3428, .T. ) ;
#2734 = ORIENTED_EDGE ( 'NONE', *, *, #3124, .F. ) ;
#2735 = FACE_OUTER_BOUND ( 'NONE', #5025, .T. ) ;
#2736 = DIRECTION ( 'NONE',  ( -0.000000000000000000, -0.000000000000000000, -1.000000000000000000 ) ) ;
#2737 = EDGE_LOOP ( 'NONE', ( #1852, #2439, #3217, #3776 ) ) ;
#2738 = ORIENTED_EDGE ( 'NONE', *, *, #3010, .F. ) ;
#2739 = ORIENTED_EDGE ( 'NONE', *, *, #5583, .F. ) ;
#2740 = CARTESIAN_POINT ( 'NONE',  ( 323.7950000000000159, 2.745049999999999990, 0.000000000000000000 ) ) ;
#2741 = VECTOR ( 'NONE', #1664, 1000.000000000000114 ) ;
#2742 = ORIENTED_EDGE ( 'NONE', *, *, #2037, .F. ) ;
#2743 = ADVANCED_FACE ( 'NONE', ( #1933 ), #5193, .T. ) ;
#2744 = CARTESIAN_POINT ( 'NONE',  ( 4.114840000000000053, 2.248959999999999848, 5.000000000000000000 ) ) ;
#2745 = DIRECTION ( 'NONE',  ( 0.8904950446498858252, -0.4549929400045650274, 0.000000000000000000 ) ) ;
#2746 = ORIENTED_EDGE ( 'NONE', *, *, #1856, .F. ) ;
#2747 = DIRECTION ( 'NONE',  ( -0.9880215842932849046, 0.1543157444027903058, 0.000000000000000000 ) ) ;
#2748 = CARTESIAN_POINT ( 'NONE',  ( 324.1010000000000559, 3.684870000000000090, 5.000000000000000000 ) ) ;
#2749 = VECTOR ( 'NONE', #1068, 1000.000000000000000 ) ;
#2750 = EDGE_CURVE ( 'NONE', #2279, #1938, #3672, .T. ) ;
#2751 = CARTESIAN_POINT ( 'NONE',  ( 109.2540000000000049, 121.7000000000000028, 5.000000000000000000 ) ) ;
#2752 = DIRECTION ( 'NONE',  ( -0.7072565443460006041, -0.7069569863009725896, 0.000000000000000000 ) ) ;
#2753 = CARTESIAN_POINT ( 'NONE',  ( 218.2889999999999873, 121.4740000000000180, 5.000000000000000000 ) ) ;
#2754 = LINE ( 'NONE', #3297, #5067 ) ;
#2755 = LINE ( 'NONE', #1069, #4730 ) ;
#2756 = VECTOR ( 'NONE', #2643, 1000.000000000000227 ) ;
#2757 = ORIENTED_EDGE ( 'NONE', *, *, #1055, .T. ) ;
#2758 = VECTOR ( 'NONE', #1798, 1000.000000000000000 ) ;
#2759 = CARTESIAN_POINT ( 'NONE',  ( 110.6880000000000024, 124.5169999999999959, 5.000000000000000000 ) ) ;
#2760 = LINE ( 'NONE', #4019, #3365 ) ;
#2761 = ORIENTED_EDGE ( 'NONE', *, *, #5469, .T. ) ;
#2762 = ADVANCED_FACE ( 'NONE', ( #636 ), #422, .T. ) ;
#2763 = ORIENTED_EDGE ( 'NONE', *, *, #200, .F. ) ;
#2764 = EDGE_LOOP ( 'NONE', ( #3103, #4904, #169, #2530 ) ) ;
#2765 = DIRECTION ( 'NONE',  ( -0.4512020778594383330, -0.8924218088635695878, 0.000000000000000000 ) ) ;
#2766 = EDGE_CURVE ( 'NONE', #1144, #4170, #880, .T. ) ;
#2767 = LINE ( 'NONE', #652, #4390 ) ;
#2768 = ORIENTED_EDGE ( 'NONE', *, *, #5038, .T. ) ;
#2769 = ORIENTED_EDGE ( 'NONE', *, *, #851, .T. ) ;
#2770 = APPROVAL_DATE_TIME ( #994, #433 ) ;
#2771 = ORIENTED_EDGE ( 'NONE', *, *, #3902, .T. ) ;
#2772 = CARTESIAN_POINT ( 'NONE',  ( 3.088179999999999925, 121.4740000000000180, 5.000000000000000000 ) ) ;
#2773 = LINE ( 'NONE', #4476, #1539 ) ;
#2774 = EDGE_LOOP ( 'NONE', ( #2362, #1712, #4083, #846 ) ) ;
#2775 = CARTESIAN_POINT ( 'NONE',  ( 110.6880000000000024, 124.5169999999999959, 0.000000000000000000 ) ) ;
#2776 = EDGE_CURVE ( 'NONE', #1046, #4736, #2175, .T. ) ;
#2777 = PLANE ( 'NONE',  #3830 ) ;
#2778 = EDGE_CURVE ( 'NONE', #137, #3401, #936, .T. ) ;
#2779 = CARTESIAN_POINT ( 'NONE',  ( 218.7359999999999900, 1.451070000000000082, 0.000000000000000000 ) ) ;
#2780 = CARTESIAN_POINT ( 'NONE',  ( 218.7359999999999900, 4.039019999999999833, 5.000000000000000000 ) ) ;
#2781 = DIRECTION ( 'NONE',  ( -0.7069569863009727007, 0.7072565443460007151, 0.000000000000000000 ) ) ;
#2782 = PLANE ( 'NONE',  #4966 ) ;
#2783 = LINE ( 'NONE', #4073, #5515 ) ;
#2784 = DIRECTION ( 'NONE',  ( 0.8904950446498628436, -0.4549929400046100469, 0.000000000000000000 ) ) ;
#2785 = EDGE_CURVE ( 'NONE', #5040, #2178, #4352, .T. ) ;
#2786 = ORIENTED_EDGE ( 'NONE', *, *, #4456, .F. ) ;
#2787 = CARTESIAN_POINT ( 'NONE',  ( 323.7950000000000159, 122.9939999999999998, 5.000000000000000000 ) ) ;
#2788 = CARTESIAN_POINT ( 'NONE',  ( 110.1950000000000074, 4.344949999999999868, 5.000000000000000000 ) ) ;
#2789 = VECTOR ( 'NONE', #2507, 1000.000000000000114 ) ;
#2790 = ORIENTED_EDGE ( 'NONE', *, *, #1395, .F. ) ;
#2791 = ORIENTED_EDGE ( 'NONE', *, *, #4950, .F. ) ;
#2792 = VECTOR ( 'NONE', #3411, 1000.000000000000000 ) ;
#2793 = VERTEX_POINT ( 'NONE', #4848 ) ;
#2794 = FACE_OUTER_BOUND ( 'NONE', #440, .T. ) ;
#2795 = CARTESIAN_POINT ( 'NONE',  ( 216.2719999999999914, 2.248959999999999848, 0.000000000000000000 ) ) ;
#2796 = ORIENTED_EDGE ( 'NONE', *, *, #2304, .T. ) ;
#2797 = VECTOR ( 'NONE', #542, 1000.000000000000000 ) ;
#2798 = ORIENTED_EDGE ( 'NONE', *, *, #5243, .T. ) ;
#2799 = DIRECTION ( 'NONE',  ( 0.000000000000000000, 1.000000000000000000, -0.000000000000000000 ) ) ;
#2800 = EDGE_CURVE ( 'NONE', #4313, #4689, #2254, .T. ) ;
#2801 = ORIENTED_EDGE ( 'NONE', *, *, #2195, .F. ) ;
#2802 = CARTESIAN_POINT ( 'NONE',  ( 108.6720000000000113, 122.5010000000000190, 0.000000000000000000 ) ) ;
#2803 = DIRECTION ( 'NONE',  ( 0.7069569863009309563, 0.7072565443460422374, 0.000000000000000000 ) ) ;
#2804 = ORIENTED_EDGE ( 'NONE', *, *, #1035, .F. ) ;
#2805 = CARTESIAN_POINT ( 'NONE',  ( 3.088179999999999925, 4.265010000000000190, 0.000000000000000000 ) ) ;
#2806 = CARTESIAN_POINT ( 'NONE',  ( 216.8549999999999898, 121.7000000000000028, 5.000000000000000000 ) ) ;
#2807 = DIRECTION ( 'NONE',  ( -0.8911057429423656639, 0.4537957193442161974, 0.000000000000000000 ) ) ;
#2808 = VECTOR ( 'NONE', #3826, 1000.000000000000114 ) ;
#2809 = LINE ( 'NONE', #3758, #255 ) ;
#2810 = DIRECTION ( 'NONE',  ( -0.000000000000000000, -1.000000000000000000, -0.000000000000000000 ) ) ;
#2811 = LINE ( 'NONE', #640, #2585 ) ;
#2812 = DIRECTION ( 'NONE',  ( -0.8924298478293074544, 0.4511861774294056437, 0.000000000000000000 ) ) ;
#2813 = ORIENTED_EDGE ( 'NONE', *, *, #5624, .F. ) ;
#2814 = AXIS2_PLACEMENT_3D ( 'NONE', #2140, #4839, #3421 ) ;
#2815 = ADVANCED_FACE ( 'NONE', ( #855 ), #76, .T. ) ;
#2816 = LINE ( 'NONE', #153, #2099 ) ;
#2817 = AXIS2_PLACEMENT_3D ( 'NONE', #2533, #2617, #1269 ) ;
#2818 = CARTESIAN_POINT ( 'NONE',  ( 218.2889999999999873, 121.4740000000000180, 5.000000000000000000 ) ) ;
#2819 = ORIENTED_EDGE ( 'NONE', *, *, #2933, .F. ) ;
#2820 = DIRECTION ( 'NONE',  ( -0.4516204456943435641, 0.8922101619186156851, 0.000000000000000000 ) ) ;
#2821 = AXIS2_PLACEMENT_3D ( 'NONE', #3267, #805, #4828 ) ;
#2822 = ORIENTED_EDGE ( 'NONE', *, *, #5246, .F. ) ;
#2823 = VECTOR ( 'NONE', #2881, 1000.000000000000000 ) ;
#2824 = ORIENTED_EDGE ( 'NONE', *, *, #4351, .F. ) ;
#2825 = CARTESIAN_POINT ( 'NONE',  ( 323.8730000000000473, 3.238389999999999880, 5.000000000000000000 ) ) ;
#2826 = LINE ( 'NONE', #1021, #3648 ) ;
#2827 = ADVANCED_FACE ( 'NONE', ( #1389 ), #4875, .T. ) ;
#2828 = ORIENTED_EDGE ( 'NONE', *, *, #3443, .T. ) ;
#2829 = EDGE_LOOP ( 'NONE', ( #3939, #5417, #1364, #1953 ) ) ;
#2830 = FACE_OUTER_BOUND ( 'NONE', #820, .T. ) ;
#2831 = ORIENTED_EDGE ( 'NONE', *, *, #3840, .T. ) ;
#2832 = PLANE ( 'NONE',  #1657 ) ;
#2833 = CARTESIAN_POINT ( 'NONE',  ( 216.8549999999999898, 4.039019999999999833, 0.000000000000000000 ) ) ;
#2834 = CARTESIAN_POINT ( 'NONE',  ( 108.8990000000000151, 122.0540000000000163, 5.000000000000000000 ) ) ;
#2835 = ORIENTED_EDGE ( 'NONE', *, *, #125, .T. ) ;
#2836 = CARTESIAN_POINT ( 'NONE',  ( 217.7949999999999875, 1.143769999999999953, 5.000000000000000000 ) ) ;
#2837 = ADVANCED_FACE ( 'NONE', ( #4412 ), #3027, .T. ) ;
#2838 = VECTOR ( 'NONE', #1401, 1000.000000000000000 ) ;
#2839 = CARTESIAN_POINT ( 'NONE',  ( 4.194740000000000357, 2.745049999999999990, 5.000000000000000000 ) ) ;
#2840 = EDGE_CURVE ( 'NONE', #4136, #1390, #2600, .T. ) ;
#2841 = CARTESIAN_POINT ( 'NONE',  ( 109.2540000000000049, 121.7000000000000028, 0.000000000000000000 ) ) ;
#2842 = CARTESIAN_POINT ( 'NONE',  ( 216.5010000000000048, 3.684870000000000090, 0.000000000000000000 ) ) ;
#2843 = DIRECTION ( 'NONE',  ( -0.1553213958544118756, 0.9878639906332434828, 0.000000000000000000 ) ) ;
#2844 = LINE ( 'NONE', #3788, #4445 ) ;
#2845 = ORIENTED_EDGE ( 'NONE', *, *, #4579, .T. ) ;
#2846 = AXIS2_PLACEMENT_3D ( 'NONE', #1632, #1663, #2599 ) ;
#2847 = VECTOR ( 'NONE', #2112, 1000.000000000000000 ) ;
#2848 = VECTOR ( 'NONE', #3584, 1000.000000000000114 ) ;
#2849 = CARTESIAN_POINT ( 'NONE',  ( 111.7159999999999940, 3.238389999999999880, 5.000000000000000000 ) ) ;
#2850 = ORIENTED_EDGE ( 'NONE', *, *, #2989, .F. ) ;
#2851 = EDGE_LOOP ( 'NONE', ( #4127, #4063, #2761, #4795 ) ) ;
#2852 = FACE_OUTER_BOUND ( 'NONE', #1803, .T. ) ;
#2853 = ORIENTED_EDGE ( 'NONE', *, *, #2785, .F. ) ;
#2854 = EDGE_CURVE ( 'NONE', #4613, #126, #2573, .T. ) ;
#2855 = VECTOR ( 'NONE', #2373, 1000.000000000000114 ) ;
#2856 = ORIENTED_EDGE ( 'NONE', *, *, #554, .F. ) ;
#2857 = LINE ( 'NONE', #3743, #2305 ) ;
#2858 = CARTESIAN_POINT ( 'NONE',  ( 323.8730000000000473, 3.238389999999999880, 5.000000000000000000 ) ) ;
#2859 = ORIENTED_EDGE ( 'NONE', *, *, #4048, .F. ) ;
#2860 = AXIS2_PLACEMENT_3D ( 'NONE', #935, #2253, #4899 ) ;
#2861 = ORIENTED_EDGE ( 'NONE', *, *, #1775, .F. ) ;
#2862 = ORIENTED_EDGE ( 'NONE', *, *, #5144, .T. ) ;
#2863 = CARTESIAN_POINT ( 'NONE',  ( 326.9159999999999968, 3.238389999999999880, 0.000000000000000000 ) ) ;
#2864 = FACE_OUTER_BOUND ( 'NONE', #2391, .T. ) ;
#2865 = CARTESIAN_POINT ( 'NONE',  ( 1.299490000000000256, 122.0540000000000163, 5.000000000000000000 ) ) ;
#2866 = VERTEX_POINT ( 'NONE', #5333 ) ;
#2867 = DIRECTION ( 'NONE',  ( -0.000000000000000000, -0.000000000000000000, -1.000000000000000000 ) ) ;
#2868 = EDGE_CURVE ( 'NONE', #5219, #3992, #5308, .T. ) ;
#2869 = ADVANCED_FACE ( 'NONE', ( #394 ), #3918, .T. ) ;
#2870 = PLANE ( 'NONE',  #720 ) ;
#2871 = LINE ( 'NONE', #5117, #2550 ) ;
#2872 = CARTESIAN_POINT ( 'NONE',  ( 109.2540000000000049, 4.039019999999999833, 0.000000000000000000 ) ) ;
#2873 = LINE ( 'NONE', #693, #597 ) ;
#2874 = ORIENTED_EDGE ( 'NONE', *, *, #2008, .F. ) ;
#2875 = ADVANCED_FACE ( 'NONE', ( #4793 ), #2202, .T. ) ;
#2876 = CARTESIAN_POINT ( 'NONE',  ( 111.4890000000000043, 1.803850000000000176, 0.000000000000000000 ) ) ;
#2877 = ORIENTED_EDGE ( 'NONE', *, *, #2077, .F. ) ;
#2878 = ORIENTED_EDGE ( 'NONE', *, *, #4205, .T. ) ;
#2879 = DIRECTION ( 'NONE',  ( -0.000000000000000000, -0.000000000000000000, -1.000000000000000000 ) ) ;
#2880 = EDGE_LOOP ( 'NONE', ( #3509, #23, #5537, #2937 ) ) ;
#2881 = DIRECTION ( 'NONE',  ( -0.000000000000000000, -0.000000000000000000, -1.000000000000000000 ) ) ;
#2882 = VERTEX_POINT ( 'NONE', #1308 ) ;
#2883 = VECTOR ( 'NONE', #1533, 1000.000000000000114 ) ;
#2884 = DIRECTION ( 'NONE',  ( -0.000000000000000000, -0.000000000000000000, -1.000000000000000000 ) ) ;
#2885 = CARTESIAN_POINT ( 'NONE',  ( 2.100130000000000052, 4.265010000000000190, 5.000000000000000000 ) ) ;
#2886 = EDGE_LOOP ( 'NONE', ( #50, #3264, #501, #4877 ) ) ;
#2887 = ORIENTED_EDGE ( 'NONE', *, *, #191, .F. ) ;
#2888 = EDGE_CURVE ( 'NONE', #4954, #2622, #1714, .T. ) ;
#2889 = VECTOR ( 'NONE', #5634, 1000.000000000000227 ) ;
#2890 = ORIENTED_EDGE ( 'NONE', *, *, #4743, .F. ) ;
#2891 = LINE ( 'NONE', #3228, #4866 ) ;
#2892 = EDGE_CURVE ( 'NONE', #2352, #5526, #1743, .T. ) ;
#2893 = AXIS2_PLACEMENT_3D ( 'NONE', #5086, #227, #4566 ) ;
#2894 = DIRECTION ( 'NONE',  ( -0.8903987221554817699, -0.4551814095323809539, 0.000000000000000000 ) ) ;
#2895 = DIRECTION ( 'NONE',  ( 0.7081034065937691357, -0.7061087491104320879, 0.000000000000000000 ) ) ;
#2896 = ORIENTED_EDGE ( 'NONE', *, *, #3531, .T. ) ;
#2897 = CARTESIAN_POINT ( 'NONE',  ( 325.8890000000000668, 121.4740000000000180, 0.000000000000000000 ) ) ;
#2898 = CARTESIAN_POINT ( 'NONE',  ( 3.088179999999999925, 121.4740000000000180, 5.000000000000000000 ) ) ;
#2899 = DIRECTION ( 'NONE',  ( 0.1599325745169778434, 0.9871279408508155662, -0.000000000000000000 ) ) ;
#2900 = LINE ( 'NONE', #808, #2384 ) ;
#2901 = LINE ( 'NONE', #779, #4237 ) ;
#2902 = EDGE_CURVE ( 'NONE', #1437, #4432, #1771, .T. ) ;
#2903 = CARTESIAN_POINT ( 'NONE',  ( 327.8960000000000150, 125.4939999999999998, 5.000000000000000000 ) ) ;
#2904 = VECTOR ( 'NONE', #4118, 1000.000000000000000 ) ;
#2905 = DIRECTION ( 'NONE',  ( -0.9871951394668211366, -0.1595172611759729797, 0.000000000000000000 ) ) ;
#2906 = DIRECTION ( 'NONE',  ( -0.8905970137628033134, 0.4547933146790716918, 0.000000000000000000 ) ) ;
#2907 = VERTEX_POINT ( 'NONE', #4587 ) ;
#2908 = FACE_OUTER_BOUND ( 'NONE', #4935, .T. ) ;
#2909 = VERTEX_POINT ( 'NONE', #3592 ) ;
#2910 = EDGE_CURVE ( 'NONE', #4825, #5539, #4495, .T. ) ;
#2911 = VECTOR ( 'NONE', #758, 1000.000000000000114 ) ;
#2912 = ORIENTED_EDGE ( 'NONE', *, *, #3426, .T. ) ;
#2913 = LINE ( 'NONE', #3095, #1210 ) ;
#2914 = LINE ( 'NONE', #1569, #5297 ) ;
#2915 = VECTOR ( 'NONE', #999, 1000.000000000000114 ) ;
#2916 = EDGE_CURVE ( 'NONE', #2918, #1418, #2826, .T. ) ;
#2917 = ORIENTED_EDGE ( 'NONE', *, *, #3512, .T. ) ;
#2918 = VERTEX_POINT ( 'NONE', #4527 ) ;
#2919 = AXIS2_PLACEMENT_3D ( 'NONE', #14, #3989, #68 ) ;
#2920 = AXIS2_PLACEMENT_3D ( 'NONE', #3082, #4818, #3459 ) ;
#2921 = ORIENTED_EDGE ( 'NONE', *, *, #3803, .T. ) ;
#2922 = DIRECTION ( 'NONE',  ( -0.8908112580283464865, 0.4543735275849096200, 0.000000000000000000 ) ) ;
#2923 = LINE ( 'NONE', #282, #3936 ) ;
#2924 = CARTESIAN_POINT ( 'NONE',  ( 326.9159999999999968, 122.5010000000000190, 0.000000000000000000 ) ) ;
#2925 = CARTESIAN_POINT ( 'NONE',  ( 325.8890000000000668, 1.223700000000000010, 5.000000000000000000 ) ) ;
#2926 = EDGE_CURVE ( 'NONE', #2340, #4347, #2281, .T. ) ;
#2927 = ORIENTED_EDGE ( 'NONE', *, *, #3464, .F. ) ;
#2928 = CARTESIAN_POINT ( 'NONE',  ( 110.1950000000000074, 1.143769999999999953, 0.000000000000000000 ) ) ;
#2929 = CARTESIAN_POINT ( 'NONE',  ( 108.5949999999999989, 122.9939999999999998, 5.000000000000000000 ) ) ;
#2930 = LINE ( 'NONE', #3787, #3038 ) ;
#2931 = CARTESIAN_POINT ( 'NONE',  ( 326.3360000000000127, 1.451070000000000082, 5.000000000000000000 ) ) ;
#2932 = VECTOR ( 'NONE', #4738, 999.9999999999998863 ) ;
#2933 = EDGE_CURVE ( 'NONE', #5360, #3735, #2767, .T. ) ;
#2934 = DIRECTION ( 'NONE',  ( -0.000000000000000000, -0.000000000000000000, -1.000000000000000000 ) ) ;
#2935 = DIRECTION ( 'NONE',  ( -0.9871073587932579496, 0.1600595583406319855, 0.000000000000000000 ) ) ;
#2936 = FACE_BOUND ( 'NONE', #4431, .T. ) ;
#2937 = ORIENTED_EDGE ( 'NONE', *, *, #4931, .T. ) ;
#2938 = CARTESIAN_POINT ( 'NONE',  ( 111.4890000000000043, 123.9350000000000023, 5.000000000000000000 ) ) ;
#2939 = EDGE_LOOP ( 'NONE', ( #5480, #523, #1341, #2995 ) ) ;
#2940 = CARTESIAN_POINT ( 'NONE',  ( 219.3950000000000102, 2.745049999999999990, 5.000000000000000000 ) ) ;
#2941 = ADVANCED_FACE ( 'NONE', ( #4086 ), #4027, .T. ) ;
#2942 = ORIENTED_EDGE ( 'NONE', *, *, #214, .T. ) ;
#2943 = ORIENTED_EDGE ( 'NONE', *, *, #5412, .F. ) ;
#2944 = ORIENTED_EDGE ( 'NONE', *, *, #3973, .F. ) ;
#2945 = VECTOR ( 'NONE', #3916, 1000.000000000000000 ) ;
#2946 = DIRECTION ( 'NONE',  ( 0.9871616537672034397, 0.1597243542218899914, 0.000000000000000000 ) ) ;
#2947 = CARTESIAN_POINT ( 'NONE',  ( 326.9159999999999968, 3.238389999999999880, 5.000000000000000000 ) ) ;
#2948 = ORIENTED_EDGE ( 'NONE', *, *, #1630, .T. ) ;
#2949 = CARTESIAN_POINT ( 'NONE',  ( 216.5010000000000048, 122.0540000000000163, 5.000000000000000000 ) ) ;
#2950 = VERTEX_POINT ( 'NONE', #3283 ) ;
#2951 = DIRECTION ( 'NONE',  ( -0.4559528082269453386, 0.8900039531765925327, 0.000000000000000000 ) ) ;
#2952 = DIRECTION ( 'NONE',  ( 0.8904950446498628436, -0.4549929400046100469, 0.000000000000000000 ) ) ;
#2953 = DIRECTION ( 'NONE',  ( -0.9871905049027066559, 0.1595459401863275894, 0.000000000000000000 ) ) ;
#2954 = CARTESIAN_POINT ( 'NONE',  ( 1.653650000000000064, 121.7000000000000028, 5.000000000000000000 ) ) ;
#2955 = EDGE_CURVE ( 'NONE', #3429, #674, #162, .T. ) ;
#2956 = PRODUCT_RELATED_PRODUCT_CATEGORY ( 'detail', '', ( #5204 ) ) ;
#2957 = DIRECTION ( 'NONE',  ( -0.1596370835983917935, 0.9871757703368737591, 0.000000000000000000 ) ) ;
#2958 = EDGE_CURVE ( 'NONE', #3285, #126, #3160, .T. ) ;
#2959 = CARTESIAN_POINT ( 'NONE',  ( 3.534660000000000135, 124.2890000000000157, 5.000000000000000000 ) ) ;
#2960 = CARTESIAN_POINT ( 'NONE',  ( 111.7159999999999940, 2.248959999999999848, 5.000000000000000000 ) ) ;
#2961 = ORIENTED_EDGE ( 'NONE', *, *, #4332, .T. ) ;
#2962 = CARTESIAN_POINT ( 'NONE',  ( 111.4890000000000043, 123.9350000000000023, 0.000000000000000000 ) ) ;
#2963 = VERTEX_POINT ( 'NONE', #3624 ) ;
#2964 = CARTESIAN_POINT ( 'NONE',  ( 216.2719999999999914, 3.238389999999999880, 0.000000000000000000 ) ) ;
#2965 = LINE ( 'NONE', #676, #618 ) ;
#2966 = VERTEX_POINT ( 'NONE', #2795 ) ;
#2967 = ORIENTED_EDGE ( 'NONE', *, *, #3748, .T. ) ;
#2968 = VECTOR ( 'NONE', #238, 1000.000000000000000 ) ;
#2969 = ORIENTED_EDGE ( 'NONE', *, *, #2348, .F. ) ;
#2970 = CARTESIAN_POINT ( 'NONE',  ( 4.114840000000000053, 122.5010000000000190, 5.000000000000000000 ) ) ;
#2971 = DIRECTION ( 'NONE',  ( 0.1595459401863458526, -0.9871905049027036583, 0.000000000000000000 ) ) ;
#2972 = FACE_OUTER_BOUND ( 'NONE', #1270, .T. ) ;
#2973 = VECTOR ( 'NONE', #4721, 1000.000000000000114 ) ;
#2974 = ORIENTED_EDGE ( 'NONE', *, *, #3944, .F. ) ;
#2975 =( NAMED_UNIT ( * ) PLANE_ANGLE_UNIT ( ) SI_UNIT ( $, .RADIAN. ) );
#2976 = EDGE_CURVE ( 'NONE', #1413, #5040, #1918, .T. ) ;
#2977 = ORIENTED_EDGE ( 'NONE', *, *, #3618, .T. ) ;
#2978 = VECTOR ( 'NONE', #3636, 1000.000000000000227 ) ;
#2979 = DIRECTION ( 'NONE',  ( 0.1594098865181407254, 0.9872124837542693987, -0.000000000000000000 ) ) ;
#2980 = CARTESIAN_POINT ( 'NONE',  ( 325.3960000000000150, 124.5939999999999941, 5.000000000000000000 ) ) ;
#2981 = PLANE ( 'NONE',  #4044 ) ;
#2982 = EDGE_CURVE ( 'NONE', #4760, #961, #4144, .T. ) ;
#2983 = DIRECTION ( 'NONE',  ( -0.8924298478293074544, 0.4511861774294056437, 0.000000000000000000 ) ) ;
#2984 = DIRECTION ( 'NONE',  ( 0.8916172162396241996, 0.4527899509762814412, -0.000000000000000000 ) ) ;
#2985 = DIRECTION ( 'NONE',  ( 0.8909001243533993808, -0.4541992607073438992, 0.000000000000000000 ) ) ;
#2986 = FACE_BOUND ( 'NONE', #2137, .T. ) ;
#2987 = ORIENTED_EDGE ( 'NONE', *, *, #2955, .F. ) ;
#2988 = DIRECTION ( 'NONE',  ( 0.7071067811865335839, -0.7071067811865613395, 0.000000000000000000 ) ) ;
#2989 = EDGE_CURVE ( 'NONE', #4814, #1200, #3715, .T. ) ;
#2990 = LINE ( 'NONE', #766, #4474 ) ;
#2991 = CARTESIAN_POINT ( 'NONE',  ( 325.3960000000001287, 124.5939999999999941, 0.000000000000000000 ) ) ;
#2992 = ORIENTED_EDGE ( 'NONE', *, *, #812, .F. ) ;
#2993 = VECTOR ( 'NONE', #2905, 1000.000000000000114 ) ;
#2994 = EDGE_LOOP ( 'NONE', ( #4029, #190, #5614, #2031 ) ) ;
#2995 = ORIENTED_EDGE ( 'NONE', *, *, #1438, .T. ) ;
#2996 = PLANE ( 'NONE',  #2846 ) ;
#2997 = VECTOR ( 'NONE', #1866, 1000.000000000000000 ) ;
#2998 = CARTESIAN_POINT ( 'NONE',  ( 3.534660000000000135, 4.039019999999999833, 5.000000000000000000 ) ) ;
#2999 = VERTEX_POINT ( 'NONE', #1947 ) ;
#3000 = VECTOR ( 'NONE', #3909, 1000.000000000000000 ) ;
#3001 = CARTESIAN_POINT ( 'NONE',  ( 219.3160000000000025, 123.4890000000000043, 5.000000000000000000 ) ) ;
#3002 = ORIENTED_EDGE ( 'NONE', *, *, #4542, .T. ) ;
#3003 = VECTOR ( 'NONE', #3526, 1000.000000000000114 ) ;
#3004 = VECTOR ( 'NONE', #5011, 1000.000000000000000 ) ;
#3005 = VERTEX_POINT ( 'NONE', #3656 ) ;
#3006 = DIRECTION ( 'NONE',  ( -0.000000000000000000, -0.000000000000000000, -1.000000000000000000 ) ) ;
#3007 = DIRECTION ( 'NONE',  ( -0.9874201402453425258, -0.1581185208565652478, 0.000000000000000000 ) ) ;
#3008 = EDGE_CURVE ( 'NONE', #954, #183, #1417, .T. ) ;
#3009 = DIRECTION ( 'NONE',  ( 0.4527899509762593477, 0.8916172162396353018, 0.000000000000000000 ) ) ;
#3010 = EDGE_CURVE ( 'NONE', #5166, #3875, #590, .T. ) ;
#3011 = PLANE ( 'NONE',  #1023 ) ;
#3012 = CARTESIAN_POINT ( 'NONE',  ( 326.9159999999999968, 2.248959999999999848, 0.000000000000000000 ) ) ;
#3013 = CARTESIAN_POINT ( 'NONE',  ( 216.1949999999999932, 122.9939999999999998, 5.000000000000000000 ) ) ;
#3014 = CARTESIAN_POINT ( 'NONE',  ( 326.9159999999999968, 3.238389999999999880, 5.000000000000000000 ) ) ;
#3015 = ORIENTED_EDGE ( 'NONE', *, *, #374, .F. ) ;
#3016 = DIRECTION ( 'NONE',  ( -0.1572637512810249605, -0.9875566376330118246, 0.000000000000000000 ) ) ;
#3017 = LINE ( 'NONE', #357, #2847 ) ;
#3018 = CARTESIAN_POINT ( 'NONE',  ( 326.9959999999999809, 122.9939999999999998, 5.000000000000000000 ) ) ;
#3019 = VECTOR ( 'NONE', #1315, 1000.000000000000000 ) ;
#3020 = CARTESIAN_POINT ( 'NONE',  ( 109.7000000000000028, 1.223700000000000010, 0.000000000000000000 ) ) ;
#3021 = VERTEX_POINT ( 'NONE', #2314 ) ;
#3022 = ADVANCED_FACE ( 'NONE', ( #3223 ), #129, .T. ) ;
#3023 = VERTEX_POINT ( 'NONE', #5388 ) ;
#3024 = EDGE_CURVE ( 'NONE', #1919, #706, #2375, .T. ) ;
#3025 = ORIENTED_EDGE ( 'NONE', *, *, #1655, .F. ) ;
#3026 = DIRECTION ( 'NONE',  ( -0.000000000000000000, -0.000000000000000000, -1.000000000000000000 ) ) ;
#3027 = PLANE ( 'NONE',  #1449 ) ;
#3028 = VERTEX_POINT ( 'NONE', #189 ) ;
#3029 = CARTESIAN_POINT ( 'NONE',  ( 111.1350000000000051, 4.039019999999999833, 5.000000000000000000 ) ) ;
#3030 = VECTOR ( 'NONE', #322, 1000.000000000000114 ) ;
#3031 = EDGE_CURVE ( 'NONE', #315, #2203, #1450, .T. ) ;
#3032 = ORIENTED_EDGE ( 'NONE', *, *, #5028, .T. ) ;
#3033 = FACE_OUTER_BOUND ( 'NONE', #3077, .T. ) ;
#3034 = VECTOR ( 'NONE', #363, 1000.000000000000114 ) ;
#3035 = ORIENTED_EDGE ( 'NONE', *, *, #3198, .F. ) ;
#3036 = DIRECTION ( 'NONE',  ( -0.000000000000000000, -0.000000000000000000, -1.000000000000000000 ) ) ;
#3037 = CARTESIAN_POINT ( 'NONE',  ( 219.3950000000000102, 2.745049999999999990, 5.000000000000000000 ) ) ;
#3038 = VECTOR ( 'NONE', #1723, 1000.000000000000000 ) ;
#3039 = EDGE_CURVE ( 'NONE', #3423, #5247, #5018, .T. ) ;
#3040 = CARTESIAN_POINT ( 'NONE',  ( 1.653650000000000064, 121.7000000000000028, 0.000000000000000000 ) ) ;
#3041 = DIRECTION ( 'NONE',  ( 0.8924298478293074544, -0.4511861774294056993, 0.000000000000000000 ) ) ;
#3042 = FACE_OUTER_BOUND ( 'NONE', #17, .T. ) ;
#3043 = CARTESIAN_POINT ( 'NONE',  ( 324.1010000000000559, 123.9350000000000023, 5.000000000000000000 ) ) ;
#3044 = EDGE_LOOP ( 'NONE', ( #1136, #2127, #1601, #247 ) ) ;
#3045 = CARTESIAN_POINT ( 'NONE',  ( 326.9159999999999968, 122.5010000000000190, 5.000000000000000000 ) ) ;
#3046 = CARTESIAN_POINT ( 'NONE',  ( 324.1010000000000559, 3.684870000000000090, 5.000000000000000000 ) ) ;
#3047 = EDGE_CURVE ( 'NONE', #3252, #3652, #1625, .T. ) ;
#3048 = CARTESIAN_POINT ( 'NONE',  ( 2.100130000000000052, 124.5169999999999959, 5.000000000000000000 ) ) ;
#3049 = LINE ( 'NONE', #2620, #979 ) ;
#3050 = VERTEX_POINT ( 'NONE', #1135 ) ;
#3051 = ORIENTED_EDGE ( 'NONE', *, *, #3341, .F. ) ;
#3052 = VERTEX_POINT ( 'NONE', #4201 ) ;
#3053 = LINE ( 'NONE', #2970, #4231 ) ;
#3054 = CARTESIAN_POINT ( 'NONE',  ( 316.8949999999999818, 15.24380000000000024, 5.000000000000000000 ) ) ;
#3055 = EDGE_LOOP ( 'NONE', ( #4263, #4835, #1558, #1110 ) ) ;
#3056 = DIRECTION ( 'NONE',  ( -0.8916126378921280793, -0.4527989663758531513, 0.000000000000000000 ) ) ;
#3057 = EDGE_CURVE ( 'NONE', #5310, #4613, #2002, .T. ) ;
#3058 = APPROVAL ( #1422, 'UNSPECIFIED' ) ;
#3059 = ORIENTED_EDGE ( 'NONE', *, *, #3621, .T. ) ;
#3060 = LINE ( 'NONE', #27, #3528 ) ;
#3061 = EDGE_LOOP ( 'NONE', ( #56, #719, #3568, #2100 ) ) ;
#3062 = EDGE_CURVE ( 'NONE', #5656, #3540, #2914, .T. ) ;
#3063 = VECTOR ( 'NONE', #2177, 1000.000000000000114 ) ;
#3064 = CARTESIAN_POINT ( 'NONE',  ( 111.7950000000000017, 122.9939999999999998, 5.000000000000000000 ) ) ;
#3065 = CARTESIAN_POINT ( 'NONE',  ( 4.194740000000000357, 122.9939999999999998, 0.000000000000000000 ) ) ;
#3066 = AXIS2_PLACEMENT_3D ( 'NONE', #4980, #1041, #1009 ) ;
#3067 = CARTESIAN_POINT ( 'NONE',  ( 4.114840000000000053, 123.4890000000000043, 5.000000000000000000 ) ) ;
#3068 = EDGE_CURVE ( 'NONE', #1501, #3169, #3369, .T. ) ;
#3069 = CARTESIAN_POINT ( 'NONE',  ( 217.7949999999999875, 4.344949999999999868, 5.000000000000000000 ) ) ;
#3070 = AXIS2_PLACEMENT_3D ( 'NONE', #3265, #5026, #1091 ) ;
#3071 = PLANE ( 'NONE',  #3115 ) ;
#3072 = LINE ( 'NONE', #9, #1674 ) ;
#3073 = ORIENTED_EDGE ( 'NONE', *, *, #4292, .T. ) ;
#3074 = PLANE ( 'NONE',  #45 ) ;
#3075 = LINE ( 'NONE', #1357, #1348 ) ;
#3076 = ORIENTED_EDGE ( 'NONE', *, *, #3157, .F. ) ;
#3077 = EDGE_LOOP ( 'NONE', ( #1851, #4558, #3460, #612 ) ) ;
#3078 = ORIENTED_EDGE ( 'NONE', *, *, #4870, .F. ) ;
#3079 = LINE ( 'NONE', #909, #4320 ) ;
#3080 = EDGE_CURVE ( 'NONE', #5102, #4167, #2965, .T. ) ;
#3081 = VECTOR ( 'NONE', #5566, 1000.000000000000000 ) ;
#3082 = CARTESIAN_POINT ( 'NONE',  ( 219.3950000000000102, 122.9939999999999998, 5.000000000000000000 ) ) ;
#3083 = ORIENTED_EDGE ( 'NONE', *, *, #865, .F. ) ;
#3084 = VERTEX_POINT ( 'NONE', #5618 ) ;
#3085 = LINE ( 'NONE', #913, #3798 ) ;
#3086 = ORIENTED_EDGE ( 'NONE', *, *, #3755, .T. ) ;
#3087 = DATE_TIME_ROLE ( 'classification_date' ) ;
#3088 = VECTOR ( 'NONE', #1274, 1000.000000000000000 ) ;
#3089 = ORIENTED_EDGE ( 'NONE', *, *, #5280, .F. ) ;
#3090 = DIRECTION ( 'NONE',  ( -0.4543163942506014408, 0.8908403975545405862, 0.000000000000000000 ) ) ;
#3091 = VECTOR ( 'NONE', #2351, 1000.000000000000114 ) ;
#3092 = DIRECTION ( 'NONE',  ( 0.9871905049027066559, -0.1595459401863275894, 0.000000000000000000 ) ) ;
#3093 = EDGE_CURVE ( 'NONE', #5574, #1053, #244, .T. ) ;
#3094 = VECTOR ( 'NONE', #602, 999.9999999999998863 ) ;
#3095 = CARTESIAN_POINT ( 'NONE',  ( 216.2719999999999914, 2.248959999999999848, 5.000000000000000000 ) ) ;
#3096 = PLANE ( 'NONE',  #4477 ) ;
#3097 = LINE ( 'NONE', #4861, #1722 ) ;
#3098 = CARTESIAN_POINT ( 'NONE',  ( 218.2889999999999873, 121.4740000000000180, 5.000000000000000000 ) ) ;
#3099 = FACE_OUTER_BOUND ( 'NONE', #3044, .T. ) ;
#3100 = CARTESIAN_POINT ( 'NONE',  ( 109.7000000000000028, 1.223700000000000010, 5.000000000000000000 ) ) ;
#3101 = EDGE_CURVE ( 'NONE', #5418, #4119, #2115, .T. ) ;
#3102 = DIRECTION ( 'NONE',  ( -0.1598606622273645861, 0.9871395892538341599, 0.000000000000000000 ) ) ;
#3103 = ORIENTED_EDGE ( 'NONE', *, *, #470, .F. ) ;
#3104 = VERTEX_POINT ( 'NONE', #2885 ) ;
#3105 = VECTOR ( 'NONE', #310, 1000.000000000000000 ) ;
#3106 = ORIENTED_EDGE ( 'NONE', *, *, #3833, .F. ) ;
#3107 = EDGE_CURVE ( 'NONE', #299, #4588, #2060, .T. ) ;
#3108 = DIRECTION ( 'NONE',  ( -0.4543735275849314914, 0.8908112580283352733, 0.000000000000000000 ) ) ;
#3109 = DIRECTION ( 'NONE',  ( 0.9871105220788048973, 0.1600400487418979223, 0.000000000000000000 ) ) ;
#3110 = VERTEX_POINT ( 'NONE', #3312 ) ;
#3111 = VERTEX_POINT ( 'NONE', #276 ) ;
#3112 = CARTESIAN_POINT ( 'NONE',  ( 109.2540000000000049, 124.2890000000000157, 0.000000000000000000 ) ) ;
#3113 = EDGE_LOOP ( 'NONE', ( #3186, #3406, #3284, #4813 ) ) ;
#3114 = ORIENTED_EDGE ( 'NONE', *, *, #2246, .F. ) ;
#3115 = AXIS2_PLACEMENT_3D ( 'NONE', #894, #4045, #2190 ) ;
#3116 = PLANE ( 'NONE',  #3732 ) ;
#3117 = CARTESIAN_POINT ( 'NONE',  ( 217.3000000000000114, 124.5169999999999959, 5.000000000000000000 ) ) ;
#3118 = DIRECTION ( 'NONE',  ( 0.8913191698506689464, 0.4533763750535688142, 0.000000000000000000 ) ) ;
#3119 = LINE ( 'NONE', #62, #3458 ) ;
#3120 = VECTOR ( 'NONE', #950, 1000.000000000000000 ) ;
#3121 = DIRECTION ( 'NONE',  ( -0.4516204456943435641, 0.8922101619186156851, 0.000000000000000000 ) ) ;
#3122 = FACE_OUTER_BOUND ( 'NONE', #4799, .T. ) ;
#3123 = LINE ( 'NONE', #4892, #3247 ) ;
#3124 = EDGE_CURVE ( 'NONE', #1950, #26, #5077, .T. ) ;
#3125 = ADVANCED_FACE ( 'NONE', ( #1196 ), #4645, .T. ) ;
#3126 = FACE_OUTER_BOUND ( 'NONE', #1204, .T. ) ;
#3127 = CARTESIAN_POINT ( 'NONE',  ( 111.7159999999999940, 2.248959999999999848, 5.000000000000000000 ) ) ;
#3128 = ORIENTED_EDGE ( 'NONE', *, *, #4560, .T. ) ;
#3129 = ORIENTED_EDGE ( 'NONE', *, *, #5088, .F. ) ;
#3130 = ORIENTED_EDGE ( 'NONE', *, *, #2840, .F. ) ;
#3131 = LINE ( 'NONE', #1770, #1295 ) ;
#3132 = CARTESIAN_POINT ( 'NONE',  ( 216.5010000000000048, 1.803850000000000176, 5.000000000000000000 ) ) ;
#3133 = EDGE_LOOP ( 'NONE', ( #3663, #2943, #5541, #4001 ) ) ;
#3134 = ORIENTED_EDGE ( 'NONE', *, *, #385, .T. ) ;
#3135 = DIRECTION ( 'NONE',  ( 0.7070967981032558747, -0.7071167641288979011, 0.000000000000000000 ) ) ;
#3136 = VERTEX_POINT ( 'NONE', #2086 ) ;
#3137 = CARTESIAN_POINT ( 'NONE',  ( 323.8730000000000473, 123.4890000000000043, 5.000000000000000000 ) ) ;
#3138 = VERTEX_POINT ( 'NONE', #5133 ) ;
#3139 = PLANE ( 'NONE',  #5416 ) ;
#3140 = DIRECTION ( 'NONE',  ( -0.8899839804325453407, -0.4559917922215735442, 0.000000000000000000 ) ) ;
#3141 = CARTESIAN_POINT ( 'NONE',  ( 216.2719999999999914, 3.238389999999999880, 5.000000000000000000 ) ) ;
#3142 = EDGE_CURVE ( 'NONE', #1104, #5391, #3800, .T. ) ;
#3143 = VECTOR ( 'NONE', #2820, 1000.000000000000114 ) ;
#3144 = DIRECTION ( 'NONE',  ( -0.000000000000000000, -0.000000000000000000, -1.000000000000000000 ) ) ;
#3145 = DIRECTION ( 'NONE',  ( 0.9872093450064358677, 0.1594293233127574150, 0.000000000000000000 ) ) ;
#3146 = EDGE_CURVE ( 'NONE', #3197, #5365, #4289, .T. ) ;
#3147 = DIRECTION ( 'NONE',  ( 0.7083262900088976854, 0.7058851655065653263, 0.000000000000000000 ) ) ;
#3148 = CARTESIAN_POINT ( 'NONE',  ( 324.4549999999999841, 124.2890000000000157, 0.000000000000000000 ) ) ;
#3149 = DIRECTION ( 'NONE',  ( -1.000000000000000000, -0.000000000000000000, -0.000000000000000000 ) ) ;
#3150 = LINE ( 'NONE', #4455, #2431 ) ;
#3151 = VECTOR ( 'NONE', #264, 1000.000000000000000 ) ;
#3152 = APPROVAL_PERSON_ORGANIZATION ( #108, #3230, #5338 ) ;
#3153 = DIRECTION ( 'NONE',  ( -0.8908403975545519105, 0.4543163942505794584, 0.000000000000000000 ) ) ;
#3154 = CARTESIAN_POINT ( 'NONE',  ( 216.2719999999999914, 2.248959999999999848, 0.000000000000000000 ) ) ;
#3155 = VERTEX_POINT ( 'NONE', #737 ) ;
#3156 = ORIENTED_EDGE ( 'NONE', *, *, #5657, .F. ) ;
#3157 = EDGE_CURVE ( 'NONE', #881, #525, #2033, .T. ) ;
#3158 = EDGE_LOOP ( 'NONE', ( #5379, #1970, #4969, #2967 ) ) ;
#3159 = CARTESIAN_POINT ( 'NONE',  ( 1.653650000000000064, 1.451070000000000082, 5.000000000000000000 ) ) ;
#3160 = LINE ( 'NONE', #1538, #1432 ) ;
#3161 = ORIENTED_EDGE ( 'NONE', *, *, #3505, .T. ) ;
#3162 = ORIENTED_EDGE ( 'NONE', *, *, #2289, .F. ) ;
#3163 = ORIENTED_EDGE ( 'NONE', *, *, #2255, .T. ) ;
#3164 = EDGE_CURVE ( 'NONE', #619, #5574, #304, .T. ) ;
#3165 = VECTOR ( 'NONE', #1363, 1000.000000000000114 ) ;
#3166 = ORIENTED_EDGE ( 'NONE', *, *, #5268, .F. ) ;
#3167 = CARTESIAN_POINT ( 'NONE',  ( 110.6880000000000024, 121.4740000000000180, 5.000000000000000000 ) ) ;
#3168 = CARTESIAN_POINT ( 'NONE',  ( 324.1010000000000559, 122.0540000000000163, 0.000000000000000000 ) ) ;
#3169 = VERTEX_POINT ( 'NONE', #1599 ) ;
#3170 = CARTESIAN_POINT ( 'NONE',  ( 324.4549999999999841, 124.2890000000000157, 5.000000000000000000 ) ) ;
#3171 = VECTOR ( 'NONE', #4138, 1000.000000000000114 ) ;
#3172 = LINE ( 'NONE', #2325, #1817 ) ;
#3173 = ORIENTED_EDGE ( 'NONE', *, *, #2446, .T. ) ;
#3174 = EDGE_CURVE ( 'NONE', #4370, #2963, #3339, .T. ) ;
#3175 = AXIS2_PLACEMENT_3D ( 'NONE', #4889, #4452, #577 ) ;
#3176 = FACE_OUTER_BOUND ( 'NONE', #914, .T. ) ;
#3177 = CARTESIAN_POINT ( 'NONE',  ( 109.2540000000000049, 1.451070000000000082, 0.000000000000000000 ) ) ;
#3178 = CARTESIAN_POINT ( 'NONE',  ( 216.5010000000000048, 123.9350000000000023, 5.000000000000000000 ) ) ;
#3179 = CARTESIAN_POINT ( 'NONE',  ( 110.1950000000000074, 4.344949999999999868, 0.000000000000000000 ) ) ;
#3180 = CARTESIAN_POINT ( 'NONE',  ( 108.8990000000000151, 123.9350000000000023, 5.000000000000000000 ) ) ;
#3181 = ORIENTED_EDGE ( 'NONE', *, *, #4456, .T. ) ;
#3182 = VECTOR ( 'NONE', #4042, 1000.000000000000114 ) ;
#3183 = EDGE_CURVE ( 'NONE', #1258, #3893, #3397, .T. ) ;
#3184 = LINE ( 'NONE', #1946, #901 ) ;
#3185 = DIRECTION ( 'NONE',  ( 0.1590103127589195808, 0.9872769218594702467, 0.000000000000000000 ) ) ;
#3186 = ORIENTED_EDGE ( 'NONE', *, *, #2497, .F. ) ;
#3187 = ORIENTED_EDGE ( 'NONE', *, *, #2106, .T. ) ;
#3188 = ORIENTED_EDGE ( 'NONE', *, *, #967, .F. ) ;
#3189 = CARTESIAN_POINT ( 'NONE',  ( 111.4890000000000043, 1.803850000000000176, 0.000000000000000000 ) ) ;
#3190 = CARTESIAN_POINT ( 'NONE',  ( 2.100130000000000052, 1.223700000000000010, 0.000000000000000000 ) ) ;
#3191 = EDGE_CURVE ( 'NONE', #4897, #2125, #3853, .T. ) ;
#3192 = ORIENTED_EDGE ( 'NONE', *, *, #956, .F. ) ;
#3193 = EDGE_LOOP ( 'NONE', ( #1531, #5238, #4031, #3855 ) ) ;
#3194 = CALENDAR_DATE ( 2026, 22, 9 ) ;
#3195 = EDGE_CURVE ( 'NONE', #5647, #3739, #4172, .T. ) ;
#3196 = VECTOR ( 'NONE', #1672, 1000.000000000000227 ) ;
#3197 = VERTEX_POINT ( 'NONE', #69 ) ;
#3198 = EDGE_CURVE ( 'NONE', #3050, #4929, #4344, .T. ) ;
#3199 = FACE_OUTER_BOUND ( 'NONE', #4764, .T. ) ;
#3200 = LINE ( 'NONE', #3521, #3550 ) ;
#3201 = ORIENTED_EDGE ( 'NONE', *, *, #889, .T. ) ;
#3202 = CARTESIAN_POINT ( 'NONE',  ( 111.7159999999999940, 3.238389999999999880, 5.000000000000000000 ) ) ;
#3203 = DIRECTION ( 'NONE',  ( -0.000000000000000000, -0.000000000000000000, -1.000000000000000000 ) ) ;
#3204 = VECTOR ( 'NONE', #1591, 1000.000000000000114 ) ;
#3205 = CARTESIAN_POINT ( 'NONE',  ( 326.9959999999999809, 122.9939999999999998, 5.000000000000000000 ) ) ;
#3206 = LINE ( 'NONE', #4975, #2357 ) ;
#3207 = DIRECTION ( 'NONE',  ( 0.1582248390206102417, 0.9874031093311901319, 0.000000000000000000 ) ) ;
#3208 = DIRECTION ( 'NONE',  ( -0.000000000000000000, -0.000000000000000000, -1.000000000000000000 ) ) ;
#3209 = CARTESIAN_POINT ( 'NONE',  ( 109.2540000000000049, 1.451070000000000082, 0.000000000000000000 ) ) ;
#3210 = CARTESIAN_POINT ( 'NONE',  ( 325.3960000000000719, 4.344949999999979440, 0.000000000000000000 ) ) ;
#3211 = VECTOR ( 'NONE', #2810, 1000.000000000000000 ) ;
#3212 = ORIENTED_EDGE ( 'NONE', *, *, #573, .T. ) ;
#3213 = EDGE_CURVE ( 'NONE', #5113, #4700, #4406, .T. ) ;
#3214 = AXIS2_PLACEMENT_3D ( 'NONE', #502, #3995, #74 ) ;
#3215 = PLANE ( 'NONE',  #2370 ) ;
#3216 = CARTESIAN_POINT ( 'NONE',  ( 216.8549999999999898, 124.2890000000000157, 5.000000000000000000 ) ) ;
#3217 = ORIENTED_EDGE ( 'NONE', *, *, #67, .T. ) ;
#3218 = ORIENTED_EDGE ( 'NONE', *, *, #5387, .F. ) ;
#3219 = EDGE_CURVE ( 'NONE', #4170, #1365, #3938, .T. ) ;
#3220 = ORIENTED_EDGE ( 'NONE', *, *, #3522, .T. ) ;
#3221 = ADVANCED_FACE ( 'NONE', ( #15 ), #2594, .F. ) ;
#3222 = DIRECTION ( 'NONE',  ( -0.000000000000000000, -0.000000000000000000, -1.000000000000000000 ) ) ;
#3223 = FACE_OUTER_BOUND ( 'NONE', #1505, .T. ) ;
#3224 = VERTEX_POINT ( 'NONE', #388 ) ;
#3225 = ORIENTED_EDGE ( 'NONE', *, *, #4777, .F. ) ;
#3226 = DIRECTION ( 'NONE',  ( -0.000000000000000000, -0.000000000000000000, -1.000000000000000000 ) ) ;
#3227 = ORIENTED_EDGE ( 'NONE', *, *, #1287, .F. ) ;
#3228 = CARTESIAN_POINT ( 'NONE',  ( 2.100130000000000052, 121.4740000000000180, 0.000000000000000000 ) ) ;
#3229 = EDGE_CURVE ( 'NONE', #1823, #739, #5241, .T. ) ;
#3230 = APPROVAL ( #4854, 'UNSPECIFIED' ) ;
#3231 = DIRECTION ( 'NONE',  ( -0.000000000000000000, -0.000000000000000000, -1.000000000000000000 ) ) ;
#3232 = LINE ( 'NONE', #2465, #4815 ) ;
#3233 = ORIENTED_EDGE ( 'NONE', *, *, #333, .F. ) ;
#3234 = LINE ( 'NONE', #3551, #1888 ) ;
#3235 = DIRECTION ( 'NONE',  ( 0.4512497765713583409, 0.8923976911356837904, 0.000000000000000000 ) ) ;
#3236 = EDGE_CURVE ( 'NONE', #5441, #4726, #4375, .T. ) ;
#3237 = FACE_OUTER_BOUND ( 'NONE', #940, .T. ) ;
#3238 = DIRECTION ( 'NONE',  ( -0.000000000000000000, -0.000000000000000000, -1.000000000000000000 ) ) ;
#3239 = CARTESIAN_POINT ( 'NONE',  ( 216.5010000000000048, 123.9350000000000023, 5.000000000000000000 ) ) ;
#3240 = PLANE ( 'NONE',  #2488 ) ;
#3241 = LINE ( 'NONE', #641, #500 ) ;
#3242 = VERTEX_POINT ( 'NONE', #2991 ) ;
#3243 = AXIS2_PLACEMENT_3D ( 'NONE', #658, #3263, #1116 ) ;
#3244 = EDGE_CURVE ( 'NONE', #3942, #525, #930, .T. ) ;
#3245 = DIRECTION ( 'NONE',  ( -0.000000000000000000, -0.000000000000000000, -1.000000000000000000 ) ) ;
#3246 = DIRECTION ( 'NONE',  ( -0.000000000000000000, -0.000000000000000000, -1.000000000000000000 ) ) ;
#3247 = VECTOR ( 'NONE', #951, 1000.000000000000000 ) ;
#3248 = EDGE_LOOP ( 'NONE', ( #2217, #1130, #4682, #270 ) ) ;
#3249 = PLANE ( 'NONE',  #5553 ) ;
#3250 = VERTEX_POINT ( 'NONE', #1736 ) ;
#3251 = AXIS2_PLACEMENT_3D ( 'NONE', #1176, #3782, #5547 ) ;
#3252 = VERTEX_POINT ( 'NONE', #2648 ) ;
#3253 = CARTESIAN_POINT ( 'NONE',  ( 326.6899999999999977, 122.0540000000000163, 5.000000000000000000 ) ) ;
#3254 = DIRECTION ( 'NONE',  ( 0.1563763198671320742, -0.9876975481314167471, 0.000000000000000000 ) ) ;
#3255 = EDGE_CURVE ( 'NONE', #3028, #301, #2168, .T. ) ;
#3256 = VERTEX_POINT ( 'NONE', #5675 ) ;
#3257 = VECTOR ( 'NONE', #1400, 1000.000000000000000 ) ;
#3258 = ORIENTED_EDGE ( 'NONE', *, *, #4053, .F. ) ;
#3259 = CARTESIAN_POINT ( 'NONE',  ( 217.3000000000000114, 1.223700000000000010, 5.000000000000000000 ) ) ;
#3260 = ADVANCED_FACE ( 'NONE', ( #472 ), #3480, .T. ) ;
#3261 = ORIENTED_EDGE ( 'NONE', *, *, #610, .F. ) ;
#3262 = PLANE ( 'NONE',  #1278 ) ;
#3263 = DIRECTION ( 'NONE',  ( 0.1595459401863189020, 0.9871905049027079881, -0.000000000000000000 ) ) ;
#3264 = ORIENTED_EDGE ( 'NONE', *, *, #5529, .F. ) ;
#3265 = CARTESIAN_POINT ( 'NONE',  ( 1.299490000000000256, 3.684870000000000090, 5.000000000000000000 ) ) ;
#3266 = DIRECTION ( 'NONE',  ( -0.7072665251725597235, 0.7069470011042785496, 0.000000000000000000 ) ) ;
#3267 = CARTESIAN_POINT ( 'NONE',  ( 109.7000000000000028, 4.265010000000000190, 5.000000000000000000 ) ) ;
#3268 = ADVANCED_FACE ( 'NONE', ( #1708 ), #4868, .T. ) ;
#3269 = CARTESIAN_POINT ( 'NONE',  ( 3.534660000000000135, 124.2890000000000157, 5.000000000000000000 ) ) ;
#3270 = CARTESIAN_POINT ( 'NONE',  ( 3.534660000000000135, 121.7000000000000028, 0.000000000000000000 ) ) ;
#3271 = CARTESIAN_POINT ( 'NONE',  ( 109.2540000000000049, 4.039019999999999833, 5.000000000000000000 ) ) ;
#3272 = ORIENTED_EDGE ( 'NONE', *, *, #2188, .T. ) ;
#3273 = VECTOR ( 'NONE', #4952, 1000.000000000000114 ) ;
#3274 = LINE ( 'NONE', #4162, #5389 ) ;
#3275 = VERTEX_POINT ( 'NONE', #3963 ) ;
#3276 = VERTEX_POINT ( 'NONE', #1329 ) ;
#3277 = DIRECTION ( 'NONE',  ( -0.7058851655065931929, 0.7083262900088699299, 0.000000000000000000 ) ) ;
#3278 = VECTOR ( 'NONE', #2664, 999.9999999999998863 ) ;
#3279 = ORIENTED_EDGE ( 'NONE', *, *, #5351, .T. ) ;
#3280 = VECTOR ( 'NONE', #3245, 1000.000000000000000 ) ;
#3281 = ORIENTED_EDGE ( 'NONE', *, *, #2511, .F. ) ;
#3282 = DIRECTION ( 'NONE',  ( 0.9871105220788042311, 0.1600400487419023077, 0.000000000000000000 ) ) ;
#3283 = CARTESIAN_POINT ( 'NONE',  ( 326.6899999999999977, 123.9350000000000023, 5.000000000000000000 ) ) ;
#3284 = ORIENTED_EDGE ( 'NONE', *, *, #2224, .T. ) ;
#3285 = VERTEX_POINT ( 'NONE', #1246 ) ;
#3286 = EDGE_CURVE ( 'NONE', #822, #4535, #3049, .T. ) ;
#3287 = VERTEX_POINT ( 'NONE', #1793 ) ;
#3288 = LINE ( 'NONE', #710, #369 ) ;
#3289 = CARTESIAN_POINT ( 'NONE',  ( 217.7949999999999875, 1.143769999999999953, 5.000000000000000000 ) ) ;
#3290 = DIRECTION ( 'NONE',  ( -0.7071067811865474617, 0.7071067811865474617, 0.000000000000000000 ) ) ;
#3291 = ORIENTED_EDGE ( 'NONE', *, *, #2480, .T. ) ;
#3292 = CARTESIAN_POINT ( 'NONE',  ( 218.7359999999999900, 121.7000000000000028, 0.000000000000000000 ) ) ;
#3293 = VECTOR ( 'NONE', #262, 1000.000000000000114 ) ;
#3294 = PLANE ( 'NONE',  #5676 ) ;
#3295 = CARTESIAN_POINT ( 'NONE',  ( 1.072109999999999896, 2.248959999999999848, 5.000000000000000000 ) ) ;
#3296 = LINE ( 'NONE', #1039, #12 ) ;
#3297 = CARTESIAN_POINT ( 'NONE',  ( 217.7949999999999875, 121.3940000000000055, 0.000000000000000000 ) ) ;
#3298 = LINE ( 'NONE', #4604, #5185 ) ;
#3299 = ORIENTED_EDGE ( 'NONE', *, *, #314, .T. ) ;
#3300 = AXIS2_PLACEMENT_3D ( 'NONE', #4304, #2527, #3869 ) ;
#3301 = VECTOR ( 'NONE', #2282, 1000.000000000000000 ) ;
#3302 = LINE ( 'NONE', #4666, #2180 ) ;
#3303 = EDGE_CURVE ( 'NONE', #4588, #4136, #3075, .T. ) ;
#3304 = EDGE_CURVE ( 'NONE', #4528, #2382, #4758, .T. ) ;
#3305 = LINE ( 'NONE', #532, #3301 ) ;
#3306 = VERTEX_POINT ( 'NONE', #495 ) ;
#3307 = DIRECTION ( 'NONE',  ( -0.000000000000000000, -0.000000000000000000, -1.000000000000000000 ) ) ;
#3308 = VERTEX_POINT ( 'NONE', #819 ) ;
#3309 = VECTOR ( 'NONE', #309, 999.9999999999998863 ) ;
#3310 = EDGE_CURVE ( 'NONE', #680, #4059, #2567, .T. ) ;
#3311 = ORIENTED_EDGE ( 'NONE', *, *, #5094, .T. ) ;
#3312 = CARTESIAN_POINT ( 'NONE',  ( 2.100130000000000052, 124.5169999999999959, 5.000000000000000000 ) ) ;
#3313 = ORIENTED_EDGE ( 'NONE', *, *, #118, .T. ) ;
#3314 = VECTOR ( 'NONE', #4573, 1000.000000000000114 ) ;
#3315 = VERTEX_POINT ( 'NONE', #3452 ) ;
#3316 = LINE ( 'NONE', #5671, #3848 ) ;
#3317 = EDGE_LOOP ( 'NONE', ( #3688, #474, #4089, #484 ) ) ;
#3318 = LINE ( 'NONE', #4683, #5511 ) ;
#3319 = EDGE_CURVE ( 'NONE', #20, #2656, #5216, .T. ) ;
#3320 = LINE ( 'NONE', #3289, #2114 ) ;
#3321 = CARTESIAN_POINT ( 'NONE',  ( 3.888809999999999878, 3.684870000000000090, 0.000000000000000000 ) ) ;
#3322 = VERTEX_POINT ( 'NONE', #3560 ) ;
#3323 = FACE_OUTER_BOUND ( 'NONE', #941, .T. ) ;
#3324 = PLANE ( 'NONE',  #3630 ) ;
#3325 = ADVANCED_FACE ( 'NONE', ( #1045 ), #2699, .T. ) ;
#3326 = CARTESIAN_POINT ( 'NONE',  ( 0.000000000000000000, 0.000000000000000000, 0.000000000000000000 ) ) ;
#3327 = CARTESIAN_POINT ( 'NONE',  ( 4.114840000000000053, 3.238389999999999880, 5.000000000000000000 ) ) ;
#3328 = DIRECTION ( 'NONE',  ( -0.000000000000000000, -0.000000000000000000, -1.000000000000000000 ) ) ;
#3329 = EDGE_CURVE ( 'NONE', #5365, #3136, #5352, .T. ) ;
#3330 = LINE ( 'NONE', #4192, #3637 ) ;
#3331 = CARTESIAN_POINT ( 'NONE',  ( 3.888809999999999878, 3.684870000000000090, 5.000000000000000000 ) ) ;
#3332 = ORIENTED_EDGE ( 'NONE', *, *, #2461, .F. ) ;
#3333 = FACE_OUTER_BOUND ( 'NONE', #3349, .T. ) ;
#3334 = EDGE_LOOP ( 'NONE', ( #3218, #3596, #4236, #2513 ) ) ;
#3335 = CARTESIAN_POINT ( 'NONE',  ( 324.8999999999999773, 1.223700000000000010, 0.000000000000000000 ) ) ;
#3336 = ORIENTED_EDGE ( 'NONE', *, *, #776, .T. ) ;
#3337 = VECTOR ( 'NONE', #3290, 1000.000000000000114 ) ;
#3338 = DIRECTION ( 'NONE',  ( 0.8908112580283464865, -0.4543735275849096200, 0.000000000000000000 ) ) ;
#3339 = LINE ( 'NONE', #5104, #1720 ) ;
#3340 = ORIENTED_EDGE ( 'NONE', *, *, #3304, .T. ) ;
#3341 = EDGE_CURVE ( 'NONE', #2569, #5596, #1014, .T. ) ;
#3342 = EDGE_LOOP ( 'NONE', ( #2468, #750, #1243, #4753 ) ) ;
#3343 = VECTOR ( 'NONE', #1500, 1000.000000000000000 ) ;
#3344 = ORIENTED_EDGE ( 'NONE', *, *, #1955, .F. ) ;
#3345 = CARTESIAN_POINT ( 'NONE',  ( 217.3000000000000114, 4.265010000000000190, 0.000000000000000000 ) ) ;
#3346 = AXIS2_PLACEMENT_3D ( 'NONE', #3667, #1928, #2690 ) ;
#3347 = FACE_OUTER_BOUND ( 'NONE', #4066, .T. ) ;
#3348 = LINE ( 'NONE', #5024, #1143 ) ;
#3349 = EDGE_LOOP ( 'NONE', ( #5009, #3622, #3802, #3516 ) ) ;
#3350 = CARTESIAN_POINT ( 'NONE',  ( 111.4890000000000043, 123.9350000000000023, 5.000000000000000000 ) ) ;
#3351 = EDGE_CURVE ( 'NONE', #5051, #881, #1850, .T. ) ;
#3352 = ORIENTED_EDGE ( 'NONE', *, *, #432, .F. ) ;
#3353 = CARTESIAN_POINT ( 'NONE',  ( 4.114840000000000053, 123.4890000000000043, 0.000000000000000000 ) ) ;
#3354 = DIRECTION ( 'NONE',  ( 0.7071067811865614505, -0.7071067811865336949, 0.000000000000000000 ) ) ;
#3355 = CARTESIAN_POINT ( 'NONE',  ( 4.114840000000000053, 3.238389999999999880, 5.000000000000000000 ) ) ;
#3356 = EDGE_CURVE ( 'NONE', #2063, #1042, #4112, .T. ) ;
#3357 = VECTOR ( 'NONE', #3109, 1000.000000000000227 ) ;
#3358 = PLANE ( 'NONE',  #4749 ) ;
#3359 = LINE ( 'NONE', #2476, #2577 ) ;
#3360 = DIRECTION ( 'NONE',  ( -0.9871073587932579496, 0.1600595583406319855, 0.000000000000000000 ) ) ;
#3361 = VERTEX_POINT ( 'NONE', #4081 ) ;
#3362 = DIRECTION ( 'NONE',  ( -0.4537957193442159198, 0.8911057429423657750, 0.000000000000000000 ) ) ;
#3363 = VERTEX_POINT ( 'NONE', #1877 ) ;
#3364 = CARTESIAN_POINT ( 'NONE',  ( 2.100130000000000052, 124.5169999999999959, 5.000000000000000000 ) ) ;
#3365 = VECTOR ( 'NONE', #2276, 1000.000000000000000 ) ;
#3366 = AXIS2_PLACEMENT_3D ( 'NONE', #2960, #3904, #2080 ) ;
#3367 = ORIENTED_EDGE ( 'NONE', *, *, #4372, .F. ) ;
#3368 = LINE ( 'NONE', #2484, #4100 ) ;
#3369 = LINE ( 'NONE', #4615, #4561 ) ;
#3370 = AXIS2_PLACEMENT_3D ( 'NONE', #3581, #5004, #5346 ) ;
#3371 = ORIENTED_EDGE ( 'NONE', *, *, #3303, .T. ) ;
#3372 = ORIENTED_EDGE ( 'NONE', *, *, #3341, .T. ) ;
#3373 = VECTOR ( 'NONE', #4057, 1000.000000000000114 ) ;
#3374 = ORIENTED_EDGE ( 'NONE', *, *, #5223, .F. ) ;
#3375 = LINE ( 'NONE', #2572, #3034 ) ;
#3376 = CARTESIAN_POINT ( 'NONE',  ( 325.8890000000000668, 121.4740000000000180, 5.000000000000000000 ) ) ;
#3377 = DIRECTION ( 'NONE',  ( -0.7057351133366430718, 0.7084757933787967366, 0.000000000000000000 ) ) ;
#3378 = EDGE_CURVE ( 'NONE', #2490, #26, #182, .T. ) ;
#3379 = ORIENTED_EDGE ( 'NONE', *, *, #3039, .F. ) ;
#3380 = CARTESIAN_POINT ( 'NONE',  ( 109.7000000000000028, 124.5169999999999959, 5.000000000000000000 ) ) ;
#3381 = ORIENTED_EDGE ( 'NONE', *, *, #3303, .F. ) ;
#3382 = EDGE_CURVE ( 'NONE', #2477, #4990, #5443, .T. ) ;
#3383 = CARTESIAN_POINT ( 'NONE',  ( 316.8949999999999818, 110.4950000000000045, 5.000000000000000000 ) ) ;
#3384 = CARTESIAN_POINT ( 'NONE',  ( 219.3160000000000025, 2.248959999999999848, 5.000000000000000000 ) ) ;
#3385 = CARTESIAN_POINT ( 'NONE',  ( 325.8890000000000668, 121.4740000000000180, 0.000000000000000000 ) ) ;
#3386 = ORIENTED_EDGE ( 'NONE', *, *, #634, .F. ) ;
#3387 = VECTOR ( 'NONE', #4713, 1000.000000000000114 ) ;
#3388 = LINE ( 'NONE', #4634, #3823 ) ;
#3389 = CARTESIAN_POINT ( 'NONE',  ( 219.0900000000000034, 123.9350000000000023, 5.000000000000000000 ) ) ;
#3390 = CARTESIAN_POINT ( 'NONE',  ( 219.0900000000000034, 3.684870000000000090, 5.000000000000000000 ) ) ;
#3391 = ORIENTED_EDGE ( 'NONE', *, *, #2537, .F. ) ;
#3392 = CARTESIAN_POINT ( 'NONE',  ( 110.1949999999999932, 4.344950000000006973, 0.000000000000000000 ) ) ;
#3393 = VECTOR ( 'NONE', #2543, 1000.000000000000227 ) ;
#3394 = DIRECTION ( 'NONE',  ( 0.8914042697118647052, -0.4532090333824528305, 0.000000000000000000 ) ) ;
#3395 = VERTEX_POINT ( 'NONE', #2788 ) ;
#3396 = DIRECTION ( 'NONE',  ( -0.000000000000000000, -0.000000000000000000, -1.000000000000000000 ) ) ;
#3397 = LINE ( 'NONE', #5163, #1633 ) ;
#3398 = EDGE_LOOP ( 'NONE', ( #498, #480, #2568, #1453 ) ) ;
#3399 = ADVANCED_FACE ( 'NONE', ( #1941 ), #5380, .T. ) ;
#3400 = ORIENTED_EDGE ( 'NONE', *, *, #1180, .F. ) ;
#3401 = VERTEX_POINT ( 'NONE', #4895 ) ;
#3402 = CARTESIAN_POINT ( 'NONE',  ( 1.653650000000000064, 1.451070000000000082, 0.000000000000000000 ) ) ;
#3403 = AXIS2_PLACEMENT_3D ( 'NONE', #2238, #5103, #1162 ) ;
#3404 = PLANE ( 'NONE',  #275 ) ;
#3405 = DIRECTION ( 'NONE',  ( 0.1601766119933535626, 0.9870883714087258509, 0.000000000000000000 ) ) ;
#3406 = ORIENTED_EDGE ( 'NONE', *, *, #558, .F. ) ;
#3407 = DIRECTION ( 'NONE',  ( -0.000000000000000000, -0.000000000000000000, -1.000000000000000000 ) ) ;
#3408 = VERTEX_POINT ( 'NONE', #522 ) ;
#3409 = DIRECTION ( 'NONE',  ( -0.9872124837542692877, 0.1594098865181406977, 0.000000000000000000 ) ) ;
#3410 = LINE ( 'NONE', #5173, #2652 ) ;
#3411 = DIRECTION ( 'NONE',  ( -0.000000000000000000, -0.000000000000000000, -1.000000000000000000 ) ) ;
#3412 = EDGE_CURVE ( 'NONE', #5166, #338, #584, .T. ) ;
#3413 = ORIENTED_EDGE ( 'NONE', *, *, #2926, .T. ) ;
#3414 = CARTESIAN_POINT ( 'NONE',  ( 323.8730000000000473, 122.5010000000000190, 0.000000000000000000 ) ) ;
#3415 = DIRECTION ( 'NONE',  ( -0.1556551389296265409, -0.9878114585915667156, 0.000000000000000000 ) ) ;
#3416 = ORIENTED_EDGE ( 'NONE', *, *, #3191, .T. ) ;
#3417 = CARTESIAN_POINT ( 'NONE',  ( 110.1950000000000074, 124.5939999999999941, 5.000000000000000000 ) ) ;
#3418 = CARTESIAN_POINT ( 'NONE',  ( 108.6720000000000113, 2.248959999999999848, 0.000000000000000000 ) ) ;
#3419 = EDGE_CURVE ( 'NONE', #3540, #1993, #1909, .T. ) ;
#3420 = CARTESIAN_POINT ( 'NONE',  ( 219.3160000000000025, 123.4890000000000043, 5.000000000000000000 ) ) ;
#3421 = DIRECTION ( 'NONE',  ( 0.8908112580283464865, -0.4543735275849096200, 0.000000000000000000 ) ) ;
#3422 = ORIENTED_EDGE ( 'NONE', *, *, #432, .T. ) ;
#3423 = VERTEX_POINT ( 'NONE', #1819 ) ;
#3424 = VECTOR ( 'NONE', #2028, 1000.000000000000114 ) ;
#3425 = EDGE_LOOP ( 'NONE', ( #5085, #4596, #2657, #4498 ) ) ;
#3426 = EDGE_CURVE ( 'NONE', #16, #3992, #2760, .T. ) ;
#3427 = LINE ( 'NONE', #1250, #5339 ) ;
#3428 = LINE ( 'NONE', #2470, #1264 ) ;
#3429 = VERTEX_POINT ( 'NONE', #5327 ) ;
#3430 = LINE ( 'NONE', #4270, #4442 ) ;
#3431 = AXIS2_PLACEMENT_3D ( 'NONE', #430, #1780, #2184 ) ;
#3432 = EDGE_LOOP ( 'NONE', ( #1686, #3575, #3796, #5221 ) ) ;
#3433 =( LENGTH_UNIT ( ) NAMED_UNIT ( * ) SI_UNIT ( .MILLI., .METRE. ) );
#3434 = EDGE_CURVE ( 'NONE', #801, #301, #3587, .T. ) ;
#3435 = ORIENTED_EDGE ( 'NONE', *, *, #2595, .F. ) ;
#3436 = CC_DESIGN_APPROVAL ( #3058, ( #4328 ) ) ;
#3437 = CARTESIAN_POINT ( 'NONE',  ( 3.534660000000000135, 121.7000000000000028, 5.000000000000000000 ) ) ;
#3438 = DIRECTION ( 'NONE',  ( -0.000000000000000000, -0.000000000000000000, -1.000000000000000000 ) ) ;
#3439 = CARTESIAN_POINT ( 'NONE',  ( 1.653650000000000064, 121.7000000000000028, 0.000000000000000000 ) ) ;
#3440 = LINE ( 'NONE', #5232, #1058 ) ;
#3441 = VERTEX_POINT ( 'NONE', #2365 ) ;
#3442 = LINE ( 'NONE', #3931, #5525 ) ;
#3443 = EDGE_CURVE ( 'NONE', #2966, #5441, #1409, .T. ) ;
#3444 = PLANE ( 'NONE',  #4465 ) ;
#3445 = DIRECTION ( 'NONE',  ( -0.000000000000000000, -0.000000000000000000, -1.000000000000000000 ) ) ;
#3446 = CARTESIAN_POINT ( 'NONE',  ( 111.1350000000000051, 121.7000000000000028, 5.000000000000000000 ) ) ;
#3447 = ORIENTED_EDGE ( 'NONE', *, *, #5371, .T. ) ;
#3448 = DIRECTION ( 'NONE',  ( -0.1601766119933535626, -0.9870883714087258509, 0.000000000000000000 ) ) ;
#3449 = EDGE_CURVE ( 'NONE', #1391, #2999, #2334, .T. ) ;
#3450 = LINE ( 'NONE', #5533, #1373 ) ;
#3451 = CARTESIAN_POINT ( 'NONE',  ( 108.8990000000000151, 1.803850000000000176, 0.000000000000000000 ) ) ;
#3452 = CARTESIAN_POINT ( 'NONE',  ( 217.3000000000000114, 121.4740000000000180, 5.000000000000000000 ) ) ;
#3453 = VERTEX_POINT ( 'NONE', #2730 ) ;
#3454 = VECTOR ( 'NONE', #5293, 1000.000000000000000 ) ;
#3455 = ORIENTED_EDGE ( 'NONE', *, *, #4763, .F. ) ;
#3456 = ORIENTED_EDGE ( 'NONE', *, *, #1099, .T. ) ;
#3457 = CARTESIAN_POINT ( 'NONE',  ( 219.3160000000000025, 122.5010000000000190, 5.000000000000000000 ) ) ;
#3458 = VECTOR ( 'NONE', #1812, 1000.000000000000114 ) ;
#3459 = DIRECTION ( 'NONE',  ( 0.1576014570290419081, -0.9875028003718890890, 0.000000000000000000 ) ) ;
#3460 = ORIENTED_EDGE ( 'NONE', *, *, #637, .T. ) ;
#3461 = VECTOR ( 'NONE', #792, 1000.000000000000000 ) ;
#3462 = CARTESIAN_POINT ( 'NONE',  ( 108.6720000000000113, 123.4890000000000043, 5.000000000000000000 ) ) ;
#3463 = ORIENTED_EDGE ( 'NONE', *, *, #437, .T. ) ;
#3464 = EDGE_CURVE ( 'NONE', #4700, #1418, #3650, .T. ) ;
#3465 = VECTOR ( 'NONE', #1065, 1000.000000000000000 ) ;
#3466 = EDGE_LOOP ( 'NONE', ( #4822, #3015, #2116, #2197 ) ) ;
#3467 = LINE ( 'NONE', #3548, #2023 ) ;
#3468 = DIRECTION ( 'NONE',  ( -0.000000000000000000, -0.000000000000000000, -1.000000000000000000 ) ) ;
#3469 = LINE ( 'NONE', #2610, #2697 ) ;
#3470 = EDGE_CURVE ( 'NONE', #3276, #1638, #5414, .T. ) ;
#3471 = CARTESIAN_POINT ( 'NONE',  ( 109.7000000000000028, 1.223700000000000010, 5.000000000000000000 ) ) ;
#3472 = LINE ( 'NONE', #3239, #1354 ) ;
#3473 = FACE_OUTER_BOUND ( 'NONE', #4175, .T. ) ;
#3474 = CARTESIAN_POINT ( 'NONE',  ( 3.088179999999999925, 4.265010000000001078, 5.000000000000000000 ) ) ;
#3475 = EDGE_LOOP ( 'NONE', ( #5454, #397, #1966, #5422 ) ) ;
#3476 = LINE ( 'NONE', #4865, #2072 ) ;
#3477 = AXIS2_PLACEMENT_3D ( 'NONE', #2493, #682, #4208 ) ;
#3478 = EDGE_CURVE ( 'NONE', #2340, #4297, #2475, .T. ) ;
#3479 = LINE ( 'NONE', #5240, #4191 ) ;
#3480 = PLANE ( 'NONE',  #1907 ) ;
#3481 = ORIENTED_EDGE ( 'NONE', *, *, #3470, .F. ) ;
#3482 = ORIENTED_EDGE ( 'NONE', *, *, #1570, .F. ) ;
#3483 = EDGE_CURVE ( 'NONE', #5310, #3285, #4224, .T. ) ;
#3484 = VERTEX_POINT ( 'NONE', #1994 ) ;
#3485 = CARTESIAN_POINT ( 'NONE',  ( 327.8960000000000150, 0.2439130000000000187, 5.000000000000000000 ) ) ;
#3486 = CARTESIAN_POINT ( 'NONE',  ( 325.8890000000000668, 4.265010000000000190, 5.000000000000000000 ) ) ;
#3487 = ORIENTED_EDGE ( 'NONE', *, *, #2766, .F. ) ;
#3488 = CARTESIAN_POINT ( 'NONE',  ( 4.194740000000000357, 122.9939999999999998, 5.000000000000000000 ) ) ;
#3489 = VECTOR ( 'NONE', #690, 1000.000000000000000 ) ;
#3490 = ORIENTED_EDGE ( 'NONE', *, *, #2348, .T. ) ;
#3491 = CARTESIAN_POINT ( 'NONE',  ( 324.8999999999999773, 124.5169999999999959, 5.000000000000000000 ) ) ;
#3492 = EDGE_CURVE ( 'NONE', #4146, #5074, #1155, .T. ) ;
#3493 = VECTOR ( 'NONE', #2212, 1000.000000000000000 ) ;
#3494 = ORIENTED_EDGE ( 'NONE', *, *, #1742, .T. ) ;
#3495 = LINE ( 'NONE', #459, #2183 ) ;
#3496 = DIRECTION ( 'NONE',  ( -0.000000000000000000, -0.000000000000000000, -1.000000000000000000 ) ) ;
#3497 = VECTOR ( 'NONE', #4046, 1000.000000000000000 ) ;
#3498 = ADVANCED_FACE ( 'NONE', ( #235 ), #5555, .T. ) ;
#3499 = CARTESIAN_POINT ( 'NONE',  ( 216.5010000000000048, 123.9350000000000023, 0.000000000000000000 ) ) ;
#3500 = CARTESIAN_POINT ( 'NONE',  ( 109.2540000000000049, 124.2890000000000157, 5.000000000000000000 ) ) ;
#3501 = LINE ( 'NONE', #5347, #1013 ) ;
#3502 = DIRECTION ( 'NONE',  ( 0.1600690508825415026, 0.9871058195297819360, -0.000000000000000000 ) ) ;
#3503 = VERTEX_POINT ( 'NONE', #1098 ) ;
#3504 = LINE ( 'NONE', #818, #2525 ) ;
#3505 = EDGE_CURVE ( 'NONE', #1314, #885, #4723, .T. ) ;
#3506 = CARTESIAN_POINT ( 'NONE',  ( 216.5010000000000048, 1.803850000000000176, 0.000000000000000000 ) ) ;
#3507 = VERTEX_POINT ( 'NONE', #2050 ) ;
#3508 = ORIENTED_EDGE ( 'NONE', *, *, #2840, .T. ) ;
#3509 = ORIENTED_EDGE ( 'NONE', *, *, #2910, .F. ) ;
#3510 = CARTESIAN_POINT ( 'NONE',  ( 109.2540000000000049, 124.2890000000000157, 5.000000000000000000 ) ) ;
#3511 = CARTESIAN_POINT ( 'NONE',  ( 1.299490000000000256, 123.9350000000000023, 5.000000000000000000 ) ) ;
#3512 = EDGE_CURVE ( 'NONE', #338, #740, #3302, .T. ) ;
#3513 = ORIENTED_EDGE ( 'NONE', *, *, #3880, .F. ) ;
#3514 = ORIENTED_EDGE ( 'NONE', *, *, #4743, .T. ) ;
#3515 = LINE ( 'NONE', #939, #2691 ) ;
#3516 = ORIENTED_EDGE ( 'NONE', *, *, #246, .T. ) ;
#3517 = FACE_OUTER_BOUND ( 'NONE', #2886, .T. ) ;
#3518 = ORIENTED_EDGE ( 'NONE', *, *, #2207, .F. ) ;
#3519 = AXIS2_PLACEMENT_3D ( 'NONE', #5532, #4701, #4727 ) ;
#3520 = DIRECTION ( 'NONE',  ( -0.7069569863009310673, 0.7072565443460422374, 0.000000000000000000 ) ) ;
#3521 = CARTESIAN_POINT ( 'NONE',  ( 108.8990000000000151, 3.684870000000000090, 5.000000000000000000 ) ) ;
#3522 = EDGE_CURVE ( 'NONE', #5444, #1628, #4249, .T. ) ;
#3523 = PLANE ( 'NONE',  #957 ) ;
#3524 = VECTOR ( 'NONE', #404, 1000.000000000000000 ) ;
#3525 = DIRECTION ( 'NONE',  ( -0.8919900795199009469, -0.4520549723629646577, 0.000000000000000000 ) ) ;
#3526 = DIRECTION ( 'NONE',  ( -0.7081034065937691357, -0.7061087491104320879, 0.000000000000000000 ) ) ;
#3527 = LINE ( 'NONE', #842, #250 ) ;
#3528 = VECTOR ( 'NONE', #5603, 1000.000000000000000 ) ;
#3529 = CARTESIAN_POINT ( 'NONE',  ( 3.088179999999999925, 1.223700000000000010, 0.000000000000000000 ) ) ;
#3530 = LINE ( 'NONE', #5296, #2612 ) ;
#3531 = EDGE_CURVE ( 'NONE', #3023, #5166, #3763, .T. ) ;
#3532 = DIRECTION ( 'NONE',  ( 0.4520072321735773557, -0.8920142723425347198, 0.000000000000000000 ) ) ;
#3533 = DIRECTION ( 'NONE',  ( 0.7083262900088698188, -0.7058851655065930819, 0.000000000000000000 ) ) ;
#3534 = ORIENTED_EDGE ( 'NONE', *, *, #3183, .T. ) ;
#3535 = VERTEX_POINT ( 'NONE', #3789 ) ;
#3536 = EDGE_LOOP ( 'NONE', ( #1766, #4842, #907, #4318 ) ) ;
#3537 = FACE_OUTER_BOUND ( 'NONE', #4930, .T. ) ;
#3538 = VECTOR ( 'NONE', #4235, 1000.000000000000000 ) ;
#3539 = DIRECTION ( 'NONE',  ( -0.1593515750220751703, 0.9872218978213478380, 0.000000000000000000 ) ) ;
#3540 = VERTEX_POINT ( 'NONE', #266 ) ;
#3541 = EDGE_LOOP ( 'NONE', ( #4434, #2977, #3765, #2703, #4991, #2034, #1312, #997, #3946, #965, #2731, #72, #852, #1982, #4232, #1016, #2482, #1138, #2961, #4807 ) ) ;
#3542 = CARTESIAN_POINT ( 'NONE',  ( 324.1010000000000559, 123.9350000000000023, 5.000000000000000000 ) ) ;
#3543 = ORIENTED_EDGE ( 'NONE', *, *, #1368, .T. ) ;
#3544 = PERSON_AND_ORGANIZATION_ROLE ( 'creator' ) ;
#3545 = VECTOR ( 'NONE', #3185, 1000.000000000000114 ) ;
#3546 = ORIENTED_EDGE ( 'NONE', *, *, #1191, .T. ) ;
#3547 = EDGE_CURVE ( 'NONE', #3169, #958, #2078, .T. ) ;
#3548 = CARTESIAN_POINT ( 'NONE',  ( 2.593469999999999942, 1.143769999999999953, 5.000000000000000000 ) ) ;
#3549 = DIRECTION ( 'NONE',  ( 0.9880377941995905910, -0.1542119231227193077, 0.000000000000000000 ) ) ;
#3550 = VECTOR ( 'NONE', #3601, 1000.000000000000000 ) ;
#3551 = CARTESIAN_POINT ( 'NONE',  ( 325.3960000000000150, 4.344949999999999868, 0.000000000000000000 ) ) ;
#3552 = VECTOR ( 'NONE', #1034, 1000.000000000000114 ) ;
#3553 = ADVANCED_FACE ( 'NONE', ( #4608 ), #3358, .T. ) ;
#3554 = DIRECTION ( 'NONE',  ( 1.000000000000000000, 0.000000000000000000, 0.000000000000000000 ) ) ;
#3555 = PLANE ( 'NONE',  #3175 ) ;
#3556 = PLANE ( 'NONE',  #1380 ) ;
#3557 = DIRECTION ( 'NONE',  ( -0.000000000000000000, -0.000000000000000000, -1.000000000000000000 ) ) ;
#3558 = CARTESIAN_POINT ( 'NONE',  ( 109.2540000000000049, 124.2890000000000157, 5.000000000000000000 ) ) ;
#3559 = PLANE ( 'NONE',  #718 ) ;
#3560 = CARTESIAN_POINT ( 'NONE',  ( 108.6720000000000113, 2.248959999999999848, 5.000000000000000000 ) ) ;
#3561 = ORIENTED_EDGE ( 'NONE', *, *, #1734, .F. ) ;
#3562 = ORIENTED_EDGE ( 'NONE', *, *, #186, .T. ) ;
#3563 = VECTOR ( 'NONE', #1150, 1000.000000000000114 ) ;
#3564 = ORIENTED_EDGE ( 'NONE', *, *, #3730, .T. ) ;
#3565 = DIRECTION ( 'NONE',  ( -0.4563732901630923600, -0.8897884130655523416, 0.000000000000000000 ) ) ;
#3566 = EDGE_CURVE ( 'NONE', #220, #5654, #3388, .T. ) ;
#3567 = DIRECTION ( 'NONE',  ( -0.1581185208565652756, 0.9874201402453425258, 0.000000000000000000 ) ) ;
#3568 = ORIENTED_EDGE ( 'NONE', *, *, #4794, .T. ) ;
#3569 = EDGE_LOOP ( 'NONE', ( #955, #5588, #219, #2422 ) ) ;
#3570 = PLANE ( 'NONE',  #594 ) ;
#3571 = ORIENTED_EDGE ( 'NONE', *, *, #2224, .F. ) ;
#3572 = DATE_AND_TIME ( #3194, #4079 ) ;
#3573 = DIRECTION ( 'NONE',  ( -0.000000000000000000, -0.000000000000000000, -1.000000000000000000 ) ) ;
#3574 = EDGE_CURVE ( 'NONE', #2251, #137, #3274, .T. ) ;
#3575 = ORIENTED_EDGE ( 'NONE', *, *, #5197, .F. ) ;
#3576 = LINE ( 'NONE', #4909, #3842 ) ;
#3577 = CARTESIAN_POINT ( 'NONE',  ( 219.3160000000000025, 122.5010000000000190, 5.000000000000000000 ) ) ;
#3578 = LINE ( 'NONE', #3141, #3807 ) ;
#3579 = VECTOR ( 'NONE', #2491, 1000.000000000000227 ) ;
#3580 = DIRECTION ( 'NONE',  ( 0.000000000000000000, 0.000000000000000000, -1.000000000000000000 ) ) ;
#3581 = CARTESIAN_POINT ( 'NONE',  ( 111.7950000000000017, 2.745049999999999990, 5.000000000000000000 ) ) ;
#3582 = VECTOR ( 'NONE', #3728, 999.9999999999998863 ) ;
#3583 = EDGE_CURVE ( 'NONE', #791, #137, #5528, .T. ) ;
#3584 = DIRECTION ( 'NONE',  ( 0.8924218088635806900, 0.4512020778594162396, 0.000000000000000000 ) ) ;
#3585 = DIRECTION ( 'NONE',  ( 0.1561661380789901576, 0.9877308020495735308, 0.000000000000000000 ) ) ;
#3586 = DIRECTION ( 'NONE',  ( -0.000000000000000000, -0.000000000000000000, -1.000000000000000000 ) ) ;
#3587 = LINE ( 'NONE', #154, #2453 ) ;
#3588 = EDGE_LOOP ( 'NONE', ( #476, #2433, #3753, #3947 ) ) ;
#3589 = ORIENTED_EDGE ( 'NONE', *, *, #3047, .T. ) ;
#3590 = ORIENTED_EDGE ( 'NONE', *, *, #2295, .F. ) ;
#3591 = CARTESIAN_POINT ( 'NONE',  ( 111.1350000000000051, 121.7000000000000028, 0.000000000000000000 ) ) ;
#3592 = CARTESIAN_POINT ( 'NONE',  ( 3.888809999999999878, 1.803850000000000176, 5.000000000000000000 ) ) ;
#3593 = ORIENTED_EDGE ( 'NONE', *, *, #1067, .F. ) ;
#3594 = ORIENTED_EDGE ( 'NONE', *, *, #1384, .F. ) ;
#3595 = CARTESIAN_POINT ( 'NONE',  ( 111.7159999999999940, 122.5010000000000190, 5.000000000000000000 ) ) ;
#3596 = ORIENTED_EDGE ( 'NONE', *, *, #662, .F. ) ;
#3597 = DIRECTION ( 'NONE',  ( -0.7072565443460144818, -0.7069569863009589339, 0.000000000000000000 ) ) ;
#3598 = ADVANCED_FACE ( 'NONE', ( #1590 ), #3705, .T. ) ;
#3599 = ORIENTED_EDGE ( 'NONE', *, *, #3142, .F. ) ;
#3600 = CARTESIAN_POINT ( 'NONE',  ( 324.1010000000000559, 122.0540000000000163, 0.000000000000000000 ) ) ;
#3601 = DIRECTION ( 'NONE',  ( -0.4532090333824528305, -0.8914042697118647052, 0.000000000000000000 ) ) ;
#3602 = VERTEX_POINT ( 'NONE', #782 ) ;
#3603 = EDGE_CURVE ( 'NONE', #1161, #3942, #1128, .T. ) ;
#3604 = DIRECTION ( 'NONE',  ( -0.000000000000000000, -0.000000000000000000, -1.000000000000000000 ) ) ;
#3605 = VECTOR ( 'NONE', #4622, 1000.000000000000114 ) ;
#3606 = CARTESIAN_POINT ( 'NONE',  ( 217.7949999999999875, 1.143769999999999953, 0.000000000000000000 ) ) ;
#3607 = DIRECTION ( 'NONE',  ( -0.4520072321735773557, 0.8920142723425347198, 0.000000000000000000 ) ) ;
#3608 = CARTESIAN_POINT ( 'NONE',  ( 108.6720000000000113, 123.4890000000000043, 0.000000000000000000 ) ) ;
#3609 = PLANE ( 'NONE',  #1753 ) ;
#3610 = PLANE ( 'NONE',  #4323 ) ;
#3611 = DIRECTION ( 'NONE',  ( -0.9872124837542678444, 0.1594098865181494407, 0.000000000000000000 ) ) ;
#3612 = VECTOR ( 'NONE', #3646, 1000.000000000000000 ) ;
#3613 = EDGE_LOOP ( 'NONE', ( #673, #3076, #4388, #1415 ) ) ;
#3614 = EDGE_CURVE ( 'NONE', #616, #822, #3330, .T. ) ;
#3615 = CC_DESIGN_SECURITY_CLASSIFICATION ( #1702, ( #964 ) ) ;
#3616 = DIRECTION ( 'NONE',  ( -1.000000000000000000, -0.000000000000000000, -0.000000000000000000 ) ) ;
#3617 = CARTESIAN_POINT ( 'NONE',  ( 323.8730000000000473, 122.5010000000000190, 5.000000000000000000 ) ) ;
#3618 = EDGE_CURVE ( 'NONE', #382, #1950, #2531, .T. ) ;
#3619 = VERTEX_POINT ( 'NONE', #727 ) ;
#3620 = ORIENTED_EDGE ( 'NONE', *, *, #3382, .T. ) ;
#3621 = EDGE_CURVE ( 'NONE', #2596, #1396, #5611, .T. ) ;
#3622 = ORIENTED_EDGE ( 'NONE', *, *, #385, .F. ) ;
#3623 = FACE_OUTER_BOUND ( 'NONE', #4244, .T. ) ;
#3624 = CARTESIAN_POINT ( 'NONE',  ( 219.0900000000000034, 3.684870000000000090, 0.000000000000000000 ) ) ;
#3625 = EDGE_LOOP ( 'NONE', ( #1306, #2403, #1520, #5390 ) ) ;
#3626 = ORIENTED_EDGE ( 'NONE', *, *, #33, .F. ) ;
#3627 = ORIENTED_EDGE ( 'NONE', *, *, #49, .F. ) ;
#3628 = DATE_TIME_ROLE ( 'creation_date' ) ;
#3629 = DIRECTION ( 'NONE',  ( -0.4538115675396487414, -0.8910976720692332931, 0.000000000000000000 ) ) ;
#3630 = AXIS2_PLACEMENT_3D ( 'NONE', #1688, #5089, #721 ) ;
#3631 = ORIENTED_EDGE ( 'NONE', *, *, #649, .F. ) ;
#3632 = PLANE ( 'NONE',  #5050 ) ;
#3633 = CARTESIAN_POINT ( 'NONE',  ( 3.534660000000000135, 4.039019999999999833, 5.000000000000000000 ) ) ;
#3634 = EDGE_CURVE ( 'NONE', #1197, #4592, #5177, .T. ) ;
#3635 = ORIENTED_EDGE ( 'NONE', *, *, #1602, .F. ) ;
#3636 = DIRECTION ( 'NONE',  ( -0.9871242698175232144, 0.1599552310405054079, 0.000000000000000000 ) ) ;
#3637 = VECTOR ( 'NONE', #2447, 999.9999999999998863 ) ;
#3638 = LINE ( 'NONE', #574, #2551 ) ;
#3639 = CARTESIAN_POINT ( 'NONE',  ( 1.299490000000000256, 3.684870000000000090, 5.000000000000000000 ) ) ;
#3640 = VECTOR ( 'NONE', #2182, 1000.000000000000000 ) ;
#3641 = CARTESIAN_POINT ( 'NONE',  ( 1.072109999999999896, 123.4890000000000043, 5.000000000000000000 ) ) ;
#3642 = ADVANCED_FACE ( 'NONE', ( #1267 ), #3444, .T. ) ;
#3643 = LINE ( 'NONE', #2358, #811 ) ;
#3644 = CARTESIAN_POINT ( 'NONE',  ( 111.7159999999999940, 3.238389999999999880, 0.000000000000000000 ) ) ;
#3645 = CARTESIAN_POINT ( 'NONE',  ( 326.6899999999999977, 122.0540000000000163, 0.000000000000000000 ) ) ;
#3646 = DIRECTION ( 'NONE',  ( -0.000000000000000000, -0.000000000000000000, -1.000000000000000000 ) ) ;
#3647 = ORIENTED_EDGE ( 'NONE', *, *, #3603, .F. ) ;
#3648 = VECTOR ( 'NONE', #4989, 1000.000000000000000 ) ;
#3649 = LINE ( 'NONE', #4549, #3004 ) ;
#3650 = LINE ( 'NONE', #4487, #1080 ) ;
#3651 = ORIENTED_EDGE ( 'NONE', *, *, #5543, .F. ) ;
#3652 = VERTEX_POINT ( 'NONE', #378 ) ;
#3653 = EDGE_CURVE ( 'NONE', #5471, #1097, #893, .T. ) ;
#3654 = ORIENTED_EDGE ( 'NONE', *, *, #83, .T. ) ;
#3655 = CARTESIAN_POINT ( 'NONE',  ( 110.6880000000000024, 121.4740000000000180, 0.000000000000000000 ) ) ;
#3656 = CARTESIAN_POINT ( 'NONE',  ( 326.6899999999999977, 3.684870000000000090, 5.000000000000000000 ) ) ;
#3657 = ORIENTED_EDGE ( 'NONE', *, *, #5088, .T. ) ;
#3658 = EDGE_CURVE ( 'NONE', #5315, #2252, #4804, .T. ) ;
#3659 = VERTEX_POINT ( 'NONE', #922 ) ;
#3660 = APPROVAL_STATUS ( 'not_yet_approved' ) ;
#3661 = DIRECTION ( 'NONE',  ( -0.4563732901630923600, -0.8897884130655523416, 0.000000000000000000 ) ) ;
#3662 = VECTOR ( 'NONE', #2500, 1000.000000000000227 ) ;
#3663 = ORIENTED_EDGE ( 'NONE', *, *, #1207, .F. ) ;
#3664 = DIRECTION ( 'NONE',  ( 0.8900297104512623347, 0.4559025274266882422, -0.000000000000000000 ) ) ;
#3665 = DIRECTION ( 'NONE',  ( 0.7058851655066208375, 0.7083262900088421743, -0.000000000000000000 ) ) ;
#3666 = ORIENTED_EDGE ( 'NONE', *, *, #5094, .F. ) ;
#3667 = CARTESIAN_POINT ( 'NONE',  ( 325.3960000000000150, 1.143769999999999953, 5.000000000000000000 ) ) ;
#3668 = EDGE_CURVE ( 'NONE', #3805, #656, #1675, .T. ) ;
#3669 = DIRECTION ( 'NONE',  ( -0.7069569863009727007, -0.7072565443460007151, 0.000000000000000000 ) ) ;
#3670 = AXIS2_PLACEMENT_3D ( 'NONE', #4164, #4028, #103 ) ;
#3671 = DIRECTION ( 'NONE',  ( -0.8916045487671568903, 0.4528148944300691148, 0.000000000000000000 ) ) ;
#3672 = LINE ( 'NONE', #4599, #3465 ) ;
#3673 = CARTESIAN_POINT ( 'NONE',  ( 323.8730000000000473, 122.5010000000000190, 0.000000000000000000 ) ) ;
#3674 = CARTESIAN_POINT ( 'NONE',  ( 2.594850000000000101, 4.344950000000000756, 0.000000000000000000 ) ) ;
#3675 = CARTESIAN_POINT ( 'NONE',  ( 323.7950000000000159, 122.9939999999999998, 0.000000000000000000 ) ) ;
#3676 = CARTESIAN_POINT ( 'NONE',  ( 218.7359999999999900, 4.039019999999999833, 0.000000000000000000 ) ) ;
#3677 = ORIENTED_EDGE ( 'NONE', *, *, #2638, .F. ) ;
#3678 = ADVANCED_FACE ( 'NONE', ( #866 ), #2614, .T. ) ;
#3679 = AXIS2_PLACEMENT_3D ( 'NONE', #1728, #488, #5234 ) ;
#3680 = LINE ( 'NONE', #5442, #4851 ) ;
#3681 = CARTESIAN_POINT ( 'NONE',  ( 1.653650000000000064, 4.039019999999999833, 5.000000000000000000 ) ) ;
#3682 = ORIENTED_EDGE ( 'NONE', *, *, #209, .T. ) ;
#3683 = ORIENTED_EDGE ( 'NONE', *, *, #295, .F. ) ;
#3684 = EDGE_CURVE ( 'NONE', #2317, #3169, #1700, .T. ) ;
#3685 = ORIENTED_EDGE ( 'NONE', *, *, #1342, .T. ) ;
#3686 = PLANE ( 'NONE',  #386 ) ;
#3687 = CARTESIAN_POINT ( 'NONE',  ( 0.9935670000000000890, 2.745049999999999990, 0.000000000000000000 ) ) ;
#3688 = ORIENTED_EDGE ( 'NONE', *, *, #5460, .F. ) ;
#3689 = ORIENTED_EDGE ( 'NONE', *, *, #2025, .F. ) ;
#3690 = LINE ( 'NONE', #3137, #79 ) ;
#3691 = ORIENTED_EDGE ( 'NONE', *, *, #4491, .T. ) ;
#3692 = ADVANCED_FACE ( 'NONE', ( #4367 ), #814, .T. ) ;
#3693 = CARTESIAN_POINT ( 'NONE',  ( 326.6899999999999977, 3.684870000000000090, 0.000000000000000000 ) ) ;
#3694 = FACE_OUTER_BOUND ( 'NONE', #4035, .T. ) ;
#3695 = ORIENTED_EDGE ( 'NONE', *, *, #5223, .T. ) ;
#3696 = PLANE ( 'NONE',  #3070 ) ;
#3697 = DIRECTION ( 'NONE',  ( 0.000000000000000000, -1.000000000000000000, 0.000000000000000000 ) ) ;
#3698 = FACE_OUTER_BOUND ( 'NONE', #1760, .T. ) ;
#3699 = CARTESIAN_POINT ( 'NONE',  ( 323.7950000000000159, 122.9939999999999998, 5.000000000000000000 ) ) ;
#3700 = DIRECTION ( 'NONE',  ( 0.9878639906332435938, 0.1553213958544119033, -0.000000000000000000 ) ) ;
#3701 = LINE ( 'NONE', #3385, #5281 ) ;
#3702 = ORIENTED_EDGE ( 'NONE', *, *, #2776, .F. ) ;
#3703 = AXIS2_PLACEMENT_3D ( 'NONE', #4228, #5071, #4638 ) ;
#3704 = EDGE_CURVE ( 'NONE', #5251, #4384, #3527, .T. ) ;
#3705 = PLANE ( 'NONE',  #2633 ) ;
#3706 = VECTOR ( 'NONE', #2104, 1000.000000000000000 ) ;
#3707 = ORIENTED_EDGE ( 'NONE', *, *, #1854, .T. ) ;
#3708 = DIRECTION ( 'NONE',  ( 0.7071067811865335839, 0.7071067811865613395, 0.000000000000000000 ) ) ;
#3709 = EDGE_CURVE ( 'NONE', #1413, #1032, #4310, .T. ) ;
#3710 = ORIENTED_EDGE ( 'NONE', *, *, #2473, .T. ) ;
#3711 = DIRECTION ( 'NONE',  ( -0.1572265105709937383, -0.9875625673210124411, 0.000000000000000000 ) ) ;
#3712 = ORGANIZATION ( 'UNSPECIFIED', 'UNSPECIFIED', '' ) ;
#3713 = ORIENTED_EDGE ( 'NONE', *, *, #1825, .T. ) ;
#3714 = DIRECTION ( 'NONE',  ( 0.9876975481314168581, 0.1563763198671321020, -0.000000000000000000 ) ) ;
#3715 = LINE ( 'NONE', #960, #172 ) ;
#3716 = VERTEX_POINT ( 'NONE', #3843 ) ;
#3717 = EDGE_LOOP ( 'NONE', ( #2861, #1589, #4385, #1545 ) ) ;
#3718 = ORIENTED_EDGE ( 'NONE', *, *, #5282, .F. ) ;
#3719 = CARTESIAN_POINT ( 'NONE',  ( 316.8949999999999818, 15.24380000000000024, 0.000000000000000000 ) ) ;
#3720 = CARTESIAN_POINT ( 'NONE',  ( 2.100130000000000052, 4.265010000000000190, 5.000000000000000000 ) ) ;
#3721 = EDGE_LOOP ( 'NONE', ( #3344, #896, #645, #1864 ) ) ;
#3722 = FACE_OUTER_BOUND ( 'NONE', #1222, .T. ) ;
#3723 = ADVANCED_FACE ( 'NONE', ( #406 ), #3958, .T. ) ;
#3724 = LINE ( 'NONE', #1553, #888 ) ;
#3725 = DIRECTION ( 'NONE',  ( -0.1600690508825686753, 0.9871058195297774951, 0.000000000000000000 ) ) ;
#3726 = VECTOR ( 'NONE', #464, 1000.000000000000000 ) ;
#3727 = CARTESIAN_POINT ( 'NONE',  ( 1.072109999999999896, 122.5010000000000190, 0.000000000000000000 ) ) ;
#3728 = DIRECTION ( 'NONE',  ( -0.9880691672626490396, 0.1540107811320215736, 0.000000000000000000 ) ) ;
#3729 = DIRECTION ( 'NONE',  ( 0.9880215842932800197, 0.1543157444028216974, -0.000000000000000000 ) ) ;
#3730 = EDGE_CURVE ( 'NONE', #3361, #4119, #1729, .T. ) ;
#3731 = ORIENTED_EDGE ( 'NONE', *, *, #5600, .F. ) ;
#3732 = AXIS2_PLACEMENT_3D ( 'NONE', #5368, #4885, #4910 ) ;
#3733 = AXIS2_PLACEMENT_3D ( 'NONE', #4731, #5674, #1194 ) ;
#3734 = DIRECTION ( 'NONE',  ( -0.9871757703368737591, -0.1596370835983917935, 0.000000000000000000 ) ) ;
#3735 = VERTEX_POINT ( 'NONE', #4280 ) ;
#3736 = EDGE_LOOP ( 'NONE', ( #4499, #5137, #3695, #3161 ) ) ;
#3737 = LINE ( 'NONE', #2938, #2789 ) ;
#3738 = AXIS2_PLACEMENT_3D ( 'NONE', #4131, #3697, #1120 ) ;
#3739 = VERTEX_POINT ( 'NONE', #352 ) ;
#3740 = ADVANCED_FACE ( 'NONE', ( #35 ), #1756, .T. ) ;
#3741 = VECTOR ( 'NONE', #3661, 1000.000000000000114 ) ;
#3742 = ORIENTED_EDGE ( 'NONE', *, *, #507, .F. ) ;
#3743 = CARTESIAN_POINT ( 'NONE',  ( 326.9959999999999809, 122.9939999999999998, 5.000000000000000000 ) ) ;
#3744 = DIRECTION ( 'NONE',  ( 0.1533772373344627904, -0.9881677099903880546, 0.000000000000000000 ) ) ;
#3745 = ORIENTED_EDGE ( 'NONE', *, *, #3803, .F. ) ;
#3746 = ORIENTED_EDGE ( 'NONE', *, *, #1292, .T. ) ;
#3747 = DIRECTION ( 'NONE',  ( 0.7071067811865335839, -0.7071067811865613395, 0.000000000000000000 ) ) ;
#3748 = EDGE_CURVE ( 'NONE', #2477, #3805, #3097, .T. ) ;
#3749 = ORIENTED_EDGE ( 'NONE', *, *, #4552, .T. ) ;
#3750 = CARTESIAN_POINT ( 'NONE',  ( 218.7359999999999900, 124.2890000000000157, 5.000000000000000000 ) ) ;
#3751 = LINE ( 'NONE', #4151, #3105 ) ;
#3752 = LINE ( 'NONE', #4209, #5363 ) ;
#3753 = ORIENTED_EDGE ( 'NONE', *, *, #4239, .T. ) ;
#3754 = DIRECTION ( 'NONE',  ( -0.000000000000000000, -0.000000000000000000, -1.000000000000000000 ) ) ;
#3755 = EDGE_CURVE ( 'NONE', #1249, #2035, #1294, .T. ) ;
#3756 = VECTOR ( 'NONE', #1490, 1000.000000000000114 ) ;
#3757 = PLANE ( 'NONE',  #4110 ) ;
#3758 = CARTESIAN_POINT ( 'NONE',  ( 325.3960000000000150, 121.3940000000000055, 5.000000000000000000 ) ) ;
#3759 = LINE ( 'NONE', #3645, #3775 ) ;
#3760 = FACE_OUTER_BOUND ( 'NONE', #3717, .T. ) ;
#3761 = ORIENTED_EDGE ( 'NONE', *, *, #1154, .F. ) ;
#3762 = EDGE_CURVE ( 'NONE', #2793, #5360, #3472, .T. ) ;
#3763 = LINE ( 'NONE', #2418, #4841 ) ;
#3764 = ORIENTED_EDGE ( 'NONE', *, *, #110, .T. ) ;
#3765 = ORIENTED_EDGE ( 'NONE', *, *, #3124, .T. ) ;
#3766 = CARTESIAN_POINT ( 'NONE',  ( 110.1950000000000074, 121.3940000000000055, 0.000000000000000000 ) ) ;
#3767 = ORIENTED_EDGE ( 'NONE', *, *, #3236, .T. ) ;
#3768 = CARTESIAN_POINT ( 'NONE',  ( 108.8990000000000151, 3.684870000000000090, 5.000000000000000000 ) ) ;
#3769 = VECTOR ( 'NONE', #3565, 1000.000000000000114 ) ;
#3770 = ORIENTED_EDGE ( 'NONE', *, *, #3966, .T. ) ;
#3771 = LINE ( 'NONE', #734, #1848 ) ;
#3772 = CARTESIAN_POINT ( 'NONE',  ( 111.7950000000000017, 2.745049999999999990, 5.000000000000000000 ) ) ;
#3773 = ADVANCED_FACE ( 'NONE', ( #2327 ), #490, .T. ) ;
#3774 = VERTEX_POINT ( 'NONE', #2721 ) ;
#3775 = VECTOR ( 'NONE', #2360, 1000.000000000000114 ) ;
#3776 = ORIENTED_EDGE ( 'NONE', *, *, #2018, .T. ) ;
#3777 = ORIENTED_EDGE ( 'NONE', *, *, #1873, .F. ) ;
#3778 = CARTESIAN_POINT ( 'NONE',  ( 216.5010000000000048, 122.0540000000000163, 5.000000000000000000 ) ) ;
#3779 = CARTESIAN_POINT ( 'NONE',  ( 109.2540000000000049, 1.451070000000000082, 5.000000000000000000 ) ) ;
#3780 = CARTESIAN_POINT ( 'NONE',  ( 219.0900000000000034, 3.684870000000000090, 5.000000000000000000 ) ) ;
#3781 = ORIENTED_EDGE ( 'NONE', *, *, #2955, .T. ) ;
#3782 = DIRECTION ( 'NONE',  ( -0.8923976911356837904, 0.4512497765713583964, 0.000000000000000000 ) ) ;
#3783 = ADVANCED_FACE ( 'NONE', ( #4481 ), #546, .T. ) ;
#3784 = ADVANCED_FACE ( 'NONE', ( #4043 ), #2241, .T. ) ;
#3785 = DIRECTION ( 'NONE',  ( 0.8911057429423657750, 0.4537957193442158643, 0.000000000000000000 ) ) ;
#3786 = LINE ( 'NONE', #1235, #1478 ) ;
#3787 = CARTESIAN_POINT ( 'NONE',  ( 217.7949999999999875, 124.5939999999999941, 5.000000000000000000 ) ) ;
#3788 = CARTESIAN_POINT ( 'NONE',  ( 316.8949999999999818, 110.4950000000000045, 0.000000000000000000 ) ) ;
#3789 = CARTESIAN_POINT ( 'NONE',  ( 111.4890000000000043, 122.0540000000000163, 0.000000000000000000 ) ) ;
#3790 = CARTESIAN_POINT ( 'NONE',  ( 326.3360000000000127, 4.039019999999999833, 5.000000000000000000 ) ) ;
#3791 = CARTESIAN_POINT ( 'NONE',  ( 2.100130000000000052, 1.223700000000000010, 5.000000000000000000 ) ) ;
#3792 = ORIENTED_EDGE ( 'NONE', *, *, #1105, .T. ) ;
#3793 = LINE ( 'NONE', #3766, #1693 ) ;
#3794 = ORIENTED_EDGE ( 'NONE', *, *, #2211, .T. ) ;
#3795 = EDGE_CURVE ( 'NONE', #2143, #2463, #948, .T. ) ;
#3796 = ORIENTED_EDGE ( 'NONE', *, *, #4365, .T. ) ;
#3797 = EDGE_CURVE ( 'NONE', #4553, #1919, #1843, .T. ) ;
#3798 = VECTOR ( 'NONE', #5445, 1000.000000000000000 ) ;
#3799 = CARTESIAN_POINT ( 'NONE',  ( 324.8999999999999773, 124.5169999999999959, 5.000000000000000000 ) ) ;
#3800 = LINE ( 'NONE', #4678, #3538 ) ;
#3801 = ORIENTED_EDGE ( 'NONE', *, *, #3684, .F. ) ;
#3802 = ORIENTED_EDGE ( 'NONE', *, *, #1863, .T. ) ;
#3803 = EDGE_CURVE ( 'NONE', #5072, #5668, #4945, .T. ) ;
#3804 = VECTOR ( 'NONE', #4694, 1000.000000000000000 ) ;
#3805 = VERTEX_POINT ( 'NONE', #3673 ) ;
#3806 = LINE ( 'NONE', #4712, #4704 ) ;
#3807 = VECTOR ( 'NONE', #2264, 1000.000000000000114 ) ;
#3808 = CARTESIAN_POINT ( 'NONE',  ( 3.888809999999999878, 1.803850000000000176, 0.000000000000000000 ) ) ;
#3809 = LINE ( 'NONE', #3889, #2237 ) ;
#3810 = ORIENTED_EDGE ( 'NONE', *, *, #19, .T. ) ;
#3811 = CARTESIAN_POINT ( 'NONE',  ( 325.3960000000000150, 4.344949999999999868, 5.000000000000000000 ) ) ;
#3812 = ORIENTED_EDGE ( 'NONE', *, *, #4216, .T. ) ;
#3813 = DIRECTION ( 'NONE',  ( 0.9870883714087316241, 0.1601766119933176746, 0.000000000000000000 ) ) ;
#3814 = CARTESIAN_POINT ( 'NONE',  ( 325.3960000000000150, 1.143769999999999953, 5.000000000000000000 ) ) ;
#3815 = PLANE ( 'NONE',  #4546 ) ;
#3816 = ADVANCED_FACE ( 'NONE', ( #117 ), #1869, .T. ) ;
#3817 = VECTOR ( 'NONE', #2485, 1000.000000000000000 ) ;
#3818 = CARTESIAN_POINT ( 'NONE',  ( 2.593469999999999942, 121.3940000000000055, 5.000000000000000000 ) ) ;
#3819 = DIRECTION ( 'NONE',  ( 0.1599815188204922467, 0.9871200097434397192, 0.000000000000000000 ) ) ;
#3820 = DIRECTION ( 'NONE',  ( -1.000000000000000000, 0.000000000000000000, -0.000000000000000000 ) ) ;
#3821 = ORIENTED_EDGE ( 'NONE', *, *, #4640, .F. ) ;
#3822 = DIRECTION ( 'NONE',  ( 0.1537070062818597649, -0.9881164689548840308, 0.000000000000000000 ) ) ;
#3823 = VECTOR ( 'NONE', #5153, 1000.000000000000000 ) ;
#3824 = VERTEX_POINT ( 'NONE', #177 ) ;
#3825 = LINE ( 'NONE', #5162, #3461 ) ;
#3826 = DIRECTION ( 'NONE',  ( -0.4538115675396487414, -0.8910976720692332931, 0.000000000000000000 ) ) ;
#3827 = VECTOR ( 'NONE', #1585, 1000.000000000000000 ) ;
#3828 = EDGE_LOOP ( 'NONE', ( #587, #1224, #141, #2420 ) ) ;
#3829 = EDGE_LOOP ( 'NONE', ( #2121, #2561, #5181, #932 ) ) ;
#3830 = AXIS2_PLACEMENT_3D ( 'NONE', #4537, #3669, #2354 ) ;
#3831 = VERTEX_POINT ( 'NONE', #3608 ) ;
#3832 = FACE_OUTER_BOUND ( 'NONE', #2679, .T. ) ;
#3833 = EDGE_CURVE ( 'NONE', #1823, #1047, #3119, .T. ) ;
#3834 = LINE ( 'NONE', #5598, #2741 ) ;
#3835 = CARTESIAN_POINT ( 'NONE',  ( 325.3960000000000150, 124.5939999999999941, 5.000000000000000000 ) ) ;
#3836 = VERTEX_POINT ( 'NONE', #1038 ) ;
#3837 = CARTESIAN_POINT ( 'NONE',  ( 109.7000000000000028, 121.4740000000000180, 5.000000000000000000 ) ) ;
#3838 = FACE_OUTER_BOUND ( 'NONE', #3625, .T. ) ;
#3839 = DIRECTION ( 'NONE',  ( -0.7071067811865613395, -0.7071067811865335839, 0.000000000000000000 ) ) ;
#3840 = EDGE_CURVE ( 'NONE', #1748, #5647, #2693, .T. ) ;
#3841 = LINE ( 'NONE', #4802, #3706 ) ;
#3842 = VECTOR ( 'NONE', #969, 1000.000000000000000 ) ;
#3843 = CARTESIAN_POINT ( 'NONE',  ( 0.09508460000000000523, 125.4939999999999998, 5.000000000000000000 ) ) ;
#3844 = PLANE ( 'NONE',  #1666 ) ;
#3845 = LINE ( 'NONE', #5667, #810 ) ;
#3846 = ORIENTED_EDGE ( 'NONE', *, *, #1174, .T. ) ;
#3847 = PLANE ( 'NONE',  #3519 ) ;
#3848 = VECTOR ( 'NONE', #1981, 1000.000000000000227 ) ;
#3849 = CARTESIAN_POINT ( 'NONE',  ( 1.653650000000000064, 4.039019999999999833, 5.000000000000000000 ) ) ;
#3850 = EDGE_CURVE ( 'NONE', #2487, #1748, #4541, .T. ) ;
#3851 = VECTOR ( 'NONE', #3959, 1000.000000000000000 ) ;
#3852 = CARTESIAN_POINT ( 'NONE',  ( 1.653650000000000064, 1.451070000000000082, 0.000000000000000000 ) ) ;
#3853 = LINE ( 'NONE', #2858, #5664 ) ;
#3854 = ADVANCED_FACE ( 'NONE', ( #89 ), #3555, .T. ) ;
#3855 = ORIENTED_EDGE ( 'NONE', *, *, #1326, .T. ) ;
#3856 = VERTEX_POINT ( 'NONE', #147 ) ;
#3857 = ORIENTED_EDGE ( 'NONE', *, *, #4771, .F. ) ;
#3858 = FACE_OUTER_BOUND ( 'NONE', #617, .T. ) ;
#3859 = AXIS2_PLACEMENT_3D ( 'NONE', #3960, #4947, #1352 ) ;
#3860 = CARTESIAN_POINT ( 'NONE',  ( 1.299490000000000256, 122.0540000000000163, 5.000000000000000000 ) ) ;
#3861 = ORIENTED_EDGE ( 'NONE', *, *, #1988, .T. ) ;
#3862 = CARTESIAN_POINT ( 'NONE',  ( 1.072109999999999896, 123.4890000000000043, 5.000000000000000000 ) ) ;
#3863 = ORIENTED_EDGE ( 'NONE', *, *, #3797, .F. ) ;
#3864 = CARTESIAN_POINT ( 'NONE',  ( 3.088179999999999925, 4.265010000000000190, 0.000000000000000000 ) ) ;
#3865 = EDGE_CURVE ( 'NONE', #1159, #382, #3643, .T. ) ;
#3866 = EDGE_LOOP ( 'NONE', ( #654, #5271, #2629, #2345, #916, #4958, #361, #306, #4876, #4437, #4631, #4210, #3372, #5415, #1367, #2921, #3291, #5594, #185, #3073 ) ) ;
#3867 = CARTESIAN_POINT ( 'NONE',  ( 0.09508460000000000523, 125.4939999999999998, 0.000000000000000000 ) ) ;
#3868 = LINE ( 'NONE', #1695, #550 ) ;
#3869 = DIRECTION ( 'NONE',  ( -0.1562712096204883216, 0.9877141838830447718, 0.000000000000000000 ) ) ;
#3870 = DIRECTION ( 'NONE',  ( -0.7072565443459868373, -0.7069569863009864674, 0.000000000000000000 ) ) ;
#3871 = DIRECTION ( 'NONE',  ( -0.000000000000000000, -0.000000000000000000, -1.000000000000000000 ) ) ;
#3872 = CARTESIAN_POINT ( 'NONE',  ( 323.8730000000000473, 2.248959999999999848, 5.000000000000000000 ) ) ;
#3873 = DIRECTION ( 'NONE',  ( -0.000000000000000000, -0.000000000000000000, -1.000000000000000000 ) ) ;
#3874 = DIRECTION ( 'NONE',  ( -0.000000000000000000, -0.000000000000000000, -1.000000000000000000 ) ) ;
#3875 = VERTEX_POINT ( 'NONE', #1934 ) ;
#3876 = DIRECTION ( 'NONE',  ( -0.7081034065937691357, -0.7061087491104320879, 0.000000000000000000 ) ) ;
#3877 = ADVANCED_FACE ( 'NONE', ( #515 ), #2268, .T. ) ;
#3878 = DIRECTION ( 'NONE',  ( 0.9880215842932842385, 0.1543157444027945246, -0.000000000000000000 ) ) ;
#3879 = CARTESIAN_POINT ( 'NONE',  ( 3.534660000000000135, 1.451070000000000082, 5.000000000000000000 ) ) ;
#3880 = EDGE_CURVE ( 'NONE', #1314, #1249, #2669, .T. ) ;
#3881 = ORIENTED_EDGE ( 'NONE', *, *, #3146, .F. ) ;
#3882 = EDGE_LOOP ( 'NONE', ( #3332, #5452, #3915, #3749 ) ) ;
#3883 = VECTOR ( 'NONE', #787, 1000.000000000000114 ) ;
#3884 = EDGE_LOOP ( 'NONE', ( #3025, #4788, #4419, #794 ) ) ;
#3885 = CARTESIAN_POINT ( 'NONE',  ( 326.6899999999999977, 1.803850000000000176, 5.000000000000000000 ) ) ;
#3886 = EDGE_CURVE ( 'NONE', #2793, #1451, #4916, .T. ) ;
#3887 = DIRECTION ( 'NONE',  ( 0.4535964786211886812, -0.8912071782601717063, 0.000000000000000000 ) ) ;
#3888 = ORIENTED_EDGE ( 'NONE', *, *, #1273, .F. ) ;
#3889 = CARTESIAN_POINT ( 'NONE',  ( 324.8999999999999773, 4.265010000000000190, 5.000000000000000000 ) ) ;
#3890 = VECTOR ( 'NONE', #2562, 1000.000000000000114 ) ;
#3891 = ORIENTED_EDGE ( 'NONE', *, *, #623, .T. ) ;
#3892 = CARTESIAN_POINT ( 'NONE',  ( 3.088179999999999925, 1.223700000000000010, 5.000000000000000000 ) ) ;
#3893 = VERTEX_POINT ( 'NONE', #5463 ) ;
#3894 = CC_DESIGN_APPROVAL ( #3230, ( #1702 ) ) ;
#3895 = CARTESIAN_POINT ( 'NONE',  ( 108.6720000000000113, 2.248959999999999848, 5.000000000000000000 ) ) ;
#3896 = CARTESIAN_POINT ( 'NONE',  ( 326.9159999999999968, 2.248959999999999848, 5.000000000000000000 ) ) ;
#3897 = CARTESIAN_POINT ( 'NONE',  ( 325.8890000000000668, 1.223700000000000010, 5.000000000000000000 ) ) ;
#3898 = EDGE_CURVE ( 'NONE', #1942, #5121, #2412, .T. ) ;
#3899 = CC_DESIGN_DATE_AND_TIME_ASSIGNMENT ( #1921, #3087, ( #1702 ) ) ;
#3900 = CARTESIAN_POINT ( 'NONE',  ( 217.3000000000000114, 4.265010000000000190, 5.000000000000000000 ) ) ;
#3901 = CARTESIAN_POINT ( 'NONE',  ( 1.072109999999999896, 3.238389999999999880, 5.000000000000000000 ) ) ;
#3902 = EDGE_CURVE ( 'NONE', #1501, #3052, #2871, .T. ) ;
#3903 = PLANE ( 'NONE',  #2036 ) ;
#3904 = DIRECTION ( 'NONE',  ( -0.9875566376330076057, 0.1572637512810519389, 0.000000000000000000 ) ) ;
#3905 = ORIENTED_EDGE ( 'NONE', *, *, #2605, .T. ) ;
#3906 = DIRECTION ( 'NONE',  ( -0.1576014570290689421, 0.9875028003718848701, 0.000000000000000000 ) ) ;
#3907 = VECTOR ( 'NONE', #1092, 1000.000000000000114 ) ;
#3908 = APPLICATION_CONTEXT ( 'configuration controlled 3d designs of mechanical parts and assemblies' ) ;
#3909 = DIRECTION ( 'NONE',  ( 0.8911057429423656639, -0.4537957193442161974, 0.000000000000000000 ) ) ;
#3910 = CARTESIAN_POINT ( 'NONE',  ( 217.7949999999999875, 121.3940000000000055, 5.000000000000000000 ) ) ;
#3911 = EDGE_LOOP ( 'NONE', ( #1652, #4197, #497, #1998 ) ) ;
#3912 = VECTOR ( 'NONE', #4983, 1000.000000000000000 ) ;
#3913 = ADVANCED_FACE ( 'NONE', ( #689 ), #751, .T. ) ;
#3914 = EDGE_LOOP ( 'NONE', ( #2458, #4301, #3173, #3861 ) ) ;
#3915 = ORIENTED_EDGE ( 'NONE', *, *, #5268, .T. ) ;
#3916 = DIRECTION ( 'NONE',  ( -0.7069569863009310673, -0.7072565443460422374, 0.000000000000000000 ) ) ;
#3917 = VECTOR ( 'NONE', #5375, 1000.000000000000227 ) ;
#3918 = PLANE ( 'NONE',  #445 ) ;
#3919 = ORIENTED_EDGE ( 'NONE', *, *, #752, .T. ) ;
#3920 = AXIS2_PLACEMENT_3D ( 'NONE', #3048, #1328, #2248 ) ;
#3921 = LINE ( 'NONE', #3835, #4997 ) ;
#3922 = ORIENTED_EDGE ( 'NONE', *, *, #1734, .T. ) ;
#3923 = DIRECTION ( 'NONE',  ( 1.000000000000000000, 0.000000000000000000, 0.000000000000000000 ) ) ;
#3924 = AXIS2_PLACEMENT_3D ( 'NONE', #2998, #175, #1497 ) ;
#3925 = DESIGN_CONTEXT ( 'detailed design', #4504, 'design' ) ;
#3926 = ADVANCED_FACE ( 'NONE', ( #3698 ), #722, .T. ) ;
#3927 = ORIENTED_EDGE ( 'NONE', *, *, #1863, .F. ) ;
#3928 = CARTESIAN_POINT ( 'NONE',  ( 326.9159999999999968, 123.4890000000000043, 5.000000000000000000 ) ) ;
#3929 = EDGE_CURVE ( 'NONE', #3503, #804, #2809, .T. ) ;
#3930 = CARTESIAN_POINT ( 'NONE',  ( 219.0900000000000034, 3.684870000000000090, 5.000000000000000000 ) ) ;
#3931 = CARTESIAN_POINT ( 'NONE',  ( 217.7949999999999875, 4.344949999999999868, 5.000000000000000000 ) ) ;
#3932 = DIRECTION ( 'NONE',  ( -0.1597438273536471998, -0.9871585027858535977, 0.000000000000000000 ) ) ;
#3933 = CARTESIAN_POINT ( 'NONE',  ( 2.593469999999999942, 121.3940000000000055, 0.000000000000000000 ) ) ;
#3934 = VERTEX_POINT ( 'NONE', #4156 ) ;
#3935 = CARTESIAN_POINT ( 'NONE',  ( 111.4890000000000043, 123.9350000000000023, 5.000000000000000000 ) ) ;
#3936 = VECTOR ( 'NONE', #2041, 1000.000000000000000 ) ;
#3937 = ADVANCED_FACE ( 'NONE', ( #4627 ), #1093, .T. ) ;
#3938 = LINE ( 'NONE', #4786, #4567 ) ;
#3939 = ORIENTED_EDGE ( 'NONE', *, *, #4402, .F. ) ;
#3940 = ORIENTED_EDGE ( 'NONE', *, *, #928, .F. ) ;
#3941 = VECTOR ( 'NONE', #2906, 1000.000000000000114 ) ;
#3942 = VERTEX_POINT ( 'NONE', #316 ) ;
#3943 = DIRECTION ( 'NONE',  ( 0.4512020778594382775, 0.8924218088635694768, 0.000000000000000000 ) ) ;
#3944 = EDGE_CURVE ( 'NONE', #3739, #1600, #5522, .T. ) ;
#3945 = DIRECTION ( 'NONE',  ( 0.7083262900088698188, -0.7058851655065930819, 0.000000000000000000 ) ) ;
#3946 = ORIENTED_EDGE ( 'NONE', *, *, #1559, .T. ) ;
#3947 = ORIENTED_EDGE ( 'NONE', *, *, #4450, .T. ) ;
#3948 = CARTESIAN_POINT ( 'NONE',  ( 324.4549999999999841, 4.039019999999999833, 0.000000000000000000 ) ) ;
#3949 = VECTOR ( 'NONE', #4276, 1000.000000000000227 ) ;
#3950 = ORIENTED_EDGE ( 'NONE', *, *, #1277, .F. ) ;
#3951 = CARTESIAN_POINT ( 'NONE',  ( 217.3000000000000114, 4.265010000000000190, 0.000000000000000000 ) ) ;
#3952 = VECTOR ( 'NONE', #2226, 1000.000000000000000 ) ;
#3953 = ORIENTED_EDGE ( 'NONE', *, *, #1615, .T. ) ;
#3954 = LINE ( 'NONE', #3064, #4290 ) ;
#3955 = EDGE_CURVE ( 'NONE', #1889, #680, #5032, .T. ) ;
#3956 = CARTESIAN_POINT ( 'NONE',  ( 323.8730000000000473, 2.248959999999999848, 5.000000000000000000 ) ) ;
#3957 = CARTESIAN_POINT ( 'NONE',  ( 109.7000000000000028, 121.4740000000000180, 0.000000000000000000 ) ) ;
#3958 = PLANE ( 'NONE',  #5122 ) ;
#3959 = DIRECTION ( 'NONE',  ( -0.000000000000000000, -0.000000000000000000, -1.000000000000000000 ) ) ;
#3960 = CARTESIAN_POINT ( 'NONE',  ( 219.0900000000000034, 1.803850000000000176, 5.000000000000000000 ) ) ;
#3961 = ORIENTED_EDGE ( 'NONE', *, *, #637, .F. ) ;
#3962 = CARTESIAN_POINT ( 'NONE',  ( 325.3960000000000150, 121.3940000000000055, 0.000000000000000000 ) ) ;
#3963 = CARTESIAN_POINT ( 'NONE',  ( 324.1010000000000559, 123.9350000000000023, 0.000000000000000000 ) ) ;
#3964 = VERTEX_POINT ( 'NONE', #2841 ) ;
#3965 = EDGE_LOOP ( 'NONE', ( #3713, #653, #288, #3299, #2580, #714, #3311, #2309, #2677, #2831, #2707, #4356, #3970, #4179, #4610, #1248, #2349, #5161, #2379, #5335 ) ) ;
#3966 = EDGE_CURVE ( 'NONE', #1396, #1104, #5493, .T. ) ;
#3967 = ORIENTED_EDGE ( 'NONE', *, *, #1597, .T. ) ;
#3968 = CARTESIAN_POINT ( 'NONE',  ( 0.9935670000000000890, 122.9939999999999998, 5.000000000000000000 ) ) ;
#3969 = DIRECTION ( 'NONE',  ( -0.4535964786211886812, 0.8912071782601717063, 0.000000000000000000 ) ) ;
#3970 = ORIENTED_EDGE ( 'NONE', *, *, #2502, .T. ) ;
#3971 = ORIENTED_EDGE ( 'NONE', *, *, #5412, .T. ) ;
#3972 = CARTESIAN_POINT ( 'NONE',  ( 324.8999999999999773, 121.4740000000000180, 5.000000000000000000 ) ) ;
#3973 = EDGE_CURVE ( 'NONE', #3111, #4557, #5090, .T. ) ;
#3974 = VERTEX_POINT ( 'NONE', #2499 ) ;
#3975 = PERSON_AND_ORGANIZATION_ROLE ( 'design_owner' ) ;
#3976 = VECTOR ( 'NONE', #646, 1000.000000000000000 ) ;
#3977 = EDGE_LOOP ( 'NONE', ( #1192, #1175, #5650, #211 ) ) ;
#3978 = AXIS2_PLACEMENT_3D ( 'NONE', #1209, #2472, #318 ) ;
#3979 = FACE_OUTER_BOUND ( 'NONE', #3828, .T. ) ;
#3980 = FACE_OUTER_BOUND ( 'NONE', #3113, .T. ) ;
#3981 = CARTESIAN_POINT ( 'NONE',  ( 216.8549999999999898, 4.039019999999999833, 0.000000000000000000 ) ) ;
#3982 = CARTESIAN_POINT ( 'NONE',  ( 324.4549999999999841, 124.2890000000000157, 5.000000000000000000 ) ) ;
#3983 = CARTESIAN_POINT ( 'NONE',  ( 217.7949999999999875, 4.344949999999999868, 5.000000000000000000 ) ) ;
#3984 = CARTESIAN_POINT ( 'NONE',  ( 111.7950000000000017, 122.9939999999999998, 5.000000000000000000 ) ) ;
#3985 = CARTESIAN_POINT ( 'NONE',  ( 216.8549999999999898, 1.451070000000000082, 5.000000000000000000 ) ) ;
#3986 = CARTESIAN_POINT ( 'NONE',  ( 218.2889999999999873, 121.4740000000000180, 5.000000000000000000 ) ) ;
#3987 = LINE ( 'NONE', #2244, #138 ) ;
#3988 = ADVANCED_FACE ( 'NONE', ( #2048, #5579, #204, #5550, #4601, #664, #230, #1613, #2073, #1644 ), #1990, .T. ) ;
#3989 = DIRECTION ( 'NONE',  ( -0.7058851655065653263, 0.7083262900088976854, 0.000000000000000000 ) ) ;
#3990 = DIRECTION ( 'NONE',  ( 0.8920142723425459330, -0.4520072321735552623, 0.000000000000000000 ) ) ;
#3991 = ORIENTED_EDGE ( 'NONE', *, *, #265, .F. ) ;
#3992 = VERTEX_POINT ( 'NONE', #3353 ) ;
#3993 = EDGE_CURVE ( 'NONE', #4136, #5441, #1962, .T. ) ;
#3994 = ORIENTED_EDGE ( 'NONE', *, *, #328, .T. ) ;
#3995 = DIRECTION ( 'NONE',  ( 0.1592324388246248446, 0.9872411207126464694, -0.000000000000000000 ) ) ;
#3996 = CARTESIAN_POINT ( 'NONE',  ( 111.7159999999999940, 123.4890000000000043, 0.000000000000000000 ) ) ;
#3997 = VECTOR ( 'NONE', #1504, 1000.000000000000227 ) ;
#3998 = ORIENTED_EDGE ( 'NONE', *, *, #3483, .T. ) ;
#3999 = ORIENTED_EDGE ( 'NONE', *, *, #5673, .F. ) ;
#4000 = CARTESIAN_POINT ( 'NONE',  ( 325.8890000000000668, 1.223700000000000010, 0.000000000000000000 ) ) ;
#4001 = ORIENTED_EDGE ( 'NONE', *, *, #5529, .T. ) ;
#4002 = CARTESIAN_POINT ( 'NONE',  ( 108.6720000000000113, 3.238389999999999880, 0.000000000000000000 ) ) ;
#4003 = VECTOR ( 'NONE', #2221, 1000.000000000000000 ) ;
#4004 = ORIENTED_EDGE ( 'NONE', *, *, #3512, .F. ) ;
#4005 = ADVANCED_FACE ( 'NONE', ( #2387 ), #1524, .T. ) ;
#4006 = AXIS2_PLACEMENT_3D ( 'NONE', #303, #3878, #5565 ) ;
#4007 = LINE ( 'NONE', #2772, #2566 ) ;
#4008 = CARTESIAN_POINT ( 'NONE',  ( 216.8549999999999898, 1.451070000000000082, 0.000000000000000000 ) ) ;
#4009 = AXIS2_PLACEMENT_3D ( 'NONE', #5606, #2153, #1234 ) ;
#4010 = CARTESIAN_POINT ( 'NONE',  ( 111.7159999999999940, 2.248959999999999848, 5.000000000000000000 ) ) ;
#4011 = AXIS2_PLACEMENT_3D ( 'NONE', #194, #1952, #5453 ) ;
#4012 = EDGE_CURVE ( 'NONE', #1820, #5654, #30, .T. ) ;
#4013 = CARTESIAN_POINT ( 'NONE',  ( 110.6880000000000024, 1.223700000000000010, 0.000000000000000000 ) ) ;
#4014 = DIRECTION ( 'NONE',  ( 0.1537070062818868266, 0.9881164689548798119, 0.000000000000000000 ) ) ;
#4015 = LINE ( 'NONE', #3098, #2848 ) ;
#4016 = DIRECTION ( 'NONE',  ( 0.7084857568802659378, -0.7057251110012996431, 0.000000000000000000 ) ) ;
#4017 = CARTESIAN_POINT ( 'NONE',  ( 324.8999999999999773, 4.265010000000000190, 0.000000000000000000 ) ) ;
#4018 = PLANE ( 'NONE',  #1914 ) ;
#4019 = CARTESIAN_POINT ( 'NONE',  ( 4.114840000000000053, 123.4890000000000043, 5.000000000000000000 ) ) ;
#4020 = ORIENTED_EDGE ( 'NONE', *, *, #2778, .F. ) ;
#4021 = EDGE_CURVE ( 'NONE', #3453, #1161, #402, .T. ) ;
#4022 = ORIENTED_EDGE ( 'NONE', *, *, #374, .T. ) ;
#4023 = VECTOR ( 'NONE', #5139, 1000.000000000000114 ) ;
#4024 = ORIENTED_EDGE ( 'NONE', *, *, #4062, .T. ) ;
#4025 = CARTESIAN_POINT ( 'NONE',  ( 216.8549999999999898, 124.2890000000000157, 5.000000000000000000 ) ) ;
#4026 = EDGE_CURVE ( 'NONE', #5546, #3652, #3954, .T. ) ;
#4027 = PLANE ( 'NONE',  #431 ) ;
#4028 = DIRECTION ( 'NONE',  ( 0.7058851655065931929, 0.7083262900088699299, -0.000000000000000000 ) ) ;
#4029 = ORIENTED_EDGE ( 'NONE', *, *, #87, .F. ) ;
#4030 = LINE ( 'NONE', #4000, #2883 ) ;
#4031 = ORIENTED_EDGE ( 'NONE', *, *, #3833, .T. ) ;
#4032 = COORDINATED_UNIVERSAL_TIME_OFFSET ( 5, 0, .BEHIND. ) ;
#4033 = AXIS2_PLACEMENT_3D ( 'NONE', #825, #4350, #5138 ) ;
#4034 = LINE ( 'NONE', #5393, #3741 ) ;
#4035 = EDGE_LOOP ( 'NONE', ( #2250, #3999, #3967, #5474 ) ) ;
#4036 = LINE ( 'NONE', #2802, #4492 ) ;
#4037 = PLANE ( 'NONE',  #5394 ) ;
#4038 = FACE_OUTER_BOUND ( 'NONE', #642, .T. ) ;
#4039 = ADVANCED_FACE ( 'NONE', ( #5229 ), #886, .T. ) ;
#4040 = VECTOR ( 'NONE', #3871, 1000.000000000000000 ) ;
#4041 = EDGE_CURVE ( 'NONE', #2377, #2317, #2635, .T. ) ;
#4042 = DIRECTION ( 'NONE',  ( 0.4527899509762813857, -0.8916172162396240886, 0.000000000000000000 ) ) ;
#4043 = FACE_OUTER_BOUND ( 'NONE', #874, .T. ) ;
#4044 = AXIS2_PLACEMENT_3D ( 'NONE', #5608, #3354, #1151 ) ;
#4045 = DIRECTION ( 'NONE',  ( 0.4528148944300242618, 0.8916045487671797609, -0.000000000000000000 ) ) ;
#4046 = DIRECTION ( 'NONE',  ( 0.9871757703368737591, 0.1596370835983918213, 0.000000000000000000 ) ) ;
#4047 = CARTESIAN_POINT ( 'NONE',  ( 217.3000000000000114, 1.223700000000000010, 5.000000000000000000 ) ) ;
#4048 = EDGE_CURVE ( 'NONE', #1656, #1942, #4334, .T. ) ;
#4049 = DIRECTION ( 'NONE',  ( -0.4543163942505794028, -0.8908403975545517994, 0.000000000000000000 ) ) ;
#4050 = DIRECTION ( 'NONE',  ( -0.7071067811865059394, -0.7071067811865890951, 0.000000000000000000 ) ) ;
#4051 = ORIENTED_EDGE ( 'NONE', *, *, #4150, .T. ) ;
#4052 = ORIENTED_EDGE ( 'NONE', *, *, #4941, .F. ) ;
#4053 = EDGE_CURVE ( 'NONE', #5656, #5278, #1289, .T. ) ;
#4054 = VERTEX_POINT ( 'NONE', #4800 ) ;
#4055 = ADVANCED_FACE ( 'NONE', ( #4773 ), #4361, .T. ) ;
#4056 = DIRECTION ( 'NONE',  ( 0.8908112580283353843, 0.4543735275849315469, -0.000000000000000000 ) ) ;
#4057 = DIRECTION ( 'NONE',  ( 0.7071067811865335839, -0.7071067811865613395, 0.000000000000000000 ) ) ;
#4058 = ORIENTED_EDGE ( 'NONE', *, *, #2557, .T. ) ;
#4059 = VERTEX_POINT ( 'NONE', #1671 ) ;
#4060 = ORIENTED_EDGE ( 'NONE', *, *, #1875, .T. ) ;
#4061 = PLANE ( 'NONE',  #813 ) ;
#4062 = EDGE_CURVE ( 'NONE', #2125, #2343, #1259, .T. ) ;
#4063 = ORIENTED_EDGE ( 'NONE', *, *, #4931, .F. ) ;
#4064 = FACE_OUTER_BOUND ( 'NONE', #3882, .T. ) ;
#4065 = LINE ( 'NONE', #2235, #4755 ) ;
#4066 = EDGE_LOOP ( 'NONE', ( #769, #3651, #4060, #4240 ) ) ;
#4067 = DIRECTION ( 'NONE',  ( -0.1542119231227464249, -0.9880377941995862612, 0.000000000000000000 ) ) ;
#4068 = LINE ( 'NONE', #5403, #5220 ) ;
#4069 = VECTOR ( 'NONE', #970, 1000.000000000000114 ) ;
#4070 = PLANE ( 'NONE',  #5217 ) ;
#4071 = DIRECTION ( 'NONE',  ( -0.9881634915692752985, -0.1534044130056855804, 0.000000000000000000 ) ) ;
#4072 = FACE_OUTER_BOUND ( 'NONE', #2029, .T. ) ;
#4073 = CARTESIAN_POINT ( 'NONE',  ( 324.1010000000000559, 122.0540000000000163, 5.000000000000000000 ) ) ;
#4074 = LINE ( 'NONE', #2390, #4264 ) ;
#4075 = EDGE_CURVE ( 'NONE', #4663, #553, #3495, .T. ) ;
#4076 = AXIS2_PLACEMENT_3D ( 'NONE', #1557, #3729, #5064 ) ;
#4077 = ORIENTED_EDGE ( 'NONE', *, *, #1121, .T. ) ;
#4078 = ADVANCED_FACE ( 'NONE', ( #4302 ), #1208, .T. ) ;
#4079 = LOCAL_TIME ( 17, 52, 47.00000000000000000, #5392 ) ;
#4080 = DIRECTION ( 'NONE',  ( 0.1543157444028216974, -0.9880215842932799086, 0.000000000000000000 ) ) ;
#4081 = CARTESIAN_POINT ( 'NONE',  ( 1.072109999999999896, 3.238389999999999880, 5.000000000000000000 ) ) ;
#4082 = EDGE_LOOP ( 'NONE', ( #1109, #1667, #1822, #2796 ) ) ;
#4083 = ORIENTED_EDGE ( 'NONE', *, *, #2537, .T. ) ;
#4084 = VERTEX_POINT ( 'NONE', #429 ) ;
#4085 = LINE ( 'NONE', #1975, #755 ) ;
#4086 = FACE_OUTER_BOUND ( 'NONE', #164, .T. ) ;
#4087 = ADVANCED_FACE ( 'NONE', ( #5172 ), #1316, .T. ) ;
#4088 = ORIENTED_EDGE ( 'NONE', *, *, #1522, .F. ) ;
#4089 = ORIENTED_EDGE ( 'NONE', *, *, #2025, .T. ) ;
#4090 = MECHANICAL_CONTEXT ( 'NONE', #3908, 'mechanical' ) ;
#4091 = CARTESIAN_POINT ( 'NONE',  ( 316.8949999999999818, 15.24380000000000024, 5.000000000000000000 ) ) ;
#4092 = VECTOR ( 'NONE', #503, 1000.000000000000000 ) ;
#4093 = ORIENTED_EDGE ( 'NONE', *, *, #3107, .F. ) ;
#4094 = LINE ( 'NONE', #2833, #3756 ) ;
#4095 = CARTESIAN_POINT ( 'NONE',  ( 108.6720000000000113, 2.248959999999999848, 5.000000000000000000 ) ) ;
#4096 = ORIENTED_EDGE ( 'NONE', *, *, #1, .F. ) ;
#4097 = CARTESIAN_POINT ( 'NONE',  ( 4.114840000000000053, 2.248959999999999848, 0.000000000000000000 ) ) ;
#4098 = VECTOR ( 'NONE', #4050, 1000.000000000000000 ) ;
#4099 = CARTESIAN_POINT ( 'NONE',  ( 3.088179999999999925, 124.5169999999999959, 0.000000000000000000 ) ) ;
#4100 = VECTOR ( 'NONE', #3396, 1000.000000000000000 ) ;
#4101 = AXIS2_PLACEMENT_3D ( 'NONE', #3326, #1066, #1122 ) ;
#4102 = FACE_OUTER_BOUND ( 'NONE', #365, .T. ) ;
#4103 = EDGE_CURVE ( 'NONE', #5041, #2150, #2101, .T. ) ;
#4104 = DIRECTION ( 'NONE',  ( -0.000000000000000000, -0.000000000000000000, -1.000000000000000000 ) ) ;
#4105 = LINE ( 'NONE', #2388, #1018 ) ;
#4106 = CARTESIAN_POINT ( 'NONE',  ( 218.2889999999999873, 124.5169999999999959, 5.000000000000000000 ) ) ;
#4107 = LINE ( 'NONE', #609, #1327 ) ;
#4108 = VECTOR ( 'NONE', #1654, 1000.000000000000000 ) ;
#4109 = VERTEX_POINT ( 'NONE', #342 ) ;
#4110 = AXIS2_PLACEMENT_3D ( 'NONE', #5462, #5521, #663 ) ;
#4111 = LINE ( 'NONE', #2333, #1355 ) ;
#4112 = LINE ( 'NONE', #123, #4184 ) ;
#4113 = ORIENTED_EDGE ( 'NONE', *, *, #1659, .F. ) ;
#4114 = ORIENTED_EDGE ( 'NONE', *, *, #2386, .T. ) ;
#4115 = ADVANCED_FACE ( 'NONE', ( #3838 ), #834, .T. ) ;
#4116 = ORIENTED_EDGE ( 'NONE', *, *, #1452, .T. ) ;
#4117 = LINE ( 'NONE', #4959, #2214 ) ;
#4118 = DIRECTION ( 'NONE',  ( -0.000000000000000000, -0.000000000000000000, -1.000000000000000000 ) ) ;
#4119 = VERTEX_POINT ( 'NONE', #372 ) ;
#4120 = ORIENTED_EDGE ( 'NONE', *, *, #5028, .F. ) ;
#4121 = PLANE ( 'NONE',  #4011 ) ;
#4122 = AXIS2_PLACEMENT_3D ( 'NONE', #202, #1086, #222 ) ;
#4123 = EDGE_CURVE ( 'NONE', #1737, #1619, #2129, .T. ) ;
#4124 = ORIENTED_EDGE ( 'NONE', *, *, #5500, .T. ) ;
#4125 = FACE_OUTER_BOUND ( 'NONE', #4767, .T. ) ;
#4126 = LINE ( 'NONE', #197, #1974 ) ;
#4127 = ORIENTED_EDGE ( 'NONE', *, *, #4173, .F. ) ;
#4128 = CARTESIAN_POINT ( 'NONE',  ( 108.8990000000000151, 123.9350000000000023, 5.000000000000000000 ) ) ;
#4129 = CARTESIAN_POINT ( 'NONE',  ( 324.4549999999999841, 121.7000000000000028, 5.000000000000000000 ) ) ;
#4130 = EDGE_CURVE ( 'NONE', #2552, #3224, #1694, .T. ) ;
#4131 = CARTESIAN_POINT ( 'NONE',  ( 0.09508460000000000523, 125.4939999999999998, 5.000000000000000000 ) ) ;
#4132 = DIRECTION ( 'NONE',  ( -0.4549196351979302722, 0.8905324954831137507, 0.000000000000000000 ) ) ;
#4133 = DIRECTION ( 'NONE',  ( -0.000000000000000000, -0.000000000000000000, -1.000000000000000000 ) ) ;
#4134 = DIRECTION ( 'NONE',  ( -0.000000000000000000, -0.000000000000000000, -1.000000000000000000 ) ) ;
#4135 = DIRECTION ( 'NONE',  ( -0.7071067811865613395, 0.7071067811865335839, 0.000000000000000000 ) ) ;
#4136 = VERTEX_POINT ( 'NONE', #140 ) ;
#4137 = VECTOR ( 'NONE', #5290, 1000.000000000000000 ) ;
#4138 = DIRECTION ( 'NONE',  ( 0.8924218088635806900, 0.4512020778594162396, 0.000000000000000000 ) ) ;
#4139 = EDGE_LOOP ( 'NONE', ( #829, #1517, #5130, #4325 ) ) ;
#4140 = FACE_OUTER_BOUND ( 'NONE', #2994, .T. ) ;
#4141 = ORIENTED_EDGE ( 'NONE', *, *, #2480, .F. ) ;
#4142 = EDGE_LOOP ( 'NONE', ( #3742, #1740, #708, #3971 ) ) ;
#4143 = FACE_OUTER_BOUND ( 'NONE', #2228, .T. ) ;
#4144 = LINE ( 'NONE', #217, #5129 ) ;
#4145 = ORIENTED_EDGE ( 'NONE', *, *, #19, .F. ) ;
#4146 = VERTEX_POINT ( 'NONE', #171 ) ;
#4147 = EDGE_CURVE ( 'NONE', #3104, #1950, #2322, .T. ) ;
#4148 = ORIENTED_EDGE ( 'NONE', *, *, #1211, .T. ) ;
#4149 = DIRECTION ( 'NONE',  ( -0.000000000000000000, -0.000000000000000000, -1.000000000000000000 ) ) ;
#4150 = EDGE_CURVE ( 'NONE', #4990, #5471, #4065, .T. ) ;
#4151 = CARTESIAN_POINT ( 'NONE',  ( 2.593469999999999942, 121.3940000000000055, 5.000000000000000000 ) ) ;
#4152 = CARTESIAN_POINT ( 'NONE',  ( 326.3360000000000127, 4.039019999999999833, 0.000000000000000000 ) ) ;
#4153 = ORIENTED_EDGE ( 'NONE', *, *, #972, .F. ) ;
#4154 = CARTESIAN_POINT ( 'NONE',  ( 324.1010000000000559, 3.684870000000000090, 0.000000000000000000 ) ) ;
#4155 = FACE_OUTER_BOUND ( 'NONE', #786, .T. ) ;
#4156 = CARTESIAN_POINT ( 'NONE',  ( 218.7359999999999900, 124.2890000000000157, 0.000000000000000000 ) ) ;
#4157 = DIRECTION ( 'NONE',  ( -0.000000000000000000, -0.000000000000000000, -1.000000000000000000 ) ) ;
#4158 = DIRECTION ( 'NONE',  ( -0.000000000000000000, -0.000000000000000000, -1.000000000000000000 ) ) ;
#4159 = DIRECTION ( 'NONE',  ( 0.1533772373344897966, -0.9881677099903839467, 0.000000000000000000 ) ) ;
#4160 = ORIENTED_EDGE ( 'NONE', *, *, #1932, .F. ) ;
#4161 = AXIS2_PLACEMENT_3D ( 'NONE', #4468, #535, #2284 ) ;
#4162 = CARTESIAN_POINT ( 'NONE',  ( 324.8999999999999773, 1.223700000000000010, 0.000000000000000000 ) ) ;
#4163 = VECTOR ( 'NONE', #1236, 1000.000000000000000 ) ;
#4164 = CARTESIAN_POINT ( 'NONE',  ( 216.5010000000000048, 1.803850000000000176, 5.000000000000000000 ) ) ;
#4165 = ORIENTED_EDGE ( 'NONE', *, *, #5231, .F. ) ;
#4166 = CARTESIAN_POINT ( 'NONE',  ( 324.4549999999999841, 124.2890000000000157, 5.000000000000000000 ) ) ;
#4167 = VERTEX_POINT ( 'NONE', #4857 ) ;
#4168 = EDGE_CURVE ( 'NONE', #5121, #553, #1343, .T. ) ;
#4169 = CC_DESIGN_APPROVAL ( #433, ( #964 ) ) ;
#4170 = VERTEX_POINT ( 'NONE', #1835 ) ;
#4171 = DIRECTION ( 'NONE',  ( 0.8924218088635806900, 0.4512020778594162396, 0.000000000000000000 ) ) ;
#4172 = LINE ( 'NONE', #3020, #3088 ) ;
#4173 = EDGE_CURVE ( 'NONE', #5539, #1638, #5342, .T. ) ;
#4174 = ORIENTED_EDGE ( 'NONE', *, *, #1754, .F. ) ;
#4175 = EDGE_LOOP ( 'NONE', ( #1140, #5448, #2662, #4077 ) ) ;
#4176 = VERTEX_POINT ( 'NONE', #485 ) ;
#4177 = LINE ( 'NONE', #5083, #3387 ) ;
#4178 = DIRECTION ( 'NONE',  ( 0.8922101619186266763, -0.4516204456943218037, 0.000000000000000000 ) ) ;
#4179 = ORIENTED_EDGE ( 'NONE', *, *, #4021, .T. ) ;
#4180 = DIRECTION ( 'NONE',  ( -0.000000000000000000, -0.000000000000000000, -1.000000000000000000 ) ) ;
#4181 = ADVANCED_FACE ( 'NONE', ( #3980 ), #4037, .T. ) ;
#4182 = DIRECTION ( 'NONE',  ( 0.9872124837542678444, -0.1594098865181494407, 0.000000000000000000 ) ) ;
#4183 = DIRECTION ( 'NONE',  ( 0.8916126378921508389, 0.4527989663758082983, 0.000000000000000000 ) ) ;
#4184 = VECTOR ( 'NONE', #2307, 1000.000000000000000 ) ;
#4185 = DIRECTION ( 'NONE',  ( 0.9871105220788048973, 0.1600400487418979223, 0.000000000000000000 ) ) ;
#4186 = CARTESIAN_POINT ( 'NONE',  ( 323.7950000000000159, 2.745049999999999990, 5.000000000000000000 ) ) ;
#4187 = CARTESIAN_POINT ( 'NONE',  ( 1.072109999999999896, 123.4890000000000043, 0.000000000000000000 ) ) ;
#4188 = ORIENTED_EDGE ( 'NONE', *, *, #437, .F. ) ;
#4189 = AXIS2_PLACEMENT_3D ( 'NONE', #5147, #4393, #3 ) ;
#4190 = EDGE_CURVE ( 'NONE', #338, #5102, #3200, .T. ) ;
#4191 = VECTOR ( 'NONE', #2139, 1000.000000000000000 ) ;
#4192 = CARTESIAN_POINT ( 'NONE',  ( 110.1950000000000074, 124.5939999999999941, 5.000000000000000000 ) ) ;
#4193 = CARTESIAN_POINT ( 'NONE',  ( 326.9959999999999809, 122.9939999999999998, 0.000000000000000000 ) ) ;
#4194 = ORIENTED_EDGE ( 'NONE', *, *, #4450, .F. ) ;
#4195 = LINE ( 'NONE', #1190, #5457 ) ;
#4196 = AXIS2_PLACEMENT_3D ( 'NONE', #4436, #5276, #910 ) ;
#4197 = ORIENTED_EDGE ( 'NONE', *, *, #2410, .F. ) ;
#4198 = CARTESIAN_POINT ( 'NONE',  ( 108.6720000000000113, 2.248959999999999848, 5.000000000000000000 ) ) ;
#4199 = ORIENTED_EDGE ( 'NONE', *, *, #1988, .F. ) ;
#4200 = CARTESIAN_POINT ( 'NONE',  ( 3.534660000000000135, 4.039019999999999833, 5.000000000000000000 ) ) ;
#4201 = CARTESIAN_POINT ( 'NONE',  ( 326.9159999999999968, 3.238389999999999880, 5.000000000000000000 ) ) ;
#4202 = EDGE_CURVE ( 'NONE', #1047, #1820, #4968, .T. ) ;
#4203 = ORIENTED_EDGE ( 'NONE', *, *, #2854, .T. ) ;
#4204 = ORIENTED_EDGE ( 'NONE', *, *, #1376, .F. ) ;
#4205 = EDGE_CURVE ( 'NONE', #656, #2026, #5288, .T. ) ;
#4206 = ORIENTED_EDGE ( 'NONE', *, *, #3898, .T. ) ;
#4207 = CARTESIAN_POINT ( 'NONE',  ( 217.7949999999999875, 1.143769999999999953, 5.000000000000000000 ) ) ;
#4208 = DIRECTION ( 'NONE',  ( -0.7071067811865335839, -0.7071067811865613395, 0.000000000000000000 ) ) ;
#4209 = CARTESIAN_POINT ( 'NONE',  ( 1.653650000000000064, 121.7000000000000028, 5.000000000000000000 ) ) ;
#4210 = ORIENTED_EDGE ( 'NONE', *, *, #1655, .T. ) ;
#4211 = LINE ( 'NONE', #5518, #4268 ) ;
#4212 = VECTOR ( 'NONE', #2380, 1000.000000000000114 ) ;
#4213 = EDGE_LOOP ( 'NONE', ( #198, #3162, #2508, #877 ) ) ;
#4214 = FACE_OUTER_BOUND ( 'NONE', #3721, .T. ) ;
#4215 = DIRECTION ( 'NONE',  ( 0.8905324954831137507, 0.4549196351979302722, -0.000000000000000000 ) ) ;
#4216 = EDGE_CURVE ( 'NONE', #4663, #4524, #1893, .T. ) ;
#4217 = PLANE ( 'NONE',  #1286 ) ;
#4218 = CARTESIAN_POINT ( 'NONE',  ( 1.299490000000000256, 1.803850000000000176, 5.000000000000000000 ) ) ;
#4219 = LINE ( 'NONE', #1152, #2973 ) ;
#4220 = ORIENTED_EDGE ( 'NONE', *, *, #1287, .T. ) ;
#4221 = VECTOR ( 'NONE', #1555, 1000.000000000000114 ) ;
#4222 = ADVANCED_FACE ( 'NONE', ( #5399 ), #1458, .T. ) ;
#4223 = VECTOR ( 'NONE', #4157, 1000.000000000000000 ) ;
#4224 = LINE ( 'NONE', #210, #2911 ) ;
#4225 = ADVANCED_FACE ( 'NONE', ( #114 ), #3116, .T. ) ;
#4226 = DIRECTION ( 'NONE',  ( 0.7071067811865474617, -0.7071067811865474617, 0.000000000000000000 ) ) ;
#4227 = VERTEX_POINT ( 'NONE', #3577 ) ;
#4228 = CARTESIAN_POINT ( 'NONE',  ( 325.3960000000000150, 4.344949999999999868, 5.000000000000000000 ) ) ;
#4229 = VERTEX_POINT ( 'NONE', #1031 ) ;
#4230 = LINE ( 'NONE', #2806, #3094 ) ;
#4231 = VECTOR ( 'NONE', #4737, 1000.000000000000000 ) ;
#4232 = ORIENTED_EDGE ( 'NONE', *, *, #1810, .T. ) ;
#4233 = CARTESIAN_POINT ( 'NONE',  ( 1.299490000000000256, 123.9350000000000023, 5.000000000000000000 ) ) ;
#4234 = DIRECTION ( 'NONE',  ( 0.7093211804271944976, -0.7048854254397458607, 0.000000000000000000 ) ) ;
#4235 = DIRECTION ( 'NONE',  ( -0.000000000000000000, -0.000000000000000000, -1.000000000000000000 ) ) ;
#4236 = ORIENTED_EDGE ( 'NONE', *, *, #3319, .T. ) ;
#4237 = VECTOR ( 'NONE', #345, 1000.000000000000114 ) ;
#4238 = ORIENTED_EDGE ( 'NONE', *, *, #2272, .F. ) ;
#4239 = EDGE_CURVE ( 'NONE', #2234, #1579, #2773, .T. ) ;
#4240 = ORIENTED_EDGE ( 'NONE', *, *, #5253, .T. ) ;
#4241 = CARTESIAN_POINT ( 'NONE',  ( 111.7950000000000017, 122.9939999999999998, 5.000000000000000000 ) ) ;
#4242 = LINE ( 'NONE', #4651, #184 ) ;
#4243 = DIRECTION ( 'NONE',  ( -0.7083262900088421743, 0.7058851655066208375, 0.000000000000000000 ) ) ;
#4244 = EDGE_LOOP ( 'NONE', ( #585, #99, #3620, #2948 ) ) ;
#4245 = DIRECTION ( 'NONE',  ( 0.7083262900088421743, -0.7058851655066208375, 0.000000000000000000 ) ) ;
#4246 = EDGE_CURVE ( 'NONE', #938, #4391, #942, .T. ) ;
#4247 = CARTESIAN_POINT ( 'NONE',  ( 216.5010000000000048, 123.9350000000000023, 5.000000000000000000 ) ) ;
#4248 = DIRECTION ( 'NONE',  ( -0.4533763750535688142, 0.8913191698506689464, 0.000000000000000000 ) ) ;
#4249 = LINE ( 'NONE', #2849, #4286 ) ;
#4250 = EDGE_CURVE ( 'NONE', #1061, #2552, #599, .T. ) ;
#4251 = EDGE_CURVE ( 'NONE', #4726, #2866, #2263, .T. ) ;
#4252 = LINE ( 'NONE', #3013, #839 ) ;
#4253 = PLANE ( 'NONE',  #3366 ) ;
#4254 = ORIENTED_EDGE ( 'NONE', *, *, #3658, .T. ) ;
#4255 = LINE ( 'NONE', #763, #3883 ) ;
#4256 = LINE ( 'NONE', #2030, #351 ) ;
#4257 = EDGE_CURVE ( 'NONE', #2622, #3408, #4506, .T. ) ;
#4258 = ORIENTED_EDGE ( 'NONE', *, *, #1488, .T. ) ;
#4259 = AXIS2_PLACEMENT_3D ( 'NONE', #5504, #5128, #730 ) ;
#4260 = DIRECTION ( 'NONE',  ( -0.9871105220788042311, -0.1600400487419022799, 0.000000000000000000 ) ) ;
#4261 = CARTESIAN_POINT ( 'NONE',  ( 1.653650000000000064, 1.451070000000000082, 5.000000000000000000 ) ) ;
#4262 = ORIENTED_EDGE ( 'NONE', *, *, #3057, .T. ) ;
#4263 = ORIENTED_EDGE ( 'NONE', *, *, #2290, .F. ) ;
#4264 = VECTOR ( 'NONE', #1905, 1000.000000000000000 ) ;
#4265 = ORIENTED_EDGE ( 'NONE', *, *, #789, .F. ) ;
#4266 = LINE ( 'NONE', #420, #3579 ) ;
#4267 = ADVANCED_FACE ( 'NONE', ( #2714 ), #570, .T. ) ;
#4268 = VECTOR ( 'NONE', #285, 1000.000000000000114 ) ;
#4269 = CARTESIAN_POINT ( 'NONE',  ( 110.6880000000000024, 121.4740000000000180, 5.000000000000000000 ) ) ;
#4270 = CARTESIAN_POINT ( 'NONE',  ( 217.3000000000000114, 121.4740000000000180, 5.000000000000000000 ) ) ;
#4271 = ORIENTED_EDGE ( 'NONE', *, *, #3483, .F. ) ;
#4272 = LINE ( 'NONE', #5685, #1064 ) ;
#4273 = ORIENTED_EDGE ( 'NONE', *, *, #1683, .F. ) ;
#4274 = DIRECTION ( 'NONE',  ( -0.1598740818379245643, 0.9871374159439406659, 0.000000000000000000 ) ) ;
#4275 = EDGE_CURVE ( 'NONE', #1451, #3735, #2013, .T. ) ;
#4276 = DIRECTION ( 'NONE',  ( -0.1593515750220751703, 0.9872218978213478380, 0.000000000000000000 ) ) ;
#4277 = CARTESIAN_POINT ( 'NONE',  ( 326.6899999999999977, 123.9350000000000023, 0.000000000000000000 ) ) ;
#4278 = EDGE_CURVE ( 'NONE', #3138, #1600, #3232, .T. ) ;
#4279 = VECTOR ( 'NONE', #4707, 1000.000000000000114 ) ;
#4280 = CARTESIAN_POINT ( 'NONE',  ( 216.2719999999999914, 123.4890000000000043, 0.000000000000000000 ) ) ;
#4281 = LINE ( 'NONE', #2135, #5151 ) ;
#4282 = CARTESIAN_POINT ( 'NONE',  ( 3.088179999999999925, 1.223700000000000010, 5.000000000000000000 ) ) ;
#4283 = ORIENTED_EDGE ( 'NONE', *, *, #4812, .T. ) ;
#4284 = CARTESIAN_POINT ( 'NONE',  ( 110.1950000000000074, 1.143769999999999953, 5.000000000000000000 ) ) ;
#4285 = DIRECTION ( 'NONE',  ( -0.1576014570290419081, 0.9875028003718890890, 0.000000000000000000 ) ) ;
#4286 = VECTOR ( 'NONE', #1560, 1000.000000000000114 ) ;
#4287 = VECTOR ( 'NONE', #761, 1000.000000000000227 ) ;
#4288 = ORIENTED_EDGE ( 'NONE', *, *, #3886, .T. ) ;
#4289 = LINE ( 'NONE', #1108, #4279 ) ;
#4290 = VECTOR ( 'NONE', #3468, 1000.000000000000000 ) ;
#4291 = EDGE_LOOP ( 'NONE', ( #5167, #4790, #2623, #770 ) ) ;
#4292 = EDGE_CURVE ( 'NONE', #3934, #1360, #5430, .T. ) ;
#4293 = ORIENTED_EDGE ( 'NONE', *, *, #4722, .F. ) ;
#4294 = VECTOR ( 'NONE', #4906, 1000.000000000000114 ) ;
#4295 = ORIENTED_EDGE ( 'NONE', *, *, #3955, .T. ) ;
#4296 = CARTESIAN_POINT ( 'NONE',  ( 216.8549999999999898, 4.039019999999999833, 5.000000000000000000 ) ) ;
#4297 = VERTEX_POINT ( 'NONE', #2437 ) ;
#4298 = CARTESIAN_POINT ( 'NONE',  ( 1.653650000000000064, 124.2890000000000157, 0.000000000000000000 ) ) ;
#4299 = ORIENTED_EDGE ( 'NONE', *, *, #2195, .T. ) ;
#4300 = CARTESIAN_POINT ( 'NONE',  ( 326.3360000000000127, 4.039019999999999833, 5.000000000000000000 ) ) ;
#4301 = ORIENTED_EDGE ( 'NONE', *, *, #705, .F. ) ;
#4302 = FACE_OUTER_BOUND ( 'NONE', #3133, .T. ) ;
#4303 = CARTESIAN_POINT ( 'NONE',  ( 216.1949999999999932, 122.9939999999999998, 0.000000000000000000 ) ) ;
#4304 = CARTESIAN_POINT ( 'NONE',  ( 323.7950000000000159, 122.9939999999999998, 5.000000000000000000 ) ) ;
#4305 = PLANE ( 'NONE',  #1153 ) ;
#4306 = ORIENTED_EDGE ( 'NONE', *, *, #2518, .F. ) ;
#4307 = VECTOR ( 'NONE', #4650, 1000.000000000000114 ) ;
#4308 = EDGE_CURVE ( 'NONE', #2918, #2710, #3752, .T. ) ;
#4309 = VECTOR ( 'NONE', #3118, 1000.000000000000227 ) ;
#4310 = LINE ( 'NONE', #5207, #3454 ) ;
#4311 = CARTESIAN_POINT ( 'NONE',  ( 108.6720000000000113, 3.238389999999999880, 5.000000000000000000 ) ) ;
#4312 = PLANE ( 'NONE',  #2817 ) ;
#4313 = VERTEX_POINT ( 'NONE', #1491 ) ;
#4314 = CARTESIAN_POINT ( 'NONE',  ( 219.3160000000000025, 2.248959999999999848, 5.000000000000000000 ) ) ;
#4315 = VECTOR ( 'NONE', #2443, 1000.000000000000000 ) ;
#4316 = CARTESIAN_POINT ( 'NONE',  ( 324.4549999999999841, 121.7000000000000028, 0.000000000000000000 ) ) ;
#4317 = DIRECTION ( 'NONE',  ( 0.4574843287324162344, -0.8892176836772031079, 0.000000000000000000 ) ) ;
#4318 = ORIENTED_EDGE ( 'NONE', *, *, #1544, .T. ) ;
#4319 = ORIENTED_EDGE ( 'NONE', *, *, #4190, .T. ) ;
#4320 = VECTOR ( 'NONE', #1416, 999.9999999999998863 ) ;
#4321 = ORIENTED_EDGE ( 'NONE', *, *, #3795, .F. ) ;
#4322 = CARTESIAN_POINT ( 'NONE',  ( 109.7000000000000028, 4.265010000000000190, 5.000000000000000000 ) ) ;
#4323 = AXIS2_PLACEMENT_3D ( 'NONE', #4186, #3700, #2843 ) ;
#4324 = CARTESIAN_POINT ( 'NONE',  ( 4.194740000000000357, 122.9939999999999998, 0.000000000000000000 ) ) ;
#4325 = ORIENTED_EDGE ( 'NONE', *, *, #705, .T. ) ;
#4326 = LINE ( 'NONE', #3488, #4728 ) ;
#4327 = ADVANCED_FACE ( 'NONE', ( #1926 ), #283, .T. ) ;
#4328 = PRODUCT_DEFINITION ( 'UNKNOWN', '', #964, #3925 ) ;
#4329 = ORIENTED_EDGE ( 'NONE', *, *, #1522, .T. ) ;
#4330 = UNCERTAINTY_MEASURE_WITH_UNIT (LENGTH_MEASURE( 1.000000000000000082E-05 ), #3433, 'distance_accuracy_value', 'NONE');
#4331 = ORIENTED_EDGE ( 'NONE', *, *, #4847, .F. ) ;
#4332 = EDGE_CURVE ( 'NONE', #739, #220, #5516, .T. ) ;
#4333 = DIRECTION ( 'NONE',  ( -0.4512020778594383330, -0.8924218088635695878, 0.000000000000000000 ) ) ;
#4334 = LINE ( 'NONE', #3928, #1443 ) ;
#4335 = FACE_OUTER_BOUND ( 'NONE', #3466, .T. ) ;
#4336 = CARTESIAN_POINT ( 'NONE',  ( 3.888809999999999878, 123.9350000000000023, 0.000000000000000000 ) ) ;
#4337 = ADVANCED_FACE ( 'NONE', ( #4564 ), #5084, .T. ) ;
#4338 = DIRECTION ( 'NONE',  ( -0.4527899509762813857, 0.8916172162396240886, 0.000000000000000000 ) ) ;
#4339 = DIRECTION ( 'NONE',  ( -0.7071067811865059394, 0.7071067811865890951, 0.000000000000000000 ) ) ;
#4340 = ORIENTED_EDGE ( 'NONE', *, *, #5519, .F. ) ;
#4341 = FACE_OUTER_BOUND ( 'NONE', #2163, .T. ) ;
#4342 = LINE ( 'NONE', #2563, #2728 ) ;
#4343 = LINE ( 'NONE', #2593, #1263 ) ;
#4344 = LINE ( 'NONE', #2676, #71 ) ;
#4345 = VERTEX_POINT ( 'NONE', #631 ) ;
#4346 = EDGE_CURVE ( 'NONE', #4345, #5451, #2042, .T. ) ;
#4347 = VERTEX_POINT ( 'NONE', #683 ) ;
#4348 = VECTOR ( 'NONE', #1606, 1000.000000000000114 ) ;
#4349 = EDGE_LOOP ( 'NONE', ( #237, #3546, #1100, #3340, #4058, #2257, #1860, #2170, #4518, #1475, #1529, #3953, #698, #5108, #3781, #3764, #1298, #1447, #4116, #1305 ) ) ;
#4350 = DIRECTION ( 'NONE',  ( -0.1542149747200597942, -0.9880373179045877086, 0.000000000000000000 ) ) ;
#4351 = EDGE_CURVE ( 'NONE', #5315, #1359, #5054, .T. ) ;
#4352 = LINE ( 'NONE', #3054, #4092 ) ;
#4353 = ORIENTED_EDGE ( 'NONE', *, *, #1105, .F. ) ;
#4354 = DIRECTION ( 'NONE',  ( -0.8916254659721257747, 0.4527737055417303536, 0.000000000000000000 ) ) ;
#4355 = VECTOR ( 'NONE', #4135, 1000.000000000000114 ) ;
#4356 = ORIENTED_EDGE ( 'NONE', *, *, #3944, .T. ) ;
#4357 = DIRECTION ( 'NONE',  ( 0.000000000000000000, 0.000000000000000000, 1.000000000000000000 ) ) ;
#4358 = VERTEX_POINT ( 'NONE', #1519 ) ;
#4359 = VECTOR ( 'NONE', #2747, 1000.000000000000000 ) ;
#4360 = CARTESIAN_POINT ( 'NONE',  ( 326.3360000000000127, 124.2890000000000157, 0.000000000000000000 ) ) ;
#4361 = PLANE ( 'NONE',  #4189 ) ;
#4362 = FACE_OUTER_BOUND ( 'NONE', #5165, .T. ) ;
#4363 = EDGE_CURVE ( 'NONE', #4654, #3964, #4126, .T. ) ;
#4364 = ADVANCED_FACE ( 'NONE', ( #3694 ), #5486, .T. ) ;
#4365 = EDGE_CURVE ( 'NONE', #1744, #1823, #3348, .T. ) ;
#4366 = FACE_OUTER_BOUND ( 'NONE', #3317, .T. ) ;
#4367 = FACE_OUTER_BOUND ( 'NONE', #2315, .T. ) ;
#4368 = LINE ( 'NONE', #923, #1940 ) ;
#4369 = DIRECTION ( 'NONE',  ( -0.9871058195297819360, 0.1600690508825415026, 0.000000000000000000 ) ) ;
#4370 = VERTEX_POINT ( 'NONE', #3780 ) ;
#4371 = CARTESIAN_POINT ( 'NONE',  ( 326.9159999999999968, 122.5010000000000190, 0.000000000000000000 ) ) ;
#4372 = EDGE_CURVE ( 'NONE', #1144, #4654, #4652, .T. ) ;
#4373 = VECTOR ( 'NONE', #2399, 1000.000000000000000 ) ;
#4374 = FACE_OUTER_BOUND ( 'NONE', #1574, .T. ) ;
#4375 = LINE ( 'NONE', #3506, #5302 ) ;
#4376 = ORIENTED_EDGE ( 'NONE', *, *, #5038, .F. ) ;
#4377 = VECTOR ( 'NONE', #2641, 1000.000000000000227 ) ;
#4378 = ORIENTED_EDGE ( 'NONE', *, *, #789, .T. ) ;
#4379 = EDGE_LOOP ( 'NONE', ( #4623, #4582, #4414, #3212 ) ) ;
#4380 = EDGE_CURVE ( 'NONE', #5113, #2918, #2407, .T. ) ;
#4381 = CARTESIAN_POINT ( 'NONE',  ( 325.8890000000000668, 121.4740000000000180, 5.000000000000000000 ) ) ;
#4382 = VECTOR ( 'NONE', #5407, 999.9999999999998863 ) ;
#4383 = DIRECTION ( 'NONE',  ( 0.9871073587932579496, -0.1600595583406319855, 0.000000000000000000 ) ) ;
#4384 = VERTEX_POINT ( 'NONE', #4152 ) ;
#4385 = ORIENTED_EDGE ( 'NONE', *, *, #4308, .T. ) ;
#4386 = AXIS2_PLACEMENT_3D ( 'NONE', #4894, #4457, #521 ) ;
#4387 = DIRECTION ( 'NONE',  ( -0.1543157444027860870, -0.9880215842932855708, 0.000000000000000000 ) ) ;
#4388 = ORIENTED_EDGE ( 'NONE', *, *, #544, .T. ) ;
#4389 = CARTESIAN_POINT ( 'NONE',  ( 110.6880000000000024, 1.223700000000000010, 5.000000000000000000 ) ) ;
#4390 = VECTOR ( 'NONE', #2736, 1000.000000000000000 ) ;
#4391 = VERTEX_POINT ( 'NONE', #224 ) ;
#4392 = LINE ( 'NONE', #458, #5325 ) ;
#4393 = DIRECTION ( 'NONE',  ( 0.4549929400046101025, 0.8904950446498629546, -0.000000000000000000 ) ) ;
#4394 = DIRECTION ( 'NONE',  ( -0.4532090333824528305, -0.8914042697118647052, 0.000000000000000000 ) ) ;
#4395 = LINE ( 'NONE', #3957, #2492 ) ;
#4396 = EDGE_CURVE ( 'NONE', #3104, #2490, #713, .T. ) ;
#4397 = CARTESIAN_POINT ( 'NONE',  ( 218.7359999999999900, 4.039019999999999833, 5.000000000000000000 ) ) ;
#4398 = DIRECTION ( 'NONE',  ( -0.000000000000000000, -0.000000000000000000, -1.000000000000000000 ) ) ;
#4399 = LINE ( 'NONE', #466, #3120 ) ;
#4400 = ORIENTED_EDGE ( 'NONE', *, *, #539, .T. ) ;
#4401 = CARTESIAN_POINT ( 'NONE',  ( 3.888809999999999878, 123.9350000000000023, 5.000000000000000000 ) ) ;
#4402 = EDGE_CURVE ( 'NONE', #4853, #5055, #1173, .T. ) ;
#4403 = VECTOR ( 'NONE', #2094, 1000.000000000000000 ) ;
#4404 = ADVANCED_FACE ( 'NONE', ( #5683 ), #1745, .T. ) ;
#4405 = CARTESIAN_POINT ( 'NONE',  ( 219.3160000000000025, 123.4890000000000043, 5.000000000000000000 ) ) ;
#4406 = LINE ( 'NONE', #5187, #4003 ) ;
#4407 = ORIENTED_EDGE ( 'NONE', *, *, #13, .T. ) ;
#4408 = VERTEX_POINT ( 'NONE', #1203 ) ;
#4409 = AXIS2_PLACEMENT_3D ( 'NONE', #1241, #2985, #815 ) ;
#4410 = ORIENTED_EDGE ( 'NONE', *, *, #2434, .T. ) ;
#4411 = DIRECTION ( 'NONE',  ( 0.4559528082269453386, -0.8900039531765925327, 0.000000000000000000 ) ) ;
#4412 = FACE_OUTER_BOUND ( 'NONE', #1772, .T. ) ;
#4413 = ORIENTED_EDGE ( 'NONE', *, *, #5178, .T. ) ;
#4414 = ORIENTED_EDGE ( 'NONE', *, *, #5395, .T. ) ;
#4415 = CARTESIAN_POINT ( 'NONE',  ( 325.8890000000000668, 124.5169999999999959, 5.000000000000000000 ) ) ;
#4416 = ORIENTED_EDGE ( 'NONE', *, *, #5001, .F. ) ;
#4417 = PERSON_AND_ORGANIZATION ( #2303, #3712 ) ;
#4418 = AXIS2_PLACEMENT_3D ( 'NONE', #3067, #3525, #2640 ) ;
#4419 = ORIENTED_EDGE ( 'NONE', *, *, #1, .T. ) ;
#4420 = CARTESIAN_POINT ( 'NONE',  ( 2.100130000000000052, 4.265010000000000190, 5.000000000000000000 ) ) ;
#4421 = LINE ( 'NONE', #5202, #2889 ) ;
#4422 = ADVANCED_FACE ( 'NONE', ( #2972 ), #2630, .T. ) ;
#4423 = DIRECTION ( 'NONE',  ( -0.4516681659875569910, 0.8921860051768558675, 0.000000000000000000 ) ) ;
#4424 = DIRECTION ( 'NONE',  ( 0.4520072321735773557, -0.8920142723425347198, 0.000000000000000000 ) ) ;
#4425 = DIRECTION ( 'NONE',  ( -0.4567620255206142899, -0.8895889230663259761, 0.000000000000000000 ) ) ;
#4426 = CARTESIAN_POINT ( 'NONE',  ( 326.3360000000000127, 1.451070000000000082, 5.000000000000000000 ) ) ;
#4427 = CARTESIAN_POINT ( 'NONE',  ( 0.09508460000000000523, 125.4939999999999998, 5.000000000000000000 ) ) ;
#4428 = DIRECTION ( 'NONE',  ( -0.000000000000000000, -0.000000000000000000, -1.000000000000000000 ) ) ;
#4429 = FACE_OUTER_BOUND ( 'NONE', #3588, .T. ) ;
#4430 = CARTESIAN_POINT ( 'NONE',  ( 3.888809999999999878, 3.684870000000000090, 5.000000000000000000 ) ) ;
#4431 = EDGE_LOOP ( 'NONE', ( #3863, #4238, #98, #733, #3281, #5194, #4744, #5353, #1717, #3761, #1189, #3391, #2278, #44, #5304, #1879, #5015, #4668, #2430, #409 ) ) ;
#4432 = VERTEX_POINT ( 'NONE', #3862 ) ;
#4433 = EDGE_CURVE ( 'NONE', #3315, #4358, #3430, .T. ) ;
#4434 = ORIENTED_EDGE ( 'NONE', *, *, #5421, .T. ) ;
#4435 = CARTESIAN_POINT ( 'NONE',  ( 109.7000000000000028, 124.5169999999999959, 5.000000000000000000 ) ) ;
#4436 = CARTESIAN_POINT ( 'NONE',  ( 326.6899999999999977, 123.9350000000000023, 5.000000000000000000 ) ) ;
#4437 = ORIENTED_EDGE ( 'NONE', *, *, #759, .T. ) ;
#4438 = ORIENTED_EDGE ( 'NONE', *, *, #3164, .F. ) ;
#4439 = FACE_OUTER_BOUND ( 'NONE', #1339, .T. ) ;
#4440 = EDGE_LOOP ( 'NONE', ( #4921, #2659, #2771, #1689 ) ) ;
#4441 = SECURITY_CLASSIFICATION_LEVEL ( 'unclassified' ) ;
#4442 = VECTOR ( 'NONE', #5140, 1000.000000000000000 ) ;
#4443 = EDGE_CURVE ( 'NONE', #130, #4084, #4740, .T. ) ;
#4444 = EDGE_LOOP ( 'NONE', ( #2606, #5355, #3998, #538 ) ) ;
#4445 = VECTOR ( 'NONE', #5524, 1000.000000000000000 ) ;
#4446 = DIRECTION ( 'NONE',  ( 0.7071067811865059394, -0.7071067811865890951, 0.000000000000000000 ) ) ;
#4447 = CARTESIAN_POINT ( 'NONE',  ( 111.7159999999999940, 3.238389999999999880, 5.000000000000000000 ) ) ;
#4448 = VECTOR ( 'NONE', #5114, 1000.000000000000000 ) ;
#4449 = DIRECTION ( 'NONE',  ( -0.1598740818379245643, 0.9871374159439406659, 0.000000000000000000 ) ) ;
#4450 = EDGE_CURVE ( 'NONE', #1579, #5219, #4326, .T. ) ;
#4451 = DIRECTION ( 'NONE',  ( 0.9871073587932586157, -0.1600595583406275724, 0.000000000000000000 ) ) ;
#4452 = DIRECTION ( 'NONE',  ( 0.9875457255875114138, 0.1573322594823948484, -0.000000000000000000 ) ) ;
#4453 = CARTESIAN_POINT ( 'NONE',  ( 219.0900000000000034, 123.9350000000000023, 0.000000000000000000 ) ) ;
#4454 = LINE ( 'NONE', #492, #2296 ) ;
#4455 = CARTESIAN_POINT ( 'NONE',  ( 111.4890000000000043, 3.684870000000000090, 5.000000000000000000 ) ) ;
#4456 = EDGE_CURVE ( 'NONE', #1924, #130, #800, .T. ) ;
#4457 = DIRECTION ( 'NONE',  ( 0.4520072321735552623, 0.8920142723425459330, -0.000000000000000000 ) ) ;
#4458 = DIRECTION ( 'NONE',  ( 0.7071067811865890951, 0.7071067811865059394, -0.000000000000000000 ) ) ;
#4459 = ORIENTED_EDGE ( 'NONE', *, *, #1875, .F. ) ;
#4460 = ORIENTED_EDGE ( 'NONE', *, *, #5620, .T. ) ;
#4461 = VERTEX_POINT ( 'NONE', #857 ) ;
#4462 = FACE_OUTER_BOUND ( 'NONE', #2774, .T. ) ;
#4463 = CARTESIAN_POINT ( 'NONE',  ( 216.5010000000000048, 122.0540000000000163, 5.000000000000000000 ) ) ;
#4464 = EDGE_CURVE ( 'NONE', #4760, #315, #4820, .T. ) ;
#4465 = AXIS2_PLACEMENT_3D ( 'NONE', #4832, #8, #2213 ) ;
#4466 = ORIENTED_EDGE ( 'NONE', *, *, #3449, .T. ) ;
#4467 = ORIENTED_EDGE ( 'NONE', *, *, #717, .F. ) ;
#4468 = CARTESIAN_POINT ( 'NONE',  ( 216.8549999999999898, 1.451070000000000082, 5.000000000000000000 ) ) ;
#4469 = EDGE_LOOP ( 'NONE', ( #2096, #1019, #2285, #4580 ) ) ;
#4470 = ADVANCED_FACE ( 'NONE', ( #2602 ), #2122, .T. ) ;
#4471 = LINE ( 'NONE', #4002, #4762 ) ;
#4472 = VECTOR ( 'NONE', #4659, 1000.000000000000000 ) ;
#4473 = ORIENTED_EDGE ( 'NONE', *, *, #3310, .T. ) ;
#4474 = VECTOR ( 'NONE', #4706, 1000.000000000000000 ) ;
#4475 = CARTESIAN_POINT ( 'NONE',  ( 2.100130000000000052, 124.5169999999999959, 5.000000000000000000 ) ) ;
#4476 = CARTESIAN_POINT ( 'NONE',  ( 4.114840000000000053, 122.5010000000000190, 5.000000000000000000 ) ) ;
#4477 = AXIS2_PLACEMENT_3D ( 'NONE', #4480, #2326, #4451 ) ;
#4478 = LINE ( 'NONE', #3117, #5467 ) ;
#4479 = VECTOR ( 'NONE', #1167, 1000.000000000000114 ) ;
#4480 = CARTESIAN_POINT ( 'NONE',  ( 325.8890000000000668, 4.265010000000000190, 5.000000000000000000 ) ) ;
#4481 = FACE_OUTER_BOUND ( 'NONE', #1830, .T. ) ;
#4482 = DIRECTION ( 'NONE',  ( -0.4535964786211886812, 0.8912071782601717063, 0.000000000000000000 ) ) ;
#4483 = CARTESIAN_POINT ( 'NONE',  ( 219.0900000000000034, 122.0540000000000163, 5.000000000000000000 ) ) ;
#4484 = FACE_OUTER_BOUND ( 'NONE', #3914, .T. ) ;
#4485 = ADVANCED_FACE ( 'NONE', ( #424 ), #5599, .T. ) ;
#4486 = CARTESIAN_POINT ( 'NONE',  ( 2.593469999999999942, 1.143769999999999953, 0.000000000000000000 ) ) ;
#4487 = CARTESIAN_POINT ( 'NONE',  ( 1.299490000000000256, 122.0540000000000163, 0.000000000000000000 ) ) ;
#4488 = ORIENTED_EDGE ( 'NONE', *, *, #5583, .T. ) ;
#4489 = VECTOR ( 'NONE', #2894, 1000.000000000000114 ) ;
#4490 = ORIENTED_EDGE ( 'NONE', *, *, #4511, .T. ) ;
#4491 = EDGE_CURVE ( 'NONE', #4553, #3242, #3921, .T. ) ;
#4492 = VECTOR ( 'NONE', #5023, 1000.000000000000114 ) ;
#4493 = ORIENTED_EDGE ( 'NONE', *, *, #519, .T. ) ;
#4494 = PLANE ( 'NONE',  #1949 ) ;
#4495 = LINE ( 'NONE', #102, #5400 ) ;
#4496 = EDGE_LOOP ( 'NONE', ( #2603, #1738, #2222, #1444 ) ) ;
#4497 = CARTESIAN_POINT ( 'NONE',  ( 3.888809999999999878, 1.803850000000000176, 0.000000000000000000 ) ) ;
#4498 = ORIENTED_EDGE ( 'NONE', *, *, #4012, .T. ) ;
#4499 = ORIENTED_EDGE ( 'NONE', *, *, #5152, .F. ) ;
#4500 = APPROVAL_ROLE ( '' ) ;
#4501 = CARTESIAN_POINT ( 'NONE',  ( 1.299490000000000256, 123.9350000000000023, 0.000000000000000000 ) ) ;
#4502 = VERTEX_POINT ( 'NONE', #3462 ) ;
#4503 = EDGE_CURVE ( 'NONE', #2203, #156, #2547, .T. ) ;
#4504 = APPLICATION_CONTEXT ( 'configuration controlled 3d designs of mechanical parts and assemblies' ) ;
#4505 = CARTESIAN_POINT ( 'NONE',  ( 2.100130000000000052, 124.5169999999999959, 0.000000000000000000 ) ) ;
#4506 = LINE ( 'NONE', #85, #4069 ) ;
#4507 = ORIENTED_EDGE ( 'NONE', *, *, #2523, .T. ) ;
#4508 = FACE_OUTER_BOUND ( 'NONE', #5682, .T. ) ;
#4509 = CARTESIAN_POINT ( 'NONE',  ( 3.888809999999999878, 123.9350000000000023, 5.000000000000000000 ) ) ;
#4510 = VECTOR ( 'NONE', #4926, 999.9999999999998863 ) ;
#4511 = EDGE_CURVE ( 'NONE', #4229, #1258, #3809, .T. ) ;
#4512 = LINE ( 'NONE', #945, #1103 ) ;
#4513 = CARTESIAN_POINT ( 'NONE',  ( 324.8999999999999773, 121.4740000000000180, 5.000000000000000000 ) ) ;
#4514 = CARTESIAN_POINT ( 'NONE',  ( 109.2540000000000049, 1.451070000000000082, 5.000000000000000000 ) ) ;
#4515 = VECTOR ( 'NONE', #2103, 1000.000000000000114 ) ;
#4516 = LINE ( 'NONE', #2413, #4785 ) ;
#4517 = CARTESIAN_POINT ( 'NONE',  ( 4.194740000000000357, 2.745049999999999990, 0.000000000000000000 ) ) ;
#4518 = ORIENTED_EDGE ( 'NONE', *, *, #3464, .T. ) ;
#4519 = EDGE_CURVE ( 'NONE', #1565, #801, #5655, .T. ) ;
#4520 = CARTESIAN_POINT ( 'NONE',  ( 316.8949999999999818, 15.24380000000000024, 5.000000000000000000 ) ) ;
#4521 = DIRECTION ( 'NONE',  ( -0.000000000000000000, -0.000000000000000000, -1.000000000000000000 ) ) ;
#4522 = ORIENTED_EDGE ( 'NONE', *, *, #3443, .F. ) ;
#4523 = ORIENTED_EDGE ( 'NONE', *, *, #101, .T. ) ;
#4524 = VERTEX_POINT ( 'NONE', #1311 ) ;
#4525 = CARTESIAN_POINT ( 'NONE',  ( 111.7159999999999940, 3.238389999999999880, 5.000000000000000000 ) ) ;
#4526 = ADVANCED_FACE ( 'NONE', ( #882 ), #1716, .T. ) ;
#4527 = CARTESIAN_POINT ( 'NONE',  ( 1.653650000000000064, 121.7000000000000028, 5.000000000000000000 ) ) ;
#4528 = VERTEX_POINT ( 'NONE', #4298 ) ;
#4529 = VERTEX_POINT ( 'NONE', #366 ) ;
#4530 = COORDINATED_UNIVERSAL_TIME_OFFSET ( 5, 0, .BEHIND. ) ;
#4531 = EDGE_CURVE ( 'NONE', #2144, #4054, #337, .T. ) ;
#4532 = EDGE_LOOP ( 'NONE', ( #5228, #5534, #4523, #355 ) ) ;
#4533 = CARTESIAN_POINT ( 'NONE',  ( 110.6880000000000024, 1.223700000000000010, 5.000000000000000000 ) ) ;
#4534 = CARTESIAN_POINT ( 'NONE',  ( 3.534660000000000135, 124.2890000000000157, 5.000000000000000000 ) ) ;
#4535 = VERTEX_POINT ( 'NONE', #2095 ) ;
#4536 = CARTESIAN_POINT ( 'NONE',  ( 217.7949999999999875, 4.344949999999993651, 0.000000000000000000 ) ) ;
#4537 = CARTESIAN_POINT ( 'NONE',  ( 3.888809999999999878, 123.9350000000000023, 5.000000000000000000 ) ) ;
#4538 = AXIS2_PLACEMENT_3D ( 'NONE', #3542, #5312, #4581 ) ;
#4539 = LINE ( 'NONE', #4943, #2838 ) ;
#4540 = FACE_OUTER_BOUND ( 'NONE', #107, .T. ) ;
#4541 = LINE ( 'NONE', #4514, #168 ) ;
#4542 = EDGE_CURVE ( 'NONE', #3401, #3974, #4030, .T. ) ;
#4543 = DIRECTION ( 'NONE',  ( -0.7079538235943338975, -0.7062587228899639413, 0.000000000000000000 ) ) ;
#4544 = DIRECTION ( 'NONE',  ( 0.4533922161898034653, -0.8913111119572663110, 0.000000000000000000 ) ) ;
#4545 = CARTESIAN_POINT ( 'NONE',  ( 110.6880000000000024, 121.4740000000000180, 5.000000000000000000 ) ) ;
#4546 = AXIS2_PLACEMENT_3D ( 'NONE', #2528, #4248, #1614 ) ;
#4547 = ORIENTED_EDGE ( 'NONE', *, *, #5233, .F. ) ;
#4548 = VECTOR ( 'NONE', #487, 1000.000000000000114 ) ;
#4549 = CARTESIAN_POINT ( 'NONE',  ( 327.8960000000000150, 125.4939999999999998, 0.000000000000000000 ) ) ;
#4550 = DIRECTION ( 'NONE',  ( -0.000000000000000000, -0.000000000000000000, -1.000000000000000000 ) ) ;
#4551 = ORIENTED_EDGE ( 'NONE', *, *, #3024, .T. ) ;
#4552 = EDGE_CURVE ( 'NONE', #5359, #3252, #5279, .T. ) ;
#4553 = VERTEX_POINT ( 'NONE', #2230 ) ;
#4554 = ORIENTED_EDGE ( 'NONE', *, *, #1810, .F. ) ;
#4555 = CARTESIAN_POINT ( 'NONE',  ( 219.3160000000000025, 123.4890000000000043, 0.000000000000000000 ) ) ;
#4556 = CARTESIAN_POINT ( 'NONE',  ( 12.09370000000000012, 15.24380000000000024, 5.000000000000000000 ) ) ;
#4557 = VERTEX_POINT ( 'NONE', #1861 ) ;
#4558 = ORIENTED_EDGE ( 'NONE', *, *, #4278, .F. ) ;
#4559 = DIRECTION ( 'NONE',  ( 1.000000000000000000, -0.000000000000000000, -0.000000000000000000 ) ) ;
#4560 = EDGE_CURVE ( 'NONE', #3893, #5561, #963, .T. ) ;
#4561 = VECTOR ( 'NONE', #2538, 1000.000000000000000 ) ;
#4562 = ORIENTED_EDGE ( 'NONE', *, *, #246, .F. ) ;
#4563 = CARTESIAN_POINT ( 'NONE',  ( 3.534660000000000135, 1.451070000000000082, 5.000000000000000000 ) ) ;
#4564 = FACE_OUTER_BOUND ( 'NONE', #3061, .T. ) ;
#4565 = ORIENTED_EDGE ( 'NONE', *, *, #1471, .F. ) ;
#4566 = DIRECTION ( 'NONE',  ( 0.4516204456943435086, -0.8922101619186156851, 0.000000000000000000 ) ) ;
#4567 = VECTOR ( 'NONE', #3990, 1000.000000000000114 ) ;
#4568 = FACE_OUTER_BOUND ( 'NONE', #4213, .T. ) ;
#4569 = AXIS2_PLACEMENT_3D ( 'NONE', #1006, #2781, #2752 ) ;
#4570 = FACE_OUTER_BOUND ( 'NONE', #5254, .T. ) ;
#4571 = CARTESIAN_POINT ( 'NONE',  ( 216.5010000000000048, 1.803850000000000176, 5.000000000000000000 ) ) ;
#4572 = LINE ( 'NONE', #205, #2749 ) ;
#4573 = DIRECTION ( 'NONE',  ( 0.9871279408508155662, -0.1599325745169778434, 0.000000000000000000 ) ) ;
#4574 = DIRECTION ( 'NONE',  ( -0.8905970137628033134, 0.4547933146790716918, 0.000000000000000000 ) ) ;
#4575 = AXIS2_PLACEMENT_3D ( 'NONE', #1063, #1423, #167 ) ;
#4576 = ORIENTED_EDGE ( 'NONE', *, *, #1317, .F. ) ;
#4577 = CARTESIAN_POINT ( 'NONE',  ( 216.1949999999999932, 122.9939999999999998, 5.000000000000000000 ) ) ;
#4578 = DIRECTION ( 'NONE',  ( -0.7071067811865059394, 0.7071067811865890951, 0.000000000000000000 ) ) ;
#4579 = EDGE_CURVE ( 'NONE', #1097, #4648, #80, .T. ) ;
#4580 = ORIENTED_EDGE ( 'NONE', *, *, #5307, .T. ) ;
#4581 = DIRECTION ( 'NONE',  ( 0.4551814095324029918, 0.8903987221554706677, 0.000000000000000000 ) ) ;
#4582 = ORIENTED_EDGE ( 'NONE', *, *, #3080, .F. ) ;
#4583 = DIRECTION ( 'NONE',  ( 0.4532090333824528305, 0.8914042697118647052, 0.000000000000000000 ) ) ;
#4584 = ADVANCED_FACE ( 'NONE', ( #25 ), #52, .T. ) ;
#4585 = ORIENTED_EDGE ( 'NONE', *, *, #1055, .F. ) ;
#4586 = DIRECTION ( 'NONE',  ( -0.000000000000000000, -0.000000000000000000, -1.000000000000000000 ) ) ;
#4587 = CARTESIAN_POINT ( 'NONE',  ( 326.6899999999999977, 1.803850000000000176, 0.000000000000000000 ) ) ;
#4588 = VERTEX_POINT ( 'NONE', #1366 ) ;
#4589 = ORIENTED_EDGE ( 'NONE', *, *, #2018, .F. ) ;
#4590 = LINE ( 'NONE', #626, #534 ) ;
#4591 = VECTOR ( 'NONE', #1605, 1000.000000000000114 ) ;
#4592 = VERTEX_POINT ( 'NONE', #3112 ) ;
#4593 = FACE_OUTER_BOUND ( 'NONE', #5476, .T. ) ;
#4594 = CARTESIAN_POINT ( 'NONE',  ( 326.3360000000000127, 121.7000000000000028, 5.000000000000000000 ) ) ;
#4595 = DIRECTION ( 'NONE',  ( -0.000000000000000000, -0.000000000000000000, -1.000000000000000000 ) ) ;
#4596 = ORIENTED_EDGE ( 'NONE', *, *, #1326, .F. ) ;
#4597 = PLANE ( 'NONE',  #3251 ) ;
#4598 = VECTOR ( 'NONE', #1187, 1000.000000000000227 ) ;
#4599 = CARTESIAN_POINT ( 'NONE',  ( 216.2719999999999914, 3.238389999999999880, 5.000000000000000000 ) ) ;
#4600 = ADVANCED_FACE ( 'NONE', ( #4140 ), #3249, .T. ) ;
#4601 = FACE_BOUND ( 'NONE', #3541, .T. ) ;
#4602 = FACE_OUTER_BOUND ( 'NONE', #2408, .T. ) ;
#4603 = CARTESIAN_POINT ( 'NONE',  ( 216.8549999999999898, 124.2890000000000157, 0.000000000000000000 ) ) ;
#4604 = CARTESIAN_POINT ( 'NONE',  ( 218.2889999999999873, 4.265010000000000190, 5.000000000000000000 ) ) ;
#4605 = VERTEX_POINT ( 'NONE', #1074 ) ;
#4606 = EDGE_CURVE ( 'NONE', #1129, #3535, #212, .T. ) ;
#4607 = VECTOR ( 'NONE', #21, 1000.000000000000114 ) ;
#4608 = FACE_OUTER_BOUND ( 'NONE', #2, .T. ) ;
#4609 = ORIENTED_EDGE ( 'NONE', *, *, #3531, .F. ) ;
#4610 = ORIENTED_EDGE ( 'NONE', *, *, #3603, .T. ) ;
#4611 = DIRECTION ( 'NONE',  ( -0.000000000000000000, -0.000000000000000000, -1.000000000000000000 ) ) ;
#4612 = ORIENTED_EDGE ( 'NONE', *, *, #4168, .T. ) ;
#4613 = VERTEX_POINT ( 'NONE', #1829 ) ;
#4614 = DIRECTION ( 'NONE',  ( -0.000000000000000000, -0.000000000000000000, -1.000000000000000000 ) ) ;
#4615 = CARTESIAN_POINT ( 'NONE',  ( 326.9959999999999809, 2.745049999999999990, 5.000000000000000000 ) ) ;
#4616 = ORIENTED_EDGE ( 'NONE', *, *, #4830, .F. ) ;
#4617 = ADVANCED_FACE ( 'NONE', ( #482 ), #3570, .T. ) ;
#4618 = EDGE_LOOP ( 'NONE', ( #1859, #3129, #931, #4816, #2148, #4271, #5619, #671, #3513, #3374, #2992, #2712, #2763, #3130, #3381, #4093, #284, #1419, #4705, #5592 ) ) ;
#4619 = CARTESIAN_POINT ( 'NONE',  ( 216.2719999999999914, 122.5010000000000190, 5.000000000000000000 ) ) ;
#4620 = ORIENTED_EDGE ( 'NONE', *, *, #5060, .F. ) ;
#4621 = PLANE ( 'NONE',  #1931 ) ;
#4622 = DIRECTION ( 'NONE',  ( 0.7072665251725597235, -0.7069470011042785496, 0.000000000000000000 ) ) ;
#4623 = ORIENTED_EDGE ( 'NONE', *, *, #2366, .F. ) ;
#4624 = CARTESIAN_POINT ( 'NONE',  ( 108.6720000000000113, 2.248959999999999848, 0.000000000000000000 ) ) ;
#4625 = EDGE_CURVE ( 'NONE', #3285, #4370, #1392, .T. ) ;
#4626 = PLANE ( 'NONE',  #2462 ) ;
#4627 = FACE_OUTER_BOUND ( 'NONE', #509, .T. ) ;
#4628 = LINE ( 'NONE', #1094, #4315 ) ;
#4629 = DIRECTION ( 'NONE',  ( 0.7072565443460006041, 0.7069569863009727007, 0.000000000000000000 ) ) ;
#4630 = DIRECTION ( 'NONE',  ( 0.8913191698506689464, 0.4533763750535688142, 0.000000000000000000 ) ) ;
#4631 = ORIENTED_EDGE ( 'NONE', *, *, #5280, .T. ) ;
#4632 = AXIS2_PLACEMENT_3D ( 'NONE', #3029, #4796, #5170 ) ;
#4633 = EDGE_CURVE ( 'NONE', #4059, #795, #3515, .T. ) ;
#4634 = CARTESIAN_POINT ( 'NONE',  ( 3.534660000000000135, 4.039019999999999833, 0.000000000000000000 ) ) ;
#4635 = VECTOR ( 'NONE', #1406, 1000.000000000000000 ) ;
#4636 = DIRECTION ( 'NONE',  ( -0.000000000000000000, -0.000000000000000000, -1.000000000000000000 ) ) ;
#4637 = ORIENTED_EDGE ( 'NONE', *, *, #978, .F. ) ;
#4638 = DIRECTION ( 'NONE',  ( 0.9872598878091026764, 0.1591160391763127291, 0.000000000000000000 ) ) ;
#4639 = ORIENTED_EDGE ( 'NONE', *, *, #272, .T. ) ;
#4640 = EDGE_CURVE ( 'NONE', #3111, #1413, #3085, .T. ) ;
#4641 = CARTESIAN_POINT ( 'NONE',  ( 1.072109999999999896, 3.238389999999999880, 0.000000000000000000 ) ) ;
#4642 = VECTOR ( 'NONE', #3604, 1000.000000000000000 ) ;
#4643 = VERTEX_POINT ( 'NONE', #1102 ) ;
#4644 = LINE ( 'NONE', #703, #293 ) ;
#4645 = PLANE ( 'NONE',  #340 ) ;
#4646 = EDGE_LOOP ( 'NONE', ( #1594, #2087, #1661, #4551 ) ) ;
#4647 = ORIENTED_EDGE ( 'NONE', *, *, #2574, .F. ) ;
#4648 = VERTEX_POINT ( 'NONE', #4852 ) ;
#4649 = ADVANCED_FACE ( 'NONE', ( #4439 ), #2658, .T. ) ;
#4650 = DIRECTION ( 'NONE',  ( -0.7071067811865335839, -0.7071067811865613395, 0.000000000000000000 ) ) ;
#4651 = CARTESIAN_POINT ( 'NONE',  ( 216.8549999999999898, 121.7000000000000028, 0.000000000000000000 ) ) ;
#4652 = LINE ( 'NONE', #2834, #5183 ) ;
#4653 = ADVANCED_FACE ( 'NONE', ( #2204 ), #5473, .T. ) ;
#4654 = VERTEX_POINT ( 'NONE', #506 ) ;
#4655 = DIRECTION ( 'NONE',  ( -0.8899839804325453407, -0.4559917922215735442, 0.000000000000000000 ) ) ;
#4656 = VECTOR ( 'NONE', #1512, 1000.000000000000000 ) ;
#4657 = ADVANCED_FACE ( 'NONE', ( #4903 ), #2258, .T. ) ;
#4658 = DIRECTION ( 'NONE',  ( -0.000000000000000000, 1.000000000000000000, -0.000000000000000000 ) ) ;
#4659 = DIRECTION ( 'NONE',  ( -0.000000000000000000, -0.000000000000000000, -1.000000000000000000 ) ) ;
#4660 = VECTOR ( 'NONE', #4521, 1000.000000000000000 ) ;
#4661 = CARTESIAN_POINT ( 'NONE',  ( 1.653650000000000064, 124.2890000000000157, 5.000000000000000000 ) ) ;
#4662 = LINE ( 'NONE', #3355, #3804 ) ;
#4663 = VERTEX_POINT ( 'NONE', #105 ) ;
#4664 = VECTOR ( 'NONE', #3036, 1000.000000000000000 ) ;
#4665 = VECTOR ( 'NONE', #3360, 1000.000000000000114 ) ;
#4666 = CARTESIAN_POINT ( 'NONE',  ( 108.8990000000000151, 3.684870000000000090, 5.000000000000000000 ) ) ;
#4667 = LINE ( 'NONE', #5557, #4598 ) ;
#4668 = ORIENTED_EDGE ( 'NONE', *, *, #4711, .F. ) ;
#4669 = CARTESIAN_POINT ( 'NONE',  ( 3.088179999999999925, 1.223700000000000010, 5.000000000000000000 ) ) ;
#4670 = ADVANCED_FACE ( 'NONE', ( #1593 ), #5589, .T. ) ;
#4671 = AXIS2_PLACEMENT_3D ( 'NONE', #1005, #1402, #3145 ) ;
#4672 = DIRECTION ( 'NONE',  ( -0.4551814095324029918, -0.8903987221554705567, 0.000000000000000000 ) ) ;
#4673 = ORIENTED_EDGE ( 'NONE', *, *, #4941, .T. ) ;
#4674 = DIRECTION ( 'NONE',  ( 0.4543163942506014408, -0.8908403975545405862, 0.000000000000000000 ) ) ;
#4675 = EDGE_LOOP ( 'NONE', ( #4340, #2486, #1778, #2200 ) ) ;
#4676 = FACE_OUTER_BOUND ( 'NONE', #2880, .T. ) ;
#4677 = DIRECTION ( 'NONE',  ( -0.000000000000000000, -0.000000000000000000, -1.000000000000000000 ) ) ;
#4678 = CARTESIAN_POINT ( 'NONE',  ( 216.8549999999999898, 4.039019999999999833, 5.000000000000000000 ) ) ;
#4679 = ORIENTED_EDGE ( 'NONE', *, *, #1395, .T. ) ;
#4680 = EDGE_CURVE ( 'NONE', #854, #5503, #3737, .T. ) ;
#4681 = VERTEX_POINT ( 'NONE', #3392 ) ;
#4682 = ORIENTED_EDGE ( 'NONE', *, *, #3880, .T. ) ;
#4683 = CARTESIAN_POINT ( 'NONE',  ( 316.8949999999999818, 15.24380000000000024, 0.000000000000000000 ) ) ;
#4684 = DIRECTION ( 'NONE',  ( 0.8916045487671797609, -0.4528148944300242618, 0.000000000000000000 ) ) ;
#4685 = DIRECTION ( 'NONE',  ( 0.7081034065937691357, 0.7061087491104320879, 0.000000000000000000 ) ) ;
#4686 = ORIENTED_EDGE ( 'NONE', *, *, #5144, .F. ) ;
#4687 = CARTESIAN_POINT ( 'NONE',  ( 324.1010000000000559, 1.803850000000000176, 0.000000000000000000 ) ) ;
#4688 = VECTOR ( 'NONE', #3006, 1000.000000000000000 ) ;
#4689 = VERTEX_POINT ( 'NONE', #2962 ) ;
#4690 = EDGE_CURVE ( 'NONE', #1359, #104, #5157, .T. ) ;
#4691 = EDGE_CURVE ( 'NONE', #1104, #993, #4255, .T. ) ;
#4692 = DIRECTION ( 'NONE',  ( -0.8916126378921508389, -0.4527989663758082428, 0.000000000000000000 ) ) ;
#4693 = DIRECTION ( 'NONE',  ( -0.000000000000000000, -0.000000000000000000, -1.000000000000000000 ) ) ;
#4694 = DIRECTION ( 'NONE',  ( -0.000000000000000000, -0.000000000000000000, -1.000000000000000000 ) ) ;
#4695 = ADVANCED_FACE ( 'NONE', ( #2852 ), #3847, .T. ) ;
#4696 = AXIS2_PLACEMENT_3D ( 'NONE', #2980, #4746, #5551 ) ;
#4697 = DIRECTION ( 'NONE',  ( 0.9876443091134916585, -0.1567122161024270821, 0.000000000000000000 ) ) ;
#4698 = DIRECTION ( 'NONE',  ( -0.7071167641288979011, -0.7070967981032558747, 0.000000000000000000 ) ) ;
#4699 = FACE_BOUND ( 'NONE', #327, .T. ) ;
#4700 = VERTEX_POINT ( 'NONE', #2535 ) ;
#4701 = DIRECTION ( 'NONE',  ( 0.7061087491104321989, 0.7081034065937692468, -0.000000000000000000 ) ) ;
#4702 = CARTESIAN_POINT ( 'NONE',  ( 2.593469999999999942, 1.143769999999999953, 5.000000000000000000 ) ) ;
#4703 = ADVANCED_FACE ( 'NONE', ( #1216 ), #1679, .T. ) ;
#4704 = VECTOR ( 'NONE', #1226, 1000.000000000000000 ) ;
#4705 = ORIENTED_EDGE ( 'NONE', *, *, #4691, .F. ) ;
#4706 = DIRECTION ( 'NONE',  ( -0.000000000000000000, -0.000000000000000000, -1.000000000000000000 ) ) ;
#4707 = DIRECTION ( 'NONE',  ( -0.9880373179045877086, 0.1542149747200597942, 0.000000000000000000 ) ) ;
#4708 = ORIENTED_EDGE ( 'NONE', *, *, #4190, .F. ) ;
#4709 = ORIENTED_EDGE ( 'NONE', *, *, #4965, .F. ) ;
#4710 = ORIENTED_EDGE ( 'NONE', *, *, #1719, .F. ) ;
#4711 = EDGE_CURVE ( 'NONE', #2999, #1532, #1563, .T. ) ;
#4712 = CARTESIAN_POINT ( 'NONE',  ( 110.1950000000000074, 4.344949999999999868, 5.000000000000000000 ) ) ;
#4713 = DIRECTION ( 'NONE',  ( -0.9880373179045877086, 0.1542149747200597942, 0.000000000000000000 ) ) ;
#4714 = DIRECTION ( 'NONE',  ( 0.4516204456943435086, -0.8922101619186156851, 0.000000000000000000 ) ) ;
#4715 = ORIENTED_EDGE ( 'NONE', *, *, #1559, .F. ) ;
#4716 = PLANE ( 'NONE',  #5649 ) ;
#4717 = EDGE_CURVE ( 'NONE', #1200, #3739, #672, .T. ) ;
#4718 = ORIENTED_EDGE ( 'NONE', *, *, #5001, .T. ) ;
#4719 = CARTESIAN_POINT ( 'NONE',  ( 219.3950000000000102, 2.745049999999999990, 5.000000000000000000 ) ) ;
#4720 = LINE ( 'NONE', #4218, #5527 ) ;
#4721 = DIRECTION ( 'NONE',  ( -0.8924298478293074544, 0.4511861774294056437, 0.000000000000000000 ) ) ;
#4722 = EDGE_CURVE ( 'NONE', #4502, #473, #356, .T. ) ;
#4723 = LINE ( 'NONE', #1967, #2265 ) ;
#4724 = CARTESIAN_POINT ( 'NONE',  ( 323.8730000000000473, 123.4890000000000043, 0.000000000000000000 ) ) ;
#4725 = FACE_BOUND ( 'NONE', #427, .T. ) ;
#4726 = VERTEX_POINT ( 'NONE', #1620 ) ;
#4727 = DIRECTION ( 'NONE',  ( -0.7081034065937691357, 0.7061087491104320879, 0.000000000000000000 ) ) ;
#4728 = VECTOR ( 'NONE', #396, 1000.000000000000000 ) ;
#4729 = EDGE_LOOP ( 'NONE', ( #5100, #331, #2804, #1887 ) ) ;
#4730 = VECTOR ( 'NONE', #2784, 1000.000000000000227 ) ;
#4731 = CARTESIAN_POINT ( 'NONE',  ( 327.8960000000000150, 125.4939999999999998, 5.000000000000000000 ) ) ;
#4732 = DIRECTION ( 'NONE',  ( -0.8922182138893376413, -0.4516045380685628219, 0.000000000000000000 ) ) ;
#4733 = ORIENTED_EDGE ( 'NONE', *, *, #944, .F. ) ;
#4734 = EDGE_LOOP ( 'NONE', ( #2320, #2027, #5505, #2631 ) ) ;
#4735 = VECTOR ( 'NONE', #2867, 1000.000000000000000 ) ;
#4736 = VERTEX_POINT ( 'NONE', #2421 ) ;
#4737 = DIRECTION ( 'NONE',  ( -0.000000000000000000, -0.000000000000000000, -1.000000000000000000 ) ) ;
#4738 = DIRECTION ( 'NONE',  ( 0.8909082072302801913, -0.4541834060043675181, 0.000000000000000000 ) ) ;
#4739 = EDGE_CURVE ( 'NONE', #3619, #3408, #4195, .T. ) ;
#4740 = LINE ( 'NONE', #828, #3063 ) ;
#4741 = ORIENTED_EDGE ( 'NONE', *, *, #1362, .T. ) ;
#4742 = CARTESIAN_POINT ( 'NONE',  ( 326.6899999999999977, 122.0540000000000163, 5.000000000000000000 ) ) ;
#4743 = EDGE_CURVE ( 'NONE', #1391, #280, #2478, .T. ) ;
#4744 = ORIENTED_EDGE ( 'NONE', *, *, #3419, .F. ) ;
#4745 = CARTESIAN_POINT ( 'NONE',  ( 3.088179999999999925, 4.265010000000000190, 5.000000000000000000 ) ) ;
#4746 = DIRECTION ( 'NONE',  ( 0.1534044130056855804, -0.9881634915692752985, 0.000000000000000000 ) ) ;
#4747 = FACE_OUTER_BOUND ( 'NONE', #3158, .T. ) ;
#4748 = CARTESIAN_POINT ( 'NONE',  ( 111.4890000000000043, 1.803850000000000176, 5.000000000000000000 ) ) ;
#4749 = AXIS2_PLACEMENT_3D ( 'NONE', #5586, #1649, #1530 ) ;
#4750 = CARTESIAN_POINT ( 'NONE',  ( 219.0900000000000034, 1.803850000000000176, 5.000000000000000000 ) ) ;
#4751 = LINE ( 'NONE', #3790, #3030 ) ;
#4752 = FACE_BOUND ( 'NONE', #5602, .T. ) ;
#4753 = ORIENTED_EDGE ( 'NONE', *, *, #4717, .T. ) ;
#4754 = FACE_OUTER_BOUND ( 'NONE', #131, .T. ) ;
#4755 = VECTOR ( 'NONE', #541, 1000.000000000000000 ) ;
#4756 = ADVANCED_FACE ( 'NONE', ( #3333 ), #1997, .T. ) ;
#4757 = CARTESIAN_POINT ( 'NONE',  ( 326.9159999999999968, 123.4890000000000043, 0.000000000000000000 ) ) ;
#4758 = LINE ( 'NONE', #903, #2093 ) ;
#4759 = AXIS2_PLACEMENT_3D ( 'NONE', #2017, #2899, #1182 ) ;
#4760 = VERTEX_POINT ( 'NONE', #300 ) ;
#4761 = ORIENTED_EDGE ( 'NONE', *, *, #3008, .F. ) ;
#4762 = VECTOR ( 'NONE', #537, 1000.000000000000114 ) ;
#4763 = EDGE_CURVE ( 'NONE', #2490, #762, #5099, .T. ) ;
#4764 = EDGE_LOOP ( 'NONE', ( #4088, #1769, #218, #5431 ) ) ;
#4765 = LINE ( 'NONE', #3485, #5065 ) ;
#4766 = FACE_OUTER_BOUND ( 'NONE', #3432, .T. ) ;
#4767 = EDGE_LOOP ( 'NONE', ( #911, #4194, #3422, #2912 ) ) ;
#4768 = DIRECTION ( 'NONE',  ( -0.4527737055417303536, -0.8916254659721257747, 0.000000000000000000 ) ) ;
#4769 = ORIENTED_EDGE ( 'NONE', *, *, #823, .T. ) ;
#4770 = CARTESIAN_POINT ( 'NONE',  ( 219.3950000000000102, 122.9939999999999998, 0.000000000000000000 ) ) ;
#4771 = EDGE_CURVE ( 'NONE', #467, #1437, #2450, .T. ) ;
#4772 = ORIENTED_EDGE ( 'NONE', *, *, #1597, .F. ) ;
#4773 = FACE_OUTER_BOUND ( 'NONE', #43, .T. ) ;
#4774 = LINE ( 'NONE', #837, #228 ) ;
#4775 = ORIENTED_EDGE ( 'NONE', *, *, #1191, .F. ) ;
#4776 = VECTOR ( 'NONE', #4149, 1000.000000000000000 ) ;
#4777 = EDGE_CURVE ( 'NONE', #4297, #4605, #3793, .T. ) ;
#4778 = CARTESIAN_POINT ( 'NONE',  ( 111.1350000000000051, 124.2890000000000157, 5.000000000000000000 ) ) ;
#4779 = DIRECTION ( 'NONE',  ( 0.8916045487671567793, -0.4528148944300691148, 0.000000000000000000 ) ) ;
#4780 = DIRECTION ( 'NONE',  ( -0.1567122161024270821, -0.9876443091134916585, 0.000000000000000000 ) ) ;
#4781 = FACE_OUTER_BOUND ( 'NONE', #1337, .T. ) ;
#4782 = ORIENTED_EDGE ( 'NONE', *, *, #1225, .F. ) ;
#4783 = CARTESIAN_POINT ( 'NONE',  ( 218.2889999999999873, 1.223700000000000010, 0.000000000000000000 ) ) ;
#4784 = ADVANCED_FACE ( 'NONE', ( #2908 ), #5560, .T. ) ;
#4785 = VECTOR ( 'NONE', #1467, 1000.000000000000000 ) ;
#4786 = CARTESIAN_POINT ( 'NONE',  ( 109.2540000000000049, 121.7000000000000028, 5.000000000000000000 ) ) ;
#4787 = ORIENTED_EDGE ( 'NONE', *, *, #2386, .F. ) ;
#4788 = ORIENTED_EDGE ( 'NONE', *, *, #539, .F. ) ;
#4789 = VECTOR ( 'NONE', #4423, 1000.000000000000000 ) ;
#4790 = ORIENTED_EDGE ( 'NONE', *, *, #5351, .F. ) ;
#4791 = DIRECTION ( 'NONE',  ( -0.8905970137628030914, -0.4547933146790720804, 0.000000000000000000 ) ) ;
#4792 = VECTOR ( 'NONE', #4134, 1000.000000000000000 ) ;
#4793 = FACE_OUTER_BOUND ( 'NONE', #1010, .T. ) ;
#4794 = EDGE_CURVE ( 'NONE', #1197, #3602, #5211, .T. ) ;
#4795 = ORIENTED_EDGE ( 'NONE', *, *, #3470, .T. ) ;
#4796 = DIRECTION ( 'NONE',  ( -0.4511861774294056993, -0.8924298478293074544, 0.000000000000000000 ) ) ;
#4797 = VERTEX_POINT ( 'NONE', #4783 ) ;
#4798 = APPLICATION_PROTOCOL_DEFINITION ( 'international standard', 'config_control_design', 1994, #3908 ) ;
#4799 = EDGE_LOOP ( 'NONE', ( #1428, #3683, #3086, #4679 ) ) ;
#4800 = CARTESIAN_POINT ( 'NONE',  ( 324.4549999999999841, 1.451070000000000082, 0.000000000000000000 ) ) ;
#4801 = EDGE_CURVE ( 'NONE', #3503, #5628, #3504, .T. ) ;
#4802 = CARTESIAN_POINT ( 'NONE',  ( 111.4890000000000043, 122.0540000000000163, 5.000000000000000000 ) ) ;
#4803 = PLANE ( 'NONE',  #5245 ) ;
#4804 = LINE ( 'NONE', #3872, #1999 ) ;
#4805 = DIRECTION ( 'NONE',  ( 0.8905970137627921002, -0.4547933146790937298, 0.000000000000000000 ) ) ;
#4806 = LINE ( 'NONE', #5155, #4665 ) ;
#4807 = ORIENTED_EDGE ( 'NONE', *, *, #3566, .T. ) ;
#4808 = DIRECTION ( 'NONE',  ( -0.000000000000000000, -0.000000000000000000, -1.000000000000000000 ) ) ;
#4809 = EDGE_CURVE ( 'NONE', #3540, #4853, #11, .T. ) ;
#4810 = LINE ( 'NONE', #980, #1445 ) ;
#4811 = CARTESIAN_POINT ( 'NONE',  ( 327.8960000000000150, 0.2439130000000000187, 5.000000000000000000 ) ) ;
#4812 = EDGE_CURVE ( 'NONE', #2252, #104, #1815, .T. ) ;
#4813 = ORIENTED_EDGE ( 'NONE', *, *, #3198, .T. ) ;
#4814 = VERTEX_POINT ( 'NONE', #3100 ) ;
#4815 = VECTOR ( 'NONE', #252, 1000.000000000000000 ) ;
#4816 = ORIENTED_EDGE ( 'NONE', *, *, #1896, .F. ) ;
#4817 = LINE ( 'NONE', #1201, #1839 ) ;
#4818 = DIRECTION ( 'NONE',  ( -0.9875028003718890890, -0.1576014570290419081, 0.000000000000000000 ) ) ;
#4819 = ORIENTED_EDGE ( 'NONE', *, *, #1502, .T. ) ;
#4820 = LINE ( 'NONE', #1283, #496 ) ;
#4821 = VECTOR ( 'NONE', #1125, 1000.000000000000000 ) ;
#4822 = ORIENTED_EDGE ( 'NONE', *, *, #3304, .F. ) ;
#4823 = DIRECTION ( 'NONE',  ( -0.000000000000000000, -0.000000000000000000, -1.000000000000000000 ) ) ;
#4824 = ADVANCED_FACE ( 'NONE', ( #4341 ), #2138, .T. ) ;
#4825 = VERTEX_POINT ( 'NONE', #1706 ) ;
#4826 = APPROVAL_PERSON_ORGANIZATION ( #5314, #433, #4500 ) ;
#4827 = ADVANCED_FACE ( 'NONE', ( #4836 ), #3074, .T. ) ;
#4828 = DIRECTION ( 'NONE',  ( 0.8920223363405500594, 0.4519913179139025683, 0.000000000000000000 ) ) ;
#4829 = DIRECTION ( 'NONE',  ( -0.9872630143935667846, 0.1590966385896566693, 0.000000000000000000 ) ) ;
#4830 = EDGE_CURVE ( 'NONE', #5359, #5546, #5267, .T. ) ;
#4831 = CARTESIAN_POINT ( 'NONE',  ( 216.8549999999999898, 1.451070000000000082, 5.000000000000000000 ) ) ;
#4832 = CARTESIAN_POINT ( 'NONE',  ( 216.2719999999999914, 2.248959999999999848, 5.000000000000000000 ) ) ;
#4833 = FACE_OUTER_BOUND ( 'NONE', #1684, .T. ) ;
#4834 = LINE ( 'NONE', #1759, #1762 ) ;
#4835 = ORIENTED_EDGE ( 'NONE', *, *, #4123, .F. ) ;
#4836 = FACE_OUTER_BOUND ( 'NONE', #991, .T. ) ;
#4837 = VECTOR ( 'NONE', #3539, 1000.000000000000227 ) ;
#4838 = CARTESIAN_POINT ( 'NONE',  ( 219.0900000000000034, 1.803850000000000176, 0.000000000000000000 ) ) ;
#4839 = DIRECTION ( 'NONE',  ( -0.4543735275849096755, -0.8908112580283465975, 0.000000000000000000 ) ) ;
#4840 = ORIENTED_EDGE ( 'NONE', *, *, #5482, .T. ) ;
#4841 = VECTOR ( 'NONE', #669, 999.9999999999998863 ) ;
#4842 = ORIENTED_EDGE ( 'NONE', *, *, #1035, .T. ) ;
#4843 = AXIS2_PLACEMENT_3D ( 'NONE', #4405, #1792, #3532 ) ;
#4844 = ORIENTED_EDGE ( 'NONE', *, *, #2892, .T. ) ;
#4845 = LINE ( 'NONE', #4025, #4607 ) ;
#4846 = AXIS2_PLACEMENT_3D ( 'NONE', #2209, #2979, #3409 ) ;
#4847 = EDGE_CURVE ( 'NONE', #3652, #4313, #65, .T. ) ;
#4848 = CARTESIAN_POINT ( 'NONE',  ( 216.5010000000000048, 123.9350000000000023, 5.000000000000000000 ) ) ;
#4849 = ORIENTED_EDGE ( 'NONE', *, *, #3547, .T. ) ;
#4850 = ORIENTED_EDGE ( 'NONE', *, *, #2461, .T. ) ;
#4851 = VECTOR ( 'NONE', #1071, 1000.000000000000000 ) ;
#4852 = CARTESIAN_POINT ( 'NONE',  ( 324.8999999999999773, 121.4740000000000180, 0.000000000000000000 ) ) ;
#4853 = VERTEX_POINT ( 'NONE', #4371 ) ;
#4854 = APPROVAL_STATUS ( 'not_yet_approved' ) ;
#4855 = VECTOR ( 'NONE', #451, 1000.000000000000227 ) ;
#4856 = EDGE_LOOP ( 'NONE', ( #77, #2791, #5198, #5595 ) ) ;
#4857 = CARTESIAN_POINT ( 'NONE',  ( 108.6720000000000113, 3.238389999999999880, 0.000000000000000000 ) ) ;
#4858 = CARTESIAN_POINT ( 'NONE',  ( 4.194740000000000357, 2.745049999999999990, 5.000000000000000000 ) ) ;
#4859 = CARTESIAN_POINT ( 'NONE',  ( 4.114840000000000053, 2.248959999999999848, 0.000000000000000000 ) ) ;
#4860 = PLANE ( 'NONE',  #4671 ) ;
#4861 = CARTESIAN_POINT ( 'NONE',  ( 323.8730000000000473, 122.5010000000000190, 5.000000000000000000 ) ) ;
#4862 = EDGE_CURVE ( 'NONE', #3441, #938, #39, .T. ) ;
#4863 = LINE ( 'NONE', #1813, #1291 ) ;
#4864 = CARTESIAN_POINT ( 'NONE',  ( 323.8730000000000473, 123.4890000000000043, 5.000000000000000000 ) ) ;
#4865 = CARTESIAN_POINT ( 'NONE',  ( 323.8730000000000473, 123.4890000000000043, 5.000000000000000000 ) ) ;
#4866 = VECTOR ( 'NONE', #2039, 1000.000000000000114 ) ;
#4867 = DIRECTION ( 'NONE',  ( -0.000000000000000000, -0.000000000000000000, -1.000000000000000000 ) ) ;
#4868 = PLANE ( 'NONE',  #2814 ) ;
#4869 = ORIENTED_EDGE ( 'NONE', *, *, #5301, .F. ) ;
#4870 = EDGE_CURVE ( 'NONE', #3964, #4461, #383, .T. ) ;
#4871 = ORIENTED_EDGE ( 'NONE', *, *, #812, .T. ) ;
#4872 = VECTOR ( 'NONE', #3445, 1000.000000000000000 ) ;
#4873 = ORIENTED_EDGE ( 'NONE', *, *, #3378, .T. ) ;
#4874 = DIRECTION ( 'NONE',  ( -0.9881032527062957316, -0.1537919438437470865, 0.000000000000000000 ) ) ;
#4875 = PLANE ( 'NONE',  #2920 ) ;
#4876 = ORIENTED_EDGE ( 'NONE', *, *, #2451, .T. ) ;
#4877 = ORIENTED_EDGE ( 'NONE', *, *, #2037, .T. ) ;
#4878 = DIRECTION ( 'NONE',  ( -0.000000000000000000, -0.000000000000000000, -1.000000000000000000 ) ) ;
#4879 = ORIENTED_EDGE ( 'NONE', *, *, #1507, .F. ) ;
#4880 = COORDINATED_UNIVERSAL_TIME_OFFSET ( 5, 0, .BEHIND. ) ;
#4881 = ADVANCED_FACE ( 'NONE', ( #5669 ), #1299, .T. ) ;
#4882 = VECTOR ( 'NONE', #3026, 1000.000000000000000 ) ;
#4883 = ORIENTED_EDGE ( 'NONE', *, *, #1083, .T. ) ;
#4884 = LINE ( 'NONE', #5257, #3019 ) ;
#4885 = DIRECTION ( 'NONE',  ( 0.1595172611759729520, -0.9871951394668211366, 0.000000000000000000 ) ) ;
#4886 = ADVANCED_FACE ( 'NONE', ( #4754 ), #1271, .T. ) ;
#4887 = CARTESIAN_POINT ( 'NONE',  ( 324.8999999999999773, 124.5169999999999959, 5.000000000000000000 ) ) ;
#4888 = DIRECTION ( 'NONE',  ( -0.000000000000000000, -0.000000000000000000, -1.000000000000000000 ) ) ;
#4889 = CARTESIAN_POINT ( 'NONE',  ( 0.9935670000000000890, 122.9939999999999998, 5.000000000000000000 ) ) ;
#4890 = LINE ( 'NONE', #949, #287 ) ;
#4891 = FACE_OUTER_BOUND ( 'NONE', #2460, .T. ) ;
#4892 = CARTESIAN_POINT ( 'NONE',  ( 325.8890000000000668, 124.5169999999999959, 5.000000000000000000 ) ) ;
#4893 = EDGE_CURVE ( 'NONE', #1532, #332, #3476, .T. ) ;
#4894 = CARTESIAN_POINT ( 'NONE',  ( 109.2540000000000049, 121.7000000000000028, 5.000000000000000000 ) ) ;
#4895 = CARTESIAN_POINT ( 'NONE',  ( 325.8890000000000668, 1.223700000000000010, 0.000000000000000000 ) ) ;
#4896 = ORIENTED_EDGE ( 'NONE', *, *, #1719, .T. ) ;
#4897 = VERTEX_POINT ( 'NONE', #5239 ) ;
#4898 = EDGE_LOOP ( 'NONE', ( #4554, #4686, #505, #1101 ) ) ;
#4899 = DIRECTION ( 'NONE',  ( 0.000000000000000000, 0.000000000000000000, -1.000000000000000000 ) ) ;
#4900 = CARTESIAN_POINT ( 'NONE',  ( 217.7949999999999875, 124.5939999999999941, 5.000000000000000000 ) ) ;
#4901 = ORIENTED_EDGE ( 'NONE', *, *, #3351, .F. ) ;
#4902 = EDGE_LOOP ( 'NONE', ( #2376, #3543, #3494, #81, #3710, #3654, #4907, #392, #2878, #4378, #2942, #2445, #2685, #4329, #1000, #5218, #3810, #4206, #4612, #536 ) ) ;
#4903 = FACE_OUTER_BOUND ( 'NONE', #4139, .T. ) ;
#4904 = ORIENTED_EDGE ( 'NONE', *, *, #2750, .F. ) ;
#4905 = VECTOR ( 'NONE', #2494, 1000.000000000000227 ) ;
#4906 = DIRECTION ( 'NONE',  ( 0.1553213958544118756, -0.9878639906332434828, 0.000000000000000000 ) ) ;
#4907 = ORIENTED_EDGE ( 'NONE', *, *, #1646, .T. ) ;
#4908 = VECTOR ( 'NONE', #2210, 1000.000000000000000 ) ;
#4909 = CARTESIAN_POINT ( 'NONE',  ( 217.3000000000000114, 1.223700000000000010, 5.000000000000000000 ) ) ;
#4910 = DIRECTION ( 'NONE',  ( 0.9871951394668211366, 0.1595172611759729520, 0.000000000000000000 ) ) ;
#4911 = EDGE_CURVE ( 'NONE', #5628, #5506, #441, .T. ) ;
#4912 = CARTESIAN_POINT ( 'NONE',  ( 216.5010000000000048, 1.803850000000000176, 0.000000000000000000 ) ) ;
#4913 = VECTOR ( 'NONE', #4245, 1000.000000000000114 ) ;
#4914 = LINE ( 'NONE', #2751, #1165 ) ;
#4915 = EDGE_CURVE ( 'NONE', #1396, #968, #3530, .T. ) ;
#4916 = LINE ( 'NONE', #4247, #4472 ) ;
#4917 = FACE_OUTER_BOUND ( 'NONE', #1199, .T. ) ;
#4918 = DIRECTION ( 'NONE',  ( 0.8913111119572663110, 0.4533922161898035763, -0.000000000000000000 ) ) ;
#4919 = PLANE ( 'NONE',  #3066 ) ;
#4920 = DIRECTION ( 'NONE',  ( 0.4574843287324162344, -0.8892176836772031079, 0.000000000000000000 ) ) ;
#4921 = ORIENTED_EDGE ( 'NONE', *, *, #3547, .F. ) ;
#4922 = ORIENTED_EDGE ( 'NONE', *, *, #4809, .T. ) ;
#4923 = EDGE_CURVE ( 'NONE', #4227, #5019, #1353, .T. ) ;
#4924 = CC_DESIGN_PERSON_AND_ORGANIZATION_ASSIGNMENT ( #1340, #2260, ( #1702 ) ) ;
#4925 = ORIENTED_EDGE ( 'NONE', *, *, #4923, .F. ) ;
#4926 = DIRECTION ( 'NONE',  ( -0.8908112580283351623, 0.4543735275849321020, 0.000000000000000000 ) ) ;
#4927 = DIRECTION ( 'NONE',  ( -0.9881164689548826985, -0.1537070062818681471, 0.000000000000000000 ) ) ;
#4928 = AXIS2_PLACEMENT_3D ( 'NONE', #96, #4458, #4578 ) ;
#4929 = VERTEX_POINT ( 'NONE', #493 ) ;
#4930 = EDGE_LOOP ( 'NONE', ( #2813, #5277, #5621, #1075 ) ) ;
#4931 = EDGE_CURVE ( 'NONE', #4736, #5539, #3987, .T. ) ;
#4932 = ORIENTED_EDGE ( 'NONE', *, *, #4794, .F. ) ;
#4933 = DATE_AND_TIME ( #55, #5190 ) ;
#4934 = AXIS2_PLACEMENT_3D ( 'NONE', #4719, #3007, #778 ) ;
#4935 = EDGE_LOOP ( 'NONE', ( #2231, #1805, #4295, #4473 ) ) ;
#4936 = CARTESIAN_POINT ( 'NONE',  ( 1.299490000000000256, 1.803850000000000176, 5.000000000000000000 ) ) ;
#4937 = DIRECTION ( 'NONE',  ( -0.8922182138893378633, 0.4516045380685624888, 0.000000000000000000 ) ) ;
#4938 = VECTOR ( 'NONE', #2655, 1000.000000000000114 ) ;
#4939 = ORIENTED_EDGE ( 'NONE', *, *, #3146, .T. ) ;
#4940 = CARTESIAN_POINT ( 'NONE',  ( 218.7359999999999900, 4.039019999999999833, 0.000000000000000000 ) ) ;
#4941 = EDGE_CURVE ( 'NONE', #473, #4146, #2302, .T. ) ;
#4942 = CARTESIAN_POINT ( 'NONE',  ( 216.2719999999999914, 3.238389999999999880, 5.000000000000000000 ) ) ;
#4943 = CARTESIAN_POINT ( 'NONE',  ( 216.5010000000000048, 3.684870000000000090, 5.000000000000000000 ) ) ;
#4944 = FACE_OUTER_BOUND ( 'NONE', #483, .T. ) ;
#4945 = LINE ( 'NONE', #1466, #5213 ) ;
#4946 = DIRECTION ( 'NONE',  ( 0.8895889230663259761, -0.4567620255206143454, 0.000000000000000000 ) ) ;
#4947 = DIRECTION ( 'NONE',  ( -0.8916497258679400018, 0.4527259285258880550, 0.000000000000000000 ) ) ;
#4948 = DIRECTION ( 'NONE',  ( -0.4535964786212107192, -0.8912071782601604930, 0.000000000000000000 ) ) ;
#4949 = ORIENTED_EDGE ( 'NONE', *, *, #3310, .F. ) ;
#4950 = EDGE_CURVE ( 'NONE', #1628, #4954, #3150, .T. ) ;
#4951 = CARTESIAN_POINT ( 'NONE',  ( 2.593469999999999942, 121.3940000000000055, 0.000000000000000000 ) ) ;
#4952 = DIRECTION ( 'NONE',  ( -0.7079538235943338975, -0.7062587228899639413, 0.000000000000000000 ) ) ;
#4953 = MANIFOLD_SOLID_BREP ( 'Boss-Extrude1', #2481 ) ;
#4954 = VERTEX_POINT ( 'NONE', #207 ) ;
#4955 = VECTOR ( 'NONE', #4973, 1000.000000000000000 ) ;
#4956 = ORIENTED_EDGE ( 'NONE', *, *, #861, .T. ) ;
#4957 = EDGE_CURVE ( 'NONE', #5242, #3401, #4074, .T. ) ;
#4958 = ORIENTED_EDGE ( 'NONE', *, *, #2574, .T. ) ;
#4959 = CARTESIAN_POINT ( 'NONE',  ( 324.1010000000000559, 1.803850000000000176, 5.000000000000000000 ) ) ;
#4960 = DIRECTION ( 'NONE',  ( 0.9871279408508155662, -0.1599325745169778434, 0.000000000000000000 ) ) ;
#4961 = EDGE_LOOP ( 'NONE', ( #4547, #4004, #4319, #268 ) ) ;
#4962 = ORIENTED_EDGE ( 'NONE', *, *, #4957, .F. ) ;
#4963 = PERSON_AND_ORGANIZATION ( #2303, #3712 ) ;
#4964 = ORIENTED_EDGE ( 'NONE', *, *, #3730, .F. ) ;
#4965 = EDGE_CURVE ( 'NONE', #5337, #347, #5410, .T. ) ;
#4966 = AXIS2_PLACEMENT_3D ( 'NONE', #1123, #5464, #2359 ) ;
#4967 = FACE_OUTER_BOUND ( 'NONE', #2256, .T. ) ;
#4968 = LINE ( 'NONE', #3633, #75 ) ;
#4969 = ORIENTED_EDGE ( 'NONE', *, *, #5110, .T. ) ;
#4970 = CARTESIAN_POINT ( 'NONE',  ( 216.2719999999999914, 123.4890000000000043, 5.000000000000000000 ) ) ;
#4971 = CARTESIAN_POINT ( 'NONE',  ( 219.0900000000000034, 3.684870000000000090, 0.000000000000000000 ) ) ;
#4972 = VECTOR ( 'NONE', #3943, 1000.000000000000114 ) ;
#4973 = DIRECTION ( 'NONE',  ( -0.000000000000000000, -0.000000000000000000, -1.000000000000000000 ) ) ;
#4974 = EDGE_CURVE ( 'NONE', #3602, #4502, #1436, .T. ) ;
#4975 = CARTESIAN_POINT ( 'NONE',  ( 111.7159999999999940, 123.4890000000000043, 5.000000000000000000 ) ) ;
#4976 = DIRECTION ( 'NONE',  ( 0.1576014570290689421, -0.9875028003718848701, 0.000000000000000000 ) ) ;
#4977 = VECTOR ( 'NONE', #403, 1000.000000000000114 ) ;
#4978 = CARTESIAN_POINT ( 'NONE',  ( 108.8990000000000151, 3.684870000000000090, 5.000000000000000000 ) ) ;
#4979 = FACE_OUTER_BOUND ( 'NONE', #5570, .T. ) ;
#4980 = CARTESIAN_POINT ( 'NONE',  ( 3.088179999999999925, 4.265010000000000190, 5.000000000000000000 ) ) ;
#4981 = ORIENTED_EDGE ( 'NONE', *, *, #798, .T. ) ;
#4982 = LINE ( 'NONE', #1503, #5311 ) ;
#4983 = DIRECTION ( 'NONE',  ( -0.000000000000000000, -0.000000000000000000, -1.000000000000000000 ) ) ;
#4984 = ORIENTED_EDGE ( 'NONE', *, *, #5282, .T. ) ;
#4985 = EDGE_CURVE ( 'NONE', #277, #3934, #2361, .T. ) ;
#4986 = ORIENTED_EDGE ( 'NONE', *, *, #4012, .F. ) ;
#4987 = ORIENTED_EDGE ( 'NONE', *, *, #1951, .T. ) ;
#4988 = CARTESIAN_POINT ( 'NONE',  ( 218.2889999999999873, 1.223700000000000010, 5.000000000000000000 ) ) ;
#4989 = DIRECTION ( 'NONE',  ( -0.000000000000000000, -0.000000000000000000, -1.000000000000000000 ) ) ;
#4990 = VERTEX_POINT ( 'NONE', #518 ) ;
#4991 = ORIENTED_EDGE ( 'NONE', *, *, #3101, .T. ) ;
#4992 = LINE ( 'NONE', #1922, #5036 ) ;
#4993 = ORIENTED_EDGE ( 'NONE', *, *, #5657, .T. ) ;
#4994 = DIRECTION ( 'NONE',  ( -0.1597243542218900192, 0.9871616537672035507, 0.000000000000000000 ) ) ;
#4995 = CARTESIAN_POINT ( 'NONE',  ( 4.114840000000000053, 122.5010000000000190, 0.000000000000000000 ) ) ;
#4996 = CARTESIAN_POINT ( 'NONE',  ( 324.4549999999999841, 4.039019999999999833, 5.000000000000000000 ) ) ;
#4997 = VECTOR ( 'NONE', #1665, 1000.000000000000000 ) ;
#4998 = ORIENTED_EDGE ( 'NONE', *, *, #879, .F. ) ;
#4999 = CARTESIAN_POINT ( 'NONE',  ( 1.299490000000000256, 3.684870000000000090, 0.000000000000000000 ) ) ;
#5000 = DIRECTION ( 'NONE',  ( -0.9880215842932855708, 0.1543157444027860870, 0.000000000000000000 ) ) ;
#5001 = EDGE_CURVE ( 'NONE', #347, #5401, #4107, .T. ) ;
#5002 = AXIS2_PLACEMENT_3D ( 'NONE', #4996, #1060, #2803 ) ;
#5003 = CARTESIAN_POINT ( 'NONE',  ( 4.114840000000000053, 3.238389999999999880, 5.000000000000000000 ) ) ;
#5004 = DIRECTION ( 'NONE',  ( -0.9874201402453383070, -0.1581185208565923928, 0.000000000000000000 ) ) ;
#5005 = LINE ( 'NONE', #119, #3211 ) ;
#5006 = CARTESIAN_POINT ( 'NONE',  ( 108.5949999999999989, 122.9939999999999998, 5.000000000000000000 ) ) ;
#5007 = EDGE_CURVE ( 'NONE', #3824, #555, #5378, .T. ) ;
#5008 = VECTOR ( 'NONE', #2193, 1000.000000000000000 ) ;
#5009 = ORIENTED_EDGE ( 'NONE', *, *, #5447, .F. ) ;
#5010 = AXIS2_PLACEMENT_3D ( 'NONE', #2949, #775, #339 ) ;
#5011 = DIRECTION ( 'NONE',  ( -0.000000000000000000, 1.000000000000000000, -0.000000000000000000 ) ) ;
#5012 = DIRECTION ( 'NONE',  ( 0.4543735275849316024, -0.8908112580283352733, 0.000000000000000000 ) ) ;
#5013 = ORIENTED_EDGE ( 'NONE', *, *, #3492, .T. ) ;
#5014 = DIRECTION ( 'NONE',  ( 0.8908112580283351623, -0.4543735275849321575, 0.000000000000000000 ) ) ;
#5015 = ORIENTED_EDGE ( 'NONE', *, *, #4893, .F. ) ;
#5016 = EDGE_LOOP ( 'NONE', ( #3386, #625, #695, #4460 ) ) ;
#5017 = CARTESIAN_POINT ( 'NONE',  ( 325.3960000000000150, 124.5939999999999941, 0.000000000000000000 ) ) ;
#5018 = LINE ( 'NONE', #3190, #5115 ) ;
#5019 = VERTEX_POINT ( 'NONE', #179 ) ;
#5020 = VERTEX_POINT ( 'NONE', #3210 ) ;
#5021 = ADVANCED_FACE ( 'NONE', ( #1937 ), #4919, .T. ) ;
#5022 = ORIENTED_EDGE ( 'NONE', *, *, #1754, .T. ) ;
#5023 = DIRECTION ( 'NONE',  ( 0.4527899509762813857, -0.8916172162396240886, 0.000000000000000000 ) ) ;
#5024 = CARTESIAN_POINT ( 'NONE',  ( 4.114840000000000053, 3.238389999999999880, 5.000000000000000000 ) ) ;
#5025 = EDGE_LOOP ( 'NONE', ( #1800, #528, #2169, #4407 ) ) ;
#5026 = DIRECTION ( 'NONE',  ( 0.8910976720692332931, -0.4538115675396488524, 0.000000000000000000 ) ) ;
#5027 = VECTOR ( 'NONE', #2934, 1000.000000000000000 ) ;
#5028 = EDGE_CURVE ( 'NONE', #4054, #2251, #2755, .T. ) ;
#5029 = VECTOR ( 'NONE', #5639, 1000.000000000000000 ) ;
#5030 = AXIS2_PLACEMENT_3D ( 'NONE', #3984, #1433, #4976 ) ;
#5031 = CARTESIAN_POINT ( 'NONE',  ( 2.100130000000000052, 121.4740000000000180, 5.000000000000000000 ) ) ;
#5032 = LINE ( 'NONE', #261, #899 ) ;
#5033 = LINE ( 'NONE', #578, #3489 ) ;
#5034 = CARTESIAN_POINT ( 'NONE',  ( 326.9159999999999968, 123.4890000000000043, 5.000000000000000000 ) ) ;
#5035 = DIRECTION ( 'NONE',  ( -0.1537070062818597926, -0.9881164689548841418, 0.000000000000000000 ) ) ;
#5036 = VECTOR ( 'NONE', #3226, 1000.000000000000000 ) ;
#5037 = ORIENTED_EDGE ( 'NONE', *, *, #2313, .T. ) ;
#5038 = EDGE_CURVE ( 'NONE', #4347, #4605, #5440, .T. ) ;
#5039 = DIRECTION ( 'NONE',  ( 0.1567122161024270821, 0.9876443091134916585, 0.000000000000000000 ) ) ;
#5040 = VERTEX_POINT ( 'NONE', #2331 ) ;
#5041 = VERTEX_POINT ( 'NONE', #4517 ) ;
#5042 = DIRECTION ( 'NONE',  ( 0.7084757933787968476, 0.7057351133366430718, 0.000000000000000000 ) ) ;
#5043 = ORIENTED_EDGE ( 'NONE', *, *, #1277, .T. ) ;
#5044 = ORIENTED_EDGE ( 'NONE', *, *, #4048, .T. ) ;
#5045 = DIRECTION ( 'NONE',  ( -0.8914042697118759184, -0.4532090333824308481, 0.000000000000000000 ) ) ;
#5046 = CARTESIAN_POINT ( 'NONE',  ( 111.7159999999999940, 122.5010000000000190, 0.000000000000000000 ) ) ;
#5047 = EDGE_CURVE ( 'NONE', #4391, #2311, #3241, .T. ) ;
#5048 = ORIENTED_EDGE ( 'NONE', *, *, #5424, .T. ) ;
#5049 = ORIENTED_EDGE ( 'NONE', *, *, #4531, .T. ) ;
#5050 = AXIS2_PLACEMENT_3D ( 'NONE', #170, #1865, #2713 ) ;
#5051 = VERTEX_POINT ( 'NONE', #1965 ) ;
#5052 = CARTESIAN_POINT ( 'NONE',  ( 1.072109999999999896, 2.248959999999999848, 5.000000000000000000 ) ) ;
#5053 = FACE_OUTER_BOUND ( 'NONE', #1157, .T. ) ;
#5054 = LINE ( 'NONE', #5456, #42 ) ;
#5055 = VERTEX_POINT ( 'NONE', #1379 ) ;
#5056 = LINE ( 'NONE', #1118, #4735 ) ;
#5057 = EDGE_CURVE ( 'NONE', #4524, #3507, #3123, .T. ) ;
#5058 = VECTOR ( 'NONE', #2935, 1000.000000000000114 ) ;
#5059 = CARTESIAN_POINT ( 'NONE',  ( 217.3000000000000114, 1.223700000000000010, 0.000000000000000000 ) ) ;
#5060 = EDGE_CURVE ( 'NONE', #242, #5020, #2696, .T. ) ;
#5061 = DIRECTION ( 'NONE',  ( 0.9871105220788042311, 0.1600400487419023077, 0.000000000000000000 ) ) ;
#5062 = DIRECTION ( 'NONE',  ( -0.4516204456943435641, 0.8922101619186156851, 0.000000000000000000 ) ) ;
#5063 = DIRECTION ( 'NONE',  ( -0.8899839804325223591, -0.4559917922216185637, 0.000000000000000000 ) ) ;
#5064 = DIRECTION ( 'NONE',  ( -0.1543157444028216696, 0.9880215842932799086, 0.000000000000000000 ) ) ;
#5065 = VECTOR ( 'NONE', #5571, 1000.000000000000000 ) ;
#5066 = ORIENTED_EDGE ( 'NONE', *, *, #2976, .F. ) ;
#5067 = VECTOR ( 'NONE', #579, 1000.000000000000000 ) ;
#5068 = CARTESIAN_POINT ( 'NONE',  ( 1.072109999999999896, 123.4890000000000043, 5.000000000000000000 ) ) ;
#5069 = LINE ( 'NONE', #236, #1111 ) ;
#5070 = VERTEX_POINT ( 'NONE', #4017 ) ;
#5071 = DIRECTION ( 'NONE',  ( 0.1591160391763127568, -0.9872598878091027874, 0.000000000000000000 ) ) ;
#5072 = VERTEX_POINT ( 'NONE', #92 ) ;
#5073 = EDGE_CURVE ( 'NONE', #130, #277, #1846, .T. ) ;
#5074 = VERTEX_POINT ( 'NONE', #977 ) ;
#5075 = ADVANCED_FACE ( 'NONE', ( #4484 ), #549, .T. ) ;
#5076 = DIRECTION ( 'NONE',  ( 0.4532090333824307926, -0.8914042697118758074, 0.000000000000000000 ) ) ;
#5077 = LINE ( 'NONE', #330, #2088 ) ;
#5078 = ORIENTED_EDGE ( 'NONE', *, *, #3329, .F. ) ;
#5079 = ORIENTED_EDGE ( 'NONE', *, *, #4380, .T. ) ;
#5080 = FACE_OUTER_BOUND ( 'NONE', #853, .T. ) ;
#5081 = ORIENTED_EDGE ( 'NONE', *, *, #2958, .F. ) ;
#5082 = LINE ( 'NONE', #1489, #4307 ) ;
#5083 = CARTESIAN_POINT ( 'NONE',  ( 3.088179999999999925, 124.5169999999999959, 0.000000000000000000 ) ) ;
#5084 = PLANE ( 'NONE',  #2608 ) ;
#5085 = ORIENTED_EDGE ( 'NONE', *, *, #3566, .F. ) ;
#5086 = CARTESIAN_POINT ( 'NONE',  ( 219.3160000000000025, 3.238389999999999880, 5.000000000000000000 ) ) ;
#5087 = EDGE_CURVE ( 'NONE', #799, #4557, #2844, .T. ) ;
#5088 = EDGE_CURVE ( 'NONE', #4529, #2596, #3298, .T. ) ;
#5089 = DIRECTION ( 'NONE',  ( 0.9881677099903881656, 0.1533772373344627904, -0.000000000000000000 ) ) ;
#5090 = LINE ( 'NONE', #3383, #3827 ) ;
#5091 = CARTESIAN_POINT ( 'NONE',  ( 4.194740000000000357, 122.9939999999999998, 5.000000000000000000 ) ) ;
#5092 = DIRECTION ( 'NONE',  ( 0.4516204456943218593, 0.8922101619186267873, -0.000000000000000000 ) ) ;
#5093 = AXIS2_PLACEMENT_3D ( 'NONE', #4415, #4387, #1506 ) ;
#5094 = EDGE_CURVE ( 'NONE', #2506, #5530, #2415, .T. ) ;
#5095 = CARTESIAN_POINT ( 'NONE',  ( 2.594850000000000101, 4.344949999999999868, 0.000000000000000000 ) ) ;
#5096 = VECTOR ( 'NONE', #2673, 999.9999999999998863 ) ;
#5097 = CARTESIAN_POINT ( 'NONE',  ( 2.593469999999999942, 121.3940000000000055, 5.000000000000000000 ) ) ;
#5098 = ORIENTED_EDGE ( 'NONE', *, *, #3319, .F. ) ;
#5099 = LINE ( 'NONE', #699, #1233 ) ;
#5100 = ORIENTED_EDGE ( 'NONE', *, *, #2337, .T. ) ;
#5101 = VECTOR ( 'NONE', #1285, 1000.000000000000114 ) ;
#5102 = VERTEX_POINT ( 'NONE', #754 ) ;
#5103 = DIRECTION ( 'NONE',  ( 0.8912071782601604930, -0.4535964786212107192, 0.000000000000000000 ) ) ;
#5104 = CARTESIAN_POINT ( 'NONE',  ( 219.0900000000000034, 3.684870000000000090, 5.000000000000000000 ) ) ;
#5105 = ORIENTED_EDGE ( 'NONE', *, *, #2142, .F. ) ;
#5106 = ORIENTED_EDGE ( 'NONE', *, *, #2188, .F. ) ;
#5107 = ADVANCED_FACE ( 'NONE', ( #1992 ), #2075, .T. ) ;
#5108 = ORIENTED_EDGE ( 'NONE', *, *, #1697, .T. ) ;
#5109 = CARTESIAN_POINT ( 'NONE',  ( 316.8949999999999818, 110.4950000000000045, 5.000000000000000000 ) ) ;
#5110 = EDGE_CURVE ( 'NONE', #332, #2477, #1184, .T. ) ;
#5111 = LINE ( 'NONE', #5544, #4591 ) ;
#5112 = DIRECTION ( 'NONE',  ( -0.8922182138893376413, -0.4516045380685628219, 0.000000000000000000 ) ) ;
#5113 = VERTEX_POINT ( 'NONE', #5552 ) ;
#5114 = DIRECTION ( 'NONE',  ( -0.000000000000000000, -0.000000000000000000, -1.000000000000000000 ) ) ;
#5115 = VECTOR ( 'NONE', #4960, 1000.000000000000114 ) ;
#5116 = ORIENTED_EDGE ( 'NONE', *, *, #5543, .T. ) ;
#5117 = CARTESIAN_POINT ( 'NONE',  ( 326.9959999999999809, 2.745049999999999990, 5.000000000000000000 ) ) ;
#5118 = AXIS2_PLACEMENT_3D ( 'NONE', #4397, #1784, #3041 ) ;
#5119 = ADVANCED_FACE ( 'NONE', ( #2501 ), #3815, .T. ) ;
#5120 = CARTESIAN_POINT ( 'NONE',  ( 216.1949999999999932, 122.9939999999999998, 0.000000000000000000 ) ) ;
#5121 = VERTEX_POINT ( 'NONE', #4277 ) ;
#5122 = AXIS2_PLACEMENT_3D ( 'NONE', #2189, #3932, #1320 ) ;
#5123 = VECTOR ( 'NONE', #3616, 1000.000000000000000 ) ;
#5124 = CARTESIAN_POINT ( 'NONE',  ( 325.3960000000000150, 1.143769999999999953, 5.000000000000000000 ) ) ;
#5125 = CARTESIAN_POINT ( 'NONE',  ( 326.6899999999999977, 123.9350000000000023, 5.000000000000000000 ) ) ;
#5126 = DIRECTION ( 'NONE',  ( -0.4512020778594384995, 0.8924218088635693658, 0.000000000000000000 ) ) ;
#5127 = VERTEX_POINT ( 'NONE', #2931 ) ;
#5128 = DIRECTION ( 'NONE',  ( -0.4533763750535911297, 0.8913191698506577332, 0.000000000000000000 ) ) ;
#5129 = VECTOR ( 'NONE', #1976, 1000.000000000000114 ) ;
#5130 = ORIENTED_EDGE ( 'NONE', *, *, #200, .T. ) ;
#5131 = EDGE_LOOP ( 'NONE', ( #3447, #3792, #3919, #5578, #2624, #1828, #5013, #455, #1571, #1797, #4258, #685, #4220, #481, #4850, #3589, #2653, #1369, #4819, #2732 ) ) ;
#5132 = FACE_OUTER_BOUND ( 'NONE', #3911, .T. ) ;
#5133 = CARTESIAN_POINT ( 'NONE',  ( 110.6880000000000024, 1.223700000000000010, 5.000000000000000000 ) ) ;
#5134 = ADVANCED_FACE ( 'NONE', ( #232 ), #346, .T. ) ;
#5135 = ORIENTED_EDGE ( 'NONE', *, *, #5421, .F. ) ;
#5136 = ORIENTED_EDGE ( 'NONE', *, *, #2473, .F. ) ;
#5137 = ORIENTED_EDGE ( 'NONE', *, *, #1342, .F. ) ;
#5138 = DIRECTION ( 'NONE',  ( 0.9880373179045877086, -0.1542149747200597942, 0.000000000000000000 ) ) ;
#5139 = DIRECTION ( 'NONE',  ( -0.9871951394668211366, -0.1595172611759729797, 0.000000000000000000 ) ) ;
#5140 = DIRECTION ( 'NONE',  ( -0.000000000000000000, -0.000000000000000000, -1.000000000000000000 ) ) ;
#5141 = ORIENTED_EDGE ( 'NONE', *, *, #738, .F. ) ;
#5142 = CARTESIAN_POINT ( 'NONE',  ( 324.4549999999999841, 121.7000000000000028, 5.000000000000000000 ) ) ;
#5143 = VECTOR ( 'NONE', #3231, 1000.000000000000000 ) ;
#5144 = EDGE_CURVE ( 'NONE', #2909, #795, #5497, .T. ) ;
#5145 = ORIENTED_EDGE ( 'NONE', *, *, #4205, .F. ) ;
#5146 = VECTOR ( 'NONE', #2165, 1000.000000000000114 ) ;
#5147 = CARTESIAN_POINT ( 'NONE',  ( 324.4549999999999841, 1.451070000000000082, 5.000000000000000000 ) ) ;
#5148 = CARTESIAN_POINT ( 'NONE',  ( 111.7950000000000017, 2.745049999999999990, 0.000000000000000000 ) ) ;
#5149 = CARTESIAN_POINT ( 'NONE',  ( 108.5949999999999989, 2.745049999999999990, 0.000000000000000000 ) ) ;
#5150 = EDGE_LOOP ( 'NONE', ( #334, #3881, #2634, #312, #3689, #3352, #2479, #3590, #1795, #2277, #1621, #1891, #1304, #668, #2701, #2091, #2534, #5274, #3857, #1944 ) ) ;
#5151 = VECTOR ( 'NONE', #3873, 1000.000000000000000 ) ;
#5152 = EDGE_CURVE ( 'NONE', #4797, #885, #2873, .T. ) ;
#5153 = DIRECTION ( 'NONE',  ( -0.8922182138893378633, 0.4516045380685624888, 0.000000000000000000 ) ) ;
#5154 = CARTESIAN_POINT ( 'NONE',  ( 111.7159999999999940, 123.4890000000000043, 5.000000000000000000 ) ) ;
#5155 = CARTESIAN_POINT ( 'NONE',  ( 110.6880000000000024, 4.265010000000000190, 0.000000000000000000 ) ) ;
#5156 = ORIENTED_EDGE ( 'NONE', *, *, #806, .T. ) ;
#5157 = LINE ( 'NONE', #5182, #319 ) ;
#5158 = CARTESIAN_POINT ( 'NONE',  ( 324.1010000000000559, 123.9350000000000023, 0.000000000000000000 ) ) ;
#5159 = VECTOR ( 'NONE', #1334, 1000.000000000000114 ) ;
#5160 = EDGE_CURVE ( 'NONE', #804, #5506, #2444, .T. ) ;
#5161 = ORIENTED_EDGE ( 'NONE', *, *, #333, .T. ) ;
#5162 = CARTESIAN_POINT ( 'NONE',  ( 216.8549999999999898, 1.451070000000000082, 5.000000000000000000 ) ) ;
#5163 = CARTESIAN_POINT ( 'NONE',  ( 324.4549999999999841, 4.039019999999999833, 5.000000000000000000 ) ) ;
#5164 = EDGE_CURVE ( 'NONE', #2882, #3028, #1647, .T. ) ;
#5165 = EDGE_LOOP ( 'NONE', ( #390, #562, #962, #1561 ) ) ;
#5166 = VERTEX_POINT ( 'NONE', #3271 ) ;
#5167 = ORIENTED_EDGE ( 'NONE', *, *, #3244, .F. ) ;
#5168 = CARTESIAN_POINT ( 'NONE',  ( 324.4549999999999841, 4.039019999999999833, 5.000000000000000000 ) ) ;
#5169 = CARTESIAN_POINT ( 'NONE',  ( 218.7359999999999900, 124.2890000000000157, 5.000000000000000000 ) ) ;
#5170 = DIRECTION ( 'NONE',  ( 0.8924298478293074544, -0.4511861774294056993, 0.000000000000000000 ) ) ;
#5171 = VERTEX_POINT ( 'NONE', #2021 ) ;
#5172 = FACE_OUTER_BOUND ( 'NONE', #4444, .T. ) ;
#5173 = CARTESIAN_POINT ( 'NONE',  ( 111.1350000000000051, 1.451070000000000082, 5.000000000000000000 ) ) ;
#5174 = CARTESIAN_POINT ( 'NONE',  ( 217.3000000000000114, 121.4740000000000180, 5.000000000000000000 ) ) ;
#5175 = LINE ( 'NONE', #1344, #5644 ) ;
#5176 = ADVANCED_FACE ( 'NONE', ( #3760 ), #1588, .T. ) ;
#5177 = LINE ( 'NONE', #3500, #3726 ) ;
#5178 = EDGE_CURVE ( 'NONE', #2524, #4529, #4219, .T. ) ;
#5179 = PLANE ( 'NONE',  #4409 ) ;
#5180 = PLANE ( 'NONE',  #348 ) ;
#5181 = ORIENTED_EDGE ( 'NONE', *, *, #4519, .T. ) ;
#5182 = CARTESIAN_POINT ( 'NONE',  ( 324.1010000000000559, 1.803850000000000176, 5.000000000000000000 ) ) ;
#5183 = VECTOR ( 'NONE', #4595, 1000.000000000000000 ) ;
#5184 = DIRECTION ( 'NONE',  ( 0.4543163942506014408, -0.8908403975545405862, 0.000000000000000000 ) ) ;
#5185 = VECTOR ( 'NONE', #667, 1000.000000000000114 ) ;
#5186 = FACE_OUTER_BOUND ( 'NONE', #5340, .T. ) ;
#5187 = CARTESIAN_POINT ( 'NONE',  ( 1.299490000000000256, 122.0540000000000163, 5.000000000000000000 ) ) ;
#5188 = VERTEX_POINT ( 'NONE', #2903 ) ;
#5189 = ORIENTED_EDGE ( 'NONE', *, *, #3191, .F. ) ;
#5190 = LOCAL_TIME ( 17, 52, 47.00000000000000000, #4530 ) ;
#5191 = EDGE_LOOP ( 'NONE', ( #1623, #2746, #3336, #3891 ) ) ;
#5192 = LINE ( 'NONE', #3457, #2132 ) ;
#5193 = PLANE ( 'NONE',  #3924 ) ;
#5194 = ORIENTED_EDGE ( 'NONE', *, *, #1292, .F. ) ;
#5195 = CARTESIAN_POINT ( 'NONE',  ( 3.888809999999999878, 1.803850000000000176, 5.000000000000000000 ) ) ;
#5196 = EDGE_LOOP ( 'NONE', ( #370, #2590, #1052, #906 ) ) ;
#5197 = EDGE_CURVE ( 'NONE', #1744, #2150, #4662, .T. ) ;
#5198 = ORIENTED_EDGE ( 'NONE', *, *, #741, .T. ) ;
#5199 = DIRECTION ( 'NONE',  ( -0.000000000000000000, -0.000000000000000000, -1.000000000000000000 ) ) ;
#5200 = LINE ( 'NONE', #1586, #3563 ) ;
#5201 = EDGE_CURVE ( 'NONE', #5506, #555, #3701, .T. ) ;
#5202 = CARTESIAN_POINT ( 'NONE',  ( 218.2889999999999873, 1.223700000000000010, 5.000000000000000000 ) ) ;
#5203 = VERTEX_POINT ( 'NONE', #5120 ) ;
#5204 = PRODUCT ( 'bezel2', 'bezel2', '', ( #4090 ) ) ;
#5205 = FACE_OUTER_BOUND ( 'NONE', #5658, .T. ) ;
#5206 = VECTOR ( 'NONE', #5637, 1000.000000000000114 ) ;
#5207 = CARTESIAN_POINT ( 'NONE',  ( 12.09370000000000012, 110.4950000000000045, 5.000000000000000000 ) ) ;
#5208 = DIRECTION ( 'NONE',  ( -0.000000000000000000, -0.000000000000000000, -1.000000000000000000 ) ) ;
#5209 = LINE ( 'NONE', #1651, #5397 ) ;
#5210 = ORIENTED_EDGE ( 'NONE', *, *, #470, .T. ) ;
#5211 = LINE ( 'NONE', #3558, #1611 ) ;
#5212 = CARTESIAN_POINT ( 'NONE',  ( 109.2540000000000049, 1.451070000000000082, 5.000000000000000000 ) ) ;
#5213 = VECTOR ( 'NONE', #3207, 999.9999999999998863 ) ;
#5214 = EDGE_CURVE ( 'NONE', #5360, #2143, #5466, .T. ) ;
#5215 = PLANE ( 'NONE',  #3733 ) ;
#5216 = LINE ( 'NONE', #1474, #3545 ) ;
#5217 = AXIS2_PLACEMENT_3D ( 'NONE', #5373, #3554, #3580 ) ;
#5218 = ORIENTED_EDGE ( 'NONE', *, *, #4402, .T. ) ;
#5219 = VERTEX_POINT ( 'NONE', #3065 ) ;
#5220 = VECTOR ( 'NONE', #3235, 1000.000000000000000 ) ;
#5221 = ORIENTED_EDGE ( 'NONE', *, *, #3229, .T. ) ;
#5222 = DIRECTION ( 'NONE',  ( -0.9881164689548841418, -0.1537070062818597926, 0.000000000000000000 ) ) ;
#5223 = EDGE_CURVE ( 'NONE', #5300, #1314, #4421, .T. ) ;
#5224 = CARTESIAN_POINT ( 'NONE',  ( 111.4890000000000043, 3.684870000000000090, 0.000000000000000000 ) ) ;
#5225 = ORIENTED_EDGE ( 'NONE', *, *, #1410, .F. ) ;
#5226 = DIRECTION ( 'NONE',  ( -0.8922101619186157961, -0.4516204456943435641, 0.000000000000000000 ) ) ;
#5227 = ORIENTED_EDGE ( 'NONE', *, *, #3062, .T. ) ;
#5228 = ORIENTED_EDGE ( 'NONE', *, *, #4168, .F. ) ;
#5229 = FACE_OUTER_BOUND ( 'NONE', #3342, .T. ) ;
#5230 = VECTOR ( 'NONE', #336, 1000.000000000000114 ) ;
#5231 = EDGE_CURVE ( 'NONE', #2656, #5041, #809, .T. ) ;
#5232 = CARTESIAN_POINT ( 'NONE',  ( 111.4890000000000043, 122.0540000000000163, 5.000000000000000000 ) ) ;
#5233 = EDGE_CURVE ( 'NONE', #740, #4167, #31, .T. ) ;
#5234 = DIRECTION ( 'NONE',  ( 0.9881164689548826985, 0.1537070062818681471, 0.000000000000000000 ) ) ;
#5235 = DIRECTION ( 'NONE',  ( -0.000000000000000000, -0.000000000000000000, -1.000000000000000000 ) ) ;
#5236 = LINE ( 'NONE', #491, #2663 ) ;
#5237 = CARTESIAN_POINT ( 'NONE',  ( 1.072109999999999896, 2.248959999999999848, 5.000000000000000000 ) ) ;
#5238 = ORIENTED_EDGE ( 'NONE', *, *, #3229, .F. ) ;
#5239 = CARTESIAN_POINT ( 'NONE',  ( 323.8730000000000473, 3.238389999999999880, 5.000000000000000000 ) ) ;
#5240 = CARTESIAN_POINT ( 'NONE',  ( 216.8549999999999898, 121.7000000000000028, 5.000000000000000000 ) ) ;
#5241 = LINE ( 'NONE', #4430, #803 ) ;
#5242 = VERTEX_POINT ( 'NONE', #3897 ) ;
#5243 = EDGE_CURVE ( 'NONE', #5127, #3974, #5, .T. ) ;
#5244 = ORIENTED_EDGE ( 'NONE', *, *, #741, .F. ) ;
#5245 = AXIS2_PLACEMENT_3D ( 'NONE', #377, #1265, #32 ) ;
#5246 = EDGE_CURVE ( 'NONE', #1360, #4825, #863, .T. ) ;
#5247 = VERTEX_POINT ( 'NONE', #5661 ) ;
#5248 = CARTESIAN_POINT ( 'NONE',  ( 3.534660000000000135, 4.039019999999999833, 5.000000000000000000 ) ) ;
#5249 = AXIS2_PLACEMENT_3D ( 'NONE', #1677, #2505, #3820 ) ;
#5250 = DIRECTION ( 'NONE',  ( 0.7069569863009588229, 0.7072565443460143708, 0.000000000000000000 ) ) ;
#5251 = VERTEX_POINT ( 'NONE', #2666 ) ;
#5252 = CARTESIAN_POINT ( 'NONE',  ( 0.9935670000000000890, 122.9939999999999998, 5.000000000000000000 ) ) ;
#5253 = EDGE_CURVE ( 'NONE', #4176, #3535, #3841, .T. ) ;
#5254 = EDGE_LOOP ( 'NONE', ( #912, #564, #2223, #4984 ) ) ;
#5255 = CARTESIAN_POINT ( 'NONE',  ( 109.7000000000000028, 1.223700000000000010, 0.000000000000000000 ) ) ;
#5256 = ORIENTED_EDGE ( 'NONE', *, *, #1346, .F. ) ;
#5257 = CARTESIAN_POINT ( 'NONE',  ( 108.5949999999999989, 2.745049999999999990, 5.000000000000000000 ) ) ;
#5258 = DIRECTION ( 'NONE',  ( 0.8900039531765926437, 0.4559528082269453941, -0.000000000000000000 ) ) ;
#5259 = DIRECTION ( 'NONE',  ( 0.1590966385896566970, 0.9872630143935668956, -0.000000000000000000 ) ) ;
#5260 = EDGE_LOOP ( 'NONE', ( #3801, #1333, #2058, #5630 ) ) ;
#5261 = ADVANCED_FACE ( 'NONE', ( #4362 ), #1262, .T. ) ;
#5262 = LINE ( 'NONE', #4336, #1757 ) ;
#5263 = DIRECTION ( 'NONE',  ( 0.9881677099903839467, 0.1533772373344897966, -0.000000000000000000 ) ) ;
#5264 = CARTESIAN_POINT ( 'NONE',  ( 1.299490000000000256, 1.803850000000000176, 0.000000000000000000 ) ) ;
#5265 = PLANE ( 'NONE',  #294 ) ;
#5266 = ORIENTED_EDGE ( 'NONE', *, *, #5152, .T. ) ;
#5267 = LINE ( 'NONE', #2164, #1147 ) ;
#5268 = EDGE_CURVE ( 'NONE', #4176, #5359, #3440, .T. ) ;
#5269 = DIRECTION ( 'NONE',  ( -0.9871200097434397192, 0.1599815188204922189, 0.000000000000000000 ) ) ;
#5270 = DIRECTION ( 'NONE',  ( -0.9871395892538341599, -0.1598606622273645861, 0.000000000000000000 ) ) ;
#5271 = ORIENTED_EDGE ( 'NONE', *, *, #2910, .T. ) ;
#5272 = ORIENTED_EDGE ( 'NONE', *, *, #3762, .T. ) ;
#5273 = AXIS2_PLACEMENT_3D ( 'NONE', #3417, #3822, #1131 ) ;
#5274 = ORIENTED_EDGE ( 'NONE', *, *, #2902, .F. ) ;
#5275 = LINE ( 'NONE', #3159, #3952 ) ;
#5276 = DIRECTION ( 'NONE',  ( -0.7071067811865890951, -0.7071067811865059394, 0.000000000000000000 ) ) ;
#5277 = ORIENTED_EDGE ( 'NONE', *, *, #3709, .F. ) ;
#5278 = VERTEX_POINT ( 'NONE', #1318 ) ;
#5279 = LINE ( 'NONE', #3595, #3976 ) ;
#5280 = EDGE_CURVE ( 'NONE', #4358, #3084, #3469, .T. ) ;
#5281 = VECTOR ( 'NONE', #2049, 1000.000000000000114 ) ;
#5282 = EDGE_CURVE ( 'NONE', #2552, #5451, #4774, .T. ) ;
#5283 = EDGE_LOOP ( 'NONE', ( #2874, #2890, #4466, #2323 ) ) ;
#5284 = DIRECTION ( 'NONE',  ( -0.8916126378921508389, -0.4527989663758082428, 0.000000000000000000 ) ) ;
#5285 = ORIENTED_EDGE ( 'NONE', *, *, #2638, .T. ) ;
#5286 = ADVANCED_FACE ( 'NONE', ( #4335 ), #5609, .T. ) ;
#5287 = VECTOR ( 'NONE', #1230, 999.9999999999998863 ) ;
#5288 = LINE ( 'NONE', #3168, #524 ) ;
#5289 = LINE ( 'NONE', #1290, #4163 ) ;
#5290 = DIRECTION ( 'NONE',  ( -0.7069569863009310673, 0.7072565443460422374, 0.000000000000000000 ) ) ;
#5291 = ADVANCED_FACE ( 'NONE', ( #1752 ), #3523, .T. ) ;
#5292 = CARTESIAN_POINT ( 'NONE',  ( 2.100130000000000052, 121.4740000000000180, 5.000000000000000000 ) ) ;
#5293 = DIRECTION ( 'NONE',  ( -0.000000000000000000, -0.000000000000000000, -1.000000000000000000 ) ) ;
#5294 = DIRECTION ( 'NONE',  ( -0.9870883714087309579, -0.1601766119933220600, 0.000000000000000000 ) ) ;
#5295 = PLANE ( 'NONE',  #1566 ) ;
#5296 = CARTESIAN_POINT ( 'NONE',  ( 217.3000000000000114, 4.265010000000000190, 5.000000000000000000 ) ) ;
#5297 = VECTOR ( 'NONE', #5508, 1000.000000000000114 ) ;
#5298 = LINE ( 'NONE', #1356, #2185 ) ;
#5299 = DIRECTION ( 'NONE',  ( -0.7072665251725597235, -0.7069470011042785496, 0.000000000000000000 ) ) ;
#5300 = VERTEX_POINT ( 'NONE', #2637 ) ;
#5301 = EDGE_CURVE ( 'NONE', #3021, #1889, #5289, .T. ) ;
#5302 = VECTOR ( 'NONE', #3533, 1000.000000000000114 ) ;
#5303 = ORIENTED_EDGE ( 'NONE', *, *, #1502, .F. ) ;
#5304 = ORIENTED_EDGE ( 'NONE', *, *, #3382, .F. ) ;
#5305 = PLANE ( 'NONE',  #2860 ) ;
#5306 = VECTOR ( 'NONE', #3140, 1000.000000000000114 ) ;
#5307 = EDGE_CURVE ( 'NONE', #3308, #1360, #462, .T. ) ;
#5308 = LINE ( 'NONE', #4324, #4837 ) ;
#5309 = ORIENTED_EDGE ( 'NONE', *, *, #4965, .T. ) ;
#5310 = VERTEX_POINT ( 'NONE', #3037 ) ;
#5311 = VECTOR ( 'NONE', #1440, 999.9999999999998863 ) ;
#5312 = DIRECTION ( 'NONE',  ( 0.8903987221554706677, -0.4551814095324029918, 0.000000000000000000 ) ) ;
#5313 = ORIENTED_EDGE ( 'NONE', *, *, #1790, .F. ) ;
#5314 = PERSON_AND_ORGANIZATION ( #2303, #3712 ) ;
#5315 = VERTEX_POINT ( 'NONE', #3956 ) ;
#5316 = PLANE ( 'NONE',  #4 ) ;
#5317 = DIRECTION ( 'NONE',  ( 0.1542119231227192799, 0.9880377941995904800, 0.000000000000000000 ) ) ;
#5318 = CARTESIAN_POINT ( 'NONE',  ( 108.6720000000000113, 3.238389999999999880, 5.000000000000000000 ) ) ;
#5319 = EDGE_CURVE ( 'NONE', #582, #3619, #5175, .T. ) ;
#5320 = CARTESIAN_POINT ( 'NONE',  ( 108.5949999999999989, 2.745049999999999990, 0.000000000000000000 ) ) ;
#5321 = CARTESIAN_POINT ( 'NONE',  ( 325.3960000000000150, 124.5939999999999941, 5.000000000000000000 ) ) ;
#5322 = DIRECTION ( 'NONE',  ( -0.1537070062818868266, -0.9881164689548798119, 0.000000000000000000 ) ) ;
#5323 = CARTESIAN_POINT ( 'NONE',  ( 0.9935670000000000890, 122.9939999999999998, 5.000000000000000000 ) ) ;
#5324 = DIRECTION ( 'NONE',  ( -0.000000000000000000, -0.000000000000000000, -1.000000000000000000 ) ) ;
#5325 = VECTOR ( 'NONE', #3520, 1000.000000000000000 ) ;
#5326 = LINE ( 'NONE', #4486, #1726 ) ;
#5327 = CARTESIAN_POINT ( 'NONE',  ( 3.888809999999999878, 122.0540000000000163, 0.000000000000000000 ) ) ;
#5328 = VERTEX_POINT ( 'NONE', #4748 ) ;
#5329 = ORIENTED_EDGE ( 'NONE', *, *, #4464, .T. ) ;
#5330 = ORIENTED_EDGE ( 'NONE', *, *, #4123, .T. ) ;
#5331 = ADVANCED_FACE ( 'NONE', ( #2556 ), #4305, .T. ) ;
#5332 = LINE ( 'NONE', #2654, #5434 ) ;
#5333 = CARTESIAN_POINT ( 'NONE',  ( 217.3000000000000114, 1.223700000000000010, 0.000000000000000000 ) ) ;
#5334 = ORIENTED_EDGE ( 'NONE', *, *, #1017, .T. ) ;
#5335 = ORIENTED_EDGE ( 'NONE', *, *, #4257, .T. ) ;
#5336 = DIRECTION ( 'NONE',  ( -0.7083262900088698188, -0.7058851655065930819, 0.000000000000000000 ) ) ;
#5337 = VERTEX_POINT ( 'NONE', #4940 ) ;
#5338 = APPROVAL_ROLE ( '' ) ;
#5339 = VECTOR ( 'NONE', #5222, 999.9999999999998863 ) ;
#5340 = EDGE_LOOP ( 'NONE', ( #2974, #180, #1631, #160 ) ) ;
#5341 = DIRECTION ( 'NONE',  ( -0.8905970137628030914, -0.4547933146790720804, 0.000000000000000000 ) ) ;
#5342 = LINE ( 'NONE', #1398, #5306 ) ;
#5343 = CARTESIAN_POINT ( 'NONE',  ( 216.2719999999999914, 122.5010000000000190, 5.000000000000000000 ) ) ;
#5344 = CARTESIAN_POINT ( 'NONE',  ( 110.1950000000000074, 4.344949999999999868, 5.000000000000000000 ) ) ;
#5345 = CARTESIAN_POINT ( 'NONE',  ( 216.2719999999999914, 123.4890000000000043, 0.000000000000000000 ) ) ;
#5346 = DIRECTION ( 'NONE',  ( 0.1581185208565923928, -0.9874201402453383070, 0.000000000000000000 ) ) ;
#5347 = CARTESIAN_POINT ( 'NONE',  ( 324.8999999999999773, 121.4740000000000180, 0.000000000000000000 ) ) ;
#5348 = CARTESIAN_POINT ( 'NONE',  ( 323.8730000000000473, 3.238389999999999880, 5.000000000000000000 ) ) ;
#5349 = CARTESIAN_POINT ( 'NONE',  ( 219.0900000000000034, 123.9350000000000023, 5.000000000000000000 ) ) ;
#5350 = EDGE_CURVE ( 'NONE', #5444, #2540, #971, .T. ) ;
#5351 = EDGE_CURVE ( 'NONE', #5051, #3942, #5402, .T. ) ;
#5352 = LINE ( 'NONE', #952, #4660 ) ;
#5353 = ORIENTED_EDGE ( 'NONE', *, *, #3062, .F. ) ;
#5354 = ORIENTED_EDGE ( 'NONE', *, *, #1701, .T. ) ;
#5355 = ORIENTED_EDGE ( 'NONE', *, *, #3057, .F. ) ;
#5356 = PLANE ( 'NONE',  #1484 ) ;
#5357 = DIRECTION ( 'NONE',  ( 0.4512497765713583409, 0.8923976911356837904, 0.000000000000000000 ) ) ;
#5358 = EDGE_CURVE ( 'NONE', #3050, #2487, #1429, .T. ) ;
#5359 = VERTEX_POINT ( 'NONE', #86 ) ;
#5360 = VERTEX_POINT ( 'NONE', #4970 ) ;
#5361 = ORIENTED_EDGE ( 'NONE', *, *, #1669, .F. ) ;
#5362 = PERSON_AND_ORGANIZATION ( #2303, #3712 ) ;
#5363 = VECTOR ( 'NONE', #4178, 1000.000000000000114 ) ;
#5364 = LINE ( 'NONE', #1394, #1547 ) ;
#5365 = VERTEX_POINT ( 'NONE', #1808 ) ;
#5366 = AXIS2_PLACEMENT_3D ( 'NONE', #2954, #5092, #292 ) ;
#5367 = LINE ( 'NONE', #2744, #5143 ) ;
#5368 = CARTESIAN_POINT ( 'NONE',  ( 2.594850000000000101, 4.344949999999999868, 5.000000000000000000 ) ) ;
#5369 = ORIENTED_EDGE ( 'NONE', *, *, #5605, .F. ) ;
#5370 = CARTESIAN_POINT ( 'NONE',  ( 111.4890000000000043, 1.803850000000000176, 5.000000000000000000 ) ) ;
#5371 = EDGE_CURVE ( 'NONE', #3287, #986, #572, .T. ) ;
#5372 = LOCAL_TIME ( 17, 52, 47.00000000000000000, #4880 ) ;
#5373 = CARTESIAN_POINT ( 'NONE',  ( 0.09508460000000000523, 0.2439130000000000187, 5.000000000000000000 ) ) ;
#5374 = ADVANCED_FACE ( 'NONE', ( #115 ), #174, .T. ) ;
#5375 = DIRECTION ( 'NONE',  ( 0.1543157444027945246, -0.9880215842932841275, 0.000000000000000000 ) ) ;
#5376 = FACE_OUTER_BOUND ( 'NONE', #1383, .T. ) ;
#5377 = LINE ( 'NONE', #3179, #18 ) ;
#5378 = LINE ( 'NONE', #1469, #2520 ) ;
#5379 = ORIENTED_EDGE ( 'NONE', *, *, #1646, .F. ) ;
#5380 = PLANE ( 'NONE',  #4928 ) ;
#5381 = ORIENTED_EDGE ( 'NONE', *, *, #759, .F. ) ;
#5382 = ORIENTED_EDGE ( 'NONE', *, *, #610, .T. ) ;
#5383 = AXIS2_PLACEMENT_3D ( 'NONE', #621, #1884, #2342 ) ;
#5384 = ADVANCED_FACE ( 'NONE', ( #4508 ), #1001, .T. ) ;
#5385 = ORIENTED_EDGE ( 'NONE', *, *, #3024, .F. ) ;
#5386 = FACE_OUTER_BOUND ( 'NONE', #3398, .T. ) ;
#5387 = EDGE_CURVE ( 'NONE', #1487, #5041, #1867, .T. ) ;
#5388 = CARTESIAN_POINT ( 'NONE',  ( 109.7000000000000028, 4.265010000000000190, 5.000000000000000000 ) ) ;
#5389 = VECTOR ( 'NONE', #1186, 1000.000000000000114 ) ;
#5390 = ORIENTED_EDGE ( 'NONE', *, *, #3704, .T. ) ;
#5391 = VERTEX_POINT ( 'NONE', #3981 ) ;
#5392 = COORDINATED_UNIVERSAL_TIME_OFFSET ( 5, 0, .BEHIND. ) ;
#5393 = CARTESIAN_POINT ( 'NONE',  ( 216.5010000000000048, 3.684870000000000090, 5.000000000000000000 ) ) ;
#5394 = AXIS2_PLACEMENT_3D ( 'NONE', #4095, #1370, #3090 ) ;
#5395 = EDGE_CURVE ( 'NONE', #5102, #1232, #1837, .T. ) ;
#5396 = EDGE_LOOP ( 'NONE', ( #1648, #151, #2192, #5049 ) ) ;
#5397 = VECTOR ( 'NONE', #354, 1000.000000000000227 ) ;
#5398 = CARTESIAN_POINT ( 'NONE',  ( 111.7950000000000017, 2.745049999999999990, 0.000000000000000000 ) ) ;
#5399 = FACE_OUTER_BOUND ( 'NONE', #2764, .T. ) ;
#5400 = VECTOR ( 'NONE', #4927, 1000.000000000000227 ) ;
#5401 = VERTEX_POINT ( 'NONE', #4536 ) ;
#5402 = LINE ( 'NONE', #4010, #2797 ) ;
#5403 = CARTESIAN_POINT ( 'NONE',  ( 3.888809999999999878, 122.0540000000000163, 5.000000000000000000 ) ) ;
#5404 = CARTESIAN_POINT ( 'NONE',  ( 219.3160000000000025, 123.4890000000000043, 0.000000000000000000 ) ) ;
#5405 = EDGE_CURVE ( 'NONE', #2279, #299, #3578, .T. ) ;
#5406 = CARTESIAN_POINT ( 'NONE',  ( 326.9159999999999968, 123.4890000000000043, 5.000000000000000000 ) ) ;
#5407 = DIRECTION ( 'NONE',  ( 0.8909082072302801913, -0.4541834060043675181, 0.000000000000000000 ) ) ;
#5408 = CARTESIAN_POINT ( 'NONE',  ( 0.9935670000000000890, 2.745049999999999990, 0.000000000000000000 ) ) ;
#5409 = CARTESIAN_POINT ( 'NONE',  ( 324.8999999999999773, 124.5169999999999959, 0.000000000000000000 ) ) ;
#5410 = LINE ( 'NONE', #3676, #53 ) ;
#5411 = EDGE_LOOP ( 'NONE', ( #1732, #1385, #5156, #1711 ) ) ;
#5412 = EDGE_CURVE ( 'NONE', #2463, #2043, #1033, .T. ) ;
#5413 = CARTESIAN_POINT ( 'NONE',  ( 4.114840000000000053, 3.238389999999999880, 0.000000000000000000 ) ) ;
#5414 = LINE ( 'NONE', #3216, #3912 ) ;
#5415 = ORIENTED_EDGE ( 'NONE', *, *, #956, .T. ) ;
#5416 = AXIS2_PLACEMENT_3D ( 'NONE', #1956, #3664, #1030 ) ;
#5417 = ORIENTED_EDGE ( 'NONE', *, *, #4809, .F. ) ;
#5418 = VERTEX_POINT ( 'NONE', #4999 ) ;
#5419 = DIRECTION ( 'NONE',  ( -0.1595459401863458804, 0.9871905049027036583, 0.000000000000000000 ) ) ;
#5420 = CARTESIAN_POINT ( 'NONE',  ( 109.2540000000000049, 4.039019999999999833, 5.000000000000000000 ) ) ;
#5421 = EDGE_CURVE ( 'NONE', #5654, #382, #5432, .T. ) ;
#5422 = ORIENTED_EDGE ( 'NONE', *, *, #286, .T. ) ;
#5423 = ORIENTED_EDGE ( 'NONE', *, *, #1028, .F. ) ;
#5424 = EDGE_CURVE ( 'NONE', #5328, #5051, #2294, .T. ) ;
#5425 = FACE_OUTER_BOUND ( 'NONE', #4856, .T. ) ;
#5426 = ORIENTED_EDGE ( 'NONE', *, *, #1767, .T. ) ;
#5427 = DIRECTION ( 'NONE',  ( -0.000000000000000000, -0.000000000000000000, -1.000000000000000000 ) ) ;
#5428 = ADVANCED_FACE ( 'NONE', ( #4038 ), #943, .T. ) ;
#5429 = DIRECTION ( 'NONE',  ( -0.000000000000000000, -0.000000000000000000, -1.000000000000000000 ) ) ;
#5430 = LINE ( 'NONE', #1957, #4905 ) ;
#5431 = ORIENTED_EDGE ( 'NONE', *, *, #4053, .T. ) ;
#5432 = LINE ( 'NONE', #2805, #2978 ) ;
#5433 = FACE_OUTER_BOUND ( 'NONE', #2851, .T. ) ;
#5434 = VECTOR ( 'NONE', #4411, 1000.000000000000227 ) ;
#5435 = DIRECTION ( 'NONE',  ( 0.7084757933787968476, 0.7057351133366430718, 0.000000000000000000 ) ) ;
#5436 = CARTESIAN_POINT ( 'NONE',  ( 1.653650000000000064, 1.451070000000000082, 5.000000000000000000 ) ) ;
#5437 = DIRECTION ( 'NONE',  ( -0.1540107811320215736, -0.9880691672626490396, 0.000000000000000000 ) ) ;
#5438 = DIRECTION ( 'NONE',  ( -0.8908112580283464865, 0.4543735275849096200, 0.000000000000000000 ) ) ;
#5439 = LINE ( 'NONE', #3270, #94 ) ;
#5440 = LINE ( 'NONE', #4545, #3343 ) ;
#5441 = VERTEX_POINT ( 'NONE', #4912 ) ;
#5442 = CARTESIAN_POINT ( 'NONE',  ( 327.8960000000000150, 0.2439130000000000187, 5.000000000000000000 ) ) ;
#5443 = LINE ( 'NONE', #3617, #711 ) ;
#5444 = VERTEX_POINT ( 'NONE', #3202 ) ;
#5445 = DIRECTION ( 'NONE',  ( -1.000000000000000000, -0.000000000000000000, -0.000000000000000000 ) ) ;
#5446 = ORIENTED_EDGE ( 'NONE', *, *, #4443, .F. ) ;
#5447 = EDGE_CURVE ( 'NONE', #5020, #5070, #3234, .T. ) ;
#5448 = ORIENTED_EDGE ( 'NONE', *, *, #5243, .F. ) ;
#5449 = LINE ( 'NONE', #5507, #475 ) ;
#5450 = DIRECTION ( 'NONE',  ( 0.9870883714087309579, 0.1601766119933220878, 0.000000000000000000 ) ) ;
#5451 = VERTEX_POINT ( 'NONE', #1062 ) ;
#5452 = ORIENTED_EDGE ( 'NONE', *, *, #5253, .F. ) ;
#5453 = DIRECTION ( 'NONE',  ( 0.1600690508825686753, -0.9871058195297774951, 0.000000000000000000 ) ) ;
#5454 = ORIENTED_EDGE ( 'NONE', *, *, #4021, .F. ) ;
#5455 = DIRECTION ( 'NONE',  ( 0.8913191698506689464, 0.4533763750535688142, 0.000000000000000000 ) ) ;
#5456 = CARTESIAN_POINT ( 'NONE',  ( 323.8730000000000473, 2.248959999999999848, 5.000000000000000000 ) ) ;
#5457 = VECTOR ( 'NONE', #3307, 1000.000000000000000 ) ;
#5458 = ORIENTED_EDGE ( 'NONE', *, *, #5087, .T. ) ;
#5459 = CARTESIAN_POINT ( 'NONE',  ( 110.6880000000000024, 124.5169999999999959, 5.000000000000000000 ) ) ;
#5460 = EDGE_CURVE ( 'NONE', #3992, #586, #1372, .T. ) ;
#5461 = VECTOR ( 'NONE', #3328, 1000.000000000000000 ) ;
#5462 = CARTESIAN_POINT ( 'NONE',  ( 325.3960000000000150, 121.3940000000000055, 5.000000000000000000 ) ) ;
#5463 = CARTESIAN_POINT ( 'NONE',  ( 324.4549999999999841, 4.039019999999999833, 0.000000000000000000 ) ) ;
#5464 = DIRECTION ( 'NONE',  ( -0.7071067811865336949, -0.7071067811865614505, 0.000000000000000000 ) ) ;
#5465 = LINE ( 'NONE', #4106, #3582 ) ;
#5466 = LINE ( 'NONE', #1527, #687 ) ;
#5467 = VECTOR ( 'NONE', #4655, 1000.000000000000114 ) ;
#5468 = ORIENTED_EDGE ( 'NONE', *, *, #2518, .T. ) ;
#5469 = EDGE_CURVE ( 'NONE', #4736, #3276, #4478, .T. ) ;
#5470 = CARTESIAN_POINT ( 'NONE',  ( 110.1950000000000074, 121.3940000000000055, 5.000000000000000000 ) ) ;
#5471 = VERTEX_POINT ( 'NONE', #5142 ) ;
#5472 = ORIENTED_EDGE ( 'NONE', *, *, #461, .F. ) ;
#5473 = PLANE ( 'NONE',  #4538 ) ;
#5474 = ORIENTED_EDGE ( 'NONE', *, *, #3478, .T. ) ;
#5475 = LINE ( 'NONE', #4641, #4108 ) ;
#5476 = EDGE_LOOP ( 'NONE', ( #1424, #4879, #5285, #5502 ) ) ;
#5477 = FACE_OUTER_BOUND ( 'NONE', #2208, .T. ) ;
#5478 = DIRECTION ( 'NONE',  ( -0.4541992607073437882, -0.8909001243533992698, 0.000000000000000000 ) ) ;
#5479 = EDGE_CURVE ( 'NONE', #2198, #616, #1580, .T. ) ;
#5480 = ORIENTED_EDGE ( 'NONE', *, *, #3840, .F. ) ;
#5481 = ORIENTED_EDGE ( 'NONE', *, *, #5519, .T. ) ;
#5482 = EDGE_CURVE ( 'NONE', #5242, #5127, #715, .T. ) ;
#5483 = ORIENTED_EDGE ( 'NONE', *, *, #823, .F. ) ;
#5484 = VECTOR ( 'NONE', #696, 1000.000000000000114 ) ;
#5485 = CARTESIAN_POINT ( 'NONE',  ( 2.594850000000000101, 4.344949999999999868, 5.000000000000000000 ) ) ;
#5486 = PLANE ( 'NONE',  #3243 ) ;
#5487 = ORIENTED_EDGE ( 'NONE', *, *, #889, .F. ) ;
#5488 = DIRECTION ( 'NONE',  ( -0.000000000000000000, -0.000000000000000000, -1.000000000000000000 ) ) ;
#5489 = VECTOR ( 'NONE', #4274, 1000.000000000000227 ) ;
#5490 = VECTOR ( 'NONE', #3874, 1000.000000000000000 ) ;
#5491 = VECTOR ( 'NONE', #5478, 1000.000000000000227 ) ;
#5492 = LINE ( 'NONE', #1148, #1727 ) ;
#5493 = LINE ( 'NONE', #290, #983 ) ;
#5494 = EDGE_CURVE ( 'NONE', #104, #4054, #5575, .T. ) ;
#5495 = CARTESIAN_POINT ( 'NONE',  ( 111.1350000000000051, 124.2890000000000157, 5.000000000000000000 ) ) ;
#5496 = LINE ( 'NONE', #5409, #849 ) ;
#5497 = LINE ( 'NONE', #5582, #4821 ) ;
#5498 = AXIS2_PLACEMENT_3D ( 'NONE', #4091, #2799, #566 ) ;
#5499 = ORIENTED_EDGE ( 'NONE', *, *, #717, .T. ) ;
#5500 = EDGE_CURVE ( 'NONE', #854, #4689, #1145, .T. ) ;
#5501 = DIRECTION ( 'NONE',  ( -0.000000000000000000, -0.000000000000000000, -1.000000000000000000 ) ) ;
#5502 = ORIENTED_EDGE ( 'NONE', *, *, #3973, .T. ) ;
#5503 = VERTEX_POINT ( 'NONE', #748 ) ;
#5504 = CARTESIAN_POINT ( 'NONE',  ( 325.8890000000000668, 1.223700000000000010, 5.000000000000000000 ) ) ;
#5505 = ORIENTED_EDGE ( 'NONE', *, *, #1154, .T. ) ;
#5506 = VERTEX_POINT ( 'NONE', #2897 ) ;
#5507 = CARTESIAN_POINT ( 'NONE',  ( 217.7949999999999875, 4.344949999999999868, 0.000000000000000000 ) ) ;
#5508 = DIRECTION ( 'NONE',  ( 0.4512020778594382775, 0.8924218088635694768, 0.000000000000000000 ) ) ;
#5509 = ORIENTED_EDGE ( 'NONE', *, *, #4691, .T. ) ;
#5510 = VERTEX_POINT ( 'NONE', #2836 ) ;
#5511 = VECTOR ( 'NONE', #743, 1000.000000000000000 ) ;
#5512 = EDGE_CURVE ( 'NONE', #2950, #5121, #1551, .T. ) ;
#5513 = VERTEX_POINT ( 'NONE', #1521 ) ;
#5514 = LINE ( 'NONE', #1202, #1564 ) ;
#5515 = VECTOR ( 'NONE', #263, 1000.000000000000000 ) ;
#5516 = LINE ( 'NONE', #3321, #3337 ) ;
#5517 = ORIENTED_EDGE ( 'NONE', *, *, #5601, .T. ) ;
#5518 = CARTESIAN_POINT ( 'NONE',  ( 216.1949999999999932, 2.745049999999999990, 0.000000000000000000 ) ) ;
#5519 = EDGE_CURVE ( 'NONE', #2512, #2966, #4211, .T. ) ;
#5520 = AXIS2_PLACEMENT_3D ( 'NONE', #4311, #2161, #380 ) ;
#5521 = DIRECTION ( 'NONE',  ( -0.1601766119933176746, 0.9870883714087317351, 0.000000000000000000 ) ) ;
#5522 = LINE ( 'NONE', #2928, #1084 ) ;
#5523 = LINE ( 'NONE', #3675, #1026 ) ;
#5524 = DIRECTION ( 'NONE',  ( -0.000000000000000000, 1.000000000000000000, -0.000000000000000000 ) ) ;
#5525 = VECTOR ( 'NONE', #841, 1000.000000000000000 ) ;
#5526 = VERTEX_POINT ( 'NONE', #3811 ) ;
#5527 = VECTOR ( 'NONE', #2074, 1000.000000000000000 ) ;
#5528 = LINE ( 'NONE', #5124, #5027 ) ;
#5529 = EDGE_CURVE ( 'NONE', #954, #678, #686, .T. ) ;
#5530 = VERTEX_POINT ( 'NONE', #4624 ) ;
#5531 = ORIENTED_EDGE ( 'NONE', *, *, #4251, .T. ) ;
#5532 = CARTESIAN_POINT ( 'NONE',  ( 108.8990000000000151, 122.0540000000000163, 5.000000000000000000 ) ) ;
#5533 = CARTESIAN_POINT ( 'NONE',  ( 219.3950000000000102, 122.9939999999999998, 0.000000000000000000 ) ) ;
#5534 = ORIENTED_EDGE ( 'NONE', *, *, #5512, .F. ) ;
#5535 = DIRECTION ( 'NONE',  ( 0.4533922161898034653, -0.8913111119572663110, 0.000000000000000000 ) ) ;
#5536 = ADVANCED_FACE ( 'NONE', ( #2044 ), #4597, .T. ) ;
#5537 = ORIENTED_EDGE ( 'NONE', *, *, #2776, .T. ) ;
#5538 = CARTESIAN_POINT ( 'NONE',  ( 1.299490000000000256, 1.803850000000000176, 5.000000000000000000 ) ) ;
#5539 = VERTEX_POINT ( 'NONE', #660 ) ;
#5540 = ORIENTED_EDGE ( 'NONE', *, *, #4911, .F. ) ;
#5541 = ORIENTED_EDGE ( 'NONE', *, *, #33, .T. ) ;
#5542 = DIRECTION ( 'NONE',  ( 0.7071067811865613395, 0.7071067811865335839, 0.000000000000000000 ) ) ;
#5543 = EDGE_CURVE ( 'NONE', #1513, #1129, #254, .T. ) ;
#5544 = CARTESIAN_POINT ( 'NONE',  ( 111.4890000000000043, 3.684870000000000090, 5.000000000000000000 ) ) ;
#5545 = DIRECTION ( 'NONE',  ( 0.7061087491104321989, -0.7081034065937692468, 0.000000000000000000 ) ) ;
#5546 = VERTEX_POINT ( 'NONE', #313 ) ;
#5547 = DIRECTION ( 'NONE',  ( -0.4512497765713583409, -0.8923976911356836794, 0.000000000000000000 ) ) ;
#5548 = ORIENTED_EDGE ( 'NONE', *, *, #875, .T. ) ;
#5549 = EDGE_CURVE ( 'NONE', #822, #1197, #1639, .T. ) ;
#5550 = FACE_BOUND ( 'NONE', #3965, .T. ) ;
#5551 = DIRECTION ( 'NONE',  ( 0.9881634915692752985, 0.1534044130056855804, 0.000000000000000000 ) ) ;
#5552 = CARTESIAN_POINT ( 'NONE',  ( 1.299490000000000256, 122.0540000000000163, 5.000000000000000000 ) ) ;
#5553 = AXIS2_PLACEMENT_3D ( 'NONE', #1338, #3135, #1774 ) ;
#5554 = ADVANCED_FACE ( 'NONE', ( #3323 ), #1609, .T. ) ;
#5555 = PLANE ( 'NONE',  #435 ) ;
#5556 = VECTOR ( 'NONE', #4948, 1000.000000000000114 ) ;
#5557 = CARTESIAN_POINT ( 'NONE',  ( 216.2719999999999914, 122.5010000000000190, 5.000000000000000000 ) ) ;
#5558 = DIRECTION ( 'NONE',  ( -0.7069569863009865784, 0.7072565443459868373, 0.000000000000000000 ) ) ;
#5559 = ORIENTED_EDGE ( 'NONE', *, *, #3219, .T. ) ;
#5560 = PLANE ( 'NONE',  #5642 ) ;
#5561 = VERTEX_POINT ( 'NONE', #4154 ) ;
#5562 = FACE_OUTER_BOUND ( 'NONE', #4961, .T. ) ;
#5563 = LOCAL_TIME ( 17, 52, 47.00000000000000000, #2286 ) ;
#5564 = ORIENTED_EDGE ( 'NONE', *, *, #5549, .F. ) ;
#5565 = DIRECTION ( 'NONE',  ( -0.1543157444027944969, 0.9880215842932841275, 0.000000000000000000 ) ) ;
#5566 = DIRECTION ( 'NONE',  ( -0.000000000000000000, -0.000000000000000000, -1.000000000000000000 ) ) ;
#5567 = ORIENTED_EDGE ( 'NONE', *, *, #928, .T. ) ;
#5568 = EDGE_CURVE ( 'NONE', #3602, #132, #2383, .T. ) ;
#5569 = ORIENTED_EDGE ( 'NONE', *, *, #2211, .F. ) ;
#5570 = EDGE_LOOP ( 'NONE', ( #4733, #3481, #2229, #4288 ) ) ;
#5571 = DIRECTION ( 'NONE',  ( 1.000000000000000000, -0.000000000000000000, -0.000000000000000000 ) ) ;
#5572 = CARTESIAN_POINT ( 'NONE',  ( 218.2889999999999873, 4.265010000000000190, 5.000000000000000000 ) ) ;
#5573 = DIRECTION ( 'NONE',  ( -0.7084757933787967366, -0.7057351133366430718, 0.000000000000000000 ) ) ;
#5574 = VERTEX_POINT ( 'NONE', #1959 ) ;
#5575 = LINE ( 'NONE', #4687, #4913 ) ;
#5576 = ADVANCED_FACE ( 'NONE', ( #3722 ), #3696, .T. ) ;
#5577 = VECTOR ( 'NONE', #4888, 1000.000000000000000 ) ;
#5578 = ORIENTED_EDGE ( 'NONE', *, *, #2611, .T. ) ;
#5579 = FACE_BOUND ( 'NONE', #2205, .T. ) ;
#5580 = VECTOR ( 'NONE', #4920, 1000.000000000000114 ) ;
#5581 = DIRECTION ( 'NONE',  ( -0.7071067811865336949, 0.7071067811865614505, 0.000000000000000000 ) ) ;
#5582 = CARTESIAN_POINT ( 'NONE',  ( 3.888809999999999878, 1.803850000000000176, 5.000000000000000000 ) ) ;
#5583 = EDGE_CURVE ( 'NONE', #5503, #3155, #2409, .T. ) ;
#5584 = AXIS2_PLACEMENT_3D ( 'NONE', #2471, #2442, #4183 ) ;
#5585 = VECTOR ( 'NONE', #4674, 1000.000000000000227 ) ;
#5586 = CARTESIAN_POINT ( 'NONE',  ( 110.6880000000000024, 124.5169999999999959, 5.000000000000000000 ) ) ;
#5587 = CARTESIAN_POINT ( 'NONE',  ( 108.6720000000000113, 122.5010000000000190, 5.000000000000000000 ) ) ;
#5588 = ORIENTED_EDGE ( 'NONE', *, *, #1309, .F. ) ;
#5589 = PLANE ( 'NONE',  #5273 ) ;
#5590 = AXIS2_PLACEMENT_3D ( 'NONE', #2147, #2628, #5250 ) ;
#5591 = DIRECTION ( 'NONE',  ( -0.9871977739796293783, -0.1595009562656748425, 0.000000000000000000 ) ) ;
#5592 = ORIENTED_EDGE ( 'NONE', *, *, #3966, .F. ) ;
#5593 = DIRECTION ( 'NONE',  ( 0.1582248390206373034, 0.9874031093311856910, 0.000000000000000000 ) ) ;
#5594 = ORIENTED_EDGE ( 'NONE', *, *, #1317, .T. ) ;
#5595 = ORIENTED_EDGE ( 'NONE', *, *, #1309, .T. ) ;
#5596 = VERTEX_POINT ( 'NONE', #3292 ) ;
#5597 = CARTESIAN_POINT ( 'NONE',  ( 219.3160000000000025, 2.248959999999999848, 0.000000000000000000 ) ) ;
#5598 = CARTESIAN_POINT ( 'NONE',  ( 324.1010000000000559, 3.684870000000000090, 0.000000000000000000 ) ) ;
#5599 = PLANE ( 'NONE',  #2335 ) ;
#5600 = EDGE_CURVE ( 'NONE', #2466, #4408, #5056, .T. ) ;
#5601 = EDGE_CURVE ( 'NONE', #1919, #1391, #1777, .T. ) ;
#5602 = EDGE_LOOP ( 'NONE', ( #3702, #3561, #4153, #5446, #2786, #648, #4925, #3635, #3594, #2887, #4096, #1048, #2683, #4761, #3626, #4321, #2369, #2372, #3400, #2336 ) ) ;
#5603 = DIRECTION ( 'NONE',  ( -0.000000000000000000, -1.000000000000000000, -0.000000000000000000 ) ) ;
#5604 = AXIS2_PLACEMENT_3D ( 'NONE', #3167, #1457, #1397 ) ;
#5605 = EDGE_CURVE ( 'NONE', #1232, #3322, #5629, .T. ) ;
#5606 = CARTESIAN_POINT ( 'NONE',  ( 326.6899999999999977, 3.684870000000000090, 5.000000000000000000 ) ) ;
#5607 = LINE ( 'NONE', #5633, #1464 ) ;
#5608 = CARTESIAN_POINT ( 'NONE',  ( 216.8549999999999898, 124.2890000000000157, 5.000000000000000000 ) ) ;
#5609 = PLANE ( 'NONE',  #3431 ) ;
#5610 = VECTOR ( 'NONE', #3819, 1000.000000000000114 ) ;
#5611 = LINE ( 'NONE', #3069, #520 ) ;
#5612 = FACE_OUTER_BOUND ( 'NONE', #3977, .T. ) ;
#5613 = FACE_BOUND ( 'NONE', #5150, .T. ) ;
#5614 = ORIENTED_EDGE ( 'NONE', *, *, #4763, .T. ) ;
#5615 = DIRECTION ( 'NONE',  ( -0.1537070062818868266, -0.9881164689548798119, 0.000000000000000000 ) ) ;
#5616 = AXIS2_PLACEMENT_3D ( 'NONE', #1857, #2625, #100 ) ;
#5617 = DIRECTION ( 'NONE',  ( -0.1600400487419023077, 0.9871105220788043422, 0.000000000000000000 ) ) ;
#5618 = CARTESIAN_POINT ( 'NONE',  ( 217.7949999999999875, 121.3940000000000055, 0.000000000000000000 ) ) ;
#5619 = ORIENTED_EDGE ( 'NONE', *, *, #519, .F. ) ;
#5620 = EDGE_CURVE ( 'NONE', #4502, #3831, #2549, .T. ) ;
#5621 = ORIENTED_EDGE ( 'NONE', *, *, #2976, .T. ) ;
#5622 = ORIENTED_EDGE ( 'NONE', *, *, #726, .T. ) ;
#5623 = CARTESIAN_POINT ( 'NONE',  ( 216.5010000000000048, 3.684870000000000090, 5.000000000000000000 ) ) ;
#5624 = EDGE_CURVE ( 'NONE', #1032, #2521, #3060, .T. ) ;
#5625 = LINE ( 'NONE', #1583, #3907 ) ;
#5626 = ORIENTED_EDGE ( 'NONE', *, *, #1630, .F. ) ;
#5627 = DIRECTION ( 'NONE',  ( -0.4520072321735773557, 0.8920142723425347198, 0.000000000000000000 ) ) ;
#5628 = VERTEX_POINT ( 'NONE', #2522 ) ;
#5629 = LINE ( 'NONE', #2632, #5101 ) ;
#5630 = ORIENTED_EDGE ( 'NONE', *, *, #3068, .T. ) ;
#5631 = CARTESIAN_POINT ( 'NONE',  ( 219.0900000000000034, 122.0540000000000163, 5.000000000000000000 ) ) ;
#5632 = DIRECTION ( 'NONE',  ( -1.000000000000000000, -0.000000000000000000, -0.000000000000000000 ) ) ;
#5633 = CARTESIAN_POINT ( 'NONE',  ( 219.3950000000000102, 122.9939999999999998, 5.000000000000000000 ) ) ;
#5634 = DIRECTION ( 'NONE',  ( 0.8913191698506689464, 0.4533763750535688142, 0.000000000000000000 ) ) ;
#5635 = EDGE_CURVE ( 'NONE', #1889, #4109, #1313, .T. ) ;
#5636 = DIRECTION ( 'NONE',  ( -0.9874031093311856910, 0.1582248390206373034, 0.000000000000000000 ) ) ;
#5637 = DIRECTION ( 'NONE',  ( 0.1592042833370855837, 0.9872456615083829989, 0.000000000000000000 ) ) ;
#5638 = CARTESIAN_POINT ( 'NONE',  ( 1.299490000000000256, 1.803850000000000176, 5.000000000000000000 ) ) ;
#5639 = DIRECTION ( 'NONE',  ( -0.000000000000000000, -0.000000000000000000, -1.000000000000000000 ) ) ;
#5640 = ORIENTED_EDGE ( 'NONE', *, *, #1885, .T. ) ;
#5641 = DIRECTION ( 'NONE',  ( -0.7071067811865614505, -0.7071067811865336949, 0.000000000000000000 ) ) ;
#5642 = AXIS2_PLACEMENT_3D ( 'NONE', #4669, #3362, #1653 ) ;
#5643 = EDGE_CURVE ( 'NONE', #5019, #5668, #4272, .T. ) ;
#5644 = VECTOR ( 'NONE', #2983, 1000.000000000000114 ) ;
#5645 = LINE ( 'NONE', #3852, #3000 ) ;
#5646 = DIRECTION ( 'NONE',  ( -0.000000000000000000, -0.000000000000000000, -1.000000000000000000 ) ) ;
#5647 = VERTEX_POINT ( 'NONE', #5255 ) ;
#5648 = ORIENTED_EDGE ( 'NONE', *, *, #5307, .F. ) ;
#5649 = AXIS2_PLACEMENT_3D ( 'NONE', #4389, #456, #2206 ) ;
#5650 = ORIENTED_EDGE ( 'NONE', *, *, #2902, .T. ) ;
#5651 = ADVANCED_FACE ( 'NONE', ( #3033 ), #4716, .T. ) ;
#5652 = CARTESIAN_POINT ( 'NONE',  ( 3.088179999999999925, 121.4740000000000180, 5.000000000000000000 ) ) ;
#5653 = DIRECTION ( 'NONE',  ( -0.1582248390206102417, -0.9874031093311901319, 0.000000000000000000 ) ) ;
#5654 = VERTEX_POINT ( 'NONE', #3864 ) ;
#5655 = LINE ( 'NONE', #5252, #684 ) ;
#5656 = VERTEX_POINT ( 'NONE', #4742 ) ;
#5657 = EDGE_CURVE ( 'NONE', #968, #5391, #1255, .T. ) ;
#5658 = EDGE_LOOP ( 'NONE', ( #2084, #2425, #3059, #452 ) ) ;
#5659 = CARTESIAN_POINT ( 'NONE',  ( 3.888809999999999878, 123.9350000000000023, 0.000000000000000000 ) ) ;
#5660 = DIRECTION ( 'NONE',  ( -0.000000000000000000, -0.000000000000000000, -1.000000000000000000 ) ) ;
#5661 = CARTESIAN_POINT ( 'NONE',  ( 2.593469999999999942, 1.143769999999999953, 0.000000000000000000 ) ) ;
#5662 = PLANE ( 'NONE',  #3679 ) ;
#5663 = ADVANCED_FACE ( 'NONE', ( #3517 ), #1718, .T. ) ;
#5664 = VECTOR ( 'NONE', #2428, 1000.000000000000000 ) ;
#5665 = DIRECTION ( 'NONE',  ( 0.4527259285258880550, 0.8916497258679400018, 0.000000000000000000 ) ) ;
#5666 = FACE_OUTER_BOUND ( 'NONE', #3193, .T. ) ;
#5667 = CARTESIAN_POINT ( 'NONE',  ( 326.3360000000000127, 1.451070000000000082, 0.000000000000000000 ) ) ;
#5668 = VERTEX_POINT ( 'NONE', #4770 ) ;
#5669 = FACE_OUTER_BOUND ( 'NONE', #2829, .T. ) ;
#5670 = ADVANCED_FACE ( 'NONE', ( #1747 ), #802, .T. ) ;
#5671 = CARTESIAN_POINT ( 'NONE',  ( 111.4890000000000043, 122.0540000000000163, 0.000000000000000000 ) ) ;
#5672 = VECTOR ( 'NONE', #1239, 1000.000000000000000 ) ;
#5673 = EDGE_CURVE ( 'NONE', #1365, #4461, #2126, .T. ) ;
#5674 = DIRECTION ( 'NONE',  ( -1.000000000000000000, 0.000000000000000000, 0.000000000000000000 ) ) ;
#5675 = CARTESIAN_POINT ( 'NONE',  ( 111.1350000000000051, 1.451070000000000082, 5.000000000000000000 ) ) ;
#5676 = AXIS2_PLACEMENT_3D ( 'NONE', #5436, #826, #2807 ) ;
#5677 = ORIENTED_EDGE ( 'NONE', *, *, #2142, .T. ) ;
#5678 = ORIENTED_EDGE ( 'NONE', *, *, #573, .F. ) ;
#5679 = ORIENTED_EDGE ( 'NONE', *, *, #2621, .T. ) ;
#5680 = LINE ( 'NONE', #5168, #2945 ) ;
#5681 = CARTESIAN_POINT ( 'NONE',  ( 111.7159999999999940, 123.4890000000000043, 5.000000000000000000 ) ) ;
#5682 = EDGE_LOOP ( 'NONE', ( #4020, #1276, #1015, #1927 ) ) ;
#5683 = FACE_OUTER_BOUND ( 'NONE', #4898, .T. ) ;
#5684 = EDGE_LOOP ( 'NONE', ( #5677, #1247, #112, #5458 ) ) ;
#5685 = CARTESIAN_POINT ( 'NONE',  ( 219.3950000000000102, 122.9939999999999998, 5.000000000000000000 ) ) ;
ENDSEC;
END-ISO-10303-21;
