ISO-10303-21;
HEADER;
FILE_DESCRIPTION (( 'STEP AP214' ),
    '1' );
FILE_NAME ('bezelfinal.STEP',
    '2026-09-26T19:26:08',
    ( '' ),
    ( '' ),
    'SwSTEP 2.0',
    'SolidWorks 2025',
    '' );
FILE_SCHEMA (( 'AUTOMOTIVE_DESIGN' ));
ENDSEC;

DATA;
#1 = CARTESIAN_POINT ( 'NONE',  ( 8.514645669291338592, 4.822874015748031873, 0.1968503937007874127 ) ) ;
#2 = DIRECTION ( 'NONE',  ( -0.9875566376330076057, 0.1572637512810519389, 0.000000000000000000 ) ) ;
#3 = AXIS2_PLACEMENT_3D ( 'NONE', #2328, #3215, #4067 ) ;
#4 = VERTEX_POINT ( 'NONE', #5512 ) ;
#5 = CARTESIAN_POINT ( 'NONE',  ( 4.318897637795275912, 0.04817716535433071157, 0.1968503937007874127 ) ) ;
#6 = CARTESIAN_POINT ( 'NONE',  ( 0.03911681102362205009, 4.842283464566929929, 0.1968503937007874127 ) ) ;
#7 = CARTESIAN_POINT ( 'NONE',  ( 4.375393700787402196, 0.05712874015748031775, 0.000000000000000000 ) ) ;
#8 = AXIS2_PLACEMENT_3D ( 'NONE', #1618, #4726, #3046 ) ;
#9 = ORIENTED_EDGE ( 'NONE', *, *, #1687, .F. ) ;
#10 = CARTESIAN_POINT ( 'NONE',  ( 8.634488188976378709, 0.1274956692913385703, 0.1968503937007874127 ) ) ;
#11 = VECTOR ( 'NONE', #1540, 39.37007874015748143 ) ;
#12 = VECTOR ( 'NONE', #2586, 39.37007874015748143 ) ;
#13 = CARTESIAN_POINT ( 'NONE',  ( 12.84787401574803312, 4.791338582677165725, 0.1968503937007874127 ) ) ;
#14 = VECTOR ( 'NONE', #2210, 39.37007874015748143 ) ;
#15 = VECTOR ( 'NONE', #4913, 39.37007874015748143 ) ;
#16 = EDGE_LOOP ( 'NONE', ( #4077, #4724, #1469, #3172 ) ) ;
#17 = LINE ( 'NONE', #2257, #5025 ) ;
#18 = EDGE_LOOP ( 'NONE', ( #2421, #2963, #1847, #1221 ) ) ;
#19 = EDGE_CURVE ( 'NONE', #940, #548, #262, .T. ) ;
#20 = AXIS2_PLACEMENT_3D ( 'NONE', #4149, #1985, #1153 ) ;
#21 = EDGE_CURVE ( 'NONE', #649, #3636, #1542, .T. ) ;
#22 = EDGE_CURVE ( 'NONE', #1394, #3758, #2972, .T. ) ;
#23 = LINE ( 'NONE', #2665, #556 ) ;
#24 = ORIENTED_EDGE ( 'NONE', *, *, #1987, .T. ) ;
#25 = ORIENTED_EDGE ( 'NONE', *, *, #5290, .T. ) ;
#26 = VECTOR ( 'NONE', #4075, 39.37007874015748854 ) ;
#27 = LINE ( 'NONE', #3582, #3189 ) ;
#28 = CARTESIAN_POINT ( 'NONE',  ( 8.537598425196851082, 4.893267716535433465, 0.1968503937007874127 ) ) ;
#29 = LINE ( 'NONE', #2135, #1079 ) ;
#30 = ORIENTED_EDGE ( 'NONE', *, *, #1444, .F. ) ;
#31 = DIRECTION ( 'NONE',  ( -0.000000000000000000, -0.000000000000000000, -1.000000000000000000 ) ) ;
#32 = PLANE ( 'NONE',  #4571 ) ;
#33 = DIRECTION ( 'NONE',  ( -0.7081034065937691357, 0.7061087491104320879, 0.000000000000000000 ) ) ;
#34 = DIRECTION ( 'NONE',  ( -0.7071067811865059394, 0.7071067811865890951, 0.000000000000000000 ) ) ;
#35 = DIRECTION ( 'NONE',  ( 0.7069569863009309563, -0.7072565443460422374, 0.000000000000000000 ) ) ;
#36 = DIRECTION ( 'NONE',  ( -0.000000000000000000, -0.000000000000000000, -1.000000000000000000 ) ) ;
#37 = LINE ( 'NONE', #434, #822 ) ;
#38 = EDGE_CURVE ( 'NONE', #3869, #4250, #3339, .T. ) ;
#39 = CARTESIAN_POINT ( 'NONE',  ( 8.574606299212598870, 0.04503031496062991773, 0.1968503937007874127 ) ) ;
#40 = ORIENTED_EDGE ( 'NONE', *, *, #2065, .F. ) ;
#41 = FACE_OUTER_BOUND ( 'NONE', #2636, .T. ) ;
#42 = LINE ( 'NONE', #3541, #1175 ) ;
#43 = ORIENTED_EDGE ( 'NONE', *, *, #5288, .F. ) ;
#44 = CARTESIAN_POINT ( 'NONE',  ( 4.301338582677165512, 4.893267716535433465, 0.1968503937007874127 ) ) ;
#45 = EDGE_LOOP ( 'NONE', ( #1230, #244, #1370, #1561 ) ) ;
#46 = ADVANCED_FACE ( 'NONE', ( #4620 ), #800, .T. ) ;
#47 = VERTEX_POINT ( 'NONE', #3368 ) ;
#48 = ORIENTED_EDGE ( 'NONE', *, *, #1916, .T. ) ;
#49 = DIRECTION ( 'NONE',  ( 0.9871905049027078771, -0.1595459401863188742, 0.000000000000000000 ) ) ;
#50 = CARTESIAN_POINT ( 'NONE',  ( 8.523661417322834666, 4.879330708661417937, 0.1968503937007874127 ) ) ;
#51 = EDGE_CURVE ( 'NONE', #5105, #887, #4684, .T. ) ;
#52 = ORIENTED_EDGE ( 'NONE', *, *, #1980, .F. ) ;
#53 = PLANE ( 'NONE',  #2003 ) ;
#54 = DIRECTION ( 'NONE',  ( 0.8908112580283353843, 0.4543735275849314914, -0.000000000000000000 ) ) ;
#55 = CARTESIAN_POINT ( 'NONE',  ( 4.398267716535433358, 4.822874015748031873, 0.1968503937007874127 ) ) ;
#56 = DIRECTION ( 'NONE',  ( -0.4520072321735773557, 0.8920142723425347198, 0.000000000000000000 ) ) ;
#57 = FACE_OUTER_BOUND ( 'NONE', #3294, .T. ) ;
#58 = CARTESIAN_POINT ( 'NONE',  ( 4.389330708661417724, 0.07101771653543308138, 0.000000000000000000 ) ) ;
#59 = DIRECTION ( 'NONE',  ( 0.1572637512810249882, 0.9875566376330119356, 0.000000000000000000 ) ) ;
#60 = DIRECTION ( 'NONE',  ( 0.1573322594823948206, -0.9875457255875114138, 0.000000000000000000 ) ) ;
#61 = EDGE_CURVE ( 'NONE', #4250, #1502, #348, .T. ) ;
#62 = ORIENTED_EDGE ( 'NONE', *, *, #3468, .T. ) ;
#63 = EDGE_CURVE ( 'NONE', #1148, #393, #2030, .T. ) ;
#64 = DIRECTION ( 'NONE',  ( -0.7071067811865335839, -0.7071067811865613395, 0.000000000000000000 ) ) ;
#65 = EDGE_CURVE ( 'NONE', #3246, #1947, #2489, .T. ) ;
#66 = CARTESIAN_POINT ( 'NONE',  ( 0.1215818897637795243, 0.1679137795275591205, 0.1968503937007874127 ) ) ;
#67 = ORIENTED_EDGE ( 'NONE', *, *, #4263, .T. ) ;
#68 = DIRECTION ( 'NONE',  ( 0.7083262900088422853, 0.7058851655066208375, 0.000000000000000000 ) ) ;
#69 = ORIENTED_EDGE ( 'NONE', *, *, #1498, .F. ) ;
#70 = EDGE_LOOP ( 'NONE', ( #3904, #3724, #1935, #4365 ) ) ;
#71 = ORIENTED_EDGE ( 'NONE', *, *, #1314, .F. ) ;
#72 = DIRECTION ( 'NONE',  ( 0.9871757703368737591, 0.1596370835983918213, 0.000000000000000000 ) ) ;
#73 = LINE ( 'NONE', #5301, #2027 ) ;
#74 = EDGE_LOOP ( 'NONE', ( #3384, #2584, #4500, #2556 ) ) ;
#75 = DIRECTION ( 'NONE',  ( -0.8924298478293074544, 0.4511861774294056437, 0.000000000000000000 ) ) ;
#76 = EDGE_CURVE ( 'NONE', #3560, #4695, #1576, .T. ) ;
#77 = LINE ( 'NONE', #1814, #2838 ) ;
#78 = ORIENTED_EDGE ( 'NONE', *, *, #5164, .F. ) ;
#79 = LINE ( 'NONE', #4501, #4289 ) ;
#80 = CARTESIAN_POINT ( 'NONE',  ( 4.301338582677165512, 4.893267716535433465, 0.1968503937007874127 ) ) ;
#81 = DIRECTION ( 'NONE',  ( 0.4533922161898035208, -0.8913111119572662000, 0.000000000000000000 ) ) ;
#82 = AXIS2_PLACEMENT_3D ( 'NONE', #1620, #4184, #3677 ) ;
#83 = CARTESIAN_POINT ( 'NONE',  ( 8.594055118110235369, 0.04817716535433071157, 0.1968503937007874127 ) ) ;
#84 = ADVANCED_FACE ( 'NONE', ( #2082 ), #4249, .T. ) ;
#85 = DIRECTION ( 'NONE',  ( -0.7072565443460006041, 0.7069569863009725896, 0.000000000000000000 ) ) ;
#86 = DIRECTION ( 'NONE',  ( 0.8922182138893378633, -0.4516045380685624333, 0.000000000000000000 ) ) ;
#87 = VECTOR ( 'NONE', #2742, 39.37007874015748143 ) ;
#88 = ORIENTED_EDGE ( 'NONE', *, *, #2881, .T. ) ;
#89 = AXIS2_PLACEMENT_3D ( 'NONE', #55, #1765, #3508 ) ;
#90 = CARTESIAN_POINT ( 'NONE',  ( 4.401377952755906264, 4.842283464566929929, 0.000000000000000000 ) ) ;
#91 = DIRECTION ( 'NONE',  ( -0.9872093450064345355, -0.1594293233127661025, 0.000000000000000000 ) ) ;
#92 = AXIS2_PLACEMENT_3D ( 'NONE', #5022, #1993, #3730 ) ;
#93 = EDGE_LOOP ( 'NONE', ( #181, #4899, #4969, #2637 ) ) ;
#94 = VECTOR ( 'NONE', #5334, 39.37007874015748143 ) ;
#95 = VECTOR ( 'NONE', #4703, 39.37007874015748143 ) ;
#96 = FACE_OUTER_BOUND ( 'NONE', #5567, .T. ) ;
#97 = ORIENTED_EDGE ( 'NONE', *, *, #4698, .F. ) ;
#98 = VECTOR ( 'NONE', #2154, 39.37007874015748143 ) ;
#99 = VECTOR ( 'NONE', #609, 39.37007874015749564 ) ;
#100 = ORIENTED_EDGE ( 'NONE', *, *, #63, .F. ) ;
#101 = ORIENTED_EDGE ( 'NONE', *, *, #4838, .F. ) ;
#102 = CARTESIAN_POINT ( 'NONE',  ( 8.611653543307086878, 0.1590165354330708714, 0.000000000000000000 ) ) ;
#103 = EDGE_CURVE ( 'NONE', #3066, #3690, #745, .T. ) ;
#104 = VECTOR ( 'NONE', #788, 39.37007874015748854 ) ;
#105 = VECTOR ( 'NONE', #687, 39.37007874015748143 ) ;
#106 = DIRECTION ( 'NONE',  ( -0.9872124837542692877, 0.1594098865181407254, 0.000000000000000000 ) ) ;
#107 = ORIENTED_EDGE ( 'NONE', *, *, #4765, .F. ) ;
#108 = ORIENTED_EDGE ( 'NONE', *, *, #1669, .T. ) ;
#109 = PLANE ( 'NONE',  #726 ) ;
#110 = CARTESIAN_POINT ( 'NONE',  ( 12.75988188976378090, 0.07101771653543308138, 0.000000000000000000 ) ) ;
#111 = VECTOR ( 'NONE', #4921, 39.37007874015748143 ) ;
#112 = VERTEX_POINT ( 'NONE', #5143 ) ;
#113 = CARTESIAN_POINT ( 'NONE',  ( 8.611653543307086878, 0.1590165354330708714, 0.1968503937007874127 ) ) ;
#114 = LINE ( 'NONE', #1852, #1475 ) ;
#115 = PLANE ( 'NONE',  #827 ) ;
#116 = DIRECTION ( 'NONE',  ( 0.9871073587932587268, -0.1600595583406276001, 0.000000000000000000 ) ) ;
#117 = CARTESIAN_POINT ( 'NONE',  ( 0.1215818897637795243, 0.04817716535433071157, 0.000000000000000000 ) ) ;
#118 = DIRECTION ( 'NONE',  ( -0.9874201402453381959, -0.1581185208565923650, 0.000000000000000000 ) ) ;
#119 = ORIENTED_EDGE ( 'NONE', *, *, #4105, .T. ) ;
#120 = EDGE_CURVE ( 'NONE', #501, #1989, #326, .T. ) ;
#121 = PLANE ( 'NONE',  #5392 ) ;
#122 = LINE ( 'NONE', #1861, #3178 ) ;
#123 = PRODUCT_DEFINITION_CONTEXT ( 'detailed design', #761, 'design' ) ;
#124 = ORIENTED_EDGE ( 'NONE', *, *, #4263, .F. ) ;
#125 = PLANE ( 'NONE',  #3470 ) ;
#126 = ORIENTED_EDGE ( 'NONE', *, *, #2383, .F. ) ;
#127 = LINE ( 'NONE', #1435, #2354 ) ;
#128 = DIRECTION ( 'NONE',  ( 1.000000000000000000, 0.000000000000000000, 0.000000000000000000 ) ) ;
#129 = ORIENTED_EDGE ( 'NONE', *, *, #2606, .T. ) ;
#130 = EDGE_LOOP ( 'NONE', ( #5185, #100, #2126, #1914 ) ) ;
#131 = ADVANCED_FACE ( 'NONE', ( #3792 ), #3961, .T. ) ;
#132 = CARTESIAN_POINT ( 'NONE',  ( 4.389330708661417724, 4.805275590551181253, 0.000000000000000000 ) ) ;
#133 = EDGE_CURVE ( 'NONE', #4167, #615, #2220, .T. ) ;
#134 = DIRECTION ( 'NONE',  ( -0.000000000000000000, -0.000000000000000000, -1.000000000000000000 ) ) ;
#135 = ORIENTED_EDGE ( 'NONE', *, *, #3041, .F. ) ;
#136 = EDGE_CURVE ( 'NONE', #2035, #3256, #2619, .T. ) ;
#137 = ORIENTED_EDGE ( 'NONE', *, *, #3888, .T. ) ;
#138 = DIRECTION ( 'NONE',  ( 0.9871279408508156772, -0.1599325745169778712, 0.000000000000000000 ) ) ;
#139 = FACE_OUTER_BOUND ( 'NONE', #508, .T. ) ;
#140 = ORIENTED_EDGE ( 'NONE', *, *, #3517, .F. ) ;
#141 = CARTESIAN_POINT ( 'NONE',  ( 0.1021594488188976441, 4.905275590551180898, 0.1968503937007874127 ) ) ;
#142 = EDGE_CURVE ( 'NONE', #1545, #1116, #5246, .T. ) ;
#143 = DIRECTION ( 'NONE',  ( -0.7071067811865474617, 0.7071067811865474617, 0.000000000000000000 ) ) ;
#144 = CARTESIAN_POINT ( 'NONE',  ( 12.86181102362204598, 4.805275590551181253, 0.1968503937007874127 ) ) ;
#145 = CARTESIAN_POINT ( 'NONE',  ( 8.514645669291338592, 4.822874015748031873, 0.1968503937007874127 ) ) ;
#146 = CARTESIAN_POINT ( 'NONE',  ( 4.318897637795275912, 4.782440944881890310, 0.1968503937007874127 ) ) ;
#147 = LINE ( 'NONE', #622, #4744 ) ;
#148 = ORIENTED_EDGE ( 'NONE', *, *, #4245, .F. ) ;
#149 = CARTESIAN_POINT ( 'NONE',  ( 4.278425196850394130, 0.08854173228346456925, 0.000000000000000000 ) ) ;
#150 = EDGE_CURVE ( 'NONE', #4598, #3795, #3428, .T. ) ;
#151 = DIRECTION ( 'NONE',  ( -0.000000000000000000, -0.000000000000000000, -1.000000000000000000 ) ) ;
#152 = EDGE_CURVE ( 'NONE', #4956, #2793, #3452, .T. ) ;
#153 = ORIENTED_EDGE ( 'NONE', *, *, #1657, .T. ) ;
#154 = CARTESIAN_POINT ( 'NONE',  ( 0.1531027559055118115, 4.805275590551181253, 0.000000000000000000 ) ) ;
#155 = ORIENTED_EDGE ( 'NONE', *, *, #4755, .T. ) ;
#156 = DIRECTION ( 'NONE',  ( 0.1576014570290688865, -0.9875028003718846481, 0.000000000000000000 ) ) ;
#157 = VERTEX_POINT ( 'NONE', #1740 ) ;
#158 = ORIENTED_EDGE ( 'NONE', *, *, #285, .T. ) ;
#159 = DIRECTION ( 'NONE',  ( 0.1601766119933535626, 0.9870883714087258509, 0.000000000000000000 ) ) ;
#160 = CARTESIAN_POINT ( 'NONE',  ( 0.05116102362204725390, 4.879330708661417937, 0.000000000000000000 ) ) ;
#161 = EDGE_LOOP ( 'NONE', ( #1033, #5237, #516, #4176, #2470, #1682, #1978, #1850, #801, #5546, #2397, #1093, #5035, #1973, #358, #525, #1187, #3587, #3894, #126 ) ) ;
#162 = ORIENTED_EDGE ( 'NONE', *, *, #2867, .T. ) ;
#163 = DIRECTION ( 'NONE',  ( -0.000000000000000000, -0.000000000000000000, -1.000000000000000000 ) ) ;
#164 = DIRECTION ( 'NONE',  ( -1.000000000000000000, -0.000000000000000000, -0.000000000000000000 ) ) ;
#165 = ORIENTED_EDGE ( 'NONE', *, *, #390, .T. ) ;
#166 = CARTESIAN_POINT ( 'NONE',  ( 12.75090551181102505, 0.08854173228346456925, 0.1968503937007874127 ) ) ;
#167 = CARTESIAN_POINT ( 'NONE',  ( 8.555118110236222151, 0.04817716535433071157, 0.1968503937007874127 ) ) ;
#168 = CARTESIAN_POINT ( 'NONE',  ( 12.83027559055118338, 0.04817716535433071157, 0.1968503937007874127 ) ) ;
#169 = DIRECTION ( 'NONE',  ( -0.1601766119933176746, 0.9870883714087317351, 0.000000000000000000 ) ) ;
#170 = DIRECTION ( 'NONE',  ( 0.4549929400046101025, 0.8904950446498629546, -0.000000000000000000 ) ) ;
#171 = DIRECTION ( 'NONE',  ( -0.000000000000000000, -0.000000000000000000, -1.000000000000000000 ) ) ;
#172 = ORIENTED_EDGE ( 'NONE', *, *, #5310, .F. ) ;
#173 = VECTOR ( 'NONE', #4491, 39.37007874015748854 ) ;
#174 = DIRECTION ( 'NONE',  ( 0.9871905049027078771, -0.1595459401863188742, 0.000000000000000000 ) ) ;
#175 = EDGE_CURVE ( 'NONE', #1665, #4667, #1709, .T. ) ;
#176 = CARTESIAN_POINT ( 'NONE',  ( 0.1215818897637795243, 4.902244094488189319, 0.000000000000000000 ) ) ;
#177 = VECTOR ( 'NONE', #2060, 39.37007874015748143 ) ;
#178 = EDGE_LOOP ( 'NONE', ( #3441, #78, #4675, #5585 ) ) ;
#179 = DIRECTION ( 'NONE',  ( 0.9876443091134916585, -0.1567122161024270821, 0.000000000000000000 ) ) ;
#180 = VECTOR ( 'NONE', #1417, 39.37007874015748143 ) ;
#181 = ORIENTED_EDGE ( 'NONE', *, *, #636, .F. ) ;
#182 = FACE_OUTER_BOUND ( 'NONE', #2846, .T. ) ;
#183 = VECTOR ( 'NONE', #2193, 39.37007874015748143 ) ;
#184 = ORIENTED_EDGE ( 'NONE', *, *, #3340, .F. ) ;
#185 = EDGE_LOOP ( 'NONE', ( #4141, #337, #5503, #3696 ) ) ;
#186 = LINE ( 'NONE', #4549, #3651 ) ;
#187 = EDGE_CURVE ( 'NONE', #112, #1556, #1199, .T. ) ;
#188 = PLANE ( 'NONE',  #3202 ) ;
#189 = ORIENTED_EDGE ( 'NONE', *, *, #3993, .T. ) ;
#190 = VECTOR ( 'NONE', #3877, 39.37007874015748143 ) ;
#191 = ORIENTED_EDGE ( 'NONE', *, *, #136, .T. ) ;
#192 = VECTOR ( 'NONE', #4036, 39.37007874015748143 ) ;
#193 = CARTESIAN_POINT ( 'NONE',  ( 0.1391598425196850508, 4.893267716535433465, 0.1968503937007874127 ) ) ;
#194 = EDGE_CURVE ( 'NONE', #2793, #4405, #5271, .T. ) ;
#195 = ADVANCED_FACE ( 'NONE', ( #3486 ), #2599, .T. ) ;
#196 = VERTEX_POINT ( 'NONE', #1766 ) ;
#197 = VECTOR ( 'NONE', #2478, 39.37007874015748854 ) ;
#198 = VECTOR ( 'NONE', #717, 39.37007874015748143 ) ;
#199 = CARTESIAN_POINT ( 'NONE',  ( 12.87385826771653541, 4.842283464566929929, 0.1968503937007874127 ) ) ;
#200 = PLANE ( 'NONE',  #5127 ) ;
#201 = ADVANCED_FACE ( 'NONE', ( #431 ), #3509, .T. ) ;
#202 = DIRECTION ( 'NONE',  ( -0.000000000000000000, -0.000000000000000000, -1.000000000000000000 ) ) ;
#203 = ADVANCED_FACE ( 'NONE', ( #1313 ), #3055, .T. ) ;
#204 = DIRECTION ( 'NONE',  ( -0.000000000000000000, -0.000000000000000000, -1.000000000000000000 ) ) ;
#205 = VECTOR ( 'NONE', #1414, 39.37007874015748143 ) ;
#206 = CARTESIAN_POINT ( 'NONE',  ( 0.1651472440944882214, 4.842283464566929929, 0.1968503937007874127 ) ) ;
#207 = DIRECTION ( 'NONE',  ( -0.000000000000000000, -0.000000000000000000, -1.000000000000000000 ) ) ;
#208 = ORIENTED_EDGE ( 'NONE', *, *, #1262, .T. ) ;
#209 = CARTESIAN_POINT ( 'NONE',  ( 0.1021594488188976441, 4.905275590551180898, 0.1968503937007874127 ) ) ;
#210 = EDGE_CURVE ( 'NONE', #2926, #3058, #3533, .T. ) ;
#211 = VERTEX_POINT ( 'NONE', #4811 ) ;
#212 = CARTESIAN_POINT ( 'NONE',  ( 0.1391598425196850508, 0.1590165354330708714, 0.000000000000000000 ) ) ;
#213 = EDGE_CURVE ( 'NONE', #672, #994, #408, .T. ) ;
#214 = ADVANCED_BREP_SHAPE_REPRESENTATION ( 'bezelfinal', ( #5359, #1110 ), #3477 ) ;
#215 = ORIENTED_EDGE ( 'NONE', *, *, #1211, .T. ) ;
#216 = CARTESIAN_POINT ( 'NONE',  ( 8.555118110236222151, 0.1679137795275590928, 0.1968503937007874127 ) ) ;
#217 = VERTEX_POINT ( 'NONE', #4733 ) ;
#218 = CARTESIAN_POINT ( 'NONE',  ( 4.301338582677165512, 4.893267716535433465, 0.000000000000000000 ) ) ;
#219 = VERTEX_POINT ( 'NONE', #904 ) ;
#220 = VECTOR ( 'NONE', #4880, 39.37007874015748143 ) ;
#221 = ORIENTED_EDGE ( 'NONE', *, *, #4218, .T. ) ;
#222 = CARTESIAN_POINT ( 'NONE',  ( 8.523661417322834666, 0.07101771653543308138, 0.1968503937007874127 ) ) ;
#223 = CARTESIAN_POINT ( 'NONE',  ( 0.04220905511811023220, 0.1274956692913385703, 0.000000000000000000 ) ) ;
#224 = ORIENTED_EDGE ( 'NONE', *, *, #3855, .F. ) ;
#225 = EDGE_CURVE ( 'NONE', #3721, #4143, #2648, .T. ) ;
#226 = PLANE ( 'NONE',  #2196 ) ;
#227 = ORIENTED_EDGE ( 'NONE', *, *, #3164, .F. ) ;
#228 = LINE ( 'NONE', #3699, #2102 ) ;
#229 = PLANE ( 'NONE',  #1933 ) ;
#230 = LINE ( 'NONE', #3702, #1447 ) ;
#231 = EDGE_CURVE ( 'NONE', #734, #1056, #2573, .T. ) ;
#232 = DIRECTION ( 'NONE',  ( -0.4547933146790936187, -0.8905970137627921002, 0.000000000000000000 ) ) ;
#233 = LINE ( 'NONE', #260, #4669 ) ;
#234 = LINE ( 'NONE', #3338, #2414 ) ;
#235 = ORIENTED_EDGE ( 'NONE', *, *, #5249, .T. ) ;
#236 = FACE_OUTER_BOUND ( 'NONE', #4692, .T. ) ;
#237 = ORIENTED_EDGE ( 'NONE', *, *, #4233, .F. ) ;
#238 = CARTESIAN_POINT ( 'NONE',  ( 0.003743488188976378059, 0.009602874015748032177, 0.1968503937007874127 ) ) ;
#239 = EDGE_CURVE ( 'NONE', #4210, #3970, #4414, .T. ) ;
#240 = EDGE_CURVE ( 'NONE', #3176, #4065, #2140, .T. ) ;
#241 = ORIENTED_EDGE ( 'NONE', *, *, #1981, .T. ) ;
#242 = EDGE_CURVE ( 'NONE', #275, #444, #4016, .T. ) ;
#243 = DIRECTION ( 'NONE',  ( -0.7072565443459868373, -0.7069569863009864674, 0.000000000000000000 ) ) ;
#244 = ORIENTED_EDGE ( 'NONE', *, *, #4860, .F. ) ;
#245 = DIRECTION ( 'NONE',  ( -0.000000000000000000, 1.000000000000000000, -0.000000000000000000 ) ) ;
#246 = ORIENTED_EDGE ( 'NONE', *, *, #213, .T. ) ;
#247 = VERTEX_POINT ( 'NONE', #535 ) ;
#248 = DIRECTION ( 'NONE',  ( 0.7083262900088699299, -0.7058851655065930819, 0.000000000000000000 ) ) ;
#249 = LINE ( 'NONE', #3212, #2576 ) ;
#250 = ORIENTED_EDGE ( 'NONE', *, *, #2326, .F. ) ;
#251 = FACE_OUTER_BOUND ( 'NONE', #2314, .T. ) ;
#252 = EDGE_CURVE ( 'NONE', #4522, #1280, #2305, .T. ) ;
#253 = ORIENTED_EDGE ( 'NONE', *, *, #3432, .T. ) ;
#254 = LINE ( 'NONE', #1593, #1825 ) ;
#255 = FACE_OUTER_BOUND ( 'NONE', #2480, .T. ) ;
#256 = EDGE_CURVE ( 'NONE', #3758, #3970, #3644, .T. ) ;
#257 = CARTESIAN_POINT ( 'NONE',  ( 8.634488188976378709, 4.822874015748031873, 0.000000000000000000 ) ) ;
#258 = EDGE_LOOP ( 'NONE', ( #5516, #979, #563, #2521 ) ) ;
#259 = FACE_OUTER_BOUND ( 'NONE', #3972, .T. ) ;
#260 = CARTESIAN_POINT ( 'NONE',  ( 12.83027559055118338, 4.902244094488189319, 0.000000000000000000 ) ) ;
#261 = LINE ( 'NONE', #325, #5297 ) ;
#262 = LINE ( 'NONE', #4710, #999 ) ;
#263 = PLANE ( 'NONE',  #1745 ) ;
#264 = ORIENTED_EDGE ( 'NONE', *, *, #4897, .T. ) ;
#265 = EDGE_CURVE ( 'NONE', #5555, #1502, #2728, .T. ) ;
#266 = CARTESIAN_POINT ( 'NONE',  ( 8.611653543307086878, 0.05712874015748031775, 0.1968503937007874127 ) ) ;
#267 = EDGE_CURVE ( 'NONE', #1688, #5085, #4932, .T. ) ;
#268 = AXIS2_PLACEMENT_3D ( 'NONE', #1633, #1239, #5091 ) ;
#269 = ORIENTED_EDGE ( 'NONE', *, *, #2269, .F. ) ;
#270 = LINE ( 'NONE', #2917, #2197 ) ;
#271 = ORIENTED_EDGE ( 'NONE', *, *, #2996, .T. ) ;
#272 = LINE ( 'NONE', #5578, #4179 ) ;
#273 = AXIS2_PLACEMENT_3D ( 'NONE', #2862, #2544, #1232 ) ;
#274 = ORIENTED_EDGE ( 'NONE', *, *, #5541, .T. ) ;
#275 = VERTEX_POINT ( 'NONE', #141 ) ;
#276 = VECTOR ( 'NONE', #163, 39.37007874015748143 ) ;
#277 = CARTESIAN_POINT ( 'NONE',  ( 12.90929133858267797, 0.009602874015748032177, 0.000000000000000000 ) ) ;
#278 = LINE ( 'NONE', #1960, #4208 ) ;
#279 = ORIENTED_EDGE ( 'NONE', *, *, #2430, .T. ) ;
#280 = VECTOR ( 'NONE', #3444, 39.37007874015748143 ) ;
#281 = VECTOR ( 'NONE', #488, 39.37007874015748143 ) ;
#282 = CARTESIAN_POINT ( 'NONE',  ( 4.278425196850394130, 4.861771653543307536, 0.1968503937007874127 ) ) ;
#283 = ORIENTED_EDGE ( 'NONE', *, *, #1496, .F. ) ;
#284 = ORIENTED_EDGE ( 'NONE', *, *, #1295, .T. ) ;
#285 = EDGE_CURVE ( 'NONE', #4750, #4598, #3218, .T. ) ;
#286 = DIRECTION ( 'NONE',  ( -0.000000000000000000, -0.000000000000000000, -1.000000000000000000 ) ) ;
#287 = CARTESIAN_POINT ( 'NONE',  ( 12.84787401574803312, 4.893267716535433465, 0.1968503937007874127 ) ) ;
#288 = AXIS2_PLACEMENT_3D ( 'NONE', #2767, #170, #514 ) ;
#289 = AXIS2_PLACEMENT_3D ( 'NONE', #897, #2638, #3129 ) ;
#290 = VECTOR ( 'NONE', #5159, 39.37007874015748854 ) ;
#291 = CARTESIAN_POINT ( 'NONE',  ( 12.47618110236220446, 0.6001496062992126568, 0.000000000000000000 ) ) ;
#292 = DIRECTION ( 'NONE',  ( -0.000000000000000000, -0.000000000000000000, -1.000000000000000000 ) ) ;
#293 = VECTOR ( 'NONE', #2506, 39.37007874015748143 ) ;
#294 = CARTESIAN_POINT ( 'NONE',  ( 12.79133858267716484, 4.782440944881890310, 0.000000000000000000 ) ) ;
#295 = AXIS2_PLACEMENT_3D ( 'NONE', #2433, #243, #3713 ) ;
#296 = LINE ( 'NONE', #661, #2408 ) ;
#297 = DIRECTION ( 'NONE',  ( 0.1553213958544118756, -0.9878639906332434828, 0.000000000000000000 ) ) ;
#298 = DIRECTION ( 'NONE',  ( 0.4543163942506014408, -0.8908403975545406972, 0.000000000000000000 ) ) ;
#299 = VERTEX_POINT ( 'NONE', #5332 ) ;
#300 = AXIS2_PLACEMENT_3D ( 'NONE', #747, #2490, #5029 ) ;
#301 = CARTESIAN_POINT ( 'NONE',  ( 8.574606299212598870, 0.1710610236220472535, 0.1968503937007874127 ) ) ;
#302 = VECTOR ( 'NONE', #4634, 39.37007874015748143 ) ;
#303 = EDGE_LOOP ( 'NONE', ( #2533, #5214, #4627, #4459 ) ) ;
#304 = CARTESIAN_POINT ( 'NONE',  ( 0.05116102362204725390, 4.805275590551181253, 0.000000000000000000 ) ) ;
#305 = ORIENTED_EDGE ( 'NONE', *, *, #3345, .T. ) ;
#306 = LINE ( 'NONE', #2064, #1717 ) ;
#307 = ORIENTED_EDGE ( 'NONE', *, *, #3762, .T. ) ;
#308 = ORIENTED_EDGE ( 'NONE', *, *, #938, .F. ) ;
#309 = EDGE_CURVE ( 'NONE', #1591, #3869, #1395, .T. ) ;
#310 = FACE_BOUND ( 'NONE', #4231, .T. ) ;
#311 = CARTESIAN_POINT ( 'NONE',  ( 8.625590551181103294, 4.805275590551181253, 0.1968503937007874127 ) ) ;
#312 = VERTEX_POINT ( 'NONE', #3247 ) ;
#313 = EDGE_CURVE ( 'NONE', #4171, #3806, #1851, .T. ) ;
#314 = CARTESIAN_POINT ( 'NONE',  ( 0.1391598425196850508, 4.791338582677165725, 0.1968503937007874127 ) ) ;
#315 = ORIENTED_EDGE ( 'NONE', *, *, #1514, .T. ) ;
#316 = VERTEX_POINT ( 'NONE', #570 ) ;
#317 = ADVANCED_FACE ( 'NONE', ( #3616 ), #957, .T. ) ;
#318 = CARTESIAN_POINT ( 'NONE',  ( 8.555118110236222151, 4.902244094488189319, 0.000000000000000000 ) ) ;
#319 = DIRECTION ( 'NONE',  ( 0.8904950446498858252, -0.4549929400045650829, 0.000000000000000000 ) ) ;
#320 = ADVANCED_FACE ( 'NONE', ( #5418 ), #1449, .T. ) ;
#321 = CARTESIAN_POINT ( 'NONE',  ( 0.1215818897637795243, 0.1679137795275590928, 0.1968503937007874127 ) ) ;
#322 = ORIENTED_EDGE ( 'NONE', *, *, #5078, .F. ) ;
#323 = DIRECTION ( 'NONE',  ( -0.7058851655065930819, 0.7083262900088699299, 0.000000000000000000 ) ) ;
#324 = DIRECTION ( 'NONE',  ( 0.4527899509762813857, -0.8916172162396240886, 0.000000000000000000 ) ) ;
#325 = CARTESIAN_POINT ( 'NONE',  ( 4.278425196850394130, 0.1274956692913385703, 0.000000000000000000 ) ) ;
#326 = LINE ( 'NONE', #1229, #3550 ) ;
#327 = ORIENTED_EDGE ( 'NONE', *, *, #2525, .F. ) ;
#328 = DIRECTION ( 'NONE',  ( 0.4541992607073438437, 0.8909001243533992698, 0.000000000000000000 ) ) ;
#329 = ORIENTED_EDGE ( 'NONE', *, *, #3855, .T. ) ;
#330 = LINE ( 'NONE', #1263, #5489 ) ;
#331 = EDGE_LOOP ( 'NONE', ( #352, #5060, #2096, #5001 ) ) ;
#332 = DIRECTION ( 'NONE',  ( -0.4537957193442159198, 0.8911057429423657750, 0.000000000000000000 ) ) ;
#333 = EDGE_CURVE ( 'NONE', #3210, #1553, #1511, .T. ) ;
#334 = ORIENTED_EDGE ( 'NONE', *, *, #1390, .T. ) ;
#335 = ORIENTED_EDGE ( 'NONE', *, *, #4702, .T. ) ;
#336 = CARTESIAN_POINT ( 'NONE',  ( 0.1651472440944882214, 4.842283464566929929, 0.1968503937007874127 ) ) ;
#337 = ORIENTED_EDGE ( 'NONE', *, *, #2815, .F. ) ;
#338 = EDGE_CURVE ( 'NONE', #1783, #5266, #3674, .T. ) ;
#339 = DIRECTION ( 'NONE',  ( 0.4520072321735552623, 0.8920142723425460440, -0.000000000000000000 ) ) ;
#340 = VERTEX_POINT ( 'NONE', #1019 ) ;
#341 = VERTEX_POINT ( 'NONE', #199 ) ;
#342 = DIRECTION ( 'NONE',  ( 0.1599325745169778712, 0.9871279408508156772, -0.000000000000000000 ) ) ;
#343 = CARTESIAN_POINT ( 'NONE',  ( 12.79133858267716484, 0.04817716535433071157, 0.000000000000000000 ) ) ;
#344 = LINE ( 'NONE', #1224, #1353 ) ;
#345 = LINE ( 'NONE', #3278, #4284 ) ;
#346 = DIRECTION ( 'NONE',  ( -0.4535964786211886812, 0.8912071782601715952, 0.000000000000000000 ) ) ;
#347 = PLANE ( 'NONE',  #3400 ) ;
#348 = LINE ( 'NONE', #1114, #2371 ) ;
#349 = ORIENTED_EDGE ( 'NONE', *, *, #1023, .F. ) ;
#350 = LINE ( 'NONE', #1603, #2632 ) ;
#351 = PLANE ( 'NONE',  #5023 ) ;
#352 = ORIENTED_EDGE ( 'NONE', *, *, #19, .F. ) ;
#353 = EDGE_CURVE ( 'NONE', #4695, #2937, #79, .T. ) ;
#354 = CARTESIAN_POINT ( 'NONE',  ( 4.375393700787402196, 4.893267716535433465, 0.1968503937007874127 ) ) ;
#355 = VERTEX_POINT ( 'NONE', #591 ) ;
#356 = DIRECTION ( 'NONE',  ( -0.4532090333824308481, 0.8914042697118758074, 0.000000000000000000 ) ) ;
#357 = ORIENTED_EDGE ( 'NONE', *, *, #1801, .T. ) ;
#358 = ORIENTED_EDGE ( 'NONE', *, *, #3139, .F. ) ;
#359 = DIRECTION ( 'NONE',  ( -0.4563732901630923600, -0.8897884130655522306, 0.000000000000000000 ) ) ;
#360 = VECTOR ( 'NONE', #2183, 39.37007874015748854 ) ;
#361 = ORIENTED_EDGE ( 'NONE', *, *, #670, .T. ) ;
#362 = FACE_OUTER_BOUND ( 'NONE', #5233, .T. ) ;
#363 = VECTOR ( 'NONE', #3858, 39.37007874015748143 ) ;
#364 = ORIENTED_EDGE ( 'NONE', *, *, #428, .F. ) ;
#365 = ORIENTED_EDGE ( 'NONE', *, *, #3208, .T. ) ;
#366 = EDGE_CURVE ( 'NONE', #943, #4413, #2330, .T. ) ;
#367 = DIRECTION ( 'NONE',  ( 0.1595172611759729797, -0.9871951394668211366, 0.000000000000000000 ) ) ;
#368 = CARTESIAN_POINT ( 'NONE',  ( 12.74783464566929148, 4.842283464566929929, 0.1968503937007874127 ) ) ;
#369 = CARTESIAN_POINT ( 'NONE',  ( 12.83027559055118338, 4.902244094488189319, 0.1968503937007874127 ) ) ;
#370 = EDGE_CURVE ( 'NONE', #4427, #3370, #4987, .T. ) ;
#371 = ORIENTED_EDGE ( 'NONE', *, *, #5125, .T. ) ;
#372 = VECTOR ( 'NONE', #4074, 39.37007874015748143 ) ;
#373 = CARTESIAN_POINT ( 'NONE',  ( 4.338385826771654408, 4.905275590551180898, 0.000000000000000000 ) ) ;
#374 = CARTESIAN_POINT ( 'NONE',  ( 0.1021051181102362315, 0.04503031496062991773, 0.000000000000000000 ) ) ;
#375 = LINE ( 'NONE', #2117, #3088 ) ;
#376 = VECTOR ( 'NONE', #3786, 39.37007874015748143 ) ;
#377 = DIRECTION ( 'NONE',  ( -0.1542149747200598220, -0.9880373179045877086, 0.000000000000000000 ) ) ;
#378 = VECTOR ( 'NONE', #986, 39.37007874015748143 ) ;
#379 = EDGE_CURVE ( 'NONE', #3578, #2957, #1941, .T. ) ;
#380 = ORIENTED_EDGE ( 'NONE', *, *, #3762, .F. ) ;
#381 = CARTESIAN_POINT ( 'NONE',  ( 4.275393700787401663, 4.842283464566929929, 0.000000000000000000 ) ) ;
#382 = CARTESIAN_POINT ( 'NONE',  ( 8.594055118110235369, 4.902244094488189319, 0.1968503937007874127 ) ) ;
#383 = VECTOR ( 'NONE', #5221, 39.37007874015748143 ) ;
#384 = VECTOR ( 'NONE', #3694, 39.37007874015748854 ) ;
#385 = LINE ( 'NONE', #2545, #3941 ) ;
#386 = EDGE_CURVE ( 'NONE', #1677, #3821, #3159, .T. ) ;
#387 = VECTOR ( 'NONE', #2726, 39.37007874015748854 ) ;
#388 = VECTOR ( 'NONE', #5543, 39.37007874015748143 ) ;
#389 = CARTESIAN_POINT ( 'NONE',  ( 0.1620015748031496117, 0.1274956692913385703, 0.1968503937007874127 ) ) ;
#390 = EDGE_CURVE ( 'NONE', #341, #2426, #1645, .T. ) ;
#391 = CARTESIAN_POINT ( 'NONE',  ( 8.611653543307086878, 4.791338582677165725, 0.1968503937007874127 ) ) ;
#392 = AXIS2_PLACEMENT_3D ( 'NONE', #2788, #3332, #2024 ) ;
#393 = VERTEX_POINT ( 'NONE', #318 ) ;
#394 = EDGE_CURVE ( 'NONE', #451, #157, #2849, .T. ) ;
#395 = DIRECTION ( 'NONE',  ( -0.8905970137628033134, 0.4547933146790716918, 0.000000000000000000 ) ) ;
#396 = VERTEX_POINT ( 'NONE', #1964 ) ;
#397 = CARTESIAN_POINT ( 'NONE',  ( 4.301338582677165512, 4.791338582677165725, 0.1968503937007874127 ) ) ;
#398 = ORIENTED_EDGE ( 'NONE', *, *, #1733, .T. ) ;
#399 = ORIENTED_EDGE ( 'NONE', *, *, #3139, .T. ) ;
#400 = LINE ( 'NONE', #2965, #2642 ) ;
#401 = EDGE_CURVE ( 'NONE', #945, #1863, #2445, .T. ) ;
#402 = FACE_OUTER_BOUND ( 'NONE', #588, .T. ) ;
#403 = DIRECTION ( 'NONE',  ( 0.7081034065937691357, -0.7061087491104320879, 0.000000000000000000 ) ) ;
#404 = ORIENTED_EDGE ( 'NONE', *, *, #547, .F. ) ;
#405 = FACE_OUTER_BOUND ( 'NONE', #1186, .T. ) ;
#406 = DIRECTION ( 'NONE',  ( 0.1598740818379245643, -0.9871374159439406659, 0.000000000000000000 ) ) ;
#407 = LINE ( 'NONE', #4763, #4081 ) ;
#408 = LINE ( 'NONE', #828, #639 ) ;
#409 = EDGE_CURVE ( 'NONE', #649, #1497, #4182, .T. ) ;
#410 = VERTEX_POINT ( 'NONE', #1159 ) ;
#411 = CARTESIAN_POINT ( 'NONE',  ( 8.625590551181103294, 0.1450736220472441107, 0.1968503937007874127 ) ) ;
#412 = CARTESIAN_POINT ( 'NONE',  ( 0.1215818897637795243, 4.782440944881890310, 0.000000000000000000 ) ) ;
#413 = FACE_OUTER_BOUND ( 'NONE', #2020, .T. ) ;
#414 = CARTESIAN_POINT ( 'NONE',  ( 12.84787401574803312, 4.791338582677165725, 0.000000000000000000 ) ) ;
#415 = CARTESIAN_POINT ( 'NONE',  ( 12.83027559055118338, 0.04817716535433071157, 0.000000000000000000 ) ) ;
#416 = ADVANCED_FACE ( 'NONE', ( #5529 ), #3392, .T. ) ;
#417 = ORIENTED_EDGE ( 'NONE', *, *, #1737, .T. ) ;
#418 = CARTESIAN_POINT ( 'NONE',  ( 0.08268228346456693578, 0.04817716535433071157, 0.1968503937007874127 ) ) ;
#419 = ORIENTED_EDGE ( 'NONE', *, *, #3829, .F. ) ;
#420 = LINE ( 'NONE', #1245, #2378 ) ;
#421 = VERTEX_POINT ( 'NONE', #3808 ) ;
#422 = VERTEX_POINT ( 'NONE', #2510 ) ;
#423 = LINE ( 'NONE', #4215, #3464 ) ;
#424 = CARTESIAN_POINT ( 'NONE',  ( 12.81086614173228533, 0.1710610236220472535, 0.1968503937007874127 ) ) ;
#425 = FACE_OUTER_BOUND ( 'NONE', #2351, .T. ) ;
#426 = ORIENTED_EDGE ( 'NONE', *, *, #3258, .T. ) ;
#427 = CARTESIAN_POINT ( 'NONE',  ( 0.1391598425196850508, 4.893267716535433465, 0.1968503937007874127 ) ) ;
#428 = EDGE_CURVE ( 'NONE', #5010, #1385, #4214, .T. ) ;
#429 = LINE ( 'NONE', #4762, #3192 ) ;
#430 = FACE_OUTER_BOUND ( 'NONE', #4959, .T. ) ;
#431 = FACE_OUTER_BOUND ( 'NONE', #4624, .T. ) ;
#432 = VERTEX_POINT ( 'NONE', #2075 ) ;
#433 = DIRECTION ( 'NONE',  ( 0.7071067811865335839, -0.7071067811865613395, 0.000000000000000000 ) ) ;
#434 = CARTESIAN_POINT ( 'NONE',  ( 8.625590551181103294, 4.879330708661417937, 0.1968503937007874127 ) ) ;
#435 = DIRECTION ( 'NONE',  ( -0.1598740818379245643, 0.9871374159439406659, 0.000000000000000000 ) ) ;
#436 = EDGE_CURVE ( 'NONE', #5302, #3698, #5074, .T. ) ;
#437 = DIRECTION ( 'NONE',  ( -0.4567620255206142899, -0.8895889230663258651, 0.000000000000000000 ) ) ;
#438 = CARTESIAN_POINT ( 'NONE',  ( 4.275393700787401663, 0.1080728346456693023, 0.1968503937007874127 ) ) ;
#439 = ADVANCED_FACE ( 'NONE', ( #4614 ), #3760, .T. ) ;
#440 = ADVANCED_FACE ( 'NONE', ( #4241 ), #5048, .T. ) ;
#441 = ORIENTED_EDGE ( 'NONE', *, *, #5602, .T. ) ;
#442 = CARTESIAN_POINT ( 'NONE',  ( 8.574606299212598870, 0.04503031496062991773, 0.1968503937007874127 ) ) ;
#443 = ORIENTED_EDGE ( 'NONE', *, *, #569, .T. ) ;
#444 = VERTEX_POINT ( 'NONE', #5016 ) ;
#445 = ORIENTED_EDGE ( 'NONE', *, *, #616, .T. ) ;
#446 = VECTOR ( 'NONE', #2995, 39.37007874015748854 ) ;
#447 = CARTESIAN_POINT ( 'NONE',  ( 8.514645669291338592, 0.08854173228346456925, 0.1968503937007874127 ) ) ;
#448 = EDGE_CURVE ( 'NONE', #3062, #3487, #254, .T. ) ;
#449 = CARTESIAN_POINT ( 'NONE',  ( 0.1391598425196850508, 4.791338582677165725, 0.1968503937007874127 ) ) ;
#450 = LINE ( 'NONE', #3503, #2172 ) ;
#451 = VERTEX_POINT ( 'NONE', #4640 ) ;
#452 = CARTESIAN_POINT ( 'NONE',  ( 12.81086614173228533, 0.1710610236220472535, 0.1968503937007874127 ) ) ;
#453 = VECTOR ( 'NONE', #1668, 39.37007874015748143 ) ;
#454 = DIRECTION ( 'NONE',  ( 0.7083262900088422853, -0.7058851655066208375, 0.000000000000000000 ) ) ;
#455 = DIRECTION ( 'NONE',  ( -0.000000000000000000, -0.000000000000000000, -1.000000000000000000 ) ) ;
#456 = CARTESIAN_POINT ( 'NONE',  ( 4.301338582677165512, 0.05712874015748031775, 0.1968503937007874127 ) ) ;
#457 = AXIS2_PLACEMENT_3D ( 'NONE', #3250, #2680, #3594 ) ;
#458 = LINE ( 'NONE', #802, #183 ) ;
#459 = CARTESIAN_POINT ( 'NONE',  ( 0.03911681102362205009, 0.1080728346456693023, 0.1968503937007874127 ) ) ;
#460 = CARTESIAN_POINT ( 'NONE',  ( 8.625590551181103294, 0.07101771653543308138, 0.1968503937007874127 ) ) ;
#461 = VECTOR ( 'NONE', #81, 39.37007874015748854 ) ;
#462 = EDGE_LOOP ( 'NONE', ( #43, #1866, #1411, #4126 ) ) ;
#463 = LINE ( 'NONE', #1297, #4661 ) ;
#464 = VECTOR ( 'NONE', #2994, 39.37007874015748143 ) ;
#465 = VECTOR ( 'NONE', #3838, 39.37007874015748143 ) ;
#466 = VECTOR ( 'NONE', #5102, 39.37007874015748854 ) ;
#467 = DIRECTION ( 'NONE',  ( -0.000000000000000000, -0.000000000000000000, -1.000000000000000000 ) ) ;
#468 = VECTOR ( 'NONE', #4872, 39.37007874015748854 ) ;
#469 = VECTOR ( 'NONE', #3911, 39.37007874015748854 ) ;
#470 = ORIENTED_EDGE ( 'NONE', *, *, #3701, .T. ) ;
#471 = EDGE_CURVE ( 'NONE', #1644, #3370, #228, .T. ) ;
#472 = CARTESIAN_POINT ( 'NONE',  ( 0.1021594488188976441, 4.905275590551180898, 0.000000000000000000 ) ) ;
#473 = ORIENTED_EDGE ( 'NONE', *, *, #3231, .F. ) ;
#474 = AXIS2_PLACEMENT_3D ( 'NONE', #3304, #4550, #2439 ) ;
#475 =( NAMED_UNIT ( * ) PLANE_ANGLE_UNIT ( ) SI_UNIT ( $, .RADIAN. ) );
#476 = EDGE_CURVE ( 'NONE', #1963, #4695, #3785, .T. ) ;
#477 = ORIENTED_EDGE ( 'NONE', *, *, #1439, .T. ) ;
#478 = ORIENTED_EDGE ( 'NONE', *, *, #3091, .T. ) ;
#479 = CARTESIAN_POINT ( 'NONE',  ( 4.357795275590551576, 4.782440944881890310, 0.000000000000000000 ) ) ;
#480 = CARTESIAN_POINT ( 'NONE',  ( 12.84787401574803312, 4.893267716535433465, 0.1968503937007874127 ) ) ;
#481 = ORIENTED_EDGE ( 'NONE', *, *, #4447, .F. ) ;
#482 = CARTESIAN_POINT ( 'NONE',  ( 8.637598425196850727, 4.842283464566929929, 0.1968503937007874127 ) ) ;
#483 = EDGE_CURVE ( 'NONE', #3693, #734, #735, .T. ) ;
#484 = EDGE_CURVE ( 'NONE', #5079, #2491, #1105, .T. ) ;
#485 = DIRECTION ( 'NONE',  ( -0.7084757933787967366, -0.7057351133366431828, 0.000000000000000000 ) ) ;
#486 = CARTESIAN_POINT ( 'NONE',  ( 4.375393700787402196, 0.05712874015748031775, 0.1968503937007874127 ) ) ;
#487 = ADVANCED_FACE ( 'NONE', ( #680 ), #1188, .T. ) ;
#488 = DIRECTION ( 'NONE',  ( -0.000000000000000000, -0.000000000000000000, -1.000000000000000000 ) ) ;
#489 = LINE ( 'NONE', #2678, #1840 ) ;
#490 = DIRECTION ( 'NONE',  ( -0.1543157444027860592, -0.9880215842932855708, 0.000000000000000000 ) ) ;
#491 = LINE ( 'NONE', #4281, #4095 ) ;
#492 = CARTESIAN_POINT ( 'NONE',  ( 0.1021051181102362315, 4.779291338582677184, 0.1968503937007874127 ) ) ;
#493 = VERTEX_POINT ( 'NONE', #5475 ) ;
#494 = DIRECTION ( 'NONE',  ( -0.4516204456943435086, 0.8922101619186156851, 0.000000000000000000 ) ) ;
#495 = CARTESIAN_POINT ( 'NONE',  ( 8.574606299212598870, 4.905275590551180898, 0.1968503937007874127 ) ) ;
#496 = ORIENTED_EDGE ( 'NONE', *, *, #476, .T. ) ;
#497 = LINE ( 'NONE', #2231, #5293 ) ;
#498 = EDGE_LOOP ( 'NONE', ( #4556, #5590, #3418, #2337 ) ) ;
#499 = DIRECTION ( 'NONE',  ( -0.1537070062818597649, -0.9881164689548839197, 0.000000000000000000 ) ) ;
#500 = ORIENTED_EDGE ( 'NONE', *, *, #720, .T. ) ;
#501 = VERTEX_POINT ( 'NONE', #1568 ) ;
#502 = CARTESIAN_POINT ( 'NONE',  ( 12.90929133858267797, 0.009602874015748032177, 0.1968503937007874127 ) ) ;
#503 = EDGE_CURVE ( 'NONE', #4663, #4952, #3307, .T. ) ;
#504 = LINE ( 'NONE', #4495, #2751 ) ;
#505 = ORIENTED_EDGE ( 'NONE', *, *, #76, .T. ) ;
#506 = LINE ( 'NONE', #3105, #2460 ) ;
#507 = CARTESIAN_POINT ( 'NONE',  ( 12.90929133858267797, 4.940708661417322567, 0.1968503937007874127 ) ) ;
#508 = EDGE_LOOP ( 'NONE', ( #5194, #69, #5296, #4754 ) ) ;
#509 = DIRECTION ( 'NONE',  ( -0.000000000000000000, -0.000000000000000000, -1.000000000000000000 ) ) ;
#510 = LINE ( 'NONE', #1397, #5215 ) ;
#511 = VECTOR ( 'NONE', #2598, 39.37007874015748143 ) ;
#512 = DIRECTION ( 'NONE',  ( 0.7071067811865059394, -0.7071067811865890951, 0.000000000000000000 ) ) ;
#513 = FACE_OUTER_BOUND ( 'NONE', #1721, .T. ) ;
#514 = DIRECTION ( 'NONE',  ( -0.8904950446498629546, 0.4549929400046101025, 0.000000000000000000 ) ) ;
#515 = CARTESIAN_POINT ( 'NONE',  ( 12.77381889763779554, 0.1590165354330708714, 0.000000000000000000 ) ) ;
#516 = ORIENTED_EDGE ( 'NONE', *, *, #1841, .F. ) ;
#517 = CARTESIAN_POINT ( 'NONE',  ( 0.1620015748031496117, 4.861771653543307536, 0.000000000000000000 ) ) ;
#518 = DIRECTION ( 'NONE',  ( 0.1582248390206373034, 0.9874031093311855800, 0.000000000000000000 ) ) ;
#519 = ADVANCED_FACE ( 'NONE', ( #4266 ), #2106, .T. ) ;
#520 = ORIENTED_EDGE ( 'NONE', *, *, #1956, .T. ) ;
#521 = DIRECTION ( 'NONE',  ( 0.7071067811865613395, -0.7071067811865335839, 0.000000000000000000 ) ) ;
#522 = ORIENTED_EDGE ( 'NONE', *, *, #2832, .T. ) ;
#523 = LINE ( 'NONE', #1805, #4746 ) ;
#524 = ORIENTED_EDGE ( 'NONE', *, *, #783, .T. ) ;
#525 = ORIENTED_EDGE ( 'NONE', *, *, #3065, .F. ) ;
#526 = DIRECTION ( 'NONE',  ( -0.4520072321735773557, 0.8920142723425347198, 0.000000000000000000 ) ) ;
#527 = DIRECTION ( 'NONE',  ( -0.9875566376330119356, 0.1572637512810249882, 0.000000000000000000 ) ) ;
#528 = VERTEX_POINT ( 'NONE', #1679 ) ;
#529 = ORIENTED_EDGE ( 'NONE', *, *, #309, .T. ) ;
#530 = DIRECTION ( 'NONE',  ( 0.8909082072302801913, -0.4541834060043674626, 0.000000000000000000 ) ) ;
#531 = EDGE_CURVE ( 'NONE', #396, #2609, #2534, .T. ) ;
#532 = DIRECTION ( 'NONE',  ( -0.000000000000000000, -0.000000000000000000, -1.000000000000000000 ) ) ;
#533 = VECTOR ( 'NONE', #740, 39.37007874015748143 ) ;
#534 = ORIENTED_EDGE ( 'NONE', *, *, #4086, .T. ) ;
#535 = CARTESIAN_POINT ( 'NONE',  ( 0.1620015748031496117, 0.08854173228346456925, 0.1968503937007874127 ) ) ;
#536 = DIRECTION ( 'NONE',  ( -0.000000000000000000, -0.000000000000000000, -1.000000000000000000 ) ) ;
#537 = PLANE ( 'NONE',  #1287 ) ;
#538 = VECTOR ( 'NONE', #151, 39.37007874015748143 ) ;
#539 = PLANE ( 'NONE',  #457 ) ;
#540 = CARTESIAN_POINT ( 'NONE',  ( 4.318897637795275912, 0.1679137795275590928, 0.1968503937007874127 ) ) ;
#541 = DIRECTION ( 'NONE',  ( -0.000000000000000000, -0.000000000000000000, -1.000000000000000000 ) ) ;
#542 = VECTOR ( 'NONE', #4996, 39.37007874015748854 ) ;
#543 = ORIENTED_EDGE ( 'NONE', *, *, #1319, .T. ) ;
#544 = DIRECTION ( 'NONE',  ( 0.7071067811865890951, 0.7071067811865059394, -0.000000000000000000 ) ) ;
#545 = DIRECTION ( 'NONE',  ( -0.000000000000000000, -0.000000000000000000, -1.000000000000000000 ) ) ;
#546 = AXIS2_PLACEMENT_3D ( 'NONE', #656, #4134, #1572 ) ;
#547 = EDGE_CURVE ( 'NONE', #4873, #4975, #2988, .T. ) ;
#548 = VERTEX_POINT ( 'NONE', #4076 ) ;
#549 = ADVANCED_FACE ( 'NONE', ( #3196 ), #3987, .T. ) ;
#550 = VECTOR ( 'NONE', #2622, 39.37007874015748854 ) ;
#551 = AXIS2_PLACEMENT_3D ( 'NONE', #3963, #4314, #5169 ) ;
#552 = AXIS2_PLACEMENT_3D ( 'NONE', #4677, #2901, #765 ) ;
#553 = CARTESIAN_POINT ( 'NONE',  ( 12.86181102362204598, 0.1450736220472441107, 0.000000000000000000 ) ) ;
#554 = ORIENTED_EDGE ( 'NONE', *, *, #4871, .T. ) ;
#555 = LINE ( 'NONE', #2293, #1808 ) ;
#556 = VECTOR ( 'NONE', #3149, 39.37007874015748143 ) ;
#557 = VECTOR ( 'NONE', #359, 39.37007874015748854 ) ;
#558 = ORIENTED_EDGE ( 'NONE', *, *, #3095, .F. ) ;
#559 = VERTEX_POINT ( 'NONE', #1025 ) ;
#560 = LINE ( 'NONE', #1809, #3022 ) ;
#561 = AXIS2_PLACEMENT_3D ( 'NONE', #1236, #4662, #3374 ) ;
#562 = CARTESIAN_POINT ( 'NONE',  ( 4.398267716535433358, 4.861771653543307536, 0.1968503937007874127 ) ) ;
#563 = ORIENTED_EDGE ( 'NONE', *, *, #2168, .T. ) ;
#564 = EDGE_LOOP ( 'NONE', ( #952, #2977, #2141, #3342 ) ) ;
#565 = FACE_OUTER_BOUND ( 'NONE', #3966, .T. ) ;
#566 = DIRECTION ( 'NONE',  ( 0.8892176836772032189, 0.4574843287324162344, -0.000000000000000000 ) ) ;
#567 = AXIS2_PLACEMENT_3D ( 'NONE', #1097, #1530, #3268 ) ;
#568 = ORIENTED_EDGE ( 'NONE', *, *, #4610, .T. ) ;
#569 = EDGE_CURVE ( 'NONE', #3945, #2428, #3166, .T. ) ;
#570 = CARTESIAN_POINT ( 'NONE',  ( 8.537598425196851082, 4.893267716535433465, 0.000000000000000000 ) ) ;
#571 = CARTESIAN_POINT ( 'NONE',  ( 4.278425196850394130, 0.08854173228346456925, 0.1968503937007874127 ) ) ;
#572 = CARTESIAN_POINT ( 'NONE',  ( 8.574606299212598870, 4.779291338582677184, 0.1968503937007874127 ) ) ;
#573 = PLANE ( 'NONE',  #2914 ) ;
#574 = CARTESIAN_POINT ( 'NONE',  ( 8.523661417322834666, 0.1450736220472441107, 0.1968503937007874127 ) ) ;
#575 = DIRECTION ( 'NONE',  ( 0.8924218088635805790, 0.4512020778594161841, 0.000000000000000000 ) ) ;
#576 = ORIENTED_EDGE ( 'NONE', *, *, #2923, .T. ) ;
#577 = CARTESIAN_POINT ( 'NONE',  ( 8.634488188976378709, 4.822874015748031873, 0.1968503937007874127 ) ) ;
#578 = CARTESIAN_POINT ( 'NONE',  ( 12.81086614173228533, 0.04503031496062991773, 0.1968503937007874127 ) ) ;
#579 = ORIENTED_EDGE ( 'NONE', *, *, #4341, .F. ) ;
#580 = CARTESIAN_POINT ( 'NONE',  ( 8.611653543307086878, 0.1590165354330708714, 0.1968503937007874127 ) ) ;
#581 = VERTEX_POINT ( 'NONE', #4938 ) ;
#582 = DIRECTION ( 'NONE',  ( -0.9881164689548839197, -0.1537070062818597649, 0.000000000000000000 ) ) ;
#583 = ORIENTED_EDGE ( 'NONE', *, *, #76, .F. ) ;
#584 = EDGE_LOOP ( 'NONE', ( #5168, #5595, #5610, #1000 ) ) ;
#585 = DIRECTION ( 'NONE',  ( 1.000000000000000000, -0.000000000000000000, -0.000000000000000000 ) ) ;
#586 = LINE ( 'NONE', #4037, #2481 ) ;
#587 = ORIENTED_EDGE ( 'NONE', *, *, #5532, .T. ) ;
#588 = EDGE_LOOP ( 'NONE', ( #2063, #4580, #3475, #1678 ) ) ;
#589 = LINE ( 'NONE', #193, #276 ) ;
#590 = ORIENTED_EDGE ( 'NONE', *, *, #799, .F. ) ;
#591 = CARTESIAN_POINT ( 'NONE',  ( 4.375393700787402196, 4.791338582677165725, 0.1968503937007874127 ) ) ;
#592 = LINE ( 'NONE', #905, #3936 ) ;
#593 = FACE_OUTER_BOUND ( 'NONE', #2981, .T. ) ;
#594 = CARTESIAN_POINT ( 'NONE',  ( 4.301338582677165512, 4.893267716535433465, 0.1968503937007874127 ) ) ;
#595 = DIRECTION ( 'NONE',  ( -0.000000000000000000, -0.000000000000000000, -1.000000000000000000 ) ) ;
#596 = CARTESIAN_POINT ( 'NONE',  ( 0.06510433070866142313, 4.893267716535433465, 0.1968503937007874127 ) ) ;
#597 = ORIENTED_EDGE ( 'NONE', *, *, #5149, .F. ) ;
#598 = CARTESIAN_POINT ( 'NONE',  ( 4.301338582677165512, 4.791338582677165725, 0.000000000000000000 ) ) ;
#599 = CARTESIAN_POINT ( 'NONE',  ( 0.06510433070866142313, 4.791338582677165725, 0.1968503937007874127 ) ) ;
#600 = EDGE_CURVE ( 'NONE', #887, #1783, #3680, .T. ) ;
#601 = ORIENTED_EDGE ( 'NONE', *, *, #1404, .T. ) ;
#602 = DIRECTION ( 'NONE',  ( -0.000000000000000000, -0.000000000000000000, -1.000000000000000000 ) ) ;
#603 = ADVANCED_FACE ( 'NONE', ( #5366 ), #2336, .T. ) ;
#604 = EDGE_CURVE ( 'NONE', #2292, #2014, #147, .T. ) ;
#605 = ORIENTED_EDGE ( 'NONE', *, *, #4513, .T. ) ;
#606 = CARTESIAN_POINT ( 'NONE',  ( 8.637598425196850727, 0.1080728346456693023, 0.1968503937007874127 ) ) ;
#607 = ORIENTED_EDGE ( 'NONE', *, *, #2018, .T. ) ;
#608 = ORIENTED_EDGE ( 'NONE', *, *, #120, .T. ) ;
#609 = DIRECTION ( 'NONE',  ( 0.4559528082269453386, -0.8900039531765925327, 0.000000000000000000 ) ) ;
#610 = LINE ( 'NONE', #3754, #1751 ) ;
#611 = ORIENTED_EDGE ( 'NONE', *, *, #2984, .F. ) ;
#612 = VERTEX_POINT ( 'NONE', #1455 ) ;
#613 = CARTESIAN_POINT ( 'NONE',  ( 0.04220905511811023220, 0.1274956692913385703, 0.1968503937007874127 ) ) ;
#614 = LENGTH_MEASURE_WITH_UNIT ( LENGTH_MEASURE( 0.02539999999999999897 ), #3757 );
#615 = VERTEX_POINT ( 'NONE', #5313 ) ;
#616 = EDGE_CURVE ( 'NONE', #2184, #3058, #1883, .T. ) ;
#617 = CARTESIAN_POINT ( 'NONE',  ( 4.318897637795275912, 4.902244094488189319, 0.1968503937007874127 ) ) ;
#618 = LINE ( 'NONE', #3727, #1111 ) ;
#619 = LINE ( 'NONE', #1046, #1824 ) ;
#620 = CARTESIAN_POINT ( 'NONE',  ( 4.338385826771653520, 4.905275590551180898, 0.1968503937007874127 ) ) ;
#621 = CARTESIAN_POINT ( 'NONE',  ( 12.87385826771653541, 4.842283464566929929, 0.000000000000000000 ) ) ;
#622 = CARTESIAN_POINT ( 'NONE',  ( 8.625590551181103294, 4.879330708661417937, 0.1968503937007874127 ) ) ;
#623 = ORIENTED_EDGE ( 'NONE', *, *, #4428, .F. ) ;
#624 = VECTOR ( 'NONE', #5104, 39.37007874015748143 ) ;
#625 = DIRECTION ( 'NONE',  ( -0.1543157444028216696, 0.9880215842932799086, 0.000000000000000000 ) ) ;
#626 = ORIENTED_EDGE ( 'NONE', *, *, #1981, .F. ) ;
#627 = DIRECTION ( 'NONE',  ( -0.000000000000000000, -0.000000000000000000, -1.000000000000000000 ) ) ;
#628 = VECTOR ( 'NONE', #5598, 39.37007874015748143 ) ;
#629 = EDGE_LOOP ( 'NONE', ( #1587, #4490, #3167, #5180 ) ) ;
#630 = ADVANCED_FACE ( 'NONE', ( #4905 ), #5424, .T. ) ;
#631 = LINE ( 'NONE', #2773, #1191 ) ;
#632 = VECTOR ( 'NONE', #5242, 39.37007874015748854 ) ;
#634 = CLOSED_SHELL ( 'NONE', ( #3123, #3251, #1899, #5583, #5232, #3640, #3988, #4944, #4423, #3083, #5128, #5468, #4130, #4523, #4887, #2673, #3599, #2765, #1672, #4819, #1785, #5053, #2475, #4518, #4322, #2043, #4437, #723, #630, #4997, #1382, #3422, #5205, #1083, #439, #317, #4539, #3163, #4403, #4804, #4158, #3639, #1706, #3515, #3756, #962, #2071, #4856, #1828, #416, #3807, #4046, #4849, #3634, #2855, #4106, #3923, #2877, #2263, #5422, #201, #549, #1940, #2852, #46, #5015, #519, #4013, #1244, #4232, #1630, #3283, #4570, #730, #1862, #440, #796, #1355, #5248, #1839, #1210, #5174, #3938, #2422, #679, #1062, #5364, #195, #2415, #1272, #746, #2725, #4874, #2579, #3885, #3943, #1182, #859, #5457, #2392, #2672, #3519, #4656, #4248, #891, #1233, #4103, #1048, #4582, #603, #320, #2628, #4024, #4169, #5491, #2278, #4945, #2129, #2217, #5243, #2747, #714, #5276, #2283, #4347, #2345, #4282, #3385, #2224, #5430, #3725, #2530, #3862, #816, #3812, #4597, #5197, #3934, #2947, #2316, #2150, #487, #3175, #2807, #3999, #3415, #3933, #2709, #4236, #2659, #3979, #2456, #2402, #1865, #3553, #2004, #2241, #881, #203, #4657, #892, #2055, #5497, #131, #3267, #4951, #2209, #4892, #2323, #84 ) ) ;
#633 = ORIENTED_EDGE ( 'NONE', *, *, #2915, .F. ) ;
#635 = DIRECTION ( 'NONE',  ( 0.7071167641288979011, 0.7070967981032558747, 0.000000000000000000 ) ) ;
#636 = EDGE_CURVE ( 'NONE', #299, #1591, #5338, .T. ) ;
#637 = VECTOR ( 'NONE', #1354, 39.37007874015748143 ) ;
#638 = ORIENTED_EDGE ( 'NONE', *, *, #4411, .T. ) ;
#639 = VECTOR ( 'NONE', #1686, 39.37007874015748143 ) ;
#640 = ORIENTED_EDGE ( 'NONE', *, *, #2676, .T. ) ;
#641 = DIRECTION ( 'NONE',  ( -1.000000000000000000, 0.000000000000000000, -0.000000000000000000 ) ) ;
#642 = CARTESIAN_POINT ( 'NONE',  ( 12.84787401574803312, 4.791338582677165725, 0.1968503937007874127 ) ) ;
#643 = ORIENTED_EDGE ( 'NONE', *, *, #1240, .F. ) ;
#644 = AXIS2_PLACEMENT_3D ( 'NONE', #3084, #4048, #3569 ) ;
#645 = AXIS2_PLACEMENT_3D ( 'NONE', #2982, #727, #3779 ) ;
#646 = VECTOR ( 'NONE', #652, 39.37007874015748854 ) ;
#647 = CARTESIAN_POINT ( 'NONE',  ( 8.611653543307086878, 4.893267716535433465, 0.000000000000000000 ) ) ;
#648 = FACE_OUTER_BOUND ( 'NONE', #2243, .T. ) ;
#649 = VERTEX_POINT ( 'NONE', #992 ) ;
#650 = VECTOR ( 'NONE', #1418, 39.37007874015748143 ) ;
#651 = VECTOR ( 'NONE', #437, 39.37007874015748143 ) ;
#652 = DIRECTION ( 'NONE',  ( -0.1576014570290688865, 0.9875028003718846481, 0.000000000000000000 ) ) ;
#653 = CARTESIAN_POINT ( 'NONE',  ( 8.555118110236222151, 4.782440944881890310, 0.1968503937007874127 ) ) ;
#654 = CARTESIAN_POINT ( 'NONE',  ( 4.389330708661417724, 4.879330708661417937, 0.000000000000000000 ) ) ;
#655 = EDGE_CURVE ( 'NONE', #1758, #444, #4506, .T. ) ;
#656 = CARTESIAN_POINT ( 'NONE',  ( 8.511614173228347013, 4.842283464566929929, 0.1968503937007874127 ) ) ;
#657 = EDGE_CURVE ( 'NONE', #3150, #866, #1826, .T. ) ;
#658 = VECTOR ( 'NONE', #5333, 39.37007874015748854 ) ;
#659 = EDGE_CURVE ( 'NONE', #247, #2567, #3652, .T. ) ;
#660 = LINE ( 'NONE', #5451, #11 ) ;
#661 = CARTESIAN_POINT ( 'NONE',  ( 4.338385826771653520, 0.1710610236220472535, 0.1968503937007874127 ) ) ;
#662 = ORIENTED_EDGE ( 'NONE', *, *, #4229, .F. ) ;
#663 = LINE ( 'NONE', #1544, #2022 ) ;
#664 = ORIENTED_EDGE ( 'NONE', *, *, #2915, .T. ) ;
#665 = DIRECTION ( 'NONE',  ( -0.8922182138893378633, 0.4516045380685624333, 0.000000000000000000 ) ) ;
#666 = VERTEX_POINT ( 'NONE', #964 ) ;
#667 = PLANE ( 'NONE',  #561 ) ;
#668 = ORIENTED_EDGE ( 'NONE', *, *, #3864, .F. ) ;
#669 = LINE ( 'NONE', #1034, #5633 ) ;
#670 = EDGE_CURVE ( 'NONE', #1361, #3758, #4966, .T. ) ;
#671 = ORIENTED_EDGE ( 'NONE', *, *, #2269, .T. ) ;
#672 = VERTEX_POINT ( 'NONE', #2705 ) ;
#673 = EDGE_CURVE ( 'NONE', #3585, #1989, #1517, .T. ) ;
#674 = CARTESIAN_POINT ( 'NONE',  ( 8.625590551181103294, 0.07101771653543308138, 0.000000000000000000 ) ) ;
#675 = DIRECTION ( 'NONE',  ( -0.000000000000000000, -0.000000000000000000, -1.000000000000000000 ) ) ;
#676 = ORIENTED_EDGE ( 'NONE', *, *, #1371, .F. ) ;
#677 = SURFACE_STYLE_USAGE ( .BOTH. , #4555 ) ;
#678 = ORIENTED_EDGE ( 'NONE', *, *, #4462, .T. ) ;
#679 = ADVANCED_FACE ( 'NONE', ( #4992 ), #2824, .T. ) ;
#680 = FACE_OUTER_BOUND ( 'NONE', #45, .T. ) ;
#681 = DIRECTION ( 'NONE',  ( -0.1597243542218899914, 0.9871616537672035507, 0.000000000000000000 ) ) ;
#682 = CARTESIAN_POINT ( 'NONE',  ( 12.87070866141732317, 4.861771653543307536, 0.1968503937007874127 ) ) ;
#683 = CARTESIAN_POINT ( 'NONE',  ( 8.625590551181103294, 4.879330708661417937, 0.1968503937007874127 ) ) ;
#684 = CARTESIAN_POINT ( 'NONE',  ( 4.357795275590551576, 0.1679137795275590928, 0.1968503937007874127 ) ) ;
#685 = PLANE ( 'NONE',  #2472 ) ;
#686 = EDGE_LOOP ( 'NONE', ( #2320, #1214, #4546, #5030 ) ) ;
#687 = DIRECTION ( 'NONE',  ( 0.4543163942505795139, 0.8908403975545519105, 0.000000000000000000 ) ) ;
#688 = ORIENTED_EDGE ( 'NONE', *, *, #1566, .F. ) ;
#689 = PLANE ( 'NONE',  #273 ) ;
#690 = ORIENTED_EDGE ( 'NONE', *, *, #2018, .F. ) ;
#691 = FACE_OUTER_BOUND ( 'NONE', #2785, .T. ) ;
#692 = ORIENTED_EDGE ( 'NONE', *, *, #379, .T. ) ;
#693 = LINE ( 'NONE', #2498, #2714 ) ;
#694 = EDGE_CURVE ( 'NONE', #4080, #4171, #3570, .T. ) ;
#695 = ORIENTED_EDGE ( 'NONE', *, *, #1251, .F. ) ;
#696 = VERTEX_POINT ( 'NONE', #2282 ) ;
#697 = FACE_OUTER_BOUND ( 'NONE', #1352, .T. ) ;
#698 = LINE ( 'NONE', #1589, #1662 ) ;
#699 = ORIENTED_EDGE ( 'NONE', *, *, #1396, .F. ) ;
#700 = SURFACE_STYLE_FILL_AREA ( #2898 ) ;
#701 = ORIENTED_EDGE ( 'NONE', *, *, #4911, .T. ) ;
#702 = ORIENTED_EDGE ( 'NONE', *, *, #3572, .F. ) ;
#703 = CARTESIAN_POINT ( 'NONE',  ( 12.87385826771653541, 4.842283464566929929, 0.1968503937007874127 ) ) ;
#704 = LINE ( 'NONE', #4641, #2121 ) ;
#705 = LINE ( 'NONE', #3249, #1901 ) ;
#706 = CARTESIAN_POINT ( 'NONE',  ( 12.77381889763779554, 4.791338582677165725, 0.1968503937007874127 ) ) ;
#707 = EDGE_CURVE ( 'NONE', #612, #5611, #1198, .T. ) ;
#708 = DIRECTION ( 'NONE',  ( 0.1593515750220751426, -0.9872218978213478380, 0.000000000000000000 ) ) ;
#709 = CARTESIAN_POINT ( 'NONE',  ( 8.594055118110235369, 4.902244094488189319, 0.000000000000000000 ) ) ;
#710 = ORIENTED_EDGE ( 'NONE', *, *, #5425, .T. ) ;
#711 = LINE ( 'NONE', #2427, #1567 ) ;
#712 = ORIENTED_EDGE ( 'NONE', *, *, #4787, .F. ) ;
#713 = LINE ( 'NONE', #1143, #815 ) ;
#714 = ADVANCED_FACE ( 'NONE', ( #4566 ), #1541, .T. ) ;
#715 = VECTOR ( 'NONE', #3333, 39.37007874015748854 ) ;
#716 = VERTEX_POINT ( 'NONE', #4683 ) ;
#717 = DIRECTION ( 'NONE',  ( -0.000000000000000000, -0.000000000000000000, -1.000000000000000000 ) ) ;
#718 = ORIENTED_EDGE ( 'NONE', *, *, #2585, .F. ) ;
#719 = CARTESIAN_POINT ( 'NONE',  ( 8.514645669291338592, 0.08854173228346456925, 0.1968503937007874127 ) ) ;
#720 = EDGE_CURVE ( 'NONE', #3709, #2609, #771, .T. ) ;
#721 = VECTOR ( 'NONE', #1579, 39.37007874015748854 ) ;
#722 = EDGE_CURVE ( 'NONE', #1350, #4667, #2516, .T. ) ;
#723 = ADVANCED_FACE ( 'NONE', ( #2451 ), #347, .T. ) ;
#724 = EDGE_LOOP ( 'NONE', ( #2775, #1380, #3401, #3045 ) ) ;
#725 = VERTEX_POINT ( 'NONE', #5563 ) ;
#726 = AXIS2_PLACEMENT_3D ( 'NONE', #1042, #4436, #5388 ) ;
#727 = DIRECTION ( 'NONE',  ( -0.9871200097434397192, 0.1599815188204922189, 0.000000000000000000 ) ) ;
#728 = DIRECTION ( 'NONE',  ( -0.8920142723425347198, -0.4520072321735773557, 0.000000000000000000 ) ) ;
#729 = ORIENTED_EDGE ( 'NONE', *, *, #3301, .T. ) ;
#730 = ADVANCED_FACE ( 'NONE', ( #3313 ), #3766, .T. ) ;
#731 = VECTOR ( 'NONE', #1905, 39.37007874015748143 ) ;
#732 = LINE ( 'NONE', #3417, #98 ) ;
#733 = ORIENTED_EDGE ( 'NONE', *, *, #239, .F. ) ;
#734 = VERTEX_POINT ( 'NONE', #3398 ) ;
#735 = LINE ( 'NONE', #5445, #466 ) ;
#736 = PLANE ( 'NONE',  #1384 ) ;
#737 = VECTOR ( 'NONE', #775, 39.37007874015748854 ) ;
#738 = AXIS2_PLACEMENT_3D ( 'NONE', #4454, #2291, #3522 ) ;
#739 = AXIS2_PLACEMENT_3D ( 'NONE', #2418, #3726, #4153 ) ;
#740 = DIRECTION ( 'NONE',  ( -0.000000000000000000, -0.000000000000000000, -1.000000000000000000 ) ) ;
#741 = CARTESIAN_POINT ( 'NONE',  ( 8.537598425196851082, 4.791338582677165725, 0.1968503937007874127 ) ) ;
#742 = CARTESIAN_POINT ( 'NONE',  ( 12.79133858267716484, 0.1679137795275590928, 0.1968503937007874127 ) ) ;
#743 = VECTOR ( 'NONE', #1207, 39.37007874015748854 ) ;
#744 = FACE_OUTER_BOUND ( 'NONE', #5580, .T. ) ;
#745 = LINE ( 'NONE', #3818, #2098 ) ;
#746 = ADVANCED_FACE ( 'NONE', ( #5055 ), #5142, .T. ) ;
#747 = CARTESIAN_POINT ( 'NONE',  ( 4.275393700787401663, 0.1080728346456693023, 0.1968503937007874127 ) ) ;
#748 = ORIENTED_EDGE ( 'NONE', *, *, #3688, .T. ) ;
#749 = VECTOR ( 'NONE', #1363, 39.37007874015748143 ) ;
#750 = CARTESIAN_POINT ( 'NONE',  ( 0.05116102362204725390, 4.879330708661417937, 0.1968503937007874127 ) ) ;
#751 = VECTOR ( 'NONE', #3790, 39.37007874015748854 ) ;
#752 = ORIENTED_EDGE ( 'NONE', *, *, #1420, .F. ) ;
#753 = FACE_OUTER_BOUND ( 'NONE', #3395, .T. ) ;
#754 = EDGE_LOOP ( 'NONE', ( #4430, #3154, #1971, #5100 ) ) ;
#755 = CARTESIAN_POINT ( 'NONE',  ( 8.555118110236222151, 0.1679137795275590928, 0.000000000000000000 ) ) ;
#756 = ORIENTED_EDGE ( 'NONE', *, *, #61, .F. ) ;
#757 = ORIENTED_EDGE ( 'NONE', *, *, #3056, .F. ) ;
#758 = CARTESIAN_POINT ( 'NONE',  ( 0.04220905511811023220, 0.08854173228346456925, 0.1968503937007874127 ) ) ;
#759 = FACE_OUTER_BOUND ( 'NONE', #1246, .T. ) ;
#760 = ORIENTED_EDGE ( 'NONE', *, *, #1916, .F. ) ;
#761 = APPLICATION_CONTEXT ( 'automotive_design' ) ;
#762 = CARTESIAN_POINT ( 'NONE',  ( 12.74783464566929148, 0.1080728346456693023, 0.1968503937007874127 ) ) ;
#763 = VERTEX_POINT ( 'NONE', #2488 ) ;
#764 = ORIENTED_EDGE ( 'NONE', *, *, #1141, .T. ) ;
#765 = DIRECTION ( 'NONE',  ( -0.8904950446498858252, 0.4549929400045650829, 0.000000000000000000 ) ) ;
#766 = CARTESIAN_POINT ( 'NONE',  ( 4.357795275590551576, 0.1679137795275590928, 0.1968503937007874127 ) ) ;
#767 = DIRECTION ( 'NONE',  ( -0.7069569863009588229, 0.7072565443460144818, 0.000000000000000000 ) ) ;
#768 = FACE_OUTER_BOUND ( 'NONE', #5229, .T. ) ;
#769 = EDGE_CURVE ( 'NONE', #4435, #1688, #296, .T. ) ;
#770 = CARTESIAN_POINT ( 'NONE',  ( 8.634488188976378709, 4.861771653543307536, 0.1968503937007874127 ) ) ;
#771 = LINE ( 'NONE', #4619, #1212 ) ;
#772 = CARTESIAN_POINT ( 'NONE',  ( 0.1215818897637795243, 0.04817716535433071157, 0.1968503937007874127 ) ) ;
#773 = VERTEX_POINT ( 'NONE', #2425 ) ;
#774 = FACE_OUTER_BOUND ( 'NONE', #5448, .T. ) ;
#775 = DIRECTION ( 'NONE',  ( -0.9871585027858534866, 0.1597438273536471998, 0.000000000000000000 ) ) ;
#776 = VERTEX_POINT ( 'NONE', #2029 ) ;
#777 = DIRECTION ( 'NONE',  ( 0.1581185208565652478, -0.9874201402453425258, 0.000000000000000000 ) ) ;
#778 = VERTEX_POINT ( 'NONE', #4594 ) ;
#779 = CARTESIAN_POINT ( 'NONE',  ( 4.398267716535433358, 4.822874015748031873, 0.000000000000000000 ) ) ;
#780 = EDGE_CURVE ( 'NONE', #3176, #5459, #2396, .T. ) ;
#781 = ORIENTED_EDGE ( 'NONE', *, *, #3876, .F. ) ;
#782 = EDGE_LOOP ( 'NONE', ( #1533, #5455, #1138, #2916 ) ) ;
#783 = EDGE_CURVE ( 'NONE', #1328, #3066, #234, .T. ) ;
#784 = DIRECTION ( 'NONE',  ( 0.9871395892538341599, 0.1598606622273645861, 0.000000000000000000 ) ) ;
#785 = ORIENTED_EDGE ( 'NONE', *, *, #5018, .F. ) ;
#786 = EDGE_CURVE ( 'NONE', #4975, #4171, #5452, .T. ) ;
#787 = EDGE_CURVE ( 'NONE', #4995, #410, #5082, .T. ) ;
#788 = DIRECTION ( 'NONE',  ( 0.7072565443460006041, 0.7069569863009725896, 0.000000000000000000 ) ) ;
#789 = VERTEX_POINT ( 'NONE', #1165 ) ;
#790 = VERTEX_POINT ( 'NONE', #2858 ) ;
#791 = DIRECTION ( 'NONE',  ( -0.000000000000000000, -0.000000000000000000, -1.000000000000000000 ) ) ;
#792 = PLANE ( 'NONE',  #3375 ) ;
#793 = CARTESIAN_POINT ( 'NONE',  ( 12.87070866141732317, 0.1274956692913385703, 0.1968503937007874127 ) ) ;
#794 = ORIENTED_EDGE ( 'NONE', *, *, #1794, .T. ) ;
#795 = LINE ( 'NONE', #2643, #1274 ) ;
#796 = ADVANCED_FACE ( 'NONE', ( #744 ), #685, .T. ) ;
#797 = CARTESIAN_POINT ( 'NONE',  ( 8.574606299212598870, 0.04503031496062991773, 0.1968503937007874127 ) ) ;
#798 = CARTESIAN_POINT ( 'NONE',  ( 4.389330708661417724, 4.879330708661417937, 0.1968503937007874127 ) ) ;
#799 = EDGE_CURVE ( 'NONE', #1947, #1116, #261, .T. ) ;
#800 = PLANE ( 'NONE',  #3735 ) ;
#801 = ORIENTED_EDGE ( 'NONE', *, *, #4279, .F. ) ;
#802 = CARTESIAN_POINT ( 'NONE',  ( 4.398267716535433358, 4.822874015748031873, 0.1968503937007874127 ) ) ;
#803 = DIRECTION ( 'NONE',  ( -0.7069569863009310673, 0.7072565443460422374, 0.000000000000000000 ) ) ;
#804 = EDGE_CURVE ( 'NONE', #2084, #355, #2057, .T. ) ;
#805 = DIRECTION ( 'NONE',  ( -0.8916497258679400018, 0.4527259285258880550, 0.000000000000000000 ) ) ;
#806 = ORIENTED_EDGE ( 'NONE', *, *, #5525, .T. ) ;
#807 = CARTESIAN_POINT ( 'NONE',  ( 4.287362204724409764, 0.1450736220472441107, 0.1968503937007874127 ) ) ;
#808 = PLANE ( 'NONE',  #4730 ) ;
#809 = EDGE_CURVE ( 'NONE', #763, #2561, #903, .T. ) ;
#810 = EDGE_LOOP ( 'NONE', ( #4213, #5356, #3334, #1351 ) ) ;
#811 = CARTESIAN_POINT ( 'NONE',  ( 4.278425196850394130, 0.1274956692913385703, 0.1968503937007874127 ) ) ;
#812 = VECTOR ( 'NONE', #5218, 39.37007874015748143 ) ;
#813 = EDGE_LOOP ( 'NONE', ( #845, #5544, #1482, #4577, #2948, #849, #710, #108, #1806, #2367, #3856, #4700, #607, #2347, #1478, #1305, #215, #2300, #930, #5342 ) ) ;
#814 = CARTESIAN_POINT ( 'NONE',  ( 8.625590551181103294, 0.1450736220472441107, 0.000000000000000000 ) ) ;
#815 = VECTOR ( 'NONE', #3318, 39.37007874015748854 ) ;
#816 = ADVANCED_FACE ( 'NONE', ( #2572 ), #4389, .T. ) ;
#817 = VERTEX_POINT ( 'NONE', #3054 ) ;
#818 = ORIENTED_EDGE ( 'NONE', *, *, #1204, .T. ) ;
#819 = CARTESIAN_POINT ( 'NONE',  ( 0.1215818897637795243, 0.1679137795275590928, 0.000000000000000000 ) ) ;
#820 = CARTESIAN_POINT ( 'NONE',  ( 0.05116102362204725390, 0.1450736220472441107, 0.000000000000000000 ) ) ;
#821 = ORIENTED_EDGE ( 'NONE', *, *, #1534, .T. ) ;
#822 = VECTOR ( 'NONE', #4337, 39.37007874015748854 ) ;
#823 = VECTOR ( 'NONE', #1600, 39.37007874015748854 ) ;
#824 = PLANE ( 'NONE',  #1178 ) ;
#825 = CARTESIAN_POINT ( 'NONE',  ( 0.1391598425196850508, 4.791338582677165725, 0.000000000000000000 ) ) ;
#826 = DIRECTION ( 'NONE',  ( 0.7061087491104321989, 0.7081034065937692468, -0.000000000000000000 ) ) ;
#827 = AXIS2_PLACEMENT_3D ( 'NONE', #3137, #3161, #512 ) ;
#828 = CARTESIAN_POINT ( 'NONE',  ( 12.47618110236220446, 0.6001496062992126568, 0.000000000000000000 ) ) ;
#829 = ORIENTED_EDGE ( 'NONE', *, *, #5288, .T. ) ;
#830 = EDGE_CURVE ( 'NONE', #4873, #4080, #5618, .T. ) ;
#831 = CARTESIAN_POINT ( 'NONE',  ( 4.287362204724409764, 4.879330708661417937, 0.1968503937007874127 ) ) ;
#832 = FACE_OUTER_BOUND ( 'NONE', #3050, .T. ) ;
#833 = EDGE_CURVE ( 'NONE', #1531, #2211, #3937, .T. ) ;
#834 = VECTOR ( 'NONE', #2559, 39.37007874015748854 ) ;
#835 = VECTOR ( 'NONE', #3577, 39.37007874015748143 ) ;
#836 = LINE ( 'NONE', #7, #4375 ) ;
#837 = VECTOR ( 'NONE', #1714, 39.37007874015748854 ) ;
#838 = LINE ( 'NONE', #2006, #198 ) ;
#839 = LINE ( 'NONE', #4821, #2910 ) ;
#840 = PRODUCT_DEFINITION_FORMATION_WITH_SPECIFIED_SOURCE ( 'ANY', '', #4524, .NOT_KNOWN. ) ;
#841 = AXIS2_PLACEMENT_3D ( 'NONE', #2045, #3354, #4901 ) ;
#842 = ORIENTED_EDGE ( 'NONE', *, *, #787, .F. ) ;
#843 = LINE ( 'NONE', #4749, #3380 ) ;
#844 = EDGE_CURVE ( 'NONE', #2951, #716, #5190, .T. ) ;
#845 = ORIENTED_EDGE ( 'NONE', *, *, #655, .T. ) ;
#846 = EDGE_CURVE ( 'NONE', #4093, #776, #407, .T. ) ;
#847 = DIRECTION ( 'NONE',  ( 0.9870883714087316241, 0.1601766119933176746, 0.000000000000000000 ) ) ;
#848 = VERTEX_POINT ( 'NONE', #486 ) ;
#849 = ORIENTED_EDGE ( 'NONE', *, *, #1995, .T. ) ;
#850 = CARTESIAN_POINT ( 'NONE',  ( 12.83027559055118338, 0.04817716535433071157, 0.1968503937007874127 ) ) ;
#851 = DIRECTION ( 'NONE',  ( 0.7072665251725597235, -0.7069470011042785496, 0.000000000000000000 ) ) ;
#852 = CARTESIAN_POINT ( 'NONE',  ( 8.523661417322834666, 0.07101771653543308138, 0.1968503937007874127 ) ) ;
#853 = ORIENTED_EDGE ( 'NONE', *, *, #5361, .F. ) ;
#854 = FACE_OUTER_BOUND ( 'NONE', #2928, .T. ) ;
#855 = EDGE_CURVE ( 'NONE', #2111, #5155, #3451, .T. ) ;
#856 = CARTESIAN_POINT ( 'NONE',  ( 4.398267716535433358, 0.08854173228346456925, 0.1968503937007874127 ) ) ;
#857 = DIRECTION ( 'NONE',  ( 0.7069470011042786606, 0.7072665251725598345, -0.000000000000000000 ) ) ;
#858 = CARTESIAN_POINT ( 'NONE',  ( 8.555118110236222151, 0.04817716535433071157, 0.1968503937007874127 ) ) ;
#859 = ADVANCED_FACE ( 'NONE', ( #1736 ), #2219, .T. ) ;
#860 = ORIENTED_EDGE ( 'NONE', *, *, #1218, .T. ) ;
#861 = CARTESIAN_POINT ( 'NONE',  ( 0.003743488188976378059, 0.009602874015748032177, 0.000000000000000000 ) ) ;
#862 = CARTESIAN_POINT ( 'NONE',  ( 12.83027559055118338, 0.1679137795275590928, 0.1968503937007874127 ) ) ;
#863 = DIRECTION ( 'NONE',  ( 0.7071067811865335839, -0.7071067811865613395, 0.000000000000000000 ) ) ;
#864 = DIRECTION ( 'NONE',  ( 0.7071067811865059394, 0.7071067811865890951, 0.000000000000000000 ) ) ;
#865 = DIRECTION ( 'NONE',  ( -0.000000000000000000, -0.000000000000000000, -1.000000000000000000 ) ) ;
#866 = VERTEX_POINT ( 'NONE', #5166 ) ;
#867 = CARTESIAN_POINT ( 'NONE',  ( 12.79133858267716484, 0.04817716535433071157, 0.1968503937007874127 ) ) ;
#868 = EDGE_LOOP ( 'NONE', ( #4606, #3203, #2931, #2675, #3151, #4525, #2552, #948, #640, #1253, #4097, #1725, #443, #701, #1441, #2500, #3155, #2444, #4374, #894 ) ) ;
#869 = ORIENTED_EDGE ( 'NONE', *, *, #2153, .T. ) ;
#870 = ORIENTED_EDGE ( 'NONE', *, *, #2083, .T. ) ;
#871 = DIRECTION ( 'NONE',  ( -0.1542119231227193077, -0.9880377941995905910, 0.000000000000000000 ) ) ;
#872 = CARTESIAN_POINT ( 'NONE',  ( 12.87385826771653541, 0.1080728346456693023, 0.000000000000000000 ) ) ;
#873 = CARTESIAN_POINT ( 'NONE',  ( 8.523661417322834666, 4.805275590551181253, 0.1968503937007874127 ) ) ;
#874 = VERTEX_POINT ( 'NONE', #1312 ) ;
#875 = DIRECTION ( 'NONE',  ( 0.8916045487671796499, -0.4528148944300241507, 0.000000000000000000 ) ) ;
#876 = LINE ( 'NONE', #4357, #2924 ) ;
#877 = DIRECTION ( 'NONE',  ( -0.7072665251725597235, 0.7069470011042785496, 0.000000000000000000 ) ) ;
#878 = CARTESIAN_POINT ( 'NONE',  ( 8.574606299212598870, 4.905275590551180898, 0.1968503937007874127 ) ) ;
#879 = LINE ( 'NONE', #4767, #5285 ) ;
#880 = CARTESIAN_POINT ( 'NONE',  ( 4.398267716535433358, 0.1274956692913385703, 0.1968503937007874127 ) ) ;
#881 = ADVANCED_FACE ( 'NONE', ( #4810 ), #4789, .T. ) ;
#882 = DIRECTION ( 'NONE',  ( 0.1563763198671320742, -0.9876975481314167471, 0.000000000000000000 ) ) ;
#883 = ORIENTED_EDGE ( 'NONE', *, *, #175, .T. ) ;
#884 = PLANE ( 'NONE',  #3568 ) ;
#885 = CARTESIAN_POINT ( 'NONE',  ( 12.75090551181102505, 0.08854173228346456925, 0.000000000000000000 ) ) ;
#886 = EDGE_CURVE ( 'NONE', #4405, #4467, #3029, .T. ) ;
#887 = VERTEX_POINT ( 'NONE', #4333 ) ;
#888 = LINE ( 'NONE', #44, #4015 ) ;
#889 = EDGE_CURVE ( 'NONE', #1688, #2587, #4732, .T. ) ;
#890 = EDGE_LOOP ( 'NONE', ( #1037, #101, #3300, #48 ) ) ;
#891 = ADVANCED_FACE ( 'NONE', ( #430 ), #3960, .T. ) ;
#892 = ADVANCED_FACE ( 'NONE', ( #5245 ), #1787, .T. ) ;
#893 = LENGTH_MEASURE_WITH_UNIT ( LENGTH_MEASURE( 0.02539999999999999897 ), #4000 );
#894 = ORIENTED_EDGE ( 'NONE', *, *, #2548, .T. ) ;
#895 = EDGE_LOOP ( 'NONE', ( #927, #662, #1325, #543 ) ) ;
#896 = VECTOR ( 'NONE', #3715, 39.37007874015748143 ) ;
#897 = CARTESIAN_POINT ( 'NONE',  ( 12.75988188976378090, 0.1450736220472441107, 0.1968503937007874127 ) ) ;
#898 = DIRECTION ( 'NONE',  ( 0.4538115675396488524, 0.8910976720692332931, 0.000000000000000000 ) ) ;
#899 = ORIENTED_EDGE ( 'NONE', *, *, #4775, .F. ) ;
#900 = PLANE ( 'NONE',  #3010 ) ;
#901 = VECTOR ( 'NONE', #3991, 39.37007874015748854 ) ;
#902 = DIRECTION ( 'NONE',  ( -0.4520072321735773557, 0.8920142723425347198, 0.000000000000000000 ) ) ;
#903 = LINE ( 'NONE', #1285, #4270 ) ;
#904 = CARTESIAN_POINT ( 'NONE',  ( 0.1620015748031496117, 4.861771653543307536, 0.1968503937007874127 ) ) ;
#905 = CARTESIAN_POINT ( 'NONE',  ( 4.287362204724409764, 0.1450736220472441107, 0.000000000000000000 ) ) ;
#906 = VECTOR ( 'NONE', #3529, 39.37007874015748854 ) ;
#907 = PLANE ( 'NONE',  #3287 ) ;
#908 = CARTESIAN_POINT ( 'NONE',  ( 8.537598425196851082, 4.791338582677165725, 0.1968503937007874127 ) ) ;
#909 = CARTESIAN_POINT ( 'NONE',  ( 8.611653543307086878, 0.05712874015748031775, 0.1968503937007874127 ) ) ;
#910 = VECTOR ( 'NONE', #4477, 39.37007874015748854 ) ;
#911 = VECTOR ( 'NONE', #509, 39.37007874015748143 ) ;
#912 = VERTEX_POINT ( 'NONE', #798 ) ;
#913 = EDGE_CURVE ( 'NONE', #848, #4472, #2540, .T. ) ;
#914 = LINE ( 'NONE', #3967, #5211 ) ;
#915 = AXIS2_PLACEMENT_3D ( 'NONE', #5617, #54, #3559 ) ;
#916 = VECTOR ( 'NONE', #3866, 39.37007874015748143 ) ;
#917 = CARTESIAN_POINT ( 'NONE',  ( 4.389330708661417724, 4.805275590551181253, 0.1968503937007874127 ) ) ;
#918 = EDGE_CURVE ( 'NONE', #1651, #4719, #375, .T. ) ;
#919 = AXIS2_PLACEMENT_3D ( 'NONE', #762, #1698, #3893 ) ;
#920 = VECTOR ( 'NONE', #2683, 39.37007874015748143 ) ;
#921 = ORIENTED_EDGE ( 'NONE', *, *, #5073, .F. ) ;
#922 = CARTESIAN_POINT ( 'NONE',  ( 0.4761299212598425479, 4.350196850393701631, 0.000000000000000000 ) ) ;
#923 = ORIENTED_EDGE ( 'NONE', *, *, #3686, .T. ) ;
#924 = AXIS2_PLACEMENT_3D ( 'NONE', #5239, #527, #1389 ) ;
#925 = DIRECTION ( 'NONE',  ( -0.4551814095324029363, -0.8903987221554704456, 0.000000000000000000 ) ) ;
#926 = EDGE_LOOP ( 'NONE', ( #5383, #633, #1629, #5428, #5258, #3290, #3044, #4139, #4864, #2417, #1604, #5130, #1267, #4779, #2983, #2696, #184, #2826, #1402, #4039 ) ) ;
#927 = ORIENTED_EDGE ( 'NONE', *, *, #4346, .F. ) ;
#928 = DIRECTION ( 'NONE',  ( -0.000000000000000000, -0.000000000000000000, -1.000000000000000000 ) ) ;
#929 = LINE ( 'NONE', #2412, #1573 ) ;
#930 = ORIENTED_EDGE ( 'NONE', *, *, #4823, .T. ) ;
#931 = LINE ( 'NONE', #2240, #2011 ) ;
#932 = DIRECTION ( 'NONE',  ( -0.7057351133366431828, 0.7084757933787967366, 0.000000000000000000 ) ) ;
#933 = ORIENTED_EDGE ( 'NONE', *, *, #5380, .T. ) ;
#934 = DIRECTION ( 'NONE',  ( -0.000000000000000000, -0.000000000000000000, -1.000000000000000000 ) ) ;
#935 = DIRECTION ( 'NONE',  ( -0.1598740818379245643, 0.9871374159439406659, 0.000000000000000000 ) ) ;
#936 = DIRECTION ( 'NONE',  ( -0.4533763750535910741, 0.8913191698506577332, 0.000000000000000000 ) ) ;
#937 = CARTESIAN_POINT ( 'NONE',  ( 4.275393700787401663, 0.1080728346456693023, 0.1968503937007874127 ) ) ;
#938 = EDGE_CURVE ( 'NONE', #2507, #2942, #3427, .T. ) ;
#939 = LINE ( 'NONE', #3140, #3834 ) ;
#940 = VERTEX_POINT ( 'NONE', #257 ) ;
#941 = LINE ( 'NONE', #3540, #5032 ) ;
#942 = LINE ( 'NONE', #2684, #4817 ) ;
#943 = VERTEX_POINT ( 'NONE', #5531 ) ;
#944 = LINE ( 'NONE', #1381, #2287 ) ;
#945 = VERTEX_POINT ( 'NONE', #3763 ) ;
#946 = EDGE_CURVE ( 'NONE', #1361, #4210, #1966, .T. ) ;
#947 = ORIENTED_EDGE ( 'NONE', *, *, #4830, .T. ) ;
#948 = ORIENTED_EDGE ( 'NONE', *, *, #4691, .T. ) ;
#949 = LINE ( 'NONE', #1759, #4376 ) ;
#950 = PLANE ( 'NONE',  #5397 ) ;
#951 = ORIENTED_EDGE ( 'NONE', *, *, #2922, .T. ) ;
#952 = ORIENTED_EDGE ( 'NONE', *, *, #5317, .F. ) ;
#953 = DIRECTION ( 'NONE',  ( 0.8905970137628030914, 0.4547933146790720804, 0.000000000000000000 ) ) ;
#954 = EDGE_CURVE ( 'NONE', #985, #1357, #1943, .T. ) ;
#955 = CARTESIAN_POINT ( 'NONE',  ( 8.611653543307086878, 4.791338582677165725, 0.1968503937007874127 ) ) ;
#956 = ORIENTED_EDGE ( 'NONE', *, *, #4308, .T. ) ;
#957 = PLANE ( 'NONE',  #3111 ) ;
#958 = PLANE ( 'NONE',  #2384 ) ;
#959 = CARTESIAN_POINT ( 'NONE',  ( 12.81086614173228533, 0.1710610236220472535, 0.1968503937007874127 ) ) ;
#960 = LINE ( 'NONE', #1944, #1819 ) ;
#961 = EDGE_CURVE ( 'NONE', #4667, #393, #5020, .T. ) ;
#962 = ADVANCED_FACE ( 'NONE', ( #2420 ), #1107, .T. ) ;
#963 = DIRECTION ( 'NONE',  ( 0.9871977739796292672, 0.1595009562656748425, 0.000000000000000000 ) ) ;
#964 = CARTESIAN_POINT ( 'NONE',  ( 0.06510433070866142313, 0.05712874015748031775, 0.000000000000000000 ) ) ;
#965 = ORIENTED_EDGE ( 'NONE', *, *, #1139, .F. ) ;
#966 = CARTESIAN_POINT ( 'NONE',  ( 4.278425196850394130, 4.861771653543307536, 0.1968503937007874127 ) ) ;
#967 = EDGE_CURVE ( 'NONE', #5555, #5474, #4642, .T. ) ;
#968 = CARTESIAN_POINT ( 'NONE',  ( 12.75090551181102505, 0.1274956692913385703, 0.1968503937007874127 ) ) ;
#969 = EDGE_LOOP ( 'NONE', ( #3581, #4225, #869, #1162 ) ) ;
#970 = DIRECTION ( 'NONE',  ( -0.4520549723629646577, 0.8919900795199008359, 0.000000000000000000 ) ) ;
#971 = VERTEX_POINT ( 'NONE', #654 ) ;
#972 = DIRECTION ( 'NONE',  ( -0.000000000000000000, -0.000000000000000000, -1.000000000000000000 ) ) ;
#973 = EDGE_CURVE ( 'NONE', #4605, #1102, #1537, .T. ) ;
#974 = LINE ( 'NONE', #4404, #4382 ) ;
#975 = VERTEX_POINT ( 'NONE', #5420 ) ;
#976 = ORIENTED_EDGE ( 'NONE', *, *, #2922, .F. ) ;
#977 = CARTESIAN_POINT ( 'NONE',  ( 8.511614173228347013, 4.842283464566929929, 0.000000000000000000 ) ) ;
#978 = CARTESIAN_POINT ( 'NONE',  ( 4.375393700787402196, 0.05712874015748031775, 0.000000000000000000 ) ) ;
#979 = ORIENTED_EDGE ( 'NONE', *, *, #1146, .F. ) ;
#980 = VERTEX_POINT ( 'NONE', #2025 ) ;
#981 = CARTESIAN_POINT ( 'NONE',  ( 12.47618110236220446, 0.6001496062992126568, 0.1968503937007874127 ) ) ;
#982 = EDGE_CURVE ( 'NONE', #5431, #4825, #5508, .T. ) ;
#983 = LINE ( 'NONE', #1337, #387 ) ;
#984 = VECTOR ( 'NONE', #3604, 39.37007874015748143 ) ;
#985 = VERTEX_POINT ( 'NONE', #3276 ) ;
#986 = DIRECTION ( 'NONE',  ( 0.4527259285258880550, 0.8916497258679400018, 0.000000000000000000 ) ) ;
#987 = CARTESIAN_POINT ( 'NONE',  ( 8.574606299212598870, 0.1710610236220472535, 0.1968503937007874127 ) ) ;
#988 = CARTESIAN_POINT ( 'NONE',  ( 4.287362204724409764, 4.805275590551181253, 0.1968503937007874127 ) ) ;
#989 = VECTOR ( 'NONE', #1366, 39.37007874015748143 ) ;
#990 = CARTESIAN_POINT ( 'NONE',  ( 12.86181102362204598, 4.805275590551181253, 0.1968503937007874127 ) ) ;
#991 = LINE ( 'NONE', #2704, #5569 ) ;
#992 = CARTESIAN_POINT ( 'NONE',  ( 0.1391598425196850508, 0.1590165354330708714, 0.1968503937007874127 ) ) ;
#993 = VECTOR ( 'NONE', #232, 39.37007874015748854 ) ;
#994 = VERTEX_POINT ( 'NONE', #291 ) ;
#995 = CARTESIAN_POINT ( 'NONE',  ( 4.398267716535433358, 4.861771653543307536, 0.000000000000000000 ) ) ;
#996 = EDGE_CURVE ( 'NONE', #980, #1963, #4102, .T. ) ;
#997 = LINE ( 'NONE', #4509, #542 ) ;
#998 = VECTOR ( 'NONE', #3526, 39.37007874015748854 ) ;
#999 = VECTOR ( 'NONE', #2946, 39.37007874015748854 ) ;
#1000 = ORIENTED_EDGE ( 'NONE', *, *, #5361, .T. ) ;
#1001 = VECTOR ( 'NONE', #4021, 39.37007874015748143 ) ;
#1002 = VECTOR ( 'NONE', #602, 39.37007874015748143 ) ;
#1003 = VECTOR ( 'NONE', #1946, 39.37007874015748854 ) ;
#1004 = PLANE ( 'NONE',  #2289 ) ;
#1005 = ORIENTED_EDGE ( 'NONE', *, *, #476, .F. ) ;
#1006 = CARTESIAN_POINT ( 'NONE',  ( 4.338385826771653520, 4.905275590551180898, 0.1968503937007874127 ) ) ;
#1007 = VECTOR ( 'NONE', #5513, 39.37007874015748143 ) ;
#1008 = ORIENTED_EDGE ( 'NONE', *, *, #655, .F. ) ;
#1009 = ORIENTED_EDGE ( 'NONE', *, *, #3035, .F. ) ;
#1010 = CARTESIAN_POINT ( 'NONE',  ( 12.84787401574803312, 4.791338582677165725, 0.1968503937007874127 ) ) ;
#1011 = VECTOR ( 'NONE', #4690, 39.37007874015748143 ) ;
#1012 = PLANE ( 'NONE',  #2477 ) ;
#1013 = EDGE_LOOP ( 'NONE', ( #1939, #4890, #1747, #1014 ) ) ;
#1014 = ORIENTED_EDGE ( 'NONE', *, *, #1931, .T. ) ;
#1015 = DIRECTION ( 'NONE',  ( -0.000000000000000000, -0.000000000000000000, -1.000000000000000000 ) ) ;
#1016 = LINE ( 'NONE', #5355, #1744 ) ;
#1017 = VECTOR ( 'NONE', #4583, 39.37007874015748854 ) ;
#1018 = EDGE_LOOP ( 'NONE', ( #5224, #695, #5213, #4465 ) ) ;
#1019 = CARTESIAN_POINT ( 'NONE',  ( 12.86181102362204598, 4.879330708661417937, 0.1968503937007874127 ) ) ;
#1020 = LINE ( 'NONE', #1450, #3489 ) ;
#1021 = DIRECTION ( 'NONE',  ( -0.000000000000000000, -0.000000000000000000, -1.000000000000000000 ) ) ;
#1022 = LINE ( 'NONE', #3162, #2825 ) ;
#1023 = EDGE_CURVE ( 'NONE', #4472, #2760, #2393, .T. ) ;
#1024 = CARTESIAN_POINT ( 'NONE',  ( 0.1021051181102362315, 0.04503031496062991773, 0.1968503937007874127 ) ) ;
#1025 = CARTESIAN_POINT ( 'NONE',  ( 8.574606299212598870, 4.779291338582677184, 0.000000000000000000 ) ) ;
#1026 = EDGE_CURVE ( 'NONE', #1553, #2325, #705, .T. ) ;
#1027 = EDGE_CURVE ( 'NONE', #2868, #1667, #4133, .T. ) ;
#1028 = VERTEX_POINT ( 'NONE', #1161 ) ;
#1029 = DIRECTION ( 'NONE',  ( -0.7071067811865059394, 0.7071067811865890951, 0.000000000000000000 ) ) ;
#1030 = PLANE ( 'NONE',  #2360 ) ;
#1031 = ORIENTED_EDGE ( 'NONE', *, *, #4842, .F. ) ;
#1032 = LINE ( 'NONE', #4541, #4751 ) ;
#1033 = ORIENTED_EDGE ( 'NONE', *, *, #5635, .F. ) ;
#1034 = CARTESIAN_POINT ( 'NONE',  ( 12.47618110236220446, 4.350196850393701631, 0.1968503937007874127 ) ) ;
#1035 = EDGE_CURVE ( 'NONE', #1771, #2868, #230, .T. ) ;
#1036 = ORIENTED_EDGE ( 'NONE', *, *, #3472, .T. ) ;
#1037 = ORIENTED_EDGE ( 'NONE', *, *, #4312, .F. ) ;
#1038 = DIRECTION ( 'NONE',  ( -0.8913191698506689464, -0.4533763750535687587, 0.000000000000000000 ) ) ;
#1039 = DIRECTION ( 'NONE',  ( 0.7071067811865059394, 0.7071067811865890951, 0.000000000000000000 ) ) ;
#1040 = ORIENTED_EDGE ( 'NONE', *, *, #2298, .F. ) ;
#1041 = EDGE_LOOP ( 'NONE', ( #2059, #5536, #3330, #2722 ) ) ;
#1042 = CARTESIAN_POINT ( 'NONE',  ( 12.87070866141732317, 0.1274956692913385703, 0.1968503937007874127 ) ) ;
#1043 = ORIENTED_EDGE ( 'NONE', *, *, #370, .T. ) ;
#1044 = DIRECTION ( 'NONE',  ( 0.1594098865181494684, 0.9872124837542679554, -0.000000000000000000 ) ) ;
#1045 = CARTESIAN_POINT ( 'NONE',  ( 0.1620015748031496117, 0.1274956692913385703, 0.000000000000000000 ) ) ;
#1046 = CARTESIAN_POINT ( 'NONE',  ( 8.594055118110235369, 0.04817716535433071157, 0.1968503937007874127 ) ) ;
#1047 = CARTESIAN_POINT ( 'NONE',  ( 8.523661417322834666, 0.07101771653543308138, 0.000000000000000000 ) ) ;
#1048 = ADVANCED_FACE ( 'NONE', ( #1992 ), #1192, .T. ) ;
#1049 = CARTESIAN_POINT ( 'NONE',  ( 4.278425196850394130, 4.861771653543307536, 0.1968503937007874127 ) ) ;
#1050 = CARTESIAN_POINT ( 'NONE',  ( 4.278425196850394130, 4.822874015748031873, 0.1968503937007874127 ) ) ;
#1051 = VERTEX_POINT ( 'NONE', #5051 ) ;
#1052 = CARTESIAN_POINT ( 'NONE',  ( 0.1620015748031496117, 0.1274956692913385703, 0.1968503937007874127 ) ) ;
#1053 = ORIENTED_EDGE ( 'NONE', *, *, #4295, .F. ) ;
#1054 = CARTESIAN_POINT ( 'NONE',  ( 8.537598425196851082, 4.791338582677165725, 0.000000000000000000 ) ) ;
#1055 = EDGE_CURVE ( 'NONE', #2426, #4956, #4155, .T. ) ;
#1056 = VERTEX_POINT ( 'NONE', #5479 ) ;
#1057 = DIRECTION ( 'NONE',  ( 0.8913191698506576222, 0.4533763750535911297, 0.000000000000000000 ) ) ;
#1058 = ORIENTED_EDGE ( 'NONE', *, *, #4295, .T. ) ;
#1059 = DIRECTION ( 'NONE',  ( -0.4538115675396488524, -0.8910976720692332931, 0.000000000000000000 ) ) ;
#1060 = ORIENTED_EDGE ( 'NONE', *, *, #285, .F. ) ;
#1061 = ORIENTED_EDGE ( 'NONE', *, *, #1755, .T. ) ;
#1062 = ADVANCED_FACE ( 'NONE', ( #1571 ), #2880, .T. ) ;
#1063 = DIRECTION ( 'NONE',  ( -0.7071067811865059394, -0.7071067811865890951, 0.000000000000000000 ) ) ;
#1064 = EDGE_CURVE ( 'NONE', #1386, #940, #2941, .T. ) ;
#1065 = PLANE ( 'NONE',  #474 ) ;
#1066 = ORIENTED_EDGE ( 'NONE', *, *, #242, .T. ) ;
#1067 = EDGE_CURVE ( 'NONE', #5208, #4093, #344, .T. ) ;
#1068 = EDGE_LOOP ( 'NONE', ( #1071, #1695, #4919, #3737 ) ) ;
#1069 = LINE ( 'NONE', #3244, #4917 ) ;
#1070 = LINE ( 'NONE', #3697, #4014 ) ;
#1071 = ORIENTED_EDGE ( 'NONE', *, *, #4970, .F. ) ;
#1072 = DIRECTION ( 'NONE',  ( -0.000000000000000000, -0.000000000000000000, -1.000000000000000000 ) ) ;
#1073 = DIRECTION ( 'NONE',  ( 0.8908112580283464865, -0.4543735275849096755, 0.000000000000000000 ) ) ;
#1074 = CARTESIAN_POINT ( 'NONE',  ( 4.389330708661417724, 0.07101771653543308138, 0.1968503937007874127 ) ) ;
#1075 = LINE ( 'NONE', #706, #1364 ) ;
#1076 = CARTESIAN_POINT ( 'NONE',  ( 12.87070866141732317, 0.08854173228346456925, 0.000000000000000000 ) ) ;
#1077 = CARTESIAN_POINT ( 'NONE',  ( 0.1391598425196850508, 0.1590165354330708714, 0.1968503937007874127 ) ) ;
#1078 = ORIENTED_EDGE ( 'NONE', *, *, #2340, .T. ) ;
#1079 = VECTOR ( 'NONE', #2594, 39.37007874015748854 ) ;
#1080 = DIRECTION ( 'NONE',  ( 0.9881164689548798119, -0.1537070062818867988, 0.000000000000000000 ) ) ;
#1081 = ORIENTED_EDGE ( 'NONE', *, *, #3265, .T. ) ;
#1082 = LINE ( 'NONE', #4027, #2551 ) ;
#1083 = ADVANCED_FACE ( 'NONE', ( #5161 ), #4806, .T. ) ;
#1084 = VECTOR ( 'NONE', #1750, 39.37007874015748854 ) ;
#1085 = ORIENTED_EDGE ( 'NONE', *, *, #4830, .F. ) ;
#1086 = FACE_OUTER_BOUND ( 'NONE', #303, .T. ) ;
#1087 = VECTOR ( 'NONE', #1967, 39.37007874015748143 ) ;
#1089 = ORIENTED_EDGE ( 'NONE', *, *, #889, .T. ) ;
#1088 = VECTOR ( 'NONE', #5619, 39.37007874015748854 ) ;
#1090 = FACE_OUTER_BOUND ( 'NONE', #2256, .T. ) ;
#1091 = EDGE_CURVE ( 'NONE', #2641, #299, #1650, .T. ) ;
#1092 = VECTOR ( 'NONE', #1341, 39.37007874015748143 ) ;
#1093 = ORIENTED_EDGE ( 'NONE', *, *, #3491, .F. ) ;
#1094 = VECTOR ( 'NONE', #3563, 39.37007874015748854 ) ;
#1095 = ORIENTED_EDGE ( 'NONE', *, *, #4897, .F. ) ;
#1096 = FACE_BOUND ( 'NONE', #4836, .T. ) ;
#1097 = CARTESIAN_POINT ( 'NONE',  ( 8.634488188976378709, 4.822874015748031873, 0.1968503937007874127 ) ) ;
#1098 = ORIENTED_EDGE ( 'NONE', *, *, #5076, .F. ) ;
#1099 = AXIS2_PLACEMENT_3D ( 'NONE', #684, #5398, #2791 ) ;
#1100 = VECTOR ( 'NONE', #4886, 39.37007874015748143 ) ;
#1101 = LINE ( 'NONE', #4723, #3291 ) ;
#1102 = VERTEX_POINT ( 'NONE', #1252 ) ;
#1103 = AXIS2_PLACEMENT_3D ( 'NONE', #4041, #932, #485 ) ;
#1104 = AXIS2_PLACEMENT_3D ( 'NONE', #4771, #4820, #864 ) ;
#1105 = LINE ( 'NONE', #3331, #1289 ) ;
#1106 = DIRECTION ( 'NONE',  ( 0.1590103127589196086, 0.9872769218594702467, 0.000000000000000000 ) ) ;
#1107 = PLANE ( 'NONE',  #82 ) ;
#1108 = EDGE_LOOP ( 'NONE', ( #5465, #2386, #1762, #554 ) ) ;
#1109 = LINE ( 'NONE', #4707, #3097 ) ;
#1110 = AXIS2_PLACEMENT_3D ( 'NONE', #4862, #4033, #128 ) ;
#1111 = VECTOR ( 'NONE', #5476, 39.37007874015748854 ) ;
#1112 = CARTESIAN_POINT ( 'NONE',  ( 12.87070866141732317, 4.861771653543307536, 0.000000000000000000 ) ) ;
#1113 = DIRECTION ( 'NONE',  ( -0.7072665251725597235, -0.7069470011042785496, 0.000000000000000000 ) ) ;
#1114 = CARTESIAN_POINT ( 'NONE',  ( 12.74783464566929148, 0.1080728346456693023, 0.000000000000000000 ) ) ;
#1115 = CARTESIAN_POINT ( 'NONE',  ( 12.87070866141732317, 4.822874015748031873, 0.1968503937007874127 ) ) ;
#1116 = VERTEX_POINT ( 'NONE', #5240 ) ;
#1117 = EDGE_CURVE ( 'NONE', #1777, #940, #2110, .T. ) ;
#1118 = DIRECTION ( 'NONE',  ( 0.7062587228899639413, -0.7079538235943337865, 0.000000000000000000 ) ) ;
#1119 = ORIENTED_EDGE ( 'NONE', *, *, #2867, .F. ) ;
#1120 = LINE ( 'NONE', #2864, #2735 ) ;
#1121 = ORIENTED_EDGE ( 'NONE', *, *, #636, .T. ) ;
#1122 = LINE ( 'NONE', #1607, #3909 ) ;
#1123 = VERTEX_POINT ( 'NONE', #3394 ) ;
#1124 = ORIENTED_EDGE ( 'NONE', *, *, #3357, .T. ) ;
#1125 = DIRECTION ( 'NONE',  ( 0.4543735275849316024, -0.8908112580283352733, 0.000000000000000000 ) ) ;
#1126 = EDGE_CURVE ( 'NONE', #5040, #4728, #4328, .T. ) ;
#1127 = CARTESIAN_POINT ( 'NONE',  ( 0.1531027559055118115, 0.07101771653543308138, 0.1968503937007874127 ) ) ;
#1128 = VERTEX_POINT ( 'NONE', #3849 ) ;
#1129 = DIRECTION ( 'NONE',  ( -0.000000000000000000, -0.000000000000000000, -1.000000000000000000 ) ) ;
#1130 = ORIENTED_EDGE ( 'NONE', *, *, #1790, .F. ) ;
#1131 = ORIENTED_EDGE ( 'NONE', *, *, #3995, .F. ) ;
#1132 = CARTESIAN_POINT ( 'NONE',  ( 0.1391598425196850508, 0.1590165354330708714, 0.1968503937007874127 ) ) ;
#1133 = CARTESIAN_POINT ( 'NONE',  ( 8.574606299212598870, 0.04503031496062991773, 0.1968503937007874127 ) ) ;
#1134 = DIRECTION ( 'NONE',  ( 0.4559025274266882977, -0.8900297104512623347, 0.000000000000000000 ) ) ;
#1135 = CARTESIAN_POINT ( 'NONE',  ( 4.338385826771653520, 0.04503031496062991773, 0.1968503937007874127 ) ) ;
#1136 = DIRECTION ( 'NONE',  ( -0.9872218978213479490, -0.1593515750220751703, 0.000000000000000000 ) ) ;
#1137 = DIRECTION ( 'NONE',  ( 0.9881164689548839197, 0.1537070062818597371, 0.000000000000000000 ) ) ;
#1138 = ORIENTED_EDGE ( 'NONE', *, *, #4787, .T. ) ;
#1139 = EDGE_CURVE ( 'NONE', #1502, #5284, #1729, .T. ) ;
#1140 = DIRECTION ( 'NONE',  ( -0.000000000000000000, -0.000000000000000000, -1.000000000000000000 ) ) ;
#1141 = EDGE_CURVE ( 'NONE', #3712, #1986, #3811, .T. ) ;
#1142 = ORIENTED_EDGE ( 'NONE', *, *, #2495, .F. ) ;
#1143 = CARTESIAN_POINT ( 'NONE',  ( 0.1391598425196850508, 0.05712874015748031775, 0.1968503937007874127 ) ) ;
#1144 = EDGE_CURVE ( 'NONE', #5101, #3597, #3480, .T. ) ;
#1145 = ORIENTED_EDGE ( 'NONE', *, *, #2806, .F. ) ;
#1146 = EDGE_CURVE ( 'NONE', #5459, #4427, #4706, .T. ) ;
#1147 = FACE_OUTER_BOUND ( 'NONE', #3611, .T. ) ;
#1148 = VERTEX_POINT ( 'NONE', #4727 ) ;
#1149 = LINE ( 'NONE', #5519, #4907 ) ;
#1150 = ORIENTED_EDGE ( 'NONE', *, *, #2152, .F. ) ;
#1151 = ORIENTED_EDGE ( 'NONE', *, *, #2459, .T. ) ;
#1152 = FACE_BOUND ( 'NONE', #813, .T. ) ;
#1153 = DIRECTION ( 'NONE',  ( -0.4527899509762592922, -0.8916172162396351908, 0.000000000000000000 ) ) ;
#1154 = ORIENTED_EDGE ( 'NONE', *, *, #707, .T. ) ;
#1155 = EDGE_CURVE ( 'NONE', #3637, #4605, #4305, .T. ) ;
#1156 = CARTESIAN_POINT ( 'NONE',  ( 12.81086614173228533, 0.1710610236220472535, 0.000000000000000000 ) ) ;
#1157 = ORIENTED_EDGE ( 'NONE', *, *, #3848, .T. ) ;
#1158 = ORIENTED_EDGE ( 'NONE', *, *, #1055, .T. ) ;
#1159 = CARTESIAN_POINT ( 'NONE',  ( 12.87070866141732317, 0.08854173228346456925, 0.1968503937007874127 ) ) ;
#1160 = CARTESIAN_POINT ( 'NONE',  ( 8.594055118110235369, 4.902244094488189319, 0.1968503937007874127 ) ) ;
#1161 = CARTESIAN_POINT ( 'NONE',  ( 4.287362204724409764, 0.1450736220472441107, 0.000000000000000000 ) ) ;
#1162 = ORIENTED_EDGE ( 'NONE', *, *, #2581, .T. ) ;
#1163 = CARTESIAN_POINT ( 'NONE',  ( 4.375393700787402196, 0.05712874015748031775, 0.1968503937007874127 ) ) ;
#1164 = FACE_OUTER_BOUND ( 'NONE', #4537, .T. ) ;
#1165 = CARTESIAN_POINT ( 'NONE',  ( 4.318897637795275912, 4.782440944881890310, 0.1968503937007874127 ) ) ;
#1166 = CARTESIAN_POINT ( 'NONE',  ( 8.555118110236222151, 4.902244094488189319, 0.1968503937007874127 ) ) ;
#1167 = DIRECTION ( 'NONE',  ( -0.1601766119933535626, -0.9870883714087258509, 0.000000000000000000 ) ) ;
#1168 = ORIENTED_EDGE ( 'NONE', *, *, #5188, .F. ) ;
#1169 = LINE ( 'NONE', #1663, #177 ) ;
#1170 = VECTOR ( 'NONE', #2159, 39.37007874015748143 ) ;
#1171 = VERTEX_POINT ( 'NONE', #5558 ) ;
#1172 = LINE ( 'NONE', #2062, #3028 ) ;
#1173 = VERTEX_POINT ( 'NONE', #820 ) ;
#1174 = CARTESIAN_POINT ( 'NONE',  ( 8.555118110236222151, 4.782440944881890310, 0.000000000000000000 ) ) ;
#1175 = VECTOR ( 'NONE', #3495, 39.37007874015748143 ) ;
#1176 = ORIENTED_EDGE ( 'NONE', *, *, #379, .F. ) ;
#1177 = ORIENTED_EDGE ( 'NONE', *, *, #3443, .F. ) ;
#1178 = AXIS2_PLACEMENT_3D ( 'NONE', #427, #1784, #4729 ) ;
#1179 = CARTESIAN_POINT ( 'NONE',  ( 4.398267716535433358, 0.1274956692913385703, 0.000000000000000000 ) ) ;
#1180 = CARTESIAN_POINT ( 'NONE',  ( 12.86181102362204598, 4.879330708661417937, 0.1968503937007874127 ) ) ;
#1181 = VERTEX_POINT ( 'NONE', #2513 ) ;
#1182 = ADVANCED_FACE ( 'NONE', ( #5589 ), #5138, .T. ) ;
#1183 = VECTOR ( 'NONE', #1413, 39.37007874015748143 ) ;
#1184 = VECTOR ( 'NONE', #3282, 39.37007874015748854 ) ;
#1185 = FACE_OUTER_BOUND ( 'NONE', #1108, .T. ) ;
#1186 = EDGE_LOOP ( 'NONE', ( #3243, #404, #4603, #2104 ) ) ;
#1187 = ORIENTED_EDGE ( 'NONE', *, *, #5500, .F. ) ;
#1188 = PLANE ( 'NONE',  #739 ) ;
#1189 = DIRECTION ( 'NONE',  ( -0.7079538235943337865, -0.7062587228899639413, 0.000000000000000000 ) ) ;
#1190 = VECTOR ( 'NONE', #346, 39.37007874015748854 ) ;
#1191 = VECTOR ( 'NONE', #3171, 39.37007874015748854 ) ;
#1192 = PLANE ( 'NONE',  #3629 ) ;
#1193 = ORIENTED_EDGE ( 'NONE', *, *, #1343, .T. ) ;
#1194 = DIRECTION ( 'NONE',  ( -0.8919900795199009469, -0.4520549723629647132, 0.000000000000000000 ) ) ;
#1195 = VECTOR ( 'NONE', #1722, 39.37007874015748143 ) ;
#1196 = CARTESIAN_POINT ( 'NONE',  ( 0.1620015748031496117, 4.822874015748031873, 0.1968503937007874127 ) ) ;
#1197 = VECTOR ( 'NONE', #3086, 39.37007874015748143 ) ;
#1198 = LINE ( 'NONE', #3706, #5228 ) ;
#1199 = LINE ( 'NONE', #3939, #1088 ) ;
#1200 = ORIENTED_EDGE ( 'NONE', *, *, #4170, .F. ) ;
#1201 = EDGE_CURVE ( 'NONE', #2173, #4325, #3930, .T. ) ;
#1202 = AXIS2_PLACEMENT_3D ( 'NONE', #3761, #4183, #5017 ) ;
#1203 = FACE_OUTER_BOUND ( 'NONE', #754, .T. ) ;
#1204 = EDGE_CURVE ( 'NONE', #4431, #4446, #3024, .T. ) ;
#1205 = EDGE_CURVE ( 'NONE', #316, #3066, #29, .T. ) ;
#1206 = VERTEX_POINT ( 'NONE', #5614 ) ;
#1207 = DIRECTION ( 'NONE',  ( -0.4535964786212107192, -0.8912071782601603820, 0.000000000000000000 ) ) ;
#1208 = ORIENTED_EDGE ( 'NONE', *, *, #3655, .T. ) ;
#1209 = LINE ( 'NONE', #4228, #4633 ) ;
#1210 = ADVANCED_FACE ( 'NONE', ( #425 ), #2614, .T. ) ;
#1211 = EDGE_CURVE ( 'NONE', #2215, #3803, #450, .T. ) ;
#1212 = VECTOR ( 'NONE', #5109, 39.37007874015748143 ) ;
#1213 = ORIENTED_EDGE ( 'NONE', *, *, #1795, .F. ) ;
#1214 = ORIENTED_EDGE ( 'NONE', *, *, #401, .F. ) ;
#1215 = CARTESIAN_POINT ( 'NONE',  ( 12.87385826771653541, 4.842283464566929929, 0.000000000000000000 ) ) ;
#1216 = ORIENTED_EDGE ( 'NONE', *, *, #1377, .T. ) ;
#1217 = EDGE_CURVE ( 'NONE', #1116, #3914, #4144, .T. ) ;
#1218 = EDGE_CURVE ( 'NONE', #3746, #1503, #5462, .T. ) ;
#1219 = FACE_OUTER_BOUND ( 'NONE', #4461, .T. ) ;
#1220 = ORIENTED_EDGE ( 'NONE', *, *, #3222, .F. ) ;
#1221 = ORIENTED_EDGE ( 'NONE', *, *, #2761, .T. ) ;
#1222 = CARTESIAN_POINT ( 'NONE',  ( 12.75988188976378090, 4.879330708661417937, 0.000000000000000000 ) ) ;
#1223 = DIRECTION ( 'NONE',  ( -0.000000000000000000, -0.000000000000000000, -1.000000000000000000 ) ) ;
#1224 = CARTESIAN_POINT ( 'NONE',  ( 12.84787401574803312, 0.05712874015748031775, 0.000000000000000000 ) ) ;
#1225 = ORIENTED_EDGE ( 'NONE', *, *, #3270, .T. ) ;
#1226 = CARTESIAN_POINT ( 'NONE',  ( 12.84787401574803312, 0.05712874015748031775, 0.1968503937007874127 ) ) ;
#1227 = CARTESIAN_POINT ( 'NONE',  ( 4.287362204724409764, 4.879330708661417937, 0.000000000000000000 ) ) ;
#1228 = DIRECTION ( 'NONE',  ( 0.1537070062818597649, -0.9881164689548840308, 0.000000000000000000 ) ) ;
#1229 = CARTESIAN_POINT ( 'NONE',  ( 0.08268228346456693578, 0.04817716535433071157, 0.000000000000000000 ) ) ;
#1230 = ORIENTED_EDGE ( 'NONE', *, *, #386, .F. ) ;
#1231 = CARTESIAN_POINT ( 'NONE',  ( 12.79133858267716484, 0.1679137795275590928, 0.000000000000000000 ) ) ;
#1232 = DIRECTION ( 'NONE',  ( -0.4527737055417304091, -0.8916254659721257747, 0.000000000000000000 ) ) ;
#1233 = ADVANCED_FACE ( 'NONE', ( #4950 ), #1554, .T. ) ;
#1234 = CARTESIAN_POINT ( 'NONE',  ( 0.08268228346456693578, 0.1679137795275590928, 0.000000000000000000 ) ) ;
#1235 = EDGE_LOOP ( 'NONE', ( #1838, #1145, #870, #5521 ) ) ;
#1236 = CARTESIAN_POINT ( 'NONE',  ( 4.287362204724409764, 0.07101771653543308138, 0.1968503937007874127 ) ) ;
#1237 = APPLICATION_CONTEXT ( 'automotive_design' ) ;
#1238 = ORIENTED_EDGE ( 'NONE', *, *, #2786, .T. ) ;
#1239 = DIRECTION ( 'NONE',  ( 0.9880377941995905910, -0.1542119231227193077, 0.000000000000000000 ) ) ;
#1240 = EDGE_CURVE ( 'NONE', #3673, #1357, #2803, .T. ) ;
#1241 = VERTEX_POINT ( 'NONE', #4120 ) ;
#1242 = CARTESIAN_POINT ( 'NONE',  ( 0.1391598425196850508, 4.893267716535433465, 0.1968503937007874127 ) ) ;
#1243 = ORIENTED_EDGE ( 'NONE', *, *, #483, .T. ) ;
#1244 = ADVANCED_FACE ( 'NONE', ( #182 ), #1926, .T. ) ;
#1245 = CARTESIAN_POINT ( 'NONE',  ( 0.1620015748031496117, 0.1274956692913385703, 0.1968503937007874127 ) ) ;
#1246 = EDGE_LOOP ( 'NONE', ( #2179, #1085, #357, #2443 ) ) ;
#1247 = ORIENTED_EDGE ( 'NONE', *, *, #3819, .F. ) ;
#1248 = EDGE_CURVE ( 'NONE', #3795, #2841, #1470, .T. ) ;
#1249 = CARTESIAN_POINT ( 'NONE',  ( 12.74783464566929148, 4.842283464566929929, 0.000000000000000000 ) ) ;
#1250 = DIRECTION ( 'NONE',  ( -0.8913191698506689464, -0.4533763750535687587, 0.000000000000000000 ) ) ;
#1251 = EDGE_CURVE ( 'NONE', #4484, #2066, #3295, .T. ) ;
#1252 = CARTESIAN_POINT ( 'NONE',  ( 0.1531027559055118115, 0.1450736220472441107, 0.000000000000000000 ) ) ;
#1253 = ORIENTED_EDGE ( 'NONE', *, *, #2404, .T. ) ;
#1254 = CARTESIAN_POINT ( 'NONE',  ( 8.537598425196851082, 4.791338582677165725, 0.000000000000000000 ) ) ;
#1255 = LINE ( 'NONE', #1735, #464 ) ;
#1256 = CARTESIAN_POINT ( 'NONE',  ( 12.77381889763779554, 0.05712874015748031775, 0.000000000000000000 ) ) ;
#1257 = DIRECTION ( 'NONE',  ( 0.000000000000000000, 1.000000000000000000, -0.000000000000000000 ) ) ;
#1258 = ORIENTED_EDGE ( 'NONE', *, *, #4418, .T. ) ;
#1259 = CARTESIAN_POINT ( 'NONE',  ( 12.79133858267716484, 0.04817716535433071157, 0.1968503937007874127 ) ) ;
#1260 = CARTESIAN_POINT ( 'NONE',  ( 4.318897637795275912, 0.04817716535433071157, 0.000000000000000000 ) ) ;
#1261 = CARTESIAN_POINT ( 'NONE',  ( 12.83027559055118338, 0.1679137795275590928, 0.000000000000000000 ) ) ;
#1262 = EDGE_CURVE ( 'NONE', #3891, #528, #5345, .T. ) ;
#1263 = CARTESIAN_POINT ( 'NONE',  ( 0.1620015748031496117, 4.861771653543307536, 0.000000000000000000 ) ) ;
#1264 = LINE ( 'NONE', #3520, #1813 ) ;
#1265 = EDGE_CURVE ( 'NONE', #3578, #2951, #1955, .T. ) ;
#1266 = VECTOR ( 'NONE', #5184, 39.37007874015748143 ) ;
#1267 = ORIENTED_EDGE ( 'NONE', *, *, #1321, .F. ) ;
#1268 = FACE_BOUND ( 'NONE', #868, .T. ) ;
#1269 = VECTOR ( 'NONE', #3968, 39.37007874015748143 ) ;
#1270 = ORIENTED_EDGE ( 'NONE', *, *, #3008, .T. ) ;
#1271 = EDGE_CURVE ( 'NONE', #211, #5079, #2713, .T. ) ;
#1272 = ADVANCED_FACE ( 'NONE', ( #1090 ), #3691, .T. ) ;
#1273 = FACE_OUTER_BOUND ( 'NONE', #5318, .T. ) ;
#1274 = VECTOR ( 'NONE', #4386, 39.37007874015748854 ) ;
#1275 = EDGE_LOOP ( 'NONE', ( #956, #520, #5162, #4264, #3381, #4609, #1590, #3390, #4972, #398, #608, #1859, #3147, #4385, #5158, #568, #2752, #2542, #221, #2574 ) ) ;
#1276 = ORIENTED_EDGE ( 'NONE', *, *, #4419, .F. ) ;
#1277 = CARTESIAN_POINT ( 'NONE',  ( 8.594055118110235369, 4.782440944881890310, 0.1968503937007874127 ) ) ;
#1278 = PLANE ( 'NONE',  #3841 ) ;
#1279 = DIRECTION ( 'NONE',  ( -0.000000000000000000, -0.000000000000000000, -1.000000000000000000 ) ) ;
#1280 = VERTEX_POINT ( 'NONE', #3206 ) ;
#1281 = AXIS2_PLACEMENT_3D ( 'NONE', #4617, #4217, #4157 ) ;
#1282 = VECTOR ( 'NONE', #2909, 39.37007874015748854 ) ;
#1283 = CARTESIAN_POINT ( 'NONE',  ( 0.04220905511811023220, 4.861771653543307536, 0.1968503937007874127 ) ) ;
#1284 = CARTESIAN_POINT ( 'NONE',  ( 8.514645669291338592, 0.1274956692913385703, 0.1968503937007874127 ) ) ;
#1285 = CARTESIAN_POINT ( 'NONE',  ( 0.1021594488188976441, 0.1710610236220472535, 0.1968503937007874127 ) ) ;
#1286 = VECTOR ( 'NONE', #435, 39.37007874015748854 ) ;
#1287 = AXIS2_PLACEMENT_3D ( 'NONE', #144, #2789, #4531 ) ;
#1288 = CARTESIAN_POINT ( 'NONE',  ( 12.86181102362204598, 4.879330708661417937, 0.000000000000000000 ) ) ;
#1289 = VECTOR ( 'NONE', #4587, 39.37007874015748854 ) ;
#1290 = EDGE_LOOP ( 'NONE', ( #3977, #4117, #165, #1158 ) ) ;
#1291 = DIRECTION ( 'NONE',  ( -0.9870883714087308469, -0.1601766119933220600, 0.000000000000000000 ) ) ;
#1292 = LINE ( 'NONE', #1690, #3545 ) ;
#1293 = VECTOR ( 'NONE', #4776, 39.37007874015748854 ) ;
#1294 = CARTESIAN_POINT ( 'NONE',  ( 0.1651472440944882214, 0.1080728346456693023, 0.000000000000000000 ) ) ;
#1295 = EDGE_CURVE ( 'NONE', #2527, #2772, #669, .T. ) ;
#1296 = AXIS2_PLACEMENT_3D ( 'NONE', #2124, #3860, #1322 ) ;
#1297 = CARTESIAN_POINT ( 'NONE',  ( 4.357795275590551576, 4.902244094488189319, 0.000000000000000000 ) ) ;
#1298 = LINE ( 'NONE', #3912, #901 ) ;
#1299 = VECTOR ( 'NONE', #3700, 39.37007874015748854 ) ;
#1300 = ORIENTED_EDGE ( 'NONE', *, *, #5596, .T. ) ;
#1301 = DIRECTION ( 'NONE',  ( -0.8908112580283464865, 0.4543735275849096755, 0.000000000000000000 ) ) ;
#1302 = ORIENTED_EDGE ( 'NONE', *, *, #5436, .F. ) ;
#1303 = LINE ( 'NONE', #3388, #4473 ) ;
#1304 = ORIENTED_EDGE ( 'NONE', *, *, #1139, .T. ) ;
#1305 = ORIENTED_EDGE ( 'NONE', *, *, #2331, .T. ) ;
#1306 = DIRECTION ( 'NONE',  ( -0.7071067811865059394, -0.7071067811865890951, 0.000000000000000000 ) ) ;
#1307 = LINE ( 'NONE', #4327, #1834 ) ;
#1308 = DIRECTION ( 'NONE',  ( -0.000000000000000000, -0.000000000000000000, -1.000000000000000000 ) ) ;
#1309 = ORIENTED_EDGE ( 'NONE', *, *, #1026, .F. ) ;
#1310 = CARTESIAN_POINT ( 'NONE',  ( 4.318897637795275912, 4.782440944881890310, 0.1968503937007874127 ) ) ;
#1311 = DIRECTION ( 'NONE',  ( -0.1542119231227193077, -0.9880377941995905910, 0.000000000000000000 ) ) ;
#1312 = CARTESIAN_POINT ( 'NONE',  ( 12.79133858267716484, 0.04817716535433071157, 0.1968503937007874127 ) ) ;
#1313 = FACE_OUTER_BOUND ( 'NONE', #2078, .T. ) ;
#1314 = EDGE_CURVE ( 'NONE', #196, #3597, #1979, .T. ) ;
#1315 = EDGE_LOOP ( 'NONE', ( #5444, #1779, #62, #3359 ) ) ;
#1316 = LINE ( 'NONE', #5145, #2463 ) ;
#1317 = CARTESIAN_POINT ( 'NONE',  ( 8.625590551181103294, 4.879330708661417937, 0.000000000000000000 ) ) ;
#1318 = CARTESIAN_POINT ( 'NONE',  ( 12.86181102362204598, 0.07101771653543308138, 0.1968503937007874127 ) ) ;
#1319 = EDGE_CURVE ( 'NONE', #4227, #5409, #4457, .T. ) ;
#1320 = ORIENTED_EDGE ( 'NONE', *, *, #769, .T. ) ;
#1321 = EDGE_CURVE ( 'NONE', #2926, #2690, #555, .T. ) ;
#1322 = DIRECTION ( 'NONE',  ( 0.8924298478293073433, -0.4511861774294056993, 0.000000000000000000 ) ) ;
#1323 = EDGE_CURVE ( 'NONE', #5352, #2499, #127, .T. ) ;
#1324 = CARTESIAN_POINT ( 'NONE',  ( 8.555118110236222151, 0.1679137795275590928, 0.000000000000000000 ) ) ;
#1325 = ORIENTED_EDGE ( 'NONE', *, *, #3511, .T. ) ;
#1326 = PRODUCT_RELATED_PRODUCT_CATEGORY ( 'part', '', ( #4524 ) ) ;
#1327 = LINE ( 'NONE', #5209, #3109 ) ;
#1328 = VERTEX_POINT ( 'NONE', #3173 ) ;
#1329 = ORIENTED_EDGE ( 'NONE', *, *, #5270, .F. ) ;
#1330 = ORIENTED_EDGE ( 'NONE', *, *, #3237, .T. ) ;
#1331 = LINE ( 'NONE', #3954, #2925 ) ;
#1332 = CARTESIAN_POINT ( 'NONE',  ( 0.05116102362204725390, 0.1450736220472441107, 0.1968503937007874127 ) ) ;
#1333 = CARTESIAN_POINT ( 'NONE',  ( 12.86181102362204598, 4.805275590551181253, 0.1968503937007874127 ) ) ;
#1334 = ORIENTED_EDGE ( 'NONE', *, *, #1485, .T. ) ;
#1335 = DIRECTION ( 'NONE',  ( 0.1592324388246248446, 0.9872411207126464694, -0.000000000000000000 ) ) ;
#1336 = EDGE_CURVE ( 'NONE', #2128, #943, #4916, .T. ) ;
#1337 = CARTESIAN_POINT ( 'NONE',  ( 8.555118110236222151, 4.782440944881890310, 0.1968503937007874127 ) ) ;
#1338 = CARTESIAN_POINT ( 'NONE',  ( 0.05116102362204725390, 4.805275590551181253, 0.1968503937007874127 ) ) ;
#1339 = DIRECTION ( 'NONE',  ( -0.000000000000000000, -0.000000000000000000, -1.000000000000000000 ) ) ;
#1340 = LINE ( 'NONE', #2649, #3120 ) ;
#1341 = DIRECTION ( 'NONE',  ( -0.000000000000000000, -0.000000000000000000, -1.000000000000000000 ) ) ;
#1342 = DIRECTION ( 'NONE',  ( -0.7069569863009310673, 0.7072565443460422374, 0.000000000000000000 ) ) ;
#1343 = EDGE_CURVE ( 'NONE', #2609, #3373, #2750, .T. ) ;
#1344 = FACE_OUTER_BOUND ( 'NONE', #3793, .T. ) ;
#1345 = EDGE_LOOP ( 'NONE', ( #1473, #2757, #3439, #3521 ) ) ;
#1346 = CARTESIAN_POINT ( 'NONE',  ( 12.75090551181102505, 4.861771653543307536, 0.1968503937007874127 ) ) ;
#1347 = DIRECTION ( 'NONE',  ( 0.9871616537672035507, 0.1597243542218899914, 0.000000000000000000 ) ) ;
#1348 = ORIENTED_EDGE ( 'NONE', *, *, #659, .F. ) ;
#1349 = CARTESIAN_POINT ( 'NONE',  ( 0.4761299212598425479, 0.6001496062992126568, 0.1968503937007874127 ) ) ;
#1350 = VERTEX_POINT ( 'NONE', #2344 ) ;
#1351 = ORIENTED_EDGE ( 'NONE', *, *, #3685, .T. ) ;
#1352 = EDGE_LOOP ( 'NONE', ( #4202, #1150, #2403, #947 ) ) ;
#1353 = VECTOR ( 'NONE', #1703, 39.37007874015748143 ) ;
#1354 = DIRECTION ( 'NONE',  ( 0.9872124837542678444, -0.1594098865181494407, 0.000000000000000000 ) ) ;
#1355 = ADVANCED_FACE ( 'NONE', ( #5601 ), #808, .T. ) ;
#1356 = DIRECTION ( 'NONE',  ( -0.1581185208565652756, 0.9874201402453425258, 0.000000000000000000 ) ) ;
#1357 = VERTEX_POINT ( 'NONE', #4604 ) ;
#1358 = CARTESIAN_POINT ( 'NONE',  ( 4.301338582677165512, 0.05712874015748031775, 0.000000000000000000 ) ) ;
#1359 = VECTOR ( 'NONE', #5622, 39.37007874015748143 ) ;
#1360 = LINE ( 'NONE', #2242, #4839 ) ;
#1361 = VERTEX_POINT ( 'NONE', #2956 ) ;
#1362 = DIRECTION ( 'NONE',  ( -0.8922101619186266763, 0.4516204456943218593, 0.000000000000000000 ) ) ;
#1363 = DIRECTION ( 'NONE',  ( -1.000000000000000000, -0.000000000000000000, -0.000000000000000000 ) ) ;
#1364 = VECTOR ( 'NONE', #2079, 39.37007874015748854 ) ;
#1365 = LINE ( 'NONE', #4416, #910 ) ;
#1366 = DIRECTION ( 'NONE',  ( -0.000000000000000000, -0.000000000000000000, -1.000000000000000000 ) ) ;
#1367 = CARTESIAN_POINT ( 'NONE',  ( 0.03911681102362205009, 4.842283464566929929, 0.1968503937007874127 ) ) ;
#1368 = AXIS2_PLACEMENT_3D ( 'NONE', #831, #3059, #2999 ) ;
#1369 = AXIS2_PLACEMENT_3D ( 'NONE', #2390, #342, #1990 ) ;
#1370 = ORIENTED_EDGE ( 'NONE', *, *, #187, .T. ) ;
#1371 = EDGE_CURVE ( 'NONE', #4719, #3891, #2892, .T. ) ;
#1372 = CARTESIAN_POINT ( 'NONE',  ( 0.03911681102362205009, 4.842283464566929929, 0.000000000000000000 ) ) ;
#1373 = AXIS2_PLACEMENT_3D ( 'NONE', #742, #2028, #3252 ) ;
#1374 = VECTOR ( 'NONE', #5349, 39.37007874015748143 ) ;
#1375 = VECTOR ( 'NONE', #1072, 39.37007874015748143 ) ;
#1376 = CARTESIAN_POINT ( 'NONE',  ( 0.1215818897637795243, 4.902244094488189319, 0.1968503937007874127 ) ) ;
#1377 = EDGE_CURVE ( 'NONE', #3778, #3210, #693, .T. ) ;
#1378 = VECTOR ( 'NONE', #3507, 39.37007874015748854 ) ;
#1379 = VECTOR ( 'NONE', #3773, 39.37007874015748854 ) ;
#1380 = ORIENTED_EDGE ( 'NONE', *, *, #142, .F. ) ;
#1381 = CARTESIAN_POINT ( 'NONE',  ( 4.357795275590551576, 0.04817716535433071157, 0.000000000000000000 ) ) ;
#1382 = ADVANCED_FACE ( 'NONE', ( #2550 ), #1694, .T. ) ;
#1383 = ORIENTED_EDGE ( 'NONE', *, *, #239, .T. ) ;
#1384 = AXIS2_PLACEMENT_3D ( 'NONE', #4072, #4988, #1073 ) ;
#1385 = VERTEX_POINT ( 'NONE', #4693 ) ;
#1386 = VERTEX_POINT ( 'NONE', #3378 ) ;
#1387 = PLANE ( 'NONE',  #289 ) ;
#1388 = EDGE_CURVE ( 'NONE', #5157, #559, #5152, .T. ) ;
#1389 = DIRECTION ( 'NONE',  ( -0.1572637512810249882, -0.9875566376330119356, 0.000000000000000000 ) ) ;
#1390 = EDGE_CURVE ( 'NONE', #3666, #3261, #1209, .T. ) ;
#1391 = ORIENTED_EDGE ( 'NONE', *, *, #4428, .T. ) ;
#1392 = PLANE ( 'NONE',  #5564 ) ;
#1393 = CARTESIAN_POINT ( 'NONE',  ( 8.514645669291338592, 0.08854173228346456925, 0.000000000000000000 ) ) ;
#1394 = VERTEX_POINT ( 'NONE', #779 ) ;
#1395 = LINE ( 'NONE', #2787, #5571 ) ;
#1396 = EDGE_CURVE ( 'NONE', #1635, #4484, #2920, .T. ) ;
#1397 = CARTESIAN_POINT ( 'NONE',  ( 0.1531027559055118115, 0.1450736220472441107, 0.1968503937007874127 ) ) ;
#1398 = PLANE ( 'NONE',  #4648 ) ;
#1399 = DIRECTION ( 'NONE',  ( -0.9871242698175233254, 0.1599552310405054356, 0.000000000000000000 ) ) ;
#1400 = FACE_OUTER_BOUND ( 'NONE', #4551, .T. ) ;
#1401 = CARTESIAN_POINT ( 'NONE',  ( 4.401377952755906264, 0.1080728346456693023, 0.1968503937007874127 ) ) ;
#1402 = ORIENTED_EDGE ( 'NONE', *, *, #5110, .F. ) ;
#1403 = CARTESIAN_POINT ( 'NONE',  ( 8.634488188976378709, 0.1274956692913385703, 0.000000000000000000 ) ) ;
#1404 = EDGE_CURVE ( 'NONE', #1525, #612, #4664, .T. ) ;
#1405 = FACE_OUTER_BOUND ( 'NONE', #1068, .T. ) ;
#1406 = ORIENTED_EDGE ( 'NONE', *, *, #22, .T. ) ;
#1407 = FACE_OUTER_BOUND ( 'NONE', #1290, .T. ) ;
#1408 = EDGE_CURVE ( 'NONE', #3261, #1753, #306, .T. ) ;
#1409 = VERTEX_POINT ( 'NONE', #4168 ) ;
#1410 = DIRECTION ( 'NONE',  ( -0.8905970137628030914, -0.4547933146790720804, 0.000000000000000000 ) ) ;
#1411 = ORIENTED_EDGE ( 'NONE', *, *, #2801, .T. ) ;
#1412 = ORIENTED_EDGE ( 'NONE', *, *, #5320, .T. ) ;
#1413 = DIRECTION ( 'NONE',  ( -0.000000000000000000, -0.000000000000000000, -1.000000000000000000 ) ) ;
#1414 = DIRECTION ( 'NONE',  ( 0.7083262900088422853, -0.7058851655066208375, 0.000000000000000000 ) ) ;
#1415 = VERTEX_POINT ( 'NONE', #2524 ) ;
#1416 = ORIENTED_EDGE ( 'NONE', *, *, #240, .F. ) ;
#1417 = DIRECTION ( 'NONE',  ( -0.000000000000000000, -0.000000000000000000, -1.000000000000000000 ) ) ;
#1418 = DIRECTION ( 'NONE',  ( 0.7071067811865059394, -0.7071067811865890951, 0.000000000000000000 ) ) ;
#1419 = EDGE_LOOP ( 'NONE', ( #3743, #2001, #3717, #524 ) ) ;
#1420 = EDGE_CURVE ( 'NONE', #2491, #2691, #2038, .T. ) ;
#1421 = DIRECTION ( 'NONE',  ( 0.8924218088635693658, 0.4512020778594384440, 0.000000000000000000 ) ) ;
#1422 = CARTESIAN_POINT ( 'NONE',  ( 8.523661417322834666, 0.07101771653543308138, 0.1968503937007874127 ) ) ;
#1423 = LINE ( 'NONE', #5634, #4468 ) ;
#1424 = PLANE ( 'NONE',  #1637 ) ;
#1425 = PRODUCT_DEFINITION_SHAPE ( 'NONE', 'NONE',  #4177 ) ;
#1426 = PLANE ( 'NONE',  #644 ) ;
#1427 = DIRECTION ( 'NONE',  ( -0.000000000000000000, -0.000000000000000000, -1.000000000000000000 ) ) ;
#1428 = ORIENTED_EDGE ( 'NONE', *, *, #1799, .T. ) ;
#1429 = LINE ( 'NONE', #577, #4840 ) ;
#1430 = DIRECTION ( 'NONE',  ( 0.1533772373344628182, -0.9881677099903881656, 0.000000000000000000 ) ) ;
#1431 = EDGE_CURVE ( 'NONE', #3127, #5586, #2125, .T. ) ;
#1432 = EDGE_LOOP ( 'NONE', ( #4540, #4003, #5260, #4801 ) ) ;
#1433 = CARTESIAN_POINT ( 'NONE',  ( 12.83027559055118338, 0.04817716535433071157, 0.000000000000000000 ) ) ;
#1434 = ORIENTED_EDGE ( 'NONE', *, *, #1055, .F. ) ;
#1435 = CARTESIAN_POINT ( 'NONE',  ( 0.05116102362204725390, 0.1450736220472441107, 0.1968503937007874127 ) ) ;
#1436 = ORIENTED_EDGE ( 'NONE', *, *, #4600, .F. ) ;
#1437 = ORIENTED_EDGE ( 'NONE', *, *, #4257, .F. ) ;
#1438 = LINE ( 'NONE', #4463, #637 ) ;
#1439 = EDGE_CURVE ( 'NONE', #3546, #2998, #1149, .T. ) ;
#1440 = DIRECTION ( 'NONE',  ( 0.8910976720692332931, -0.4538115675396488524, 0.000000000000000000 ) ) ;
#1441 = ORIENTED_EDGE ( 'NONE', *, *, #1064, .T. ) ;
#1442 = EDGE_LOOP ( 'NONE', ( #5565, #3068, #191, #3603 ) ) ;
#1443 = DIRECTION ( 'NONE',  ( 0.8899839804325222481, 0.4559917922216186192, 0.000000000000000000 ) ) ;
#1444 = EDGE_CURVE ( 'NONE', #5105, #4863, #2093, .T. ) ;
#1445 = EDGE_CURVE ( 'NONE', #5266, #2532, #1122, .T. ) ;
#1446 = DIRECTION ( 'NONE',  ( 0.7084857568802658268, -0.7057251110012996431, 0.000000000000000000 ) ) ;
#1447 = VECTOR ( 'NONE', #1513, 39.37007874015748854 ) ;
#1448 = ORIENTED_EDGE ( 'NONE', *, *, #1975, .T. ) ;
#1449 = PLANE ( 'NONE',  #5286 ) ;
#1450 = CARTESIAN_POINT ( 'NONE',  ( 4.398267716535433358, 0.1274956692913385703, 0.000000000000000000 ) ) ;
#1451 = LINE ( 'NONE', #3565, #731 ) ;
#1452 = VECTOR ( 'NONE', #3833, 39.37007874015748143 ) ;
#1453 = CARTESIAN_POINT ( 'NONE',  ( 4.301338582677165512, 0.1590165354330708714, 0.000000000000000000 ) ) ;
#1454 = DIRECTION ( 'NONE',  ( -0.000000000000000000, -0.000000000000000000, -1.000000000000000000 ) ) ;
#1455 = CARTESIAN_POINT ( 'NONE',  ( 8.537598425196851082, 0.1590165354330708714, 0.000000000000000000 ) ) ;
#1456 = VECTOR ( 'NONE', #4792, 39.37007874015748854 ) ;
#1457 = ORIENTED_EDGE ( 'NONE', *, *, #673, .F. ) ;
#1458 = FACE_OUTER_BOUND ( 'NONE', #584, .T. ) ;
#1459 = EDGE_CURVE ( 'NONE', #4922, #1753, #3861, .T. ) ;
#1460 = LINE ( 'NONE', #2829, #87 ) ;
#1461 = VECTOR ( 'NONE', #4837, 39.37007874015748143 ) ;
#1462 = VECTOR ( 'NONE', #3399, 39.37007874015748143 ) ;
#1463 = ORIENTED_EDGE ( 'NONE', *, *, #61, .T. ) ;
#1464 = AXIS2_PLACEMENT_3D ( 'NONE', #3426, #1707, #5165 ) ;
#1465 = VECTOR ( 'NONE', #5037, 39.37007874015748854 ) ;
#1466 = VECTOR ( 'NONE', #1421, 39.37007874015748854 ) ;
#1467 = LINE ( 'NONE', #5373, #1002 ) ;
#1468 = UNCERTAINTY_MEASURE_WITH_UNIT (LENGTH_MEASURE( 1.000000000000000082E-05 ), #1938, 'distance_accuracy_value', 'NONE');
#1469 = ORIENTED_EDGE ( 'NONE', *, *, #3296, .T. ) ;
#1470 = LINE ( 'NONE', #5407, #4361 ) ;
#1471 = AXIS2_PLACEMENT_3D ( 'NONE', #2338, #544, #1029 ) ;
#1472 = ORIENTED_EDGE ( 'NONE', *, *, #4884, .F. ) ;
#1473 = ORIENTED_EDGE ( 'NONE', *, *, #1521, .F. ) ;
#1474 = PLANE ( 'NONE',  #4925 ) ;
#1475 = VECTOR ( 'NONE', #935, 39.37007874015748854 ) ;
#1476 = CARTESIAN_POINT ( 'NONE',  ( 12.86181102362204598, 4.805275590551181253, 0.000000000000000000 ) ) ;
#1477 = ORIENTED_EDGE ( 'NONE', *, *, #1616, .T. ) ;
#1478 = ORIENTED_EDGE ( 'NONE', *, *, #5435, .T. ) ;
#1479 = DIRECTION ( 'NONE',  ( 0.4543163942505795139, 0.8908403975545519105, 0.000000000000000000 ) ) ;
#1480 = CARTESIAN_POINT ( 'NONE',  ( 4.318897637795275912, 4.902244094488189319, 0.000000000000000000 ) ) ;
#1481 = VECTOR ( 'NONE', #595, 39.37007874015748143 ) ;
#1482 = ORIENTED_EDGE ( 'NONE', *, *, #4963, .T. ) ;
#1483 = CARTESIAN_POINT ( 'NONE',  ( 0.1021594488188976441, 4.905275590551180898, 0.1968503937007874127 ) ) ;
#1484 = FACE_OUTER_BOUND ( 'NONE', #895, .T. ) ;
#1485 = EDGE_CURVE ( 'NONE', #3158, #4250, #272, .T. ) ;
#1486 = CARTESIAN_POINT ( 'NONE',  ( 8.514645669291338592, 0.1274956692913385703, 0.000000000000000000 ) ) ;
#1487 = DIRECTION ( 'NONE',  ( 0.1594293233127574150, -0.9872093450064359788, 0.000000000000000000 ) ) ;
#1488 = DIRECTION ( 'NONE',  ( -0.1595459401863458526, 0.9871905049027035473, 0.000000000000000000 ) ) ;
#1489 = DIRECTION ( 'NONE',  ( 0.7093211804271943866, -0.7048854254397457497, 0.000000000000000000 ) ) ;
#1490 = ORIENTED_EDGE ( 'NONE', *, *, #3008, .F. ) ;
#1491 = EDGE_CURVE ( 'NONE', #1415, #3914, #3350, .T. ) ;
#1492 = DIRECTION ( 'NONE',  ( 0.9880215842932800197, 0.1543157444028216974, -0.000000000000000000 ) ) ;
#1493 = VERTEX_POINT ( 'NONE', #5496 ) ;
#1494 = CARTESIAN_POINT ( 'NONE',  ( 4.318897637795275912, 0.1679137795275590928, 0.1968503937007874127 ) ) ;
#1495 = EDGE_CURVE ( 'NONE', #2128, #2389, #5063, .T. ) ;
#1496 = EDGE_CURVE ( 'NONE', #3622, #5266, #42, .T. ) ;
#1497 = VERTEX_POINT ( 'NONE', #66 ) ;
#1498 = EDGE_CURVE ( 'NONE', #3127, #2428, #1798, .T. ) ;
#1499 = CARTESIAN_POINT ( 'NONE',  ( 12.79133858267716484, 4.782440944881890310, 0.1968503937007874127 ) ) ;
#1500 = ORIENTED_EDGE ( 'NONE', *, *, #5500, .T. ) ;
#1501 = DIRECTION ( 'NONE',  ( -0.000000000000000000, -0.000000000000000000, -1.000000000000000000 ) ) ;
#1502 = VERTEX_POINT ( 'NONE', #885 ) ;
#1503 = VERTEX_POINT ( 'NONE', #3461 ) ;
#1504 = FACE_BOUND ( 'NONE', #161, .T. ) ;
#1505 = PLANE ( 'NONE',  #567 ) ;
#1506 = ORIENTED_EDGE ( 'NONE', *, *, #5602, .F. ) ;
#1507 = ORIENTED_EDGE ( 'NONE', *, *, #1396, .T. ) ;
#1508 = CARTESIAN_POINT ( 'NONE',  ( 12.47618110236220446, 4.350196850393701631, 0.000000000000000000 ) ) ;
#1509 = CARTESIAN_POINT ( 'NONE',  ( 0.03911681102362205009, 4.842283464566929929, 0.000000000000000000 ) ) ;
#1510 = ORIENTED_EDGE ( 'NONE', *, *, #1906, .F. ) ;
#1511 = LINE ( 'NONE', #4529, #3195 ) ;
#1512 = LINE ( 'NONE', #2817, #2200 ) ;
#1513 = DIRECTION ( 'NONE',  ( 0.9871105220788048973, 0.1600400487418979223, 0.000000000000000000 ) ) ;
#1514 = EDGE_CURVE ( 'NONE', #493, #275, #3038, .T. ) ;
#1515 = FACE_OUTER_BOUND ( 'NONE', #782, .T. ) ;
#1516 = DIRECTION ( 'NONE',  ( 0.8900039531765926437, 0.4559528082269453941, -0.000000000000000000 ) ) ;
#1517 = LINE ( 'NONE', #3253, #220 ) ;
#1518 = ORIENTED_EDGE ( 'NONE', *, *, #4479, .F. ) ;
#1519 = DIRECTION ( 'NONE',  ( 0.9881032527062957316, 0.1537919438437471142, 0.000000000000000000 ) ) ;
#1520 = ORIENTED_EDGE ( 'NONE', *, *, #3530, .T. ) ;
#1521 = EDGE_CURVE ( 'NONE', #2841, #47, #5282, .T. ) ;
#1522 = CARTESIAN_POINT ( 'NONE',  ( 8.511614173228347013, 0.1080728346456693023, 0.1968503937007874127 ) ) ;
#1523 = ORIENTED_EDGE ( 'NONE', *, *, #4510, .T. ) ;
#1524 = LINE ( 'NONE', #3626, #4655 ) ;
#1525 = VERTEX_POINT ( 'NONE', #1324 ) ;
#1526 = CARTESIAN_POINT ( 'NONE',  ( 0.06510433070866142313, 0.1590165354330708714, 0.1968503937007874127 ) ) ;
#1527 = ORIENTED_EDGE ( 'NONE', *, *, #780, .T. ) ;
#1528 = ORIENTED_EDGE ( 'NONE', *, *, #1841, .T. ) ;
#1529 = FACE_BOUND ( 'NONE', #2406, .T. ) ;
#1530 = DIRECTION ( 'NONE',  ( -0.9874031093311900209, 0.1582248390206102417, 0.000000000000000000 ) ) ;
#1531 = VERTEX_POINT ( 'NONE', #2626 ) ;
#1532 = DIRECTION ( 'NONE',  ( -0.8903987221554817699, -0.4551814095323810094, 0.000000000000000000 ) ) ;
#1533 = ORIENTED_EDGE ( 'NONE', *, *, #2676, .F. ) ;
#1534 = EDGE_CURVE ( 'NONE', #3131, #1807, #942, .T. ) ;
#1535 = DIRECTION ( 'NONE',  ( -0.1595459401863458526, 0.9871905049027035473, 0.000000000000000000 ) ) ;
#1536 = CARTESIAN_POINT ( 'NONE',  ( 0.08268228346456693578, 4.782440944881890310, 0.1968503937007874127 ) ) ;
#1537 = LINE ( 'NONE', #3362, #3542 ) ;
#1538 = ORIENTED_EDGE ( 'NONE', *, *, #4279, .T. ) ;
#1539 = CARTESIAN_POINT ( 'NONE',  ( 0.1620015748031496117, 4.861771653543307536, 0.1968503937007874127 ) ) ;
#1540 = DIRECTION ( 'NONE',  ( -0.000000000000000000, -0.000000000000000000, -1.000000000000000000 ) ) ;
#1541 = PLANE ( 'NONE',  #2496 ) ;
#1542 = LINE ( 'NONE', #1998, #3825 ) ;
#1543 = VECTOR ( 'NONE', #5002, 39.37007874015748143 ) ;
#1544 = CARTESIAN_POINT ( 'NONE',  ( 8.637598425196850727, 4.842283464566929929, 0.000000000000000000 ) ) ;
#1545 = VERTEX_POINT ( 'NONE', #438 ) ;
#1546 = FACE_OUTER_BOUND ( 'NONE', #3310, .T. ) ;
#1547 = VECTOR ( 'NONE', #2313, 39.37007874015748854 ) ;
#1548 = EDGE_CURVE ( 'NONE', #4952, #1051, #1298, .T. ) ;
#1549 = ORIENTED_EDGE ( 'NONE', *, *, #3436, .T. ) ;
#1550 = PLANE ( 'NONE',  #295 ) ;
#1551 = AXIS2_PLACEMENT_3D ( 'NONE', #1539, #1194, #4244 ) ;
#1553 = VERTEX_POINT ( 'NONE', #2147 ) ;
#1552 = AXIS2_PLACEMENT_3D ( 'NONE', #5112, #377, #4649 ) ;
#1554 = PLANE ( 'NONE',  #4272 ) ;
#1555 = VECTOR ( 'NONE', #530, 39.37007874015748143 ) ;
#1556 = VERTEX_POINT ( 'NONE', #13 ) ;
#1557 = AXIS2_PLACEMENT_3D ( 'NONE', #3141, #2310, #2792 ) ;
#1558 = ORIENTED_EDGE ( 'NONE', *, *, #5253, .F. ) ;
#1559 = LINE ( 'NONE', #4090, #5570 ) ;
#1560 = PLANE ( 'NONE',  #20 ) ;
#1561 = ORIENTED_EDGE ( 'NONE', *, *, #2388, .T. ) ;
#1562 = AXIS2_PLACEMENT_3D ( 'NONE', #3531, #3106, #3959 ) ;
#1563 = VECTOR ( 'NONE', #2843, 39.37007874015748143 ) ;
#1564 =( NAMED_UNIT ( * ) PLANE_ANGLE_UNIT ( ) SI_UNIT ( $, .RADIAN. ) );
#1565 = ORIENTED_EDGE ( 'NONE', *, *, #5596, .F. ) ;
#1566 = EDGE_CURVE ( 'NONE', #4689, #1361, #4340, .T. ) ;
#1567 = VECTOR ( 'NONE', #3897, 39.37007874015748143 ) ;
#1568 = CARTESIAN_POINT ( 'NONE',  ( 0.08268228346456693578, 0.04817716535433071157, 0.000000000000000000 ) ) ;
#1569 = PLANE ( 'NONE',  #3845 ) ;
#1570 = EDGE_CURVE ( 'NONE', #4227, #4689, #4745, .T. ) ;
#1571 = FACE_OUTER_BOUND ( 'NONE', #969, .T. ) ;
#1572 = DIRECTION ( 'NONE',  ( -0.1543157444027945246, 0.9880215842932842385, 0.000000000000000000 ) ) ;
#1573 = VECTOR ( 'NONE', #3241, 39.37007874015748854 ) ;
#1574 = CARTESIAN_POINT ( 'NONE',  ( 0.06510433070866142313, 0.1590165354330708714, 0.000000000000000000 ) ) ;
#1575 = DIRECTION ( 'NONE',  ( -0.7084857568802658268, 0.7057251110012996431, 0.000000000000000000 ) ) ;
#1576 = LINE ( 'NONE', #1658, #1282 ) ;
#1577 = DIRECTION ( 'NONE',  ( 0.4516045380685628774, -0.8922182138893377523, 0.000000000000000000 ) ) ;
#1578 = ORIENTED_EDGE ( 'NONE', *, *, #1752, .F. ) ;
#1579 = DIRECTION ( 'NONE',  ( 0.7083262900088974634, 0.7058851655065652153, 0.000000000000000000 ) ) ;
#1580 = EDGE_LOOP ( 'NONE', ( #2204, #2267, #2227, #5097, #4255, #718, #4406, #4894, #1302, #1510, #611, #5367, #1578, #3128, #3009, #4293, #4425, #4345, #2497, #1506 ) ) ;
#1581 = EDGE_CURVE ( 'NONE', #2682, #1525, #3887, .T. ) ;
#1582 = LINE ( 'NONE', #2036, #1379 ) ;
#1583 = VECTOR ( 'NONE', #3224, 39.37007874015748143 ) ;
#1584 = EDGE_LOOP ( 'NONE', ( #2069, #1005, #241, #2753 ) ) ;
#1585 = DIRECTION ( 'NONE',  ( -0.1537070062818867988, -0.9881164689548798119, 0.000000000000000000 ) ) ;
#1586 = ORIENTED_EDGE ( 'NONE', *, *, #3231, .T. ) ;
#1587 = ORIENTED_EDGE ( 'NONE', *, *, #194, .F. ) ;
#1588 = PLANE ( 'NONE',  #3292 ) ;
#1589 = CARTESIAN_POINT ( 'NONE',  ( 12.81086614173228533, 4.779291338582677184, 0.1968503937007874127 ) ) ;
#1590 = ORIENTED_EDGE ( 'NONE', *, *, #5553, .T. ) ;
#1591 = VERTEX_POINT ( 'NONE', #2229 ) ;
#1592 = ORIENTED_EDGE ( 'NONE', *, *, #2083, .F. ) ;
#1593 = CARTESIAN_POINT ( 'NONE',  ( 4.401377952755906264, 0.1080728346456693023, 0.1968503937007874127 ) ) ;
#1594 = CARTESIAN_POINT ( 'NONE',  ( 12.79133858267716484, 4.782440944881890310, 0.1968503937007874127 ) ) ;
#1595 = DIRECTION ( 'NONE',  ( -0.1576014570290688865, 0.9875028003718846481, 0.000000000000000000 ) ) ;
#1596 = EDGE_LOOP ( 'NONE', ( #5372, #579, #1500, #1957 ) ) ;
#1597 = DIRECTION ( 'NONE',  ( 0.9871105220788041201, 0.1600400487419023077, 0.000000000000000000 ) ) ;
#1598 = PLANE ( 'NONE',  #1099 ) ;
#1599 = DIRECTION ( 'NONE',  ( 0.4527259285258880550, 0.8916497258679400018, 0.000000000000000000 ) ) ;
#1600 = DIRECTION ( 'NONE',  ( 0.1582248390206373034, 0.9874031093311855800, 0.000000000000000000 ) ) ;
#1601 = LINE ( 'NONE', #5613, #3200 ) ;
#1602 = ORIENTED_EDGE ( 'NONE', *, *, #3335, .T. ) ;
#1603 = CARTESIAN_POINT ( 'NONE',  ( 8.537598425196851082, 0.1590165354330708714, 0.1968503937007874127 ) ) ;
#1604 = ORIENTED_EDGE ( 'NONE', *, *, #2233, .F. ) ;
#1605 = DIRECTION ( 'NONE',  ( 0.1534044130056855804, -0.9881634915692752985, 0.000000000000000000 ) ) ;
#1606 = EDGE_LOOP ( 'NONE', ( #1925, #4350, #1704, #5426 ) ) ;
#1607 = CARTESIAN_POINT ( 'NONE',  ( 0.1531027559055118115, 0.07101771653543308138, 0.000000000000000000 ) ) ;
#1608 = ORIENTED_EDGE ( 'NONE', *, *, #4625, .F. ) ;
#1609 = ORIENTED_EDGE ( 'NONE', *, *, #175, .F. ) ;
#1610 = CARTESIAN_POINT ( 'NONE',  ( 8.523661417322834666, 0.1450736220472441107, 0.000000000000000000 ) ) ;
#1611 = LINE ( 'NONE', #2930, #5305 ) ;
#1612 = ORIENTED_EDGE ( 'NONE', *, *, #5280, .T. ) ;
#1613 = PLANE ( 'NONE',  #1653 ) ;
#1614 = ORIENTED_EDGE ( 'NONE', *, *, #3583, .F. ) ;
#1615 = ORIENTED_EDGE ( 'NONE', *, *, #2225, .T. ) ;
#1616 = EDGE_CURVE ( 'NONE', #4547, #2136, #2255, .T. ) ;
#1617 = CARTESIAN_POINT ( 'NONE',  ( 12.83027559055118338, 0.1679137795275590928, 0.1968503937007874127 ) ) ;
#1618 = CARTESIAN_POINT ( 'NONE',  ( 4.389330708661417724, 0.1450736220472441107, 0.1968503937007874127 ) ) ;
#1619 = EDGE_CURVE ( 'NONE', #4750, #432, #2202, .T. ) ;
#1620 = CARTESIAN_POINT ( 'NONE',  ( 8.594055118110235369, 0.1679137795275590928, 0.1968503937007874127 ) ) ;
#1621 = EDGE_CURVE ( 'NONE', #790, #5352, #4398, .T. ) ;
#1622 = CARTESIAN_POINT ( 'NONE',  ( 12.75988188976378090, 0.1450736220472441107, 0.1968503937007874127 ) ) ;
#1623 = CARTESIAN_POINT ( 'NONE',  ( 8.555118110236222151, 4.782440944881890310, 0.000000000000000000 ) ) ;
#1624 = DIRECTION ( 'NONE',  ( 0.8924218088635805790, 0.4512020778594161841, 0.000000000000000000 ) ) ;
#1625 = ORIENTED_EDGE ( 'NONE', *, *, #2321, .T. ) ;
#1626 = ORIENTED_EDGE ( 'NONE', *, *, #2687, .F. ) ;
#1627 = CARTESIAN_POINT ( 'NONE',  ( 12.86181102362204598, 0.1450736220472441107, 0.000000000000000000 ) ) ;
#1628 = VECTOR ( 'NONE', #4060, 39.37007874015748143 ) ;
#1629 = ORIENTED_EDGE ( 'NONE', *, *, #5126, .F. ) ;
#1630 = ADVANCED_FACE ( 'NONE', ( #4796 ), #2660, .T. ) ;
#1631 = CARTESIAN_POINT ( 'NONE',  ( 8.637598425196850727, 0.1080728346456693023, 0.1968503937007874127 ) ) ;
#1632 = EDGE_LOOP ( 'NONE', ( #590, #3316, #4854, #3355 ) ) ;
#1633 = CARTESIAN_POINT ( 'NONE',  ( 8.514645669291338592, 0.1274956692913385703, 0.1968503937007874127 ) ) ;
#1634 = AXIS2_PLACEMENT_3D ( 'NONE', #3169, #4909, #2771 ) ;
#1635 = VERTEX_POINT ( 'NONE', #5204 ) ;
#1636 = ORIENTED_EDGE ( 'NONE', *, *, #3670, .T. ) ;
#1637 = AXIS2_PLACEMENT_3D ( 'NONE', #1908, #169, #4504 ) ;
#1638 = LINE ( 'NONE', #4320, #5117 ) ;
#1639 = ORIENTED_EDGE ( 'NONE', *, *, #5537, .F. ) ;
#1640 = AXIS2_PLACEMENT_3D ( 'NONE', #5160, #2133, #1250 ) ;
#1641 = VECTOR ( 'NONE', #56, 39.37007874015748854 ) ;
#1642 = CARTESIAN_POINT ( 'NONE',  ( 4.398267716535433358, 0.08854173228346456925, 0.1968503937007874127 ) ) ;
#1643 = ORIENTED_EDGE ( 'NONE', *, *, #225, .T. ) ;
#1644 = VERTEX_POINT ( 'NONE', #2171 ) ;
#1645 = LINE ( 'NONE', #703, #5118 ) ;
#1646 = CARTESIAN_POINT ( 'NONE',  ( 8.637598425196850727, 4.842283464566929929, 0.1968503937007874127 ) ) ;
#1647 = EDGE_CURVE ( 'NONE', #2440, #3850, #1264, .T. ) ;
#1648 = VECTOR ( 'NONE', #863, 39.37007874015748854 ) ;
#1649 = VECTOR ( 'NONE', #585, 39.37007874015748143 ) ;
#1650 = LINE ( 'NONE', #3423, #4544 ) ;
#1651 = VERTEX_POINT ( 'NONE', #3087 ) ;
#1652 = LINE ( 'NONE', #5533, #4824 ) ;
#1653 = AXIS2_PLACEMENT_3D ( 'NONE', #314, #1676, #2103 ) ;
#1654 = DIRECTION ( 'NONE',  ( 0.9871977739796292672, 0.1595009562656748425, 0.000000000000000000 ) ) ;
#1655 = VECTOR ( 'NONE', #3518, 39.37007874015748854 ) ;
#1656 = CARTESIAN_POINT ( 'NONE',  ( 0.05116102362204725390, 0.07101771653543308138, 0.1968503937007874127 ) ) ;
#1657 = EDGE_CURVE ( 'NONE', #4342, #559, #839, .T. ) ;
#1658 = CARTESIAN_POINT ( 'NONE',  ( 12.84787401574803312, 0.1590165354330708714, 0.000000000000000000 ) ) ;
#1659 = VECTOR ( 'NONE', #1624, 39.37007874015748854 ) ;
#1660 = ORIENTED_EDGE ( 'NONE', *, *, #5270, .T. ) ;
#1661 = CARTESIAN_POINT ( 'NONE',  ( 4.338385826771653520, 4.779291338582677184, 0.1968503937007874127 ) ) ;
#1662 = VECTOR ( 'NONE', #5009, 39.37007874015748143 ) ;
#1663 = CARTESIAN_POINT ( 'NONE',  ( 12.84787401574803312, 4.893267716535433465, 0.1968503937007874127 ) ) ;
#1664 = DIRECTION ( 'NONE',  ( -0.8916126378921507278, -0.4527989663758081873, 0.000000000000000000 ) ) ;
#1665 = VERTEX_POINT ( 'NONE', #495 ) ;
#1666 = LINE ( 'NONE', #3408, #3748 ) ;
#1667 = VERTEX_POINT ( 'NONE', #415 ) ;
#1668 = DIRECTION ( 'NONE',  ( -0.000000000000000000, -0.000000000000000000, -1.000000000000000000 ) ) ;
#1669 = EDGE_CURVE ( 'NONE', #4143, #3673, #1715, .T. ) ;
#1670 = AXIS2_PLACEMENT_3D ( 'NONE', #1656, #5535, #1575 ) ;
#1671 = EDGE_CURVE ( 'NONE', #1181, #874, #1886, .T. ) ;
#1672 = ADVANCED_FACE ( 'NONE', ( #2797 ), #4052, .T. ) ;
#1673 = ORIENTED_EDGE ( 'NONE', *, *, #1336, .T. ) ;
#1674 = CARTESIAN_POINT ( 'NONE',  ( 0.03911681102362205009, 0.1080728346456693023, 0.1968503937007874127 ) ) ;
#1675 = ORIENTED_EDGE ( 'NONE', *, *, #2458, .F. ) ;
#1676 = DIRECTION ( 'NONE',  ( -0.7069569863009725896, 0.7072565443460007151, 0.000000000000000000 ) ) ;
#1677 = VERTEX_POINT ( 'NONE', #2288 ) ;
#1678 = ORIENTED_EDGE ( 'NONE', *, *, #4145, .T. ) ;
#1679 = CARTESIAN_POINT ( 'NONE',  ( 12.90929133858267797, 4.940708661417322567, 0.000000000000000000 ) ) ;
#1680 = CARTESIAN_POINT ( 'NONE',  ( 4.301338582677165512, 0.05712874015748031775, 0.1968503937007874127 ) ) ;
#1681 = DIRECTION ( 'NONE',  ( 0.8916172162396241996, 0.4527899509762814412, -0.000000000000000000 ) ) ;
#1682 = ORIENTED_EDGE ( 'NONE', *, *, #390, .F. ) ;
#1683 = CARTESIAN_POINT ( 'NONE',  ( 4.357795275590551576, 4.902244094488189319, 0.1968503937007874127 ) ) ;
#1684 = DIRECTION ( 'NONE',  ( -0.9871058195297774951, -0.1600690508825686753, 0.000000000000000000 ) ) ;
#1685 = CARTESIAN_POINT ( 'NONE',  ( 4.375393700787402196, 0.05712874015748031775, 0.1968503937007874127 ) ) ;
#1686 = DIRECTION ( 'NONE',  ( 1.000000000000000000, -0.000000000000000000, -0.000000000000000000 ) ) ;
#1687 = EDGE_CURVE ( 'NONE', #247, #2532, #3230, .T. ) ;
#1688 = VERTEX_POINT ( 'NONE', #1494 ) ;
#1689 = PLANE ( 'NONE',  #4288 ) ;
#1690 = CARTESIAN_POINT ( 'NONE',  ( 12.86181102362204598, 0.1450736220472441107, 0.1968503937007874127 ) ) ;
#1691 = DIRECTION ( 'NONE',  ( 0.7083262900088699299, 0.7058851655065930819, 0.000000000000000000 ) ) ;
#1692 = EDGE_CURVE ( 'NONE', #3636, #2897, #4538, .T. ) ;
#1693 = CARTESIAN_POINT ( 'NONE',  ( 0.1391598425196850508, 0.1590165354330708714, 0.000000000000000000 ) ) ;
#1694 = PLANE ( 'NONE',  #268 ) ;
#1695 = ORIENTED_EDGE ( 'NONE', *, *, #1804, .F. ) ;
#1696 = DIRECTION ( 'NONE',  ( -0.1556551389296265686, -0.9878114585915668266, 0.000000000000000000 ) ) ;
#1697 = ORIENTED_EDGE ( 'NONE', *, *, #3416, .F. ) ;
#1698 = DIRECTION ( 'NONE',  ( 0.9878639906332435938, 0.1553213958544119033, -0.000000000000000000 ) ) ;
#1699 = EDGE_LOOP ( 'NONE', ( #1835, #1697, #3299, #3798 ) ) ;
#1700 = VERTEX_POINT ( 'NONE', #1054 ) ;
#1701 = FACE_OUTER_BOUND ( 'NONE', #1961, .T. ) ;
#1702 = CARTESIAN_POINT ( 'NONE',  ( 4.301338582677165512, 0.1590165354330708714, 0.1968503937007874127 ) ) ;
#1703 = DIRECTION ( 'NONE',  ( 0.7083262900088422853, 0.7058851655066208375, 0.000000000000000000 ) ) ;
#1704 = ORIENTED_EDGE ( 'NONE', *, *, #1323, .T. ) ;
#1705 = DIRECTION ( 'NONE',  ( -0.9881164689548839197, -0.1537070062818597649, 0.000000000000000000 ) ) ;
#1706 = ADVANCED_FACE ( 'NONE', ( #3624 ), #1030, .T. ) ;
#1707 = DIRECTION ( 'NONE',  ( 0.9877308020495736418, -0.1561661380789901576, 0.000000000000000000 ) ) ;
#1708 = CARTESIAN_POINT ( 'NONE',  ( 4.287362204724409764, 4.805275590551181253, 0.1968503937007874127 ) ) ;
#1709 = LINE ( 'NONE', #878, #4827 ) ;
#1710 = EDGE_LOOP ( 'NONE', ( #4906, #4671, #5339, #1896 ) ) ;
#1711 = LINE ( 'NONE', #861, #4559 ) ;
#1712 = DIRECTION ( 'NONE',  ( -0.000000000000000000, -0.000000000000000000, -1.000000000000000000 ) ) ;
#1713 = DIRECTION ( 'NONE',  ( -0.8905970137628033134, 0.4547933146790716918, 0.000000000000000000 ) ) ;
#1714 = DIRECTION ( 'NONE',  ( -0.1600690508825686753, 0.9871058195297774951, 0.000000000000000000 ) ) ;
#1715 = LINE ( 'NONE', #1950, #1547 ) ;
#1716 = EDGE_CURVE ( 'NONE', #696, #1493, #3257, .T. ) ;
#1717 = VECTOR ( 'NONE', #4290, 39.37007874015748143 ) ;
#1718 = ORIENTED_EDGE ( 'NONE', *, *, #1570, .F. ) ;
#1719 = DIRECTION ( 'NONE',  ( 0.9881677099903881656, 0.1533772373344627904, -0.000000000000000000 ) ) ;
#1720 = VECTOR ( 'NONE', #3006, 39.37007874015748143 ) ;
#1721 = EDGE_LOOP ( 'NONE', ( #3874, #1437, #274, #2875 ) ) ;
#1722 = DIRECTION ( 'NONE',  ( 0.1563763198671320742, -0.9876975481314167471, 0.000000000000000000 ) ) ;
#1723 = VECTOR ( 'NONE', #3588, 39.37007874015748854 ) ;
#1724 = EDGE_CURVE ( 'NONE', #4547, #1635, #5370, .T. ) ;
#1725 = ORIENTED_EDGE ( 'NONE', *, *, #2252, .T. ) ;
#1726 = EDGE_LOOP ( 'NONE', ( #965, #2746, #5065, #1238 ) ) ;
#1727 = CARTESIAN_POINT ( 'NONE',  ( 0.03911681102362205009, 4.842283464566929929, 0.1968503937007874127 ) ) ;
#1728 = LINE ( 'NONE', #449, #5300 ) ;
#1729 = LINE ( 'NONE', #3898, #812 ) ;
#1730 = ORIENTED_EDGE ( 'NONE', *, *, #2984, .T. ) ;
#1731 = VECTOR ( 'NONE', #72, 39.37007874015748143 ) ;
#1732 = CARTESIAN_POINT ( 'NONE',  ( 12.79133858267716484, 4.782440944881890310, 0.1968503937007874127 ) ) ;
#1733 = EDGE_CURVE ( 'NONE', #666, #501, #997, .T. ) ;
#1734 = EDGE_CURVE ( 'NONE', #4161, #3784, #1082, .T. ) ;
#1735 = CARTESIAN_POINT ( 'NONE',  ( 4.375393700787402196, 0.05712874015748031775, 0.1968503937007874127 ) ) ;
#1736 = FACE_OUTER_BOUND ( 'NONE', #3716, .T. ) ;
#1737 = EDGE_CURVE ( 'NONE', #2381, #5208, #1460, .T. ) ;
#1738 = AXIS2_PLACEMENT_3D ( 'NONE', #2883, #1516, #1969 ) ;
#1739 = AXIS2_PLACEMENT_3D ( 'NONE', #3602, #179, #2405 ) ;
#1740 = CARTESIAN_POINT ( 'NONE',  ( 0.08268228346456693578, 0.04817716535433071157, 0.1968503937007874127 ) ) ;
#1741 = EDGE_LOOP ( 'NONE', ( #583, #4083, #2461, #496 ) ) ;
#1742 = LINE ( 'NONE', #3940, #4743 ) ;
#1743 = DIRECTION ( 'NONE',  ( -0.1573322594823948206, 0.9875457255875114138, 0.000000000000000000 ) ) ;
#1744 = VECTOR ( 'NONE', #1446, 39.37007874015748854 ) ;
#1745 = AXIS2_PLACEMENT_3D ( 'NONE', #2000, #3736, #5487 ) ;
#1746 = CARTESIAN_POINT ( 'NONE',  ( 12.90929133858267797, 0.009602874015748032177, 0.1968503937007874127 ) ) ;
#1747 = ORIENTED_EDGE ( 'NONE', *, *, #4652, .T. ) ;
#1748 = AXIS2_PLACEMENT_3D ( 'NONE', #2763, #4502, #35 ) ;
#1749 = LINE ( 'NONE', #4339, #469 ) ;
#1750 = DIRECTION ( 'NONE',  ( -0.9880373179045875975, 0.1542149747200597942, 0.000000000000000000 ) ) ;
#1751 = VECTOR ( 'NONE', #3720, 39.37007874015748854 ) ;
#1752 = EDGE_CURVE ( 'NONE', #985, #1531, #4573, .T. ) ;
#1753 = VERTEX_POINT ( 'NONE', #2339 ) ;
#1754 = LINE ( 'NONE', #3067, #4565 ) ;
#1755 = EDGE_CURVE ( 'NONE', #1843, #2436, #4487, .T. ) ;
#1756 = ORIENTED_EDGE ( 'NONE', *, *, #3459, .F. ) ;
#1757 = EDGE_LOOP ( 'NONE', ( #1168, #733, #1873, #1523 ) ) ;
#1758 = VERTEX_POINT ( 'NONE', #176 ) ;
#1759 = CARTESIAN_POINT ( 'NONE',  ( 12.87070866141732317, 4.861771653543307536, 0.1968503937007874127 ) ) ;
#1760 = DIRECTION ( 'NONE',  ( 0.7071067811865335839, 0.7071067811865613395, 0.000000000000000000 ) ) ;
#1761 = CARTESIAN_POINT ( 'NONE',  ( 0.1620015748031496117, 0.08854173228346456925, 0.1968503937007874127 ) ) ;
#1762 = ORIENTED_EDGE ( 'NONE', *, *, #3289, .T. ) ;
#1763 = LINE ( 'NONE', #2568, #2364 ) ;
#1764 = CARTESIAN_POINT ( 'NONE',  ( 4.318897637795275912, 0.04817716535433071157, 0.1968503937007874127 ) ) ;
#1765 = DIRECTION ( 'NONE',  ( -0.9874031093311856910, 0.1582248390206373034, 0.000000000000000000 ) ) ;
#1766 = CARTESIAN_POINT ( 'NONE',  ( 0.1531027559055118115, 4.805275590551181253, 0.1968503937007874127 ) ) ;
#1767 = LINE ( 'NONE', #3080, #4936 ) ;
#1768 = LINE ( 'NONE', #2601, #2280 ) ;
#1769 = LINE ( 'NONE', #3513, #3824 ) ;
#1770 = PLANE ( 'NONE',  #2733 ) ;
#1771 = VERTEX_POINT ( 'NONE', #578 ) ;
#1772 = FACE_OUTER_BOUND ( 'NONE', #1632, .T. ) ;
#1773 = CARTESIAN_POINT ( 'NONE',  ( 0.06510433070866142313, 0.1590165354330708714, 0.1968503937007874127 ) ) ;
#1774 = EDGE_CURVE ( 'NONE', #1651, #2541, #3659, .T. ) ;
#1775 = EDGE_LOOP ( 'NONE', ( #1309, #2831, #3865, #4319 ) ) ;
#1776 = DIRECTION ( 'NONE',  ( -0.7081034065937691357, -0.7061087491104320879, 0.000000000000000000 ) ) ;
#1777 = VERTEX_POINT ( 'NONE', #1832 ) ;
#1778 = LINE ( 'NONE', #1868, #14 ) ;
#1779 = ORIENTED_EDGE ( 'NONE', *, *, #1737, .F. ) ;
#1780 = ORIENTED_EDGE ( 'NONE', *, *, #1816, .F. ) ;
#1781 = LINE ( 'NONE', #502, #1183 ) ;
#1782 = CARTESIAN_POINT ( 'NONE',  ( 8.625590551181103294, 0.1450736220472441107, 0.1968503937007874127 ) ) ;
#1783 = VERTEX_POINT ( 'NONE', #3201 ) ;
#1784 = DIRECTION ( 'NONE',  ( -0.4547933146790716363, -0.8905970137628034244, 0.000000000000000000 ) ) ;
#1785 = ADVANCED_FACE ( 'NONE', ( #1405 ), #1917, .T. ) ;
#1786 = CARTESIAN_POINT ( 'NONE',  ( 12.84787401574803312, 0.05712874015748031775, 0.000000000000000000 ) ) ;
#1787 = PLANE ( 'NONE',  #2070 ) ;
#1788 = DIRECTION ( 'NONE',  ( 0.000000000000000000, 0.000000000000000000, 1.000000000000000000 ) ) ;
#1789 = DIRECTION ( 'NONE',  ( 0.1594293233127661025, -0.9872093450064345355, 0.000000000000000000 ) ) ;
#1790 = EDGE_CURVE ( 'NONE', #3543, #3869, #5316, .T. ) ;
#1791 = PLANE ( 'NONE',  #1918 ) ;
#1792 = CARTESIAN_POINT ( 'NONE',  ( 8.574606299212598870, 4.905275590551180898, 0.1968503937007874127 ) ) ;
#1793 = PLANE ( 'NONE',  #3919 ) ;
#1794 = EDGE_CURVE ( 'NONE', #4023, #5554, #122, .T. ) ;
#1795 = EDGE_CURVE ( 'NONE', #887, #3622, #713, .T. ) ;
#1796 = ORIENTED_EDGE ( 'NONE', *, *, #2818, .T. ) ;
#1797 = LINE ( 'NONE', #4942, #4114 ) ;
#1798 = LINE ( 'NONE', #5231, #1269 ) ;
#1799 = EDGE_CURVE ( 'NONE', #4567, #528, #4251, .T. ) ;
#1800 = ORIENTED_EDGE ( 'NONE', *, *, #3876, .T. ) ;
#1801 = EDGE_CURVE ( 'NONE', #2474, #4522, #2888, .T. ) ;
#1802 = CARTESIAN_POINT ( 'NONE',  ( 12.79133858267716484, 0.1679137795275590928, 0.1968503937007874127 ) ) ;
#1803 = ORIENTED_EDGE ( 'NONE', *, *, #5042, .F. ) ;
#1804 = EDGE_CURVE ( 'NONE', #410, #776, #5033, .T. ) ;
#1805 = CARTESIAN_POINT ( 'NONE',  ( 8.514645669291338592, 4.861771653543307536, 0.1968503937007874127 ) ) ;
#1806 = ORIENTED_EDGE ( 'NONE', *, *, #1240, .T. ) ;
#1807 = VERTEX_POINT ( 'NONE', #5490 ) ;
#1808 = VECTOR ( 'NONE', #4031, 39.37007874015748143 ) ;
#1809 = CARTESIAN_POINT ( 'NONE',  ( 8.514645669291338592, 4.861771653543307536, 0.000000000000000000 ) ) ;
#1810 = DIRECTION ( 'NONE',  ( 0.8895889230663259761, -0.4567620255206144564, 0.000000000000000000 ) ) ;
#1811 = ORIENTED_EDGE ( 'NONE', *, *, #2065, .T. ) ;
#1812 = DIRECTION ( 'NONE',  ( -0.000000000000000000, -0.000000000000000000, -1.000000000000000000 ) ) ;
#1813 = VECTOR ( 'NONE', #2582, 39.37007874015748143 ) ;
#1814 = CARTESIAN_POINT ( 'NONE',  ( 4.375393700787402196, 0.1590165354330708714, 0.1968503937007874127 ) ) ;
#1815 = ORIENTED_EDGE ( 'NONE', *, *, #855, .F. ) ;
#1816 = EDGE_CURVE ( 'NONE', #5431, #612, #350, .T. ) ;
#1817 = DIRECTION ( 'NONE',  ( 0.9881164689548826985, 0.1537070062818681748, 0.000000000000000000 ) ) ;
#1818 = CARTESIAN_POINT ( 'NONE',  ( 12.87070866141732317, 0.1274956692913385703, 0.000000000000000000 ) ) ;
#1819 = VECTOR ( 'NONE', #3678, 39.37007874015748854 ) ;
#1820 = VECTOR ( 'NONE', #2244, 39.37007874015748143 ) ;
#1821 = DIRECTION ( 'NONE',  ( -0.4532090333824528305, -0.8914042697118645942, 0.000000000000000000 ) ) ;
#1822 = CARTESIAN_POINT ( 'NONE',  ( 0.1215818897637795243, 0.1679137795275590928, 0.1968503937007874127 ) ) ;
#1823 = CARTESIAN_POINT ( 'NONE',  ( 4.318897637795275912, 0.04817716535433071157, 0.000000000000000000 ) ) ;
#1824 = VECTOR ( 'NONE', #5395, 39.37007874015748854 ) ;
#1825 = VECTOR ( 'NONE', #4131, 39.37007874015748143 ) ;
#1826 = LINE ( 'NONE', #1050, #4589 ) ;
#1827 = EDGE_LOOP ( 'NONE', ( #1200, #5254, #3832, #4511 ) ) ;
#1828 = ADVANCED_FACE ( 'NONE', ( #5086 ), #5540, .T. ) ;
#1829 = CARTESIAN_POINT ( 'NONE',  ( 8.523661417322834666, 4.879330708661417937, 0.1968503937007874127 ) ) ;
#1830 = VECTOR ( 'NONE', #3852, 39.37007874015748854 ) ;
#1831 = VECTOR ( 'NONE', #3544, 39.37007874015748854 ) ;
#1832 = CARTESIAN_POINT ( 'NONE',  ( 8.634488188976378709, 4.822874015748031873, 0.1968503937007874127 ) ) ;
#1833 = VECTOR ( 'NONE', #1532, 39.37007874015748143 ) ;
#1834 = VECTOR ( 'NONE', #298, 39.37007874015748854 ) ;
#1835 = ORIENTED_EDGE ( 'NONE', *, *, #4722, .F. ) ;
#1836 = PLANE ( 'NONE',  #3194 ) ;
#1837 = EDGE_CURVE ( 'NONE', #5514, #3062, #4623, .T. ) ;
#1838 = ORIENTED_EDGE ( 'NONE', *, *, #3270, .F. ) ;
#1839 = ADVANCED_FACE ( 'NONE', ( #1546 ), #689, .T. ) ;
#1840 = VECTOR ( 'NONE', #3510, 39.37007874015748143 ) ;
#1841 = EDGE_CURVE ( 'NONE', #2688, #3712, #1169, .T. ) ;
#1842 = ORIENTED_EDGE ( 'NONE', *, *, #120, .F. ) ;
#1843 = VERTEX_POINT ( 'NONE', #301 ) ;
#1844 = LINE ( 'NONE', #4381, #3916 ) ;
#1845 = DIRECTION ( 'NONE',  ( -0.7071067811865474617, 0.7071067811865474617, 0.000000000000000000 ) ) ;
#1846 = ORIENTED_EDGE ( 'NONE', *, *, #809, .T. ) ;
#1847 = ORIENTED_EDGE ( 'NONE', *, *, #4947, .T. ) ;
#1848 = CARTESIAN_POINT ( 'NONE',  ( 12.87070866141732317, 4.861771653543307536, 0.1968503937007874127 ) ) ;
#1849 = CARTESIAN_POINT ( 'NONE',  ( 4.338385826771653520, 4.779291338582677184, 0.000000000000000000 ) ) ;
#1850 = ORIENTED_EDGE ( 'NONE', *, *, #5450, .F. ) ;
#1851 = LINE ( 'NONE', #4960, #3471 ) ;
#1852 = CARTESIAN_POINT ( 'NONE',  ( 0.1651472440944882214, 0.1080728346456693023, 0.1968503937007874127 ) ) ;
#1853 = DIRECTION ( 'NONE',  ( 0.4551814095323809539, -0.8903987221554818809, 0.000000000000000000 ) ) ;
#1854 = EDGE_CURVE ( 'NONE', #3370, #3560, #5115, .T. ) ;
#1855 = DIRECTION ( 'NONE',  ( 0.4512020778594382775, 0.8924218088635693658, 0.000000000000000000 ) ) ;
#1856 = CARTESIAN_POINT ( 'NONE',  ( 4.301338582677165512, 4.893267716535433465, 0.1968503937007874127 ) ) ;
#1857 = CARTESIAN_POINT ( 'NONE',  ( 4.287362204724409764, 0.07101771653543308138, 0.000000000000000000 ) ) ;
#1858 = EDGE_CURVE ( 'NONE', #3854, #3487, #3404, .T. ) ;
#1859 = ORIENTED_EDGE ( 'NONE', *, *, #5088, .T. ) ;
#1860 = CARTESIAN_POINT ( 'NONE',  ( 12.75090551181102505, 0.1274956692913385703, 0.000000000000000000 ) ) ;
#1861 = CARTESIAN_POINT ( 'NONE',  ( 4.287362204724409764, 4.805275590551181253, 0.000000000000000000 ) ) ;
#1862 = ADVANCED_FACE ( 'NONE', ( #2975 ), #2519, .T. ) ;
#1863 = VERTEX_POINT ( 'NONE', #5515 ) ;
#1864 = CARTESIAN_POINT ( 'NONE',  ( 8.511614173228347013, 4.842283464566929929, 0.1968503937007874127 ) ) ;
#1865 = ADVANCED_FACE ( 'NONE', ( #1203 ), #4653, .T. ) ;
#1866 = ORIENTED_EDGE ( 'NONE', *, *, #1647, .F. ) ;
#1867 = DIRECTION ( 'NONE',  ( 0.1533772373344898243, -0.9881677099903839467, 0.000000000000000000 ) ) ;
#1868 = CARTESIAN_POINT ( 'NONE',  ( 0.04220905511811023220, 4.861771653543307536, 0.1968503937007874127 ) ) ;
#1869 = VERTEX_POINT ( 'NONE', #2429 ) ;
#1870 = ORIENTED_EDGE ( 'NONE', *, *, #5608, .F. ) ;
#1871 = LINE ( 'NONE', #447, #4371 ) ;
#1872 = CARTESIAN_POINT ( 'NONE',  ( 4.389330708661417724, 4.805275590551181253, 0.1968503937007874127 ) ) ;
#1873 = ORIENTED_EDGE ( 'NONE', *, *, #2368, .T. ) ;
#1874 = EDGE_LOOP ( 'NONE', ( #1428, #2737, #676, #5527 ) ) ;
#1875 = CARTESIAN_POINT ( 'NONE',  ( 12.79133858267716484, 4.902244094488189319, 0.1968503937007874127 ) ) ;
#1876 = LINE ( 'NONE', #1764, #2114 ) ;
#1877 = ORIENTED_EDGE ( 'NONE', *, *, #1799, .F. ) ;
#1878 = CARTESIAN_POINT ( 'NONE',  ( 8.555118110236222151, 0.04817716535433071157, 0.1968503937007874127 ) ) ;
#1879 = DIRECTION ( 'NONE',  ( 0.4543163942506014408, -0.8908403975545406972, 0.000000000000000000 ) ) ;
#1880 = DIRECTION ( 'NONE',  ( -0.8913191698506576222, -0.4533763750535910186, 0.000000000000000000 ) ) ;
#1881 = CARTESIAN_POINT ( 'NONE',  ( 8.523661417322834666, 0.1450736220472441107, 0.1968503937007874127 ) ) ;
#1882 = CARTESIAN_POINT ( 'NONE',  ( 0.04220905511811023220, 0.08854173228346456925, 0.1968503937007874127 ) ) ;
#1883 = LINE ( 'NONE', #1857, #2469 ) ;
#1884 = ORIENTED_EDGE ( 'NONE', *, *, #3993, .F. ) ;
#1885 = DIRECTION ( 'NONE',  ( 0.1537919438437471142, -0.9881032527062957316, 0.000000000000000000 ) ) ;
#1886 = LINE ( 'NONE', #4115, #4734 ) ;
#1887 = ORIENTED_EDGE ( 'NONE', *, *, #2662, .T. ) ;
#1888 = LINE ( 'NONE', #1977, #1465 ) ;
#1889 = VERTEX_POINT ( 'NONE', #2949 ) ;
#1890 = DIRECTION ( 'NONE',  ( 0.9872124837542678444, -0.1594098865181494407, 0.000000000000000000 ) ) ;
#1891 = EDGE_CURVE ( 'NONE', #3778, #3232, #4686, .T. ) ;
#1892 = ORIENTED_EDGE ( 'NONE', *, *, #1854, .F. ) ;
#1893 = ORIENTED_EDGE ( 'NONE', *, *, #2639, .T. ) ;
#1894 = FACE_BOUND ( 'NONE', #3681, .T. ) ;
#1895 = LINE ( 'NONE', #223, #5492 ) ;
#1896 = ORIENTED_EDGE ( 'NONE', *, *, #4229, .T. ) ;
#1897 = ORIENTED_EDGE ( 'NONE', *, *, #1217, .T. ) ;
#1898 = CARTESIAN_POINT ( 'NONE',  ( 8.555118110236222151, 0.1679137795275590928, 0.1968503937007874127 ) ) ;
#1899 = ADVANCED_FACE ( 'NONE', ( #774 ), #3822, .F. ) ;
#1900 = FILL_AREA_STYLE_COLOUR ( '', #5299 ) ;
#1901 = VECTOR ( 'NONE', #767, 39.37007874015748143 ) ;
#1902 = ORIENTED_EDGE ( 'NONE', *, *, #503, .F. ) ;
#1903 = DIRECTION ( 'NONE',  ( -0.8920223363405500594, -0.4519913179139025128, 0.000000000000000000 ) ) ;
#1904 = FACE_OUTER_BOUND ( 'NONE', #2876, .T. ) ;
#1905 = DIRECTION ( 'NONE',  ( -0.000000000000000000, -0.000000000000000000, -1.000000000000000000 ) ) ;
#1906 = EDGE_CURVE ( 'NONE', #4301, #1869, #3711, .T. ) ;
#1907 = VECTOR ( 'NONE', #2457, 39.37007874015748854 ) ;
#1908 = CARTESIAN_POINT ( 'NONE',  ( 12.81086614173228533, 4.779291338582677184, 0.1968503937007874127 ) ) ;
#1909 = EDGE_CURVE ( 'NONE', #1665, #1148, #3738, .T. ) ;
#1910 = EDGE_CURVE ( 'NONE', #2136, #2986, #3082, .T. ) ;
#1911 = LINE ( 'NONE', #5365, #5116 ) ;
#1912 = CARTESIAN_POINT ( 'NONE',  ( 0.1215818897637795243, 4.902244094488189319, 0.000000000000000000 ) ) ;
#1913 = VECTOR ( 'NONE', #1597, 39.37007874015748854 ) ;
#1914 = ORIENTED_EDGE ( 'NONE', *, *, #5000, .T. ) ;
#1915 = DIRECTION ( 'NONE',  ( -0.1576014570290419081, 0.9875028003718889780, 0.000000000000000000 ) ) ;
#1916 = EDGE_CURVE ( 'NONE', #2836, #1123, #3431, .T. ) ;
#1917 = PLANE ( 'NONE',  #3723 ) ;
#1918 = AXIS2_PLACEMENT_3D ( 'NONE', #2731, #1853, #5309 ) ;
#1919 = VERTEX_POINT ( 'NONE', #2194 ) ;
#1920 = AXIS2_PLACEMENT_3D ( 'NONE', #540, #2248, #4937 ) ;
#1921 = VECTOR ( 'NONE', #4294, 39.37007874015748143 ) ;
#1922 = VECTOR ( 'NONE', #171, 39.37007874015748143 ) ;
#1923 = CARTESIAN_POINT ( 'NONE',  ( 0.1021051181102362315, 0.04503031496062991773, 0.1968503937007874127 ) ) ;
#1924 = VECTOR ( 'NONE', #4709, 39.37007874015748854 ) ;
#1925 = ORIENTED_EDGE ( 'NONE', *, *, #2908, .F. ) ;
#1926 = PLANE ( 'NONE',  #3992 ) ;
#1927 = VECTOR ( 'NONE', #4527, 39.37007874015748854 ) ;
#1928 = VECTOR ( 'NONE', #3255, 39.37007874015748143 ) ;
#1929 = ORIENTED_EDGE ( 'NONE', *, *, #1581, .F. ) ;
#1930 = ORIENTED_EDGE ( 'NONE', *, *, #1459, .F. ) ;
#1931 = EDGE_CURVE ( 'NONE', #2206, #1350, #3034, .T. ) ;
#1932 = CARTESIAN_POINT ( 'NONE',  ( 4.357795275590551576, 0.04817716535433071157, 0.1968503937007874127 ) ) ;
#1933 = AXIS2_PLACEMENT_3D ( 'NONE', #3675, #5049, #4961 ) ;
#1934 = CARTESIAN_POINT ( 'NONE',  ( 0.1215818897637795243, 4.782440944881890310, 0.1968503937007874127 ) ) ;
#1935 = ORIENTED_EDGE ( 'NONE', *, *, #366, .T. ) ;
#1936 = ORIENTED_EDGE ( 'NONE', *, *, #1734, .F. ) ;
#1937 = CARTESIAN_POINT ( 'NONE',  ( 0.003743488188976378059, 0.009602874015748032177, 0.000000000000000000 ) ) ;
#1938 =( CONVERSION_BASED_UNIT ( 'INCH', #614 ) LENGTH_UNIT ( ) NAMED_UNIT ( #3892 ) );
#1939 = ORIENTED_EDGE ( 'NONE', *, *, #2548, .F. ) ;
#1940 = ADVANCED_FACE ( 'NONE', ( #5251 ), #2223, .T. ) ;
#1941 = LINE ( 'NONE', #113, #1375 ) ;
#1942 = CARTESIAN_POINT ( 'NONE',  ( 0.04220905511811023220, 0.08854173228346456925, 0.1968503937007874127 ) ) ;
#1943 = LINE ( 'NONE', #2819, #5549 ) ;
#1944 = CARTESIAN_POINT ( 'NONE',  ( 0.05116102362204725390, 4.879330708661417937, 0.1968503937007874127 ) ) ;
#1945 = LINE ( 'NONE', #3679, #3379 ) ;
#1946 = DIRECTION ( 'NONE',  ( -0.9880373179045875975, 0.1542149747200597942, 0.000000000000000000 ) ) ;
#1947 = VERTEX_POINT ( 'NONE', #2602 ) ;
#1948 = DIRECTION ( 'NONE',  ( 0.4520072321735773557, -0.8920142723425347198, 0.000000000000000000 ) ) ;
#1949 = ORIENTED_EDGE ( 'NONE', *, *, #3052, .F. ) ;
#1950 = CARTESIAN_POINT ( 'NONE',  ( 0.04220905511811023220, 4.822874015748031873, 0.000000000000000000 ) ) ;
#1951 = VECTOR ( 'NONE', #207, 39.37007874015748143 ) ;
#1952 = ORIENTED_EDGE ( 'NONE', *, *, #982, .F. ) ;
#1953 = LINE ( 'NONE', #2315, #4196 ) ;
#1954 = VERTEX_POINT ( 'NONE', #1260 ) ;
#1955 = LINE ( 'NONE', #2837, #1543 ) ;
#1956 = EDGE_CURVE ( 'NONE', #1206, #1889, #3964, .T. ) ;
#1957 = ORIENTED_EDGE ( 'NONE', *, *, #3776, .T. ) ;
#1958 = ORIENTED_EDGE ( 'NONE', *, *, #2693, .T. ) ;
#1959 = LINE ( 'NONE', #4494, #384 ) ;
#1960 = CARTESIAN_POINT ( 'NONE',  ( 12.84787401574803312, 0.1590165354330708714, 0.1968503937007874127 ) ) ;
#1961 = EDGE_LOOP ( 'NONE', ( #3750, #2295, #5464, #2132 ) ) ;
#1962 = CARTESIAN_POINT ( 'NONE',  ( 8.594055118110235369, 4.902244094488189319, 0.1968503937007874127 ) ) ;
#1963 = VERTEX_POINT ( 'NONE', #4768 ) ;
#1964 = CARTESIAN_POINT ( 'NONE',  ( 12.74783464566929148, 4.842283464566929929, 0.000000000000000000 ) ) ;
#1965 = LINE ( 'NONE', #5394, #1299 ) ;
#1966 = LINE ( 'NONE', #3787, #3906 ) ;
#1967 = DIRECTION ( 'NONE',  ( 0.1601766119933535626, 0.9870883714087258509, 0.000000000000000000 ) ) ;
#1968 = EDGE_CURVE ( 'NONE', #1181, #2507, #5226, .T. ) ;
#1969 = DIRECTION ( 'NONE',  ( -0.4559528082269453386, 0.8900039531765925327, 0.000000000000000000 ) ) ;
#1970 = DIRECTION ( 'NONE',  ( -0.000000000000000000, -0.000000000000000000, -1.000000000000000000 ) ) ;
#1971 = ORIENTED_EDGE ( 'NONE', *, *, #2085, .T. ) ;
#1972 = PLANE ( 'NONE',  #3484 ) ;
#1973 = ORIENTED_EDGE ( 'NONE', *, *, #5290, .F. ) ;
#1974 = DIRECTION ( 'NONE',  ( 0.000000000000000000, 0.000000000000000000, -1.000000000000000000 ) ) ;
#1975 = EDGE_CURVE ( 'NONE', #2772, #2547, #5196, .T. ) ;
#1976 = ORIENTED_EDGE ( 'NONE', *, *, #3676, .F. ) ;
#1977 = CARTESIAN_POINT ( 'NONE',  ( 4.338385826771653520, 0.04503031496062991773, 0.000000000000000000 ) ) ;
#1978 = ORIENTED_EDGE ( 'NONE', *, *, #2208, .F. ) ;
#1979 = LINE ( 'NONE', #3235, #4448 ) ;
#1980 = EDGE_CURVE ( 'NONE', #1644, #980, #1292, .T. ) ;
#1981 = EDGE_CURVE ( 'NONE', #1963, #1171, #5170, .T. ) ;
#1982 = ORIENTED_EDGE ( 'NONE', *, *, #4447, .T. ) ;
#1983 = VERTEX_POINT ( 'NONE', #2621 ) ;
#1984 = LINE ( 'NONE', #222, #2565 ) ;
#1985 = DIRECTION ( 'NONE',  ( -0.8916172162396354128, 0.4527899509762594032, 0.000000000000000000 ) ) ;
#1986 = VERTEX_POINT ( 'NONE', #3114 ) ;
#1987 = EDGE_CURVE ( 'NONE', #2292, #1241, #37, .T. ) ;
#1988 = CARTESIAN_POINT ( 'NONE',  ( 8.537598425196851082, 0.1590165354330708714, 0.1968503937007874127 ) ) ;
#1989 = VERTEX_POINT ( 'NONE', #3456 ) ;
#1990 = DIRECTION ( 'NONE',  ( -0.9871279408508156772, 0.1599325745169778712, 0.000000000000000000 ) ) ;
#1991 = LINE ( 'NONE', #287, #4665 ) ;
#1992 = FACE_OUTER_BOUND ( 'NONE', #2633, .T. ) ;
#1993 = DIRECTION ( 'NONE',  ( -0.8924218088635695878, 0.4512020778594383330, 0.000000000000000000 ) ) ;
#1994 = VECTOR ( 'NONE', #4515, 39.37007874015748854 ) ;
#1995 = EDGE_CURVE ( 'NONE', #3806, #3777, #3001, .T. ) ;
#1996 = PLANE ( 'NONE',  #1738 ) ;
#1997 = DIRECTION ( 'NONE',  ( -0.9871977739796293783, -0.1595009562656748425, 0.000000000000000000 ) ) ;
#1998 = CARTESIAN_POINT ( 'NONE',  ( 0.1391598425196850508, 0.1590165354330708714, 0.1968503937007874127 ) ) ;
#1999 = VECTOR ( 'NONE', #4194, 39.37007874015748143 ) ;
#2000 = CARTESIAN_POINT ( 'NONE',  ( 4.398267716535433358, 4.861771653543307536, 0.1968503937007874127 ) ) ;
#2001 = ORIENTED_EDGE ( 'NONE', *, *, #5000, .F. ) ;
#2002 = CARTESIAN_POINT ( 'NONE',  ( 4.398267716535433358, 0.08854173228346456925, 0.1968503937007874127 ) ) ;
#2003 = AXIS2_PLACEMENT_3D ( 'NONE', #1732, #1335, #5186 ) ;
#2004 = ADVANCED_FACE ( 'NONE', ( #832 ), #4362, .T. ) ;
#2005 = ORIENTED_EDGE ( 'NONE', *, *, #5126, .T. ) ;
#2006 = CARTESIAN_POINT ( 'NONE',  ( 8.574606299212598870, 0.1710610236220472535, 0.1968503937007874127 ) ) ;
#2007 = VECTOR ( 'NONE', #4902, 39.37007874015748854 ) ;
#2008 = ORIENTED_EDGE ( 'NONE', *, *, #4237, .T. ) ;
#2009 = DIRECTION ( 'NONE',  ( -0.000000000000000000, -0.000000000000000000, -1.000000000000000000 ) ) ;
#2010 = VECTOR ( 'NONE', #882, 39.37007874015748143 ) ;
#2011 = VECTOR ( 'NONE', #1812, 39.37007874015748143 ) ;
#2012 = EDGE_LOOP ( 'NONE', ( #4586, #3665, #5493, #1383 ) ) ;
#2013 = AXIS2_PLACEMENT_3D ( 'NONE', #2482, #3274, #2050 ) ;
#2014 = VERTEX_POINT ( 'NONE', #1317 ) ;
#2015 = CARTESIAN_POINT ( 'NONE',  ( 4.389330708661417724, 0.1450736220472441107, 0.1968503937007874127 ) ) ;
#2016 = CARTESIAN_POINT ( 'NONE',  ( 12.74783464566929148, 0.1080728346456693023, 0.000000000000000000 ) ) ;
#2017 = VERTEX_POINT ( 'NONE', #4852 ) ;
#2018 = EDGE_CURVE ( 'NONE', #4180, #5101, #3060, .T. ) ;
#2019 = VECTOR ( 'NONE', #4489, 39.37007874015748143 ) ;
#2020 = EDGE_LOOP ( 'NONE', ( #5058, #4147, #4035, #4967 ) ) ;
#2021 = ORIENTED_EDGE ( 'NONE', *, *, #103, .F. ) ;
#2022 = VECTOR ( 'NONE', #1915, 39.37007874015748854 ) ;
#2023 = DIRECTION ( 'NONE',  ( -0.1537070062818867988, -0.9881164689548798119, 0.000000000000000000 ) ) ;
#2024 = DIRECTION ( 'NONE',  ( -0.7071067811865335839, -0.7071067811865613395, 0.000000000000000000 ) ) ;
#2025 = CARTESIAN_POINT ( 'NONE',  ( 12.84787401574803312, 0.1590165354330708714, 0.1968503937007874127 ) ) ;
#2026 = DIRECTION ( 'NONE',  ( 0.4528148944300242063, 0.8916045487671797609, -0.000000000000000000 ) ) ;
#2027 = VECTOR ( 'NONE', #134, 39.37007874015748143 ) ;
#2028 = DIRECTION ( 'NONE',  ( 0.4527989663758532068, -0.8916126378921279683, 0.000000000000000000 ) ) ;
#2029 = CARTESIAN_POINT ( 'NONE',  ( 12.87070866141732317, 0.08854173228346456925, 0.000000000000000000 ) ) ;
#2030 = LINE ( 'NONE', #1166, #4372 ) ;
#2031 = EDGE_CURVE ( 'NONE', #1280, #3746, #1769, .T. ) ;
#2032 = DIRECTION ( 'NONE',  ( -0.000000000000000000, -0.000000000000000000, -1.000000000000000000 ) ) ;
#2033 = ORIENTED_EDGE ( 'NONE', *, *, #231, .T. ) ;
#2034 = CARTESIAN_POINT ( 'NONE',  ( 4.398267716535433358, 0.08854173228346456925, 0.000000000000000000 ) ) ;
#2035 = VERTEX_POINT ( 'NONE', #908 ) ;
#2036 = CARTESIAN_POINT ( 'NONE',  ( 12.81086614173228533, 0.04503031496062991773, 0.000000000000000000 ) ) ;
#2037 = ORIENTED_EDGE ( 'NONE', *, *, #2856, .T. ) ;
#2038 = LINE ( 'NONE', #3775, #5458 ) ;
#2039 = EDGE_CURVE ( 'NONE', #1545, #1415, #2652, .T. ) ;
#2040 = EDGE_LOOP ( 'NONE', ( #1892, #5414, #4324, #4193 ) ) ;
#2041 = ORIENTED_EDGE ( 'NONE', *, *, #2801, .F. ) ;
#2042 = EDGE_CURVE ( 'NONE', #4785, #299, #491, .T. ) ;
#2043 = ADVANCED_FACE ( 'NONE', ( #4047 ), #4935, .T. ) ;
#2044 = CARTESIAN_POINT ( 'NONE',  ( 4.357795275590551576, 4.782440944881890310, 0.000000000000000000 ) ) ;
#2045 = CARTESIAN_POINT ( 'NONE',  ( 8.611653543307086878, 0.05712874015748031775, 0.1968503937007874127 ) ) ;
#2046 = ORIENTED_EDGE ( 'NONE', *, *, #3837, .T. ) ;
#2047 = DIRECTION ( 'NONE',  ( 0.8913191698506689464, 0.4533763750535687587, 0.000000000000000000 ) ) ;
#2048 = ORIENTED_EDGE ( 'NONE', *, *, #2980, .F. ) ;
#2049 = ORIENTED_EDGE ( 'NONE', *, *, #3504, .T. ) ;
#2050 = DIRECTION ( 'NONE',  ( 0.4532090333824528305, 0.8914042697118645942, 0.000000000000000000 ) ) ;
#2051 = LINE ( 'NONE', #766, #376 ) ;
#2052 = DIRECTION ( 'NONE',  ( 0.9871242698175232144, -0.1599552310405054356, 0.000000000000000000 ) ) ;
#2053 = ORIENTED_EDGE ( 'NONE', *, *, #1498, .T. ) ;
#2054 = PLANE ( 'NONE',  #2097 ) ;
#2055 = ADVANCED_FACE ( 'NONE', ( #4964 ), #5362, .T. ) ;
#2056 = CARTESIAN_POINT ( 'NONE',  ( 8.537598425196851082, 4.893267716535433465, 0.1968503937007874127 ) ) ;
#2057 = LINE ( 'NONE', #3791, #1659 ) ;
#2058 = DIRECTION ( 'NONE',  ( 0.9871279408508156772, -0.1599325745169778712, 0.000000000000000000 ) ) ;
#2059 = ORIENTED_EDGE ( 'NONE', *, *, #1692, .F. ) ;
#2060 = DIRECTION ( 'NONE',  ( -0.8908112580283350512, 0.4543735275849320465, 0.000000000000000000 ) ) ;
#2061 = ORIENTED_EDGE ( 'NONE', *, *, #4170, .T. ) ;
#2062 = CARTESIAN_POINT ( 'NONE',  ( 12.81086614173228533, 4.905275590551180898, 0.000000000000000000 ) ) ;
#2063 = ORIENTED_EDGE ( 'NONE', *, *, #3118, .F. ) ;
#2064 = CARTESIAN_POINT ( 'NONE',  ( 12.79133858267716484, 4.902244094488189319, 0.000000000000000000 ) ) ;
#2065 = EDGE_CURVE ( 'NONE', #4, #312, #3138, .T. ) ;
#2066 = VERTEX_POINT ( 'NONE', #1047 ) ;
#2067 = EDGE_LOOP ( 'NONE', ( #148, #4635, #664, #1520 ) ) ;
#2068 = FACE_OUTER_BOUND ( 'NONE', #2301, .T. ) ;
#2069 = ORIENTED_EDGE ( 'NONE', *, *, #353, .F. ) ;
#2070 = AXIS2_PLACEMENT_3D ( 'NONE', #3532, #2971, #5269 ) ;
#2071 = ADVANCED_FACE ( 'NONE', ( #4104 ), #573, .T. ) ;
#2072 = CARTESIAN_POINT ( 'NONE',  ( 8.637598425196850727, 4.842283464566929929, 0.1968503937007874127 ) ) ;
#2073 = ORIENTED_EDGE ( 'NONE', *, *, #1671, .F. ) ;
#2074 = ORIENTED_EDGE ( 'NONE', *, *, #63, .T. ) ;
#2075 = CARTESIAN_POINT ( 'NONE',  ( 8.537598425196851082, 0.05712874015748031775, 0.000000000000000000 ) ) ;
#2076 = FACE_OUTER_BOUND ( 'NONE', #1827, .T. ) ;
#2077 = DIRECTION ( 'NONE',  ( -0.8916126378921279683, -0.4527989663758532068, 0.000000000000000000 ) ) ;
#2078 = EDGE_LOOP ( 'NONE', ( #4659, #4030, #4818, #2455 ) ) ;
#2079 = DIRECTION ( 'NONE',  ( 0.8916045487671567793, -0.4528148944300691148, 0.000000000000000000 ) ) ;
#2080 = DIRECTION ( 'NONE',  ( -0.000000000000000000, -0.000000000000000000, -1.000000000000000000 ) ) ;
#2081 = CARTESIAN_POINT ( 'NONE',  ( 8.555118110236222151, 0.1679137795275590928, 0.1968503937007874127 ) ) ;
#2082 = FACE_OUTER_BOUND ( 'NONE', #4006, .T. ) ;
#2083 = EDGE_CURVE ( 'NONE', #4825, #3349, #2790, .T. ) ;
#2084 = VERTEX_POINT ( 'NONE', #2361 ) ;
#2085 = EDGE_CURVE ( 'NONE', #4080, #2365, #960, .T. ) ;
#2086 = DIRECTION ( 'NONE',  ( -0.000000000000000000, -0.000000000000000000, -1.000000000000000000 ) ) ;
#2087 = EDGE_CURVE ( 'NONE', #410, #3176, #5421, .T. ) ;
#2088 = LINE ( 'NONE', #4363, #2564 ) ;
#2089 = AXIS2_PLACEMENT_3D ( 'NONE', #2536, #1681, #2566 ) ;
#2090 = EDGE_LOOP ( 'NONE', ( #2869, #2991, #399, #3957 ) ) ;
#2091 = CARTESIAN_POINT ( 'NONE',  ( 0.04220905511811023220, 4.822874015748031873, 0.1968503937007874127 ) ) ;
#2092 = ORIENTED_EDGE ( 'NONE', *, *, #3347, .T. ) ;
#2093 = LINE ( 'NONE', #4717, #453 ) ;
#2094 = VECTOR ( 'NONE', #3536, 39.37007874015748854 ) ;
#2095 = EDGE_LOOP ( 'NONE', ( #2413, #1130, #534, #1334 ) ) ;
#2096 = ORIENTED_EDGE ( 'NONE', *, *, #3955, .T. ) ;
#2097 = AXIS2_PLACEMENT_3D ( 'NONE', #3814, #3311, #2854 ) ;
#2098 = VECTOR ( 'NONE', #4221, 39.37007874015748143 ) ;
#2099 = PLANE ( 'NONE',  #2741 ) ;
#2100 = VERTEX_POINT ( 'NONE', #4443 ) ;
#2101 = VECTOR ( 'NONE', #4326, 39.37007874015748143 ) ;
#2102 = VECTOR ( 'NONE', #286, 39.37007874015748143 ) ;
#2103 = DIRECTION ( 'NONE',  ( -0.7072565443460007151, -0.7069569863009725896, 0.000000000000000000 ) ) ;
#2104 = ORIENTED_EDGE ( 'NONE', *, *, #694, .T. ) ;
#2105 = ORIENTED_EDGE ( 'NONE', *, *, #2388, .F. ) ;
#2106 = PLANE ( 'NONE',  #2558 ) ;
#2107 = DIRECTION ( 'NONE',  ( 0.4528148944300690593, 0.8916045487671568903, -0.000000000000000000 ) ) ;
#2108 = VECTOR ( 'NONE', #4965, 39.37007874015748143 ) ;
#2109 = VECTOR ( 'NONE', #159, 39.37007874015748143 ) ;
#2110 = LINE ( 'NONE', #3447, #5463 ) ;
#2111 = VERTEX_POINT ( 'NONE', #145 ) ;
#2112 = PLANE ( 'NONE',  #4369 ) ;
#2113 = EDGE_CURVE ( 'NONE', #219, #3803, #2703, .T. ) ;
#2114 = VECTOR ( 'NONE', #4011, 39.37007874015748143 ) ;
#2115 = LINE ( 'NONE', #3483, #2833 ) ;
#2116 = VECTOR ( 'NONE', #5172, 39.37007874015748143 ) ;
#2117 = CARTESIAN_POINT ( 'NONE',  ( 12.90929133858267797, 0.009602874015748032177, 0.1968503937007874127 ) ) ;
#2118 = ORIENTED_EDGE ( 'NONE', *, *, #1431, .F. ) ;
#2119 = ORIENTED_EDGE ( 'NONE', *, *, #1271, .F. ) ;
#2120 = LINE ( 'NONE', #3430, #2007 ) ;
#2121 = VECTOR ( 'NONE', #4099, 39.37007874015748143 ) ;
#2122 = DIRECTION ( 'NONE',  ( -0.9871073587932587268, 0.1600595583406276001, 0.000000000000000000 ) ) ;
#2123 = LINE ( 'NONE', #1234, #550 ) ;
#2124 = CARTESIAN_POINT ( 'NONE',  ( 8.611653543307086878, 0.1590165354330708714, 0.1968503937007874127 ) ) ;
#2125 = LINE ( 'NONE', #391, #3000 ) ;
#2126 = ORIENTED_EDGE ( 'NONE', *, *, #3236, .T. ) ;
#2127 = LINE ( 'NONE', #758, #916 ) ;
#2128 = VERTEX_POINT ( 'NONE', #620 ) ;
#2129 = ADVANCED_FACE ( 'NONE', ( #1515 ), #539, .T. ) ;
#2130 = LINE ( 'NONE', #4211, #1195 ) ;
#2131 = ORIENTED_EDGE ( 'NONE', *, *, #4970, .T. ) ;
#2132 = ORIENTED_EDGE ( 'NONE', *, *, #2512, .T. ) ;
#2133 = DIRECTION ( 'NONE',  ( -0.4533763750535688142, 0.8913191698506690575, 0.000000000000000000 ) ) ;
#2134 = DIRECTION ( 'NONE',  ( -0.9870883714087258509, 0.1601766119933535626, 0.000000000000000000 ) ) ;
#2135 = CARTESIAN_POINT ( 'NONE',  ( 8.537598425196851082, 4.893267716535433465, 0.000000000000000000 ) ) ;
#2136 = VERTEX_POINT ( 'NONE', #3985 ) ;
#2137 = CARTESIAN_POINT ( 'NONE',  ( 0.06510433070866142313, 4.893267716535433465, 0.1968503937007874127 ) ) ;
#2138 = PLANE ( 'NONE',  #1464 ) ;
#2139 = DIRECTION ( 'NONE',  ( -0.000000000000000000, -0.000000000000000000, -1.000000000000000000 ) ) ;
#2140 = LINE ( 'NONE', #3879, #3465 ) ;
#2141 = ORIENTED_EDGE ( 'NONE', *, *, #5076, .T. ) ;
#2142 = EDGE_CURVE ( 'NONE', #4325, #2372, #3619, .T. ) ;
#2143 = CARTESIAN_POINT ( 'NONE',  ( 8.574606299212598870, 0.1710610236220469760, 0.000000000000000000 ) ) ;
#2144 = DIRECTION ( 'NONE',  ( 0.4532090333824308481, -0.8914042697118758074, 0.000000000000000000 ) ) ;
#2145 = DIRECTION ( 'NONE',  ( -0.8916497258679400018, 0.4527259285258880550, 0.000000000000000000 ) ) ;
#2146 = FACE_OUTER_BOUND ( 'NONE', #1596, .T. ) ;
#2147 = CARTESIAN_POINT ( 'NONE',  ( 4.389330708661417724, 0.1450736220472441107, 0.000000000000000000 ) ) ;
#2148 = ORIENTED_EDGE ( 'NONE', *, *, #4520, .F. ) ;
#2149 = LINE ( 'NONE', #418, #4747 ) ;
#2150 = ADVANCED_FACE ( 'NONE', ( #513 ), #1424, .T. ) ;
#2151 = ORIENTED_EDGE ( 'NONE', *, *, #2624, .F. ) ;
#2152 = EDGE_CURVE ( 'NONE', #817, #47, #2247, .T. ) ;
#2153 = EDGE_CURVE ( 'NONE', #1497, #763, #5311, .T. ) ;
#2154 = DIRECTION ( 'NONE',  ( 0.9871757703368737591, 0.1596370835983918213, 0.000000000000000000 ) ) ;
#2155 = ORIENTED_EDGE ( 'NONE', *, *, #982, .T. ) ;
#2156 = ORIENTED_EDGE ( 'NONE', *, *, #5078, .T. ) ;
#2157 = CARTESIAN_POINT ( 'NONE',  ( 0.05116102362204725390, 0.07101771653543308138, 0.000000000000000000 ) ) ;
#2158 = CARTESIAN_POINT ( 'NONE',  ( 0.04220905511811023220, 0.08854173228346456925, 0.000000000000000000 ) ) ;
#2159 = DIRECTION ( 'NONE',  ( -0.000000000000000000, -0.000000000000000000, -1.000000000000000000 ) ) ;
#2160 = ORIENTED_EDGE ( 'NONE', *, *, #2585, .T. ) ;
#2161 = CARTESIAN_POINT ( 'NONE',  ( 12.87070866141732317, 4.822874015748031873, 0.000000000000000000 ) ) ;
#2162 = DIRECTION ( 'NONE',  ( -0.000000000000000000, -0.000000000000000000, -1.000000000000000000 ) ) ;
#2163 = DIRECTION ( 'NONE',  ( -0.9871951394668210256, -0.1595172611759729797, 0.000000000000000000 ) ) ;
#2164 = CARTESIAN_POINT ( 'NONE',  ( 4.398267716535433358, 0.08854173228346456925, 0.1968503937007874127 ) ) ;
#2165 = EDGE_LOOP ( 'NONE', ( #1870, #1176, #5351, #3767 ) ) ;
#2166 = CARTESIAN_POINT ( 'NONE',  ( 12.84787401574803312, 4.893267716535433465, 0.1968503937007874127 ) ) ;
#2167 = CARTESIAN_POINT ( 'NONE',  ( 0.04220905511811023220, 4.861771653543307536, 0.000000000000000000 ) ) ;
#2168 = EDGE_CURVE ( 'NONE', #5459, #1644, #1022, .T. ) ;
#2169 = DIRECTION ( 'NONE',  ( -0.4527259285258880550, -0.8916497258679400018, 0.000000000000000000 ) ) ;
#2170 = DIRECTION ( 'NONE',  ( 0.9878114585915668266, -0.1556551389296265686, 0.000000000000000000 ) ) ;
#2171 = CARTESIAN_POINT ( 'NONE',  ( 12.86181102362204598, 0.1450736220472441107, 0.1968503937007874127 ) ) ;
#2172 = VECTOR ( 'NONE', #4243, 39.37007874015748854 ) ;
#2173 = VERTEX_POINT ( 'NONE', #990 ) ;
#2174 = PLANE ( 'NONE',  #738 ) ;
#2175 = VECTOR ( 'NONE', #467, 39.37007874015748143 ) ;
#2176 = ORIENTED_EDGE ( 'NONE', *, *, #3289, .F. ) ;
#2177 = PRODUCT_CONTEXT ( 'NONE', #1237, 'mechanical' ) ;
#2178 = VECTOR ( 'NONE', #4393, 39.37007874015748143 ) ;
#2179 = ORIENTED_EDGE ( 'NONE', *, *, #4705, .F. ) ;
#2180 = VERTEX_POINT ( 'NONE', #1453 ) ;
#2181 = LINE ( 'NONE', #3100, #1461 ) ;
#2182 = LINE ( 'NONE', #2613, #1007 ) ;
#2183 = DIRECTION ( 'NONE',  ( -0.9880215842932855708, 0.1543157444027860592, 0.000000000000000000 ) ) ;
#2184 = VERTEX_POINT ( 'NONE', #3191 ) ;
#2185 = VECTOR ( 'NONE', #5225, 39.37007874015748854 ) ;
#2186 = CARTESIAN_POINT ( 'NONE',  ( 4.338385826771653520, 4.905275590551180898, 0.000000000000000000 ) ) ;
#2187 = LINE ( 'NONE', #1393, #468 ) ;
#2188 = DIRECTION ( 'NONE',  ( 0.4551814095324029363, 0.8903987221554706677, 0.000000000000000000 ) ) ;
#2189 = VECTOR ( 'NONE', #3061, 39.37007874015748854 ) ;
#2190 = VECTOR ( 'NONE', #1057, 39.37007874015748854 ) ;
#2191 = CARTESIAN_POINT ( 'NONE',  ( 0.1531027559055118115, 4.805275590551181253, 0.1968503937007874127 ) ) ;
#2192 = VECTOR ( 'NONE', #3982, 39.37007874015748854 ) ;
#2193 = DIRECTION ( 'NONE',  ( -0.000000000000000000, -0.000000000000000000, -1.000000000000000000 ) ) ;
#2194 = CARTESIAN_POINT ( 'NONE',  ( 0.1531027559055118115, 0.1450736220472441107, 0.1968503937007874127 ) ) ;
#2195 = EDGE_CURVE ( 'NONE', #4413, #211, #2766, .T. ) ;
#2196 = AXIS2_PLACEMENT_3D ( 'NONE', #1962, #5443, #5013 ) ;
#2197 = VECTOR ( 'NONE', #3320, 39.37007874015748143 ) ;
#2198 = DIRECTION ( 'NONE',  ( -0.8920223363405500594, -0.4519913179139025128, 0.000000000000000000 ) ) ;
#2199 = EDGE_LOOP ( 'NONE', ( #702, #4760, #3755, #417 ) ) ;
#2200 = VECTOR ( 'NONE', #1106, 39.37007874015748143 ) ;
#2201 = LINE ( 'NONE', #1403, #1655 ) ;
#2202 = LINE ( 'NONE', #5626, #3632 ) ;
#2203 = VECTOR ( 'NONE', #3312, 39.37007874015748143 ) ;
#2204 = ORIENTED_EDGE ( 'NONE', *, *, #4940, .F. ) ;
#2205 = LINE ( 'NONE', #4373, #3744 ) ;
#2206 = VERTEX_POINT ( 'NONE', #2882 ) ;
#2207 = EDGE_CURVE ( 'NONE', #5550, #3543, #4186, .T. ) ;
#2208 = EDGE_CURVE ( 'NONE', #2493, #341, #4645, .T. ) ;
#2209 = ADVANCED_FACE ( 'NONE', ( #2423 ), #3764, .T. ) ;
#2210 = DIRECTION ( 'NONE',  ( -0.1567122161024270821, -0.9876443091134916585, 0.000000000000000000 ) ) ;
#2211 = VERTEX_POINT ( 'NONE', #3396 ) ;
#2212 = EDGE_LOOP ( 'NONE', ( #2778, #3217, #587, #4421 ) ) ;
#2213 = LINE ( 'NONE', #4865, #2834 ) ;
#2214 = DIRECTION ( 'NONE',  ( -0.4543735275849321575, -0.8908112580283350512, 0.000000000000000000 ) ) ;
#2215 = VERTEX_POINT ( 'NONE', #2904 ) ;
#2216 = DIRECTION ( 'NONE',  ( -0.000000000000000000, -0.000000000000000000, -1.000000000000000000 ) ) ;
#2217 = ADVANCED_FACE ( 'NONE', ( #5052 ), #2943, .T. ) ;
#2218 = FACE_OUTER_BOUND ( 'NONE', #3186, .T. ) ;
#2219 = PLANE ( 'NONE',  #4974 ) ;
#2220 = LINE ( 'NONE', #3030, #281 ) ;
#2221 = DIRECTION ( 'NONE',  ( -0.000000000000000000, -0.000000000000000000, -1.000000000000000000 ) ) ;
#2222 = CARTESIAN_POINT ( 'NONE',  ( 4.375393700787402196, 0.1590165354330708714, 0.1968503937007874127 ) ) ;
#2223 = PLANE ( 'NONE',  #5278 ) ;
#2224 = ADVANCED_FACE ( 'NONE', ( #5107 ), #2054, .T. ) ;
#2225 = EDGE_CURVE ( 'NONE', #5352, #1173, #5509, .T. ) ;
#2226 = CARTESIAN_POINT ( 'NONE',  ( 12.77381889763779554, 4.893267716535433465, 0.1968503937007874127 ) ) ;
#2227 = ORIENTED_EDGE ( 'NONE', *, *, #3296, .F. ) ;
#2228 = DIRECTION ( 'NONE',  ( -0.9880215842932847936, 0.1543157444027903058, 0.000000000000000000 ) ) ;
#2229 = CARTESIAN_POINT ( 'NONE',  ( 12.75988188976378090, 0.1450736220472441107, 0.000000000000000000 ) ) ;
#2230 = ORIENTED_EDGE ( 'NONE', *, *, #4870, .T. ) ;
#2231 = CARTESIAN_POINT ( 'NONE',  ( 12.84787401574803312, 0.05712874015748031775, 0.1968503937007874127 ) ) ;
#2232 = ORIENTED_EDGE ( 'NONE', *, *, #1616, .F. ) ;
#2233 = EDGE_CURVE ( 'NONE', #4946, #3099, #4681, .T. ) ;
#2234 = CARTESIAN_POINT ( 'NONE',  ( 8.523661417322834666, 0.1450736220472441107, 0.000000000000000000 ) ) ;
#2235 = EDGE_LOOP ( 'NONE', ( #4349, #3843, #2936, #4329 ) ) ;
#2236 = ORIENTED_EDGE ( 'NONE', *, *, #3236, .F. ) ;
#2237 = DIRECTION ( 'NONE',  ( -0.1537070062818597649, -0.9881164689548839197, 0.000000000000000000 ) ) ;
#2238 = PLANE ( 'NONE',  #3391 ) ;
#2239 = ORIENTED_EDGE ( 'NONE', *, *, #5450, .T. ) ;
#2240 = CARTESIAN_POINT ( 'NONE',  ( 4.318897637795275912, 0.04817716535433071157, 0.1968503937007874127 ) ) ;
#2241 = ADVANCED_FACE ( 'NONE', ( #768 ), #2448, .T. ) ;
#2242 = CARTESIAN_POINT ( 'NONE',  ( 12.75988188976378090, 4.879330708661417937, 0.1968503937007874127 ) ) ;
#2243 = EDGE_LOOP ( 'NONE', ( #3214, #4439, #3783, #883 ) ) ;
#2244 = DIRECTION ( 'NONE',  ( -0.000000000000000000, -0.000000000000000000, -1.000000000000000000 ) ) ;
#2245 = DIRECTION ( 'NONE',  ( 0.9872093450064345355, 0.1594293233127661025, 0.000000000000000000 ) ) ;
#2246 = DIRECTION ( 'NONE',  ( -0.000000000000000000, -0.000000000000000000, -1.000000000000000000 ) ) ;
#2247 = LINE ( 'NONE', #83, #5472 ) ;
#2248 = DIRECTION ( 'NONE',  ( 0.4519913179139025683, -0.8920223363405500594, 0.000000000000000000 ) ) ;
#2249 = DIRECTION ( 'NONE',  ( -0.4516045380685624888, -0.8922182138893379744, 0.000000000000000000 ) ) ;
#2250 = EDGE_CURVE ( 'NONE', #696, #4663, #1075, .T. ) ;
#2251 = ORIENTED_EDGE ( 'NONE', *, *, #1495, .T. ) ;
#2252 = EDGE_CURVE ( 'NONE', #559, #3945, #3789, .T. ) ;
#2253 = CARTESIAN_POINT ( 'NONE',  ( 0.1391598425196850508, 4.893267716535433465, 0.000000000000000000 ) ) ;
#2254 = EDGE_CURVE ( 'NONE', #874, #2942, #1652, .T. ) ;
#2255 = LINE ( 'NONE', #3435, #2175 ) ;
#2256 = EDGE_LOOP ( 'NONE', ( #1756, #4868, #1391, #1811 ) ) ;
#2257 = CARTESIAN_POINT ( 'NONE',  ( 0.1620015748031496117, 4.861771653543307536, 0.1968503937007874127 ) ) ;
#2258 = ORIENTED_EDGE ( 'NONE', *, *, #5110, .T. ) ;
#2259 = LINE ( 'NONE', #2634, #3386 ) ;
#2260 = ORIENTED_EDGE ( 'NONE', *, *, #1091, .T. ) ;
#2261 = ORIENTED_EDGE ( 'NONE', *, *, #833, .F. ) ;
#2262 = VECTOR ( 'NONE', #2435, 39.37007874015748854 ) ;
#2263 = ADVANCED_FACE ( 'NONE', ( #2514 ), #4562, .T. ) ;
#2264 = DIRECTION ( 'NONE',  ( -0.7071067811865059394, -0.7071067811865890951, 0.000000000000000000 ) ) ;
#2265 = CARTESIAN_POINT ( 'NONE',  ( 4.375393700787402196, 4.791338582677165725, 0.1968503937007874127 ) ) ;
#2266 = ORIENTED_EDGE ( 'NONE', *, *, #2744, .T. ) ;
#2267 = ORIENTED_EDGE ( 'NONE', *, *, #1514, .F. ) ;
#2268 = CARTESIAN_POINT ( 'NONE',  ( 0.08268228346456693578, 4.902244094488189319, 0.1968503937007874127 ) ) ;
#2269 = EDGE_CURVE ( 'NONE', #3546, #2111, #345, .T. ) ;
#2270 = VECTOR ( 'NONE', #4971, 39.37007874015748854 ) ;
#2271 = DIRECTION ( 'NONE',  ( -0.7071067811865613395, -0.7071067811865335839, 0.000000000000000000 ) ) ;
#2272 = ORIENTED_EDGE ( 'NONE', *, *, #1218, .F. ) ;
#2273 = DIRECTION ( 'NONE',  ( -0.8903987221554817699, -0.4551814095323810094, 0.000000000000000000 ) ) ;
#2274 = PLANE ( 'NONE',  #5579 ) ;
#2275 = VECTOR ( 'NONE', #3449, 39.37007874015748854 ) ;
#2276 = LINE ( 'NONE', #4018, #94 ) ;
#2277 = DIRECTION ( 'NONE',  ( -0.4516204456943214707, 0.8922101619186268984, 0.000000000000000000 ) ) ;
#2278 = ADVANCED_FACE ( 'NONE', ( #5560 ), #4592, .T. ) ;
#2279 = LINE ( 'NONE', #1367, #4291 ) ;
#2280 = VECTOR ( 'NONE', #3032, 39.37007874015748143 ) ;
#2281 = AXIS2_PLACEMENT_3D ( 'NONE', #3596, #2736, #2768 ) ;
#2282 = CARTESIAN_POINT ( 'NONE',  ( 12.77381889763779554, 4.791338582677165725, 0.1968503937007874127 ) ) ;
#2283 = ADVANCED_FACE ( 'NONE', ( #259 ), #5449, .T. ) ;
#2284 = ORIENTED_EDGE ( 'NONE', *, *, #3225, .T. ) ;
#2285 = FACE_OUTER_BOUND ( 'NONE', #4715, .T. ) ;
#2286 = STYLED_ITEM ( 'NONE', ( #2441 ), #5359 ) ;
#2287 = VECTOR ( 'NONE', #2686, 39.37007874015748854 ) ;
#2288 = CARTESIAN_POINT ( 'NONE',  ( 12.83027559055118338, 4.782440944881890310, 0.000000000000000000 ) ) ;
#2289 = AXIS2_PLACEMENT_3D ( 'NONE', #2748, #3204, #4948 ) ;
#2290 = ORIENTED_EDGE ( 'NONE', *, *, #4341, .T. ) ;
#2291 = DIRECTION ( 'NONE',  ( -0.9871905049027036583, -0.1595459401863458526, 0.000000000000000000 ) ) ;
#2292 = VERTEX_POINT ( 'NONE', #683 ) ;
#2293 = CARTESIAN_POINT ( 'NONE',  ( 4.301338582677165512, 0.05712874015748031775, 0.1968503937007874127 ) ) ;
#2294 = VECTOR ( 'NONE', #675, 39.37007874015748143 ) ;
#2295 = ORIENTED_EDGE ( 'NONE', *, *, #210, .F. ) ;
#2296 = EDGE_LOOP ( 'NONE', ( #365, #2329, #2894, #4355 ) ) ;
#2297 = LINE ( 'NONE', #3975, #192 ) ;
#2298 = EDGE_CURVE ( 'NONE', #2365, #3806, #1109, .T. ) ;
#2299 = CARTESIAN_POINT ( 'NONE',  ( 12.77381889763779554, 4.791338582677165725, 0.000000000000000000 ) ) ;
#2300 = ORIENTED_EDGE ( 'NONE', *, *, #3676, .T. ) ;
#2301 = EDGE_LOOP ( 'NONE', ( #2840, #760, #3805, #1602 ) ) ;
#2302 = DIRECTION ( 'NONE',  ( 0.000000000000000000, 0.000000000000000000, 1.000000000000000000 ) ) ;
#2303 = FACE_OUTER_BOUND ( 'NONE', #1874, .T. ) ;
#2304 = ORIENTED_EDGE ( 'NONE', *, *, #2952, .F. ) ;
#2305 = LINE ( 'NONE', #4071, #378 ) ;
#2306 = CARTESIAN_POINT ( 'NONE',  ( 12.84787401574803312, 4.893267716535433465, 0.000000000000000000 ) ) ;
#2307 = LINE ( 'NONE', #4442, #3014 ) ;
#2308 = CARTESIAN_POINT ( 'NONE',  ( 12.87070866141732317, 0.08854173228346456925, 0.1968503937007874127 ) ) ;
#2309 = DIRECTION ( 'NONE',  ( 0.7072565443460007151, -0.7069569863009725896, 0.000000000000000000 ) ) ;
#2310 = DIRECTION ( 'NONE',  ( -0.1543157444027903058, -0.9880215842932849046, 0.000000000000000000 ) ) ;
#2311 = ORIENTED_EDGE ( 'NONE', *, *, #4394, .T. ) ;
#2312 = DIRECTION ( 'NONE',  ( 0.7071067811865059394, 0.7071067811865890951, 0.000000000000000000 ) ) ;
#2313 = DIRECTION ( 'NONE',  ( 0.4533922161898035208, -0.8913111119572662000, 0.000000000000000000 ) ) ;
#2314 = EDGE_LOOP ( 'NONE', ( #5041, #349, #1151, #3523 ) ) ;
#2315 = CARTESIAN_POINT ( 'NONE',  ( 8.625590551181103294, 4.879330708661417937, 0.000000000000000000 ) ) ;
#2316 = ADVANCED_FACE ( 'NONE', ( #854 ), #53, .T. ) ;
#2317 = ORIENTED_EDGE ( 'NONE', *, *, #2254, .F. ) ;
#2318 = CARTESIAN_POINT ( 'NONE',  ( 4.401377952755906264, 4.842283464566929929, 0.1968503937007874127 ) ) ;
#2319 = ORIENTED_EDGE ( 'NONE', *, *, #3301, .F. ) ;
#2320 = ORIENTED_EDGE ( 'NONE', *, *, #3848, .F. ) ;
#2321 = EDGE_CURVE ( 'NONE', #2527, #994, #1763, .T. ) ;
#2322 = LINE ( 'NONE', #5008, #1563 ) ;
#2323 = ADVANCED_FACE ( 'NONE', ( #3506 ), #824, .T. ) ;
#2324 = FACE_OUTER_BOUND ( 'NONE', #1726, .T. ) ;
#2325 = VERTEX_POINT ( 'NONE', #5616 ) ;
#2326 = EDGE_CURVE ( 'NONE', #1171, #3126, #4808, .T. ) ;
#2327 = ORIENTED_EDGE ( 'NONE', *, *, #1858, .F. ) ;
#2328 = CARTESIAN_POINT ( 'NONE',  ( 0.1531027559055118115, 0.1450736220472441107, 0.1968503937007874127 ) ) ;
#2329 = ORIENTED_EDGE ( 'NONE', *, *, #3002, .F. ) ;
#2330 = LINE ( 'NONE', #617, #2927 ) ;
#2331 = EDGE_CURVE ( 'NONE', #4542, #2215, #795, .T. ) ;
#2332 = DIRECTION ( 'NONE',  ( -0.4532090333824308481, 0.8914042697118758074, 0.000000000000000000 ) ) ;
#2333 = DIRECTION ( 'NONE',  ( -0.1598606622273645861, 0.9871395892538341599, 0.000000000000000000 ) ) ;
#2334 = DIRECTION ( 'NONE',  ( 0.1592042833370856114, 0.9872456615083831100, 0.000000000000000000 ) ) ;
#2335 = DIRECTION ( 'NONE',  ( -0.7069569863009725896, -0.7072565443460007151, 0.000000000000000000 ) ) ;
#2336 = PLANE ( 'NONE',  #1557 ) ;
#2337 = ORIENTED_EDGE ( 'NONE', *, *, #1496, .T. ) ;
#2338 = CARTESIAN_POINT ( 'NONE',  ( 12.75988188976378090, 4.805275590551181253, 0.1968503937007874127 ) ) ;
#2339 = CARTESIAN_POINT ( 'NONE',  ( 12.77381889763779554, 4.893267716535433465, 0.000000000000000000 ) ) ;
#2340 = EDGE_CURVE ( 'NONE', #2389, #4261, #3076, .T. ) ;
#2341 = ORIENTED_EDGE ( 'NONE', *, *, #353, .T. ) ;
#2342 = FACE_OUTER_BOUND ( 'NONE', #5615, .T. ) ;
#2343 = ORIENTED_EDGE ( 'NONE', *, *, #2432, .F. ) ;
#2344 = CARTESIAN_POINT ( 'NONE',  ( 8.594055118110235369, 4.902244094488189319, 0.000000000000000000 ) ) ;
#2345 = ADVANCED_FACE ( 'NONE', ( #2968 ), #900, .T. ) ;
#2346 = ORIENTED_EDGE ( 'NONE', *, *, #3226, .T. ) ;
#2347 = ORIENTED_EDGE ( 'NONE', *, *, #1144, .T. ) ;
#2348 = FACE_BOUND ( 'NONE', #926, .T. ) ;
#2349 = LINE ( 'NONE', #4209, #1017 ) ;
#2350 = ORIENTED_EDGE ( 'NONE', *, *, #707, .F. ) ;
#2351 = EDGE_LOOP ( 'NONE', ( #2666, #9, #5404, #4137 ) ) ;
#2352 = LINE ( 'NONE', #5353, #3372 ) ;
#2353 = DIRECTION ( 'NONE',  ( -0.8908403975545519105, 0.4543163942505795139, 0.000000000000000000 ) ) ;
#2354 = VECTOR ( 'NONE', #1059, 39.37007874015748143 ) ;
#2355 = ORIENTED_EDGE ( 'NONE', *, *, #3511, .F. ) ;
#2356 = VECTOR ( 'NONE', #2139, 39.37007874015748143 ) ;
#2357 = DIRECTION ( 'NONE',  ( -0.9871073587932587268, 0.1600595583406276001, 0.000000000000000000 ) ) ;
#2358 = CARTESIAN_POINT ( 'NONE',  ( 8.514645669291338592, 4.861771653543307536, 0.1968503937007874127 ) ) ;
#2359 = CARTESIAN_POINT ( 'NONE',  ( 8.611653543307086878, 4.893267716535433465, 0.1968503937007874127 ) ) ;
#2360 = AXIS2_PLACEMENT_3D ( 'NONE', #3684, #2369, #4451 ) ;
#2361 = CARTESIAN_POINT ( 'NONE',  ( 4.357795275590551576, 4.782440944881890310, 0.1968503937007874127 ) ) ;
#2362 = LINE ( 'NONE', #621, #5292 ) ;
#2363 = DIRECTION ( 'NONE',  ( -0.000000000000000000, -0.000000000000000000, -1.000000000000000000 ) ) ;
#2364 = VECTOR ( 'NONE', #31, 39.37007874015748143 ) ;
#2365 = VERTEX_POINT ( 'NONE', #1283 ) ;
#2366 = DIRECTION ( 'NONE',  ( -0.000000000000000000, -0.000000000000000000, -1.000000000000000000 ) ) ;
#2367 = ORIENTED_EDGE ( 'NONE', *, *, #2501, .T. ) ;
#2368 = EDGE_CURVE ( 'NONE', #4210, #912, #4271, .T. ) ;
#2369 = DIRECTION ( 'NONE',  ( -0.8922101619186157961, -0.4516204456943435641, 0.000000000000000000 ) ) ;
#2370 = VECTOR ( 'NONE', #2612, 39.37007874015748143 ) ;
#2371 = VECTOR ( 'NONE', #297, 39.37007874015748143 ) ;
#2372 = VERTEX_POINT ( 'NONE', #2161 ) ;
#2373 = VECTOR ( 'NONE', #3884, 39.37007874015748143 ) ;
#2374 = VECTOR ( 'NONE', #395, 39.37007874015748854 ) ;
#2375 = CARTESIAN_POINT ( 'NONE',  ( 8.625590551181103294, 0.07101771653543308138, 0.000000000000000000 ) ) ;
#2376 = ORIENTED_EDGE ( 'NONE', *, *, #3468, .F. ) ;
#2377 = CARTESIAN_POINT ( 'NONE',  ( 12.90929133858267797, 4.940708661417322567, 0.1968503937007874127 ) ) ;
#2378 = VECTOR ( 'NONE', #3440, 39.37007874015748143 ) ;
#2379 = AXIS2_PLACEMENT_3D ( 'NONE', #5122, #3828, #777 ) ;
#2380 = ORIENTED_EDGE ( 'NONE', *, *, #3796, .F. ) ;
#2381 = VERTEX_POINT ( 'NONE', #1226 ) ;
#2382 = LINE ( 'NONE', #277, #1649 ) ;
#2383 = EDGE_CURVE ( 'NONE', #3666, #4922, #2992, .T. ) ;
#2384 = AXIS2_PLACEMENT_3D ( 'NONE', #2701, #5247, #4812 ) ;
#2385 = CARTESIAN_POINT ( 'NONE',  ( 0.06510433070866142313, 0.05712874015748031775, 0.1968503937007874127 ) ) ;
#2386 = ORIENTED_EDGE ( 'NONE', *, *, #4545, .F. ) ;
#2387 = FACE_OUTER_BOUND ( 'NONE', #5087, .T. ) ;
#2388 = EDGE_CURVE ( 'NONE', #1556, #3821, #2538, .T. ) ;
#2389 = VERTEX_POINT ( 'NONE', #373 ) ;
#2390 = CARTESIAN_POINT ( 'NONE',  ( 0.08268228346456693578, 0.04817716535433071157, 0.1968503937007874127 ) ) ;
#2391 = DIRECTION ( 'NONE',  ( -0.000000000000000000, -0.000000000000000000, -1.000000000000000000 ) ) ;
#2392 = ADVANCED_FACE ( 'NONE', ( #5220 ), #2112, .T. ) ;
#2393 = LINE ( 'NONE', #1074, #4814 ) ;
#2394 = CARTESIAN_POINT ( 'NONE',  ( 12.87070866141732317, 4.822874015748031873, 0.1968503937007874127 ) ) ;
#2395 = PLANE ( 'NONE',  #3561 ) ;
#2396 = LINE ( 'NONE', #2907, #2966 ) ;
#2397 = ORIENTED_EDGE ( 'NONE', *, *, #5541, .F. ) ;
#2398 = PLANE ( 'NONE',  #3116 ) ;
#2399 = EDGE_CURVE ( 'NONE', #734, #2128, #5591, .T. ) ;
#2400 = ORIENTED_EDGE ( 'NONE', *, *, #3655, .F. ) ;
#2401 = DIRECTION ( 'NONE',  ( -0.9872093450064345355, -0.1594293233127661025, 0.000000000000000000 ) ) ;
#2402 = ADVANCED_FACE ( 'NONE', ( #405 ), #3425, .T. ) ;
#2403 = ORIENTED_EDGE ( 'NONE', *, *, #2798, .T. ) ;
#2404 = EDGE_CURVE ( 'NONE', #1700, #5157, #5163, .T. ) ;
#2405 = DIRECTION ( 'NONE',  ( 0.1567122161024270821, 0.9876443091134916585, 0.000000000000000000 ) ) ;
#2406 = EDGE_LOOP ( 'NONE', ( #3499, #4034, #5417, #5400, #5441, #4496, #688, #1718, #2355, #4591, #2041, #668, #2176, #5083, #4401, #3663, #364, #4239, #1177, #4054 ) ) ;
#2407 = DIRECTION ( 'NONE',  ( -0.9875028003718847591, -0.1576014570290689143, 0.000000000000000000 ) ) ;
#2408 = VECTOR ( 'NONE', #3280, 39.37007874015748143 ) ;
#2409 = ORIENTED_EDGE ( 'NONE', *, *, #3827, .F. ) ;
#2410 = VERTEX_POINT ( 'NONE', #4356 ) ;
#2411 = LINE ( 'NONE', #5439, #5483 ) ;
#2412 = CARTESIAN_POINT ( 'NONE',  ( 4.357795275590551576, 0.1679137795275590928, 0.000000000000000000 ) ) ;
#2413 = ORIENTED_EDGE ( 'NONE', *, *, #38, .F. ) ;
#2414 = VECTOR ( 'NONE', #1970, 39.37007874015748143 ) ;
#2415 = ADVANCED_FACE ( 'NONE', ( #3932 ), #3026, .T. ) ;
#2416 = LINE ( 'NONE', #4068, #4660 ) ;
#2417 = ORIENTED_EDGE ( 'NONE', *, *, #2693, .F. ) ;
#2418 = CARTESIAN_POINT ( 'NONE',  ( 12.83027559055118338, 4.782440944881890310, 0.1968503937007874127 ) ) ;
#2419 = DIRECTION ( 'NONE',  ( 0.8905324954831137507, 0.4549196351979302722, -0.000000000000000000 ) ) ;
#2420 = FACE_OUTER_BOUND ( 'NONE', #810, .T. ) ;
#2421 = ORIENTED_EDGE ( 'NONE', *, *, #4187, .F. ) ;
#2422 = ADVANCED_FACE ( 'NONE', ( #3183 ), #4869, .T. ) ;
#2423 = FACE_OUTER_BOUND ( 'NONE', #4113, .T. ) ;
#2424 = CARTESIAN_POINT ( 'NONE',  ( 12.87070866141732317, 4.822874015748031873, 0.1968503937007874127 ) ) ;
#2425 = CARTESIAN_POINT ( 'NONE',  ( 0.1021051181102362315, 4.779291338582677184, 0.000000000000000000 ) ) ;
#2426 = VERTEX_POINT ( 'NONE', #1848 ) ;
#2427 = CARTESIAN_POINT ( 'NONE',  ( 12.75090551181102505, 0.1274956692913385703, 0.1968503937007874127 ) ) ;
#2428 = VERTEX_POINT ( 'NONE', #3978 ) ;
#2429 = CARTESIAN_POINT ( 'NONE',  ( 0.1391598425196850508, 4.791338582677165725, 0.1968503937007874127 ) ) ;
#2430 = EDGE_CURVE ( 'NONE', #2100, #3813, #589, .T. ) ;
#2431 = EDGE_LOOP ( 'NONE', ( #2304, #4121, #2611, #129 ) ) ;
#2432 = EDGE_CURVE ( 'NONE', #2325, #3692, #4498, .T. ) ;
#2433 = CARTESIAN_POINT ( 'NONE',  ( 8.625590551181103294, 0.1450736220472441107, 0.1968503937007874127 ) ) ;
#2434 = ORIENTED_EDGE ( 'NONE', *, *, #3491, .T. ) ;
#2435 = DIRECTION ( 'NONE',  ( 0.9871905049027066559, -0.1595459401863275894, 0.000000000000000000 ) ) ;
#2436 = VERTEX_POINT ( 'NONE', #1898 ) ;
#2437 = ORIENTED_EDGE ( 'NONE', *, *, #5380, .F. ) ;
#2438 = CARTESIAN_POINT ( 'NONE',  ( 8.594055118110235369, 0.04817716535433071157, 0.1968503937007874127 ) ) ;
#2439 = DIRECTION ( 'NONE',  ( 0.8924298478292961301, -0.4511861774294278482, 0.000000000000000000 ) ) ;
#2440 = VERTEX_POINT ( 'NONE', #4470 ) ;
#2441 = PRESENTATION_STYLE_ASSIGNMENT (( #677 ) ) ;
#2442 = EDGE_CURVE ( 'NONE', #2887, #666, #2671, .T. ) ;
#2443 = ORIENTED_EDGE ( 'NONE', *, *, #2624, .T. ) ;
#2444 = ORIENTED_EDGE ( 'NONE', *, *, #5317, .T. ) ;
#2445 = LINE ( 'NONE', #2939, #95 ) ;
#2446 = CARTESIAN_POINT ( 'NONE',  ( 12.90929133858267797, 0.009602874015748032177, 0.000000000000000000 ) ) ;
#2447 = CARTESIAN_POINT ( 'NONE',  ( 12.84787401574803312, 0.1590165354330708714, 0.1968503937007874127 ) ) ;
#2448 = PLANE ( 'NONE',  #1281 ) ;
#2449 = VECTOR ( 'NONE', #4590, 39.37007874015748854 ) ;
#2450 = FACE_OUTER_BOUND ( 'NONE', #1235, .T. ) ;
#2451 = FACE_OUTER_BOUND ( 'NONE', #3145, .T. ) ;
#2452 = DIRECTION ( 'NONE',  ( -0.000000000000000000, -0.000000000000000000, -1.000000000000000000 ) ) ;
#2453 = VECTOR ( 'NONE', #803, 39.37007874015748143 ) ;
#2454 = LINE ( 'NONE', #5057, #4931 ) ;
#2455 = ORIENTED_EDGE ( 'NONE', *, *, #833, .T. ) ;
#2456 = ADVANCED_FACE ( 'NONE', ( #565 ), #3132, .T. ) ;
#2457 = DIRECTION ( 'NONE',  ( 0.1572637512810519389, 0.9875566376330076057, 0.000000000000000000 ) ) ;
#2458 = EDGE_CURVE ( 'NONE', #1128, #3373, #506, .T. ) ;
#2459 = EDGE_CURVE ( 'NONE', #4472, #5514, #4040, .T. ) ;
#2460 = VECTOR ( 'NONE', #1015, 39.37007874015748143 ) ;
#2461 = ORIENTED_EDGE ( 'NONE', *, *, #996, .T. ) ;
#2462 = CARTESIAN_POINT ( 'NONE',  ( 12.75090551181102505, 4.822874015748031873, 0.1968503937007874127 ) ) ;
#2463 = VECTOR ( 'NONE', #433, 39.37007874015748854 ) ;
#2464 = ORIENTED_EDGE ( 'NONE', *, *, #4053, .T. ) ;
#2465 = DIRECTION ( 'NONE',  ( 0.4574843287324161234, -0.8892176836772029969, 0.000000000000000000 ) ) ;
#2466 = AXIS2_PLACEMENT_3D ( 'NONE', #5141, #1684, #3816 ) ;
#2467 = VECTOR ( 'NONE', #2929, 39.37007874015748854 ) ;
#2468 = ORIENTED_EDGE ( 'NONE', *, *, #1548, .T. ) ;
#2469 = VECTOR ( 'NONE', #1489, 39.37007874015748854 ) ;
#2470 = ORIENTED_EDGE ( 'NONE', *, *, #3057, .F. ) ;
#2471 = CARTESIAN_POINT ( 'NONE',  ( 4.318897637795275912, 4.782440944881890310, 0.000000000000000000 ) ) ;
#2472 = AXIS2_PLACEMENT_3D ( 'NONE', #4160, #4220, #1997 ) ;
#2473 = LINE ( 'NONE', #642, #2938 ) ;
#2474 = VERTEX_POINT ( 'NONE', #4927 ) ;
#2475 = ADVANCED_FACE ( 'NONE', ( #3638 ), #109, .T. ) ;
#2476 = AXIS2_PLACEMENT_3D ( 'NONE', #2784, #2353, #2812 ) ;
#2477 = AXIS2_PLACEMENT_3D ( 'NONE', #4433, #3153, #106 ) ;
#2478 = DIRECTION ( 'NONE',  ( 0.1572637512810249882, 0.9875566376330119356, 0.000000000000000000 ) ) ;
#2479 = ORIENTED_EDGE ( 'NONE', *, *, #3065, .T. ) ;
#2480 = EDGE_LOOP ( 'NONE', ( #5144, #2919, #2479, #500 ) ) ;
#2481 = VECTOR ( 'NONE', #1845, 39.37007874015748854 ) ;
#2482 = CARTESIAN_POINT ( 'NONE',  ( 4.287362204724409764, 0.1450736220472441107, 0.1968503937007874127 ) ) ;
#2483 = LINE ( 'NONE', #1277, #3103 ) ;
#2484 = DIRECTION ( 'NONE',  ( 0.7071067811865335839, -0.7071067811865613395, 0.000000000000000000 ) ) ;
#2485 = CARTESIAN_POINT ( 'NONE',  ( 0.05116102362204725390, 0.1450736220472441107, 0.1968503937007874127 ) ) ;
#2486 = VECTOR ( 'NONE', #963, 39.37007874015748143 ) ;
#2487 = CARTESIAN_POINT ( 'NONE',  ( 8.523661417322834666, 0.1450736220472441107, 0.1968503937007874127 ) ) ;
#2488 = CARTESIAN_POINT ( 'NONE',  ( 0.1021594488188976441, 0.1710610236220472535, 0.1968503937007874127 ) ) ;
#2489 = LINE ( 'NONE', #2517, #4554 ) ;
#2490 = DIRECTION ( 'NONE',  ( 0.9881677099903839467, 0.1533772373344898243, -0.000000000000000000 ) ) ;
#2491 = VERTEX_POINT ( 'NONE', #4526 ) ;
#2492 = DIRECTION ( 'NONE',  ( 0.7079538235943337865, 0.7062587228899639413, 0.000000000000000000 ) ) ;
#2493 = VERTEX_POINT ( 'NONE', #5329 ) ;
#2494 = PLANE ( 'NONE',  #4020 ) ;
#2495 = EDGE_CURVE ( 'NONE', #1919, #1102, #2758, .T. ) ;
#2496 = AXIS2_PLACEMENT_3D ( 'NONE', #2884, #2945, #5484 ) ;
#2497 = ORIENTED_EDGE ( 'NONE', *, *, #830, .F. ) ;
#2498 = CARTESIAN_POINT ( 'NONE',  ( 4.398267716535433358, 0.1274956692913385703, 0.1968503937007874127 ) ) ;
#2499 = VERTEX_POINT ( 'NONE', #613 ) ;
#2500 = ORIENTED_EDGE ( 'NONE', *, *, #19, .T. ) ;
#2501 = EDGE_CURVE ( 'NONE', #1357, #2211, #2352, .T. ) ;
#2502 = FACE_BOUND ( 'NONE', #1275, .T. ) ;
#2503 = PLANE ( 'NONE',  #841 ) ;
#2504 = ORIENTED_EDGE ( 'NONE', *, *, #2331, .F. ) ;
#2505 = EDGE_CURVE ( 'NONE', #4863, #1783, #4094, .T. ) ;
#2506 = DIRECTION ( 'NONE',  ( -0.000000000000000000, -0.000000000000000000, -1.000000000000000000 ) ) ;
#2507 = VERTEX_POINT ( 'NONE', #5267 ) ;
#2508 = ORIENTED_EDGE ( 'NONE', *, *, #3017, .F. ) ;
#2509 = EDGE_CURVE ( 'NONE', #3058, #1954, #3156, .T. ) ;
#2510 = CARTESIAN_POINT ( 'NONE',  ( 0.03911681102362205009, 4.842283464566929929, 0.1968503937007874127 ) ) ;
#2511 = LINE ( 'NONE', #1646, #3646 ) ;
#2512 = EDGE_CURVE ( 'NONE', #2690, #1954, #931, .T. ) ;
#2513 = CARTESIAN_POINT ( 'NONE',  ( 12.77381889763779554, 0.05712874015748031775, 0.1968503937007874127 ) ) ;
#2514 = FACE_OUTER_BOUND ( 'NONE', #178, .T. ) ;
#2515 = LINE ( 'NONE', #3397, #1190 ) ;
#2516 = LINE ( 'NONE', #709, #4674 ) ;
#2517 = CARTESIAN_POINT ( 'NONE',  ( 4.278425196850394130, 0.1274956692913385703, 0.1968503937007874127 ) ) ;
#2518 = EDGE_LOOP ( 'NONE', ( #4982, #124, #2037, #1625 ) ) ;
#2519 = PLANE ( 'NONE',  #3369 ) ;
#2520 = DIRECTION ( 'NONE',  ( -0.000000000000000000, -1.000000000000000000, -0.000000000000000000 ) ) ;
#2521 = ORIENTED_EDGE ( 'NONE', *, *, #471, .T. ) ;
#2522 = DIRECTION ( 'NONE',  ( 0.000000000000000000, -0.000000000000000000, -1.000000000000000000 ) ) ;
#2523 = EDGE_LOOP ( 'NONE', ( #4111, #1815, #3377, #5433 ) ) ;
#2524 = CARTESIAN_POINT ( 'NONE',  ( 4.278425196850394130, 0.08854173228346456925, 0.1968503937007874127 ) ) ;
#2525 = EDGE_CURVE ( 'NONE', #157, #3585, #3558, .T. ) ;
#2526 = ORIENTED_EDGE ( 'NONE', *, *, #21, .T. ) ;
#2527 = VERTEX_POINT ( 'NONE', #981 ) ;
#2528 = FACE_BOUND ( 'NONE', #3273, .T. ) ;
#2529 = ORIENTED_EDGE ( 'NONE', *, *, #3225, .F. ) ;
#2530 = ADVANCED_FACE ( 'NONE', ( #5303 ), #1392, .T. ) ;
#2531 = DIRECTION ( 'NONE',  ( -0.8920142723425459330, 0.4520072321735552068, 0.000000000000000000 ) ) ;
#2532 = VERTEX_POINT ( 'NONE', #4983 ) ;
#2533 = ORIENTED_EDGE ( 'NONE', *, *, #616, .F. ) ;
#2534 = LINE ( 'NONE', #1249, #290 ) ;
#2535 = LINE ( 'NONE', #2989, #2101 ) ;
#2536 = CARTESIAN_POINT ( 'NONE',  ( 4.278425196850394130, 4.822874015748031873, 0.1968503937007874127 ) ) ;
#2537 = ORIENTED_EDGE ( 'NONE', *, *, #2627, .F. ) ;
#2538 = LINE ( 'NONE', #3900, #4455 ) ;
#2539 = FACE_OUTER_BOUND ( 'NONE', #4335, .T. ) ;
#2540 = LINE ( 'NONE', #1685, #2796 ) ;
#2541 = VERTEX_POINT ( 'NONE', #1937 ) ;
#2542 = ORIENTED_EDGE ( 'NONE', *, *, #973, .T. ) ;
#2543 = FACE_OUTER_BOUND ( 'NONE', #5498, .T. ) ;
#2544 = DIRECTION ( 'NONE',  ( -0.8916254659721257747, 0.4527737055417304091, 0.000000000000000000 ) ) ;
#2545 = CARTESIAN_POINT ( 'NONE',  ( 0.1391598425196850508, 4.893267716535433465, 0.000000000000000000 ) ) ;
#2546 = VECTOR ( 'NONE', #2990, 39.37007874015748143 ) ;
#2547 = VERTEX_POINT ( 'NONE', #1508 ) ;
#2548 = EDGE_CURVE ( 'NONE', #5092, #1350, #5415, .T. ) ;
#2549 = FACE_OUTER_BOUND ( 'NONE', #3801, .T. ) ;
#2550 = FACE_OUTER_BOUND ( 'NONE', #4379, .T. ) ;
#2551 = VECTOR ( 'NONE', #545, 39.37007874015748143 ) ;
#2552 = ORIENTED_EDGE ( 'NONE', *, *, #3827, .T. ) ;
#2553 = AXIS2_PLACEMENT_3D ( 'NONE', #2596, #4330, #2302 ) ;
#2554 = VECTOR ( 'NONE', #4848, 39.37007874015748143 ) ;
#2555 = DIRECTION ( 'NONE',  ( 0.9876975481314168581, 0.1563763198671321020, -0.000000000000000000 ) ) ;
#2556 = ORIENTED_EDGE ( 'NONE', *, *, #1459, .T. ) ;
#2557 = VECTOR ( 'NONE', #1821, 39.37007874015748143 ) ;
#2558 = AXIS2_PLACEMENT_3D ( 'NONE', #5587, #367, #3846 ) ;
#2559 = DIRECTION ( 'NONE',  ( -0.7069569863009863564, 0.7072565443459867263, 0.000000000000000000 ) ) ;
#2560 = ORIENTED_EDGE ( 'NONE', *, *, #938, .T. ) ;
#2561 = VERTEX_POINT ( 'NONE', #4127 ) ;
#2562 = EDGE_CURVE ( 'NONE', #790, #4694, #1069, .T. ) ;
#2563 = LINE ( 'NONE', #4757, #5199 ) ;
#2564 = VECTOR ( 'NONE', #85, 39.37007874015748854 ) ;
#2565 = VECTOR ( 'NONE', #248, 39.37007874015748143 ) ;
#2566 = DIRECTION ( 'NONE',  ( -0.4527899509762813857, 0.8916172162396240886, 0.000000000000000000 ) ) ;
#2567 = VERTEX_POINT ( 'NONE', #4552 ) ;
#2568 = CARTESIAN_POINT ( 'NONE',  ( 12.47618110236220446, 0.6001496062992126568, 0.1968503937007874127 ) ) ;
#2569 = AXIS2_PLACEMENT_3D ( 'NONE', #3271, #2847, #4151 ) ;
#2570 = FACE_OUTER_BOUND ( 'NONE', #1699, .T. ) ;
#2571 = AXIS2_PLACEMENT_3D ( 'NONE', #28, #5084, #1760 ) ;
#2572 = FACE_OUTER_BOUND ( 'NONE', #5379, .T. ) ;
#2573 = LINE ( 'NONE', #2677, #4460 ) ;
#2574 = ORIENTED_EDGE ( 'NONE', *, *, #1692, .T. ) ;
#2575 = CARTESIAN_POINT ( 'NONE',  ( 12.83027559055118338, 4.902244094488189319, 0.1968503937007874127 ) ) ;
#2576 = VECTOR ( 'NONE', #2809, 39.37007874015748143 ) ;
#2577 = DIRECTION ( 'NONE',  ( -0.000000000000000000, -0.000000000000000000, -1.000000000000000000 ) ) ;
#2578 = LINE ( 'NONE', #1294, #1286 ) ;
#2579 = ADVANCED_FACE ( 'NONE', ( #2387 ), #3454, .T. ) ;
#2580 = CARTESIAN_POINT ( 'NONE',  ( 8.555118110236222151, 0.04817716535433071157, 0.000000000000000000 ) ) ;
#2581 = EDGE_CURVE ( 'NONE', #763, #1206, #1768, .T. ) ;
#2582 = DIRECTION ( 'NONE',  ( -0.000000000000000000, -0.000000000000000000, -1.000000000000000000 ) ) ;
#2583 = AXIS2_PLACEMENT_3D ( 'NONE', #4189, #1228, #1137 ) ;
#2584 = ORIENTED_EDGE ( 'NONE', *, *, #1390, .F. ) ;
#2585 = EDGE_CURVE ( 'NONE', #4007, #219, #1742, .T. ) ;
#2586 = DIRECTION ( 'NONE',  ( -0.000000000000000000, -0.000000000000000000, -1.000000000000000000 ) ) ;
#2587 = VERTEX_POINT ( 'NONE', #5195 ) ;
#2588 = DIRECTION ( 'NONE',  ( 0.4512497765713583409, 0.8923976911356836794, 0.000000000000000000 ) ) ;
#2589 = ORIENTED_EDGE ( 'NONE', *, *, #1909, .F. ) ;
#2590 = ORIENTED_EDGE ( 'NONE', *, *, #309, .F. ) ;
#2591 = LINE ( 'NONE', #1727, #3830 ) ;
#2592 = EDGE_CURVE ( 'NONE', #4639, #3690, #2620, .T. ) ;
#2593 = LINE ( 'NONE', #1702, #2654 ) ;
#2594 = DIRECTION ( 'NONE',  ( -0.7071067811865335839, -0.7071067811865613395, 0.000000000000000000 ) ) ;
#2595 = ORIENTED_EDGE ( 'NONE', *, *, #5073, .T. ) ;
#2596 = CARTESIAN_POINT ( 'NONE',  ( 12.47618110236220446, 4.350196850393701631, 0.1968503937007874127 ) ) ;
#2597 = LINE ( 'NONE', #1284, #5477 ) ;
#2598 = DIRECTION ( 'NONE',  ( -0.8908112580283350512, 0.4543735275849320465, 0.000000000000000000 ) ) ;
#2599 = PLANE ( 'NONE',  #5566 ) ;
#2600 = ORIENTED_EDGE ( 'NONE', *, *, #3751, .T. ) ;
#2601 = CARTESIAN_POINT ( 'NONE',  ( 0.1021594488188976441, 0.1710610236220472535, 0.1968503937007874127 ) ) ;
#2602 = CARTESIAN_POINT ( 'NONE',  ( 4.278425196850394130, 0.1274956692913385703, 0.000000000000000000 ) ) ;
#2603 = CARTESIAN_POINT ( 'NONE',  ( 8.523661417322834666, 4.805275590551181253, 0.000000000000000000 ) ) ;
#2604 = LINE ( 'NONE', #3143, #5575 ) ;
#2605 = DIRECTION ( 'NONE',  ( 0.1572265105709937383, 0.9875625673210123301, 0.000000000000000000 ) ) ;
#2606 = EDGE_CURVE ( 'NONE', #4689, #1394, #458, .T. ) ;
#2607 = ORIENTED_EDGE ( 'NONE', *, *, #547, .T. ) ;
#2608 = LINE ( 'NONE', #4343, #835 ) ;
#2609 = VERTEX_POINT ( 'NONE', #4280 ) ;
#2610 = EDGE_LOOP ( 'NONE', ( #4165, #4753, #1673, #5542 ) ) ;
#2611 = ORIENTED_EDGE ( 'NONE', *, *, #1570, .T. ) ;
#2612 = DIRECTION ( 'NONE',  ( -1.000000000000000000, -0.000000000000000000, -0.000000000000000000 ) ) ;
#2613 = CARTESIAN_POINT ( 'NONE',  ( 8.634488188976378709, 0.08854173228346456925, 0.1968503937007874127 ) ) ;
#2614 = PLANE ( 'NONE',  #3719 ) ;
#2615 = ORIENTED_EDGE ( 'NONE', *, *, #1837, .T. ) ;
#2616 = DIRECTION ( 'NONE',  ( -0.000000000000000000, -0.000000000000000000, -1.000000000000000000 ) ) ;
#2617 = CARTESIAN_POINT ( 'NONE',  ( 4.301338582677165512, 0.1590165354330708714, 0.1968503937007874127 ) ) ;
#2618 = CARTESIAN_POINT ( 'NONE',  ( 12.84787401574803312, 4.893267716535433465, 0.000000000000000000 ) ) ;
#2619 = LINE ( 'NONE', #5192, #3376 ) ;
#2620 = LINE ( 'NONE', #5621, #5111 ) ;
#2621 = CARTESIAN_POINT ( 'NONE',  ( 4.357795275590551576, 0.04817716535433071157, 0.000000000000000000 ) ) ;
#2622 = DIRECTION ( 'NONE',  ( -0.8922182138893376413, -0.4516045380685628219, 0.000000000000000000 ) ) ;
#2623 = ORIENTED_EDGE ( 'NONE', *, *, #3118, .T. ) ;
#2624 = EDGE_CURVE ( 'NONE', #4522, #3229, #5250, .T. ) ;
#2625 = DIRECTION ( 'NONE',  ( -0.000000000000000000, -0.000000000000000000, -1.000000000000000000 ) ) ;
#2626 = CARTESIAN_POINT ( 'NONE',  ( 0.08268228346456693578, 4.782440944881890310, 0.1968503937007874127 ) ) ;
#2627 = EDGE_CURVE ( 'NONE', #5631, #2541, #1711, .T. ) ;
#2628 = ADVANCED_FACE ( 'NONE', ( #3081 ), #4813, .T. ) ;
#2629 = VECTOR ( 'NONE', #2967, 39.37007874015748854 ) ;
#2630 = ORIENTED_EDGE ( 'NONE', *, *, #3411, .T. ) ;
#2631 = CARTESIAN_POINT ( 'NONE',  ( 8.625590551181103294, 4.879330708661417937, 0.1968503937007874127 ) ) ;
#2632 = VECTOR ( 'NONE', #2086, 39.37007874015748143 ) ;
#2633 = EDGE_LOOP ( 'NONE', ( #5148, #5072, #3505, #678 ) ) ;
#2634 = CARTESIAN_POINT ( 'NONE',  ( 12.81086614173228533, 4.905275590551180898, 0.1968503937007874127 ) ) ;
#2635 = VECTOR ( 'NONE', #875, 39.37007874015748143 ) ;
#2636 = EDGE_LOOP ( 'NONE', ( #4012, #1930, #522, #235 ) ) ;
#2637 = ORIENTED_EDGE ( 'NONE', *, *, #4520, .T. ) ;
#2638 = DIRECTION ( 'NONE',  ( 0.8905970137627921002, -0.4547933146790937853, 0.000000000000000000 ) ) ;
#2639 = EDGE_CURVE ( 'NONE', #1531, #4858, #879, .T. ) ;
#2640 = DIRECTION ( 'NONE',  ( 0.8900297104512623347, 0.4559025274266881866, -0.000000000000000000 ) ) ;
#2641 = VERTEX_POINT ( 'NONE', #1231 ) ;
#2642 = VECTOR ( 'NONE', #5612, 39.37007874015748854 ) ;
#2643 = CARTESIAN_POINT ( 'NONE',  ( 0.1620015748031496117, 4.822874015748031873, 0.000000000000000000 ) ) ;
#2644 = LINE ( 'NONE', #4387, #3840 ) ;
#2645 = DIRECTION ( 'NONE',  ( -0.000000000000000000, -0.000000000000000000, -1.000000000000000000 ) ) ;
#2646 = VECTOR ( 'NONE', #5510, 39.37007874015748143 ) ;
#2647 = AXIS2_PLACEMENT_3D ( 'NONE', #1010, #4979, #1063 ) ;
#2648 = LINE ( 'NONE', #3110, #2554 ) ;
#2649 = CARTESIAN_POINT ( 'NONE',  ( 12.75988188976378090, 4.805275590551181253, 0.000000000000000000 ) ) ;
#2650 = VECTOR ( 'NONE', #3853, 39.37007874015748143 ) ;
#2651 = LINE ( 'NONE', #411, #2185 ) ;
#2652 = LINE ( 'NONE', #937, #2178 ) ;
#2653 = VECTOR ( 'NONE', #2935, 39.37007874015748854 ) ;
#2654 = VECTOR ( 'NONE', #4758, 39.37007874015748143 ) ;
#2655 = LINE ( 'NONE', #2681, #1001 ) ;
#2656 = EDGE_LOOP ( 'NONE', ( #2119, #2865, #5177, #2156 ) ) ;
#2657 = VECTOR ( 'NONE', #2391, 39.37007874015748143 ) ;
#2658 = LINE ( 'NONE', #1829, #651 ) ;
#2659 = ADVANCED_FACE ( 'NONE', ( #2543 ), #907, .T. ) ;
#2660 = PLANE ( 'NONE',  #5371 ) ;
#2661 = ORIENTED_EDGE ( 'NONE', *, *, #51, .T. ) ;
#2662 = EDGE_CURVE ( 'NONE', #4161, #3578, #2651, .T. ) ;
#2663 = DIRECTION ( 'NONE',  ( -1.000000000000000000, -0.000000000000000000, -0.000000000000000000 ) ) ;
#2664 = VERTEX_POINT ( 'NONE', #2222 ) ;
#2665 = CARTESIAN_POINT ( 'NONE',  ( 8.611653543307086878, 0.1590165354330708714, 0.000000000000000000 ) ) ;
#2666 = ORIENTED_EDGE ( 'NONE', *, *, #4610, .F. ) ;
#2667 = ORIENTED_EDGE ( 'NONE', *, *, #5363, .F. ) ;
#2668 = CARTESIAN_POINT ( 'NONE',  ( 12.75988188976378090, 4.879330708661417937, 0.1968503937007874127 ) ) ;
#2669 = FACE_OUTER_BOUND ( 'NONE', #1606, .T. ) ;
#2670 = ORIENTED_EDGE ( 'NONE', *, *, #4705, .T. ) ;
#2671 = LINE ( 'NONE', #2783, #1723 ) ;
#2672 = ADVANCED_FACE ( 'NONE', ( #4392 ), #4791, .T. ) ;
#2673 = ADVANCED_FACE ( 'NONE', ( #4336 ), #1689, .T. ) ;
#2674 = CARTESIAN_POINT ( 'NONE',  ( 8.594055118110235369, 4.782440944881890310, 0.1968503937007874127 ) ) ;
#2675 = ORIENTED_EDGE ( 'NONE', *, *, #1205, .T. ) ;
#2676 = EDGE_CURVE ( 'NONE', #4728, #1700, #1316, .T. ) ;
#2677 = CARTESIAN_POINT ( 'NONE',  ( 4.357795275590551576, 4.902244094488189319, 0.1968503937007874127 ) ) ;
#2678 = CARTESIAN_POINT ( 'NONE',  ( 4.389330708661417724, 4.879330708661417937, 0.1968503937007874127 ) ) ;
#2679 = CARTESIAN_POINT ( 'NONE',  ( 12.47618110236220446, 4.350196850393701631, 0.1968503937007874127 ) ) ;
#2680 = DIRECTION ( 'NONE',  ( 0.7071067811865614505, 0.7071067811865336949, -0.000000000000000000 ) ) ;
#2681 = CARTESIAN_POINT ( 'NONE',  ( 0.04220905511811023220, 0.1274956692913385703, 0.1968503937007874127 ) ) ;
#2682 = VERTEX_POINT ( 'NONE', #2143 ) ;
#2683 = DIRECTION ( 'NONE',  ( -0.000000000000000000, -0.000000000000000000, -1.000000000000000000 ) ) ;
#2684 = CARTESIAN_POINT ( 'NONE',  ( 0.08268228346456693578, 4.902244094488189319, 0.1968503937007874127 ) ) ;
#2685 = ORIENTED_EDGE ( 'NONE', *, *, #3258, .F. ) ;
#2687 = EDGE_CURVE ( 'NONE', #217, #5631, #2974, .T. ) ;
#2686 = DIRECTION ( 'NONE',  ( 0.8913191698506689464, 0.4533763750535687587, 0.000000000000000000 ) ) ;
#2688 = VERTEX_POINT ( 'NONE', #2166 ) ;
#2689 = CARTESIAN_POINT ( 'NONE',  ( 0.003743488188976378059, 4.940708661417322567, 0.000000000000000000 ) ) ;
#2690 = VERTEX_POINT ( 'NONE', #5 ) ;
#2691 = VERTEX_POINT ( 'NONE', #381 ) ;
#2692 = CARTESIAN_POINT ( 'NONE',  ( 8.514645669291338592, 0.08854173228346456925, 0.000000000000000000 ) ) ;
#2693 = EDGE_CURVE ( 'NONE', #3099, #848, #2120, .T. ) ;
#2694 = CARTESIAN_POINT ( 'NONE',  ( 0.04220905511811023220, 0.08854173228346456925, 0.1968503937007874127 ) ) ;
#2695 = ORIENTED_EDGE ( 'NONE', *, *, #5310, .T. ) ;
#2696 = ORIENTED_EDGE ( 'NONE', *, *, #2039, .F. ) ;
#2697 = CARTESIAN_POINT ( 'NONE',  ( 0.1215818897637795243, 0.04817716535433071157, 0.000000000000000000 ) ) ;
#2698 = DIRECTION ( 'NONE',  ( -0.4574843287324161234, 0.8892176836772029969, 0.000000000000000000 ) ) ;
#2699 = ORIENTED_EDGE ( 'NONE', *, *, #3459, .T. ) ;
#2700 = DIRECTION ( 'NONE',  ( -0.4547933146790936187, -0.8905970137627921002, 0.000000000000000000 ) ) ;
#2701 = CARTESIAN_POINT ( 'NONE',  ( 12.77381889763779554, 0.1590165354330708714, 0.1968503937007874127 ) ) ;
#2702 = FACE_OUTER_BOUND ( 'NONE', #70, .T. ) ;
#2703 = LINE ( 'NONE', #3566, #4553 ) ;
#2704 = CARTESIAN_POINT ( 'NONE',  ( 0.04220905511811023220, 0.08854173228346456925, 0.000000000000000000 ) ) ;
#2705 = CARTESIAN_POINT ( 'NONE',  ( 0.4761299212598425479, 0.6001496062992126568, 0.000000000000000000 ) ) ;
#2706 = ORIENTED_EDGE ( 'NONE', *, *, #3742, .T. ) ;
#2707 = DIRECTION ( 'NONE',  ( -0.1600400487419023077, 0.9871105220788043422, 0.000000000000000000 ) ) ;
#2708 = DIRECTION ( 'NONE',  ( -0.000000000000000000, -0.000000000000000000, -1.000000000000000000 ) ) ;
#2709 = ADVANCED_FACE ( 'NONE', ( #4851 ), #115, .T. ) ;
#2710 = ORIENTED_EDGE ( 'NONE', *, *, #1491, .F. ) ;
#2711 = CARTESIAN_POINT ( 'NONE',  ( 12.75988188976378090, 4.805275590551181253, 0.000000000000000000 ) ) ;
#2712 = ORIENTED_EDGE ( 'NONE', *, *, #2142, .F. ) ;
#2713 = LINE ( 'NONE', #218, #173 ) ;
#2714 = VECTOR ( 'NONE', #356, 39.37007874015748143 ) ;
#2715 = LINE ( 'NONE', #5261, #3021 ) ;
#2716 = ORIENTED_EDGE ( 'NONE', *, *, #152, .F. ) ;
#2717 = ORIENTED_EDGE ( 'NONE', *, *, #1657, .F. ) ;
#2718 = VECTOR ( 'NONE', #3770, 39.37007874015748854 ) ;
#2719 = CARTESIAN_POINT ( 'NONE',  ( 0.05116102362204725390, 0.07101771653543308138, 0.1968503937007874127 ) ) ;
#2720 = FACE_OUTER_BOUND ( 'NONE', #2891, .T. ) ;
#2721 = VERTEX_POINT ( 'NONE', #1486 ) ;
#2722 = ORIENTED_EDGE ( 'NONE', *, *, #3810, .T. ) ;
#2723 = CARTESIAN_POINT ( 'NONE',  ( 4.375393700787402196, 0.1590165354330708714, 0.000000000000000000 ) ) ;
#2724 = VECTOR ( 'NONE', #292, 39.37007874015748143 ) ;
#2725 = ADVANCED_FACE ( 'NONE', ( #2702 ), #1791, .T. ) ;
#2726 = DIRECTION ( 'NONE',  ( 0.9871905049027066559, -0.1595459401863275894, 0.000000000000000000 ) ) ;
#2727 = ORIENTED_EDGE ( 'NONE', *, *, #5532, .F. ) ;
#2728 = LINE ( 'NONE', #166, #3741 ) ;
#2729 = LINE ( 'NONE', #4476, #3033 ) ;
#2730 = AXIS2_PLACEMENT_3D ( 'NONE', #1680, #2940, #3361 ) ;
#2731 = CARTESIAN_POINT ( 'NONE',  ( 4.318897637795275912, 4.902244094488189319, 0.1968503937007874127 ) ) ;
#2732 = DIRECTION ( 'NONE',  ( -0.1600595583406276001, -0.9871073587932587268, 0.000000000000000000 ) ) ;
#2733 = AXIS2_PLACEMENT_3D ( 'NONE', #460, #805, #3492 ) ;
#2734 = CARTESIAN_POINT ( 'NONE',  ( 0.06510433070866142313, 4.893267716535433465, 0.1968503937007874127 ) ) ;
#2735 = VECTOR ( 'NONE', #4512, 39.37007874015748143 ) ;
#2736 = DIRECTION ( 'NONE',  ( 0.7072565443460144818, -0.7069569863009588229, 0.000000000000000000 ) ) ;
#2737 = ORIENTED_EDGE ( 'NONE', *, *, #1262, .F. ) ;
#2738 = EDGE_CURVE ( 'NONE', #2973, #2887, #2307, .T. ) ;
#2739 = CARTESIAN_POINT ( 'NONE',  ( 12.81086614173228533, 4.779291338582677184, 0.1968503937007874127 ) ) ;
#2740 = AXIS2_PLACEMENT_3D ( 'NONE', #2985, #4636, #5526 ) ;
#2741 = AXIS2_PLACEMENT_3D ( 'NONE', #1674, #2555, #4668 ) ;
#2742 = DIRECTION ( 'NONE',  ( -0.000000000000000000, -0.000000000000000000, -1.000000000000000000 ) ) ;
#2743 = EDGE_CURVE ( 'NONE', #3721, #3631, #3647, .T. ) ;
#2744 = EDGE_CURVE ( 'NONE', #1241, #5092, #2764, .T. ) ;
#2745 = VECTOR ( 'NONE', #5454, 39.37007874015748854 ) ;
#2746 = ORIENTED_EDGE ( 'NONE', *, *, #265, .F. ) ;
#2747 = ADVANCED_FACE ( 'NONE', ( #593 ), #1398, .T. ) ;
#2748 = CARTESIAN_POINT ( 'NONE',  ( 12.81086614173228533, 0.04503031496062991773, 0.1968503937007874127 ) ) ;
#2749 = ORIENTED_EDGE ( 'NONE', *, *, #4123, .T. ) ;
#2750 = LINE ( 'NONE', #2776, #1994 ) ;
#2751 = VECTOR ( 'NONE', #4464, 39.37007874015748854 ) ;
#2752 = ORIENTED_EDGE ( 'NONE', *, *, #4722, .T. ) ;
#2753 = ORIENTED_EDGE ( 'NONE', *, *, #2815, .T. ) ;
#2754 = FACE_BOUND ( 'NONE', #5488, .T. ) ;
#2755 = CARTESIAN_POINT ( 'NONE',  ( 0.04220905511811023220, 4.822874015748031873, 0.000000000000000000 ) ) ;
#2756 = ORIENTED_EDGE ( 'NONE', *, *, #5088, .F. ) ;
#2757 = ORIENTED_EDGE ( 'NONE', *, *, #4702, .F. ) ;
#2758 = LINE ( 'NONE', #4844, #180 ) ;
#2759 = PLANE ( 'NONE',  #3115 ) ;
#2760 = VERTEX_POINT ( 'NONE', #58 ) ;
#2761 = EDGE_CURVE ( 'NONE', #4431, #4023, #4073, .T. ) ;
#2762 = DIRECTION ( 'NONE',  ( -0.4541992607073437882, -0.8909001243533992698, 0.000000000000000000 ) ) ;
#2763 = CARTESIAN_POINT ( 'NONE',  ( 12.86181102362204598, 0.1450736220472441107, 0.1968503937007874127 ) ) ;
#2764 = LINE ( 'NONE', #2359, #5202 ) ;
#2765 = ADVANCED_FACE ( 'NONE', ( #5360 ), #3220, .T. ) ;
#2766 = LINE ( 'NONE', #594, #372 ) ;
#2767 = CARTESIAN_POINT ( 'NONE',  ( 12.77381889763779554, 0.05712874015748031775, 0.1968503937007874127 ) ) ;
#2768 = DIRECTION ( 'NONE',  ( 0.7069569863009588229, 0.7072565443460144818, 0.000000000000000000 ) ) ;
#2769 = ORIENTED_EDGE ( 'NONE', *, *, #809, .F. ) ;
#2770 = FACE_OUTER_BOUND ( 'NONE', #2212, .T. ) ;
#2771 = DIRECTION ( 'NONE',  ( -0.7083262900088422853, -0.7058851655066208375, 0.000000000000000000 ) ) ;
#2772 = VERTEX_POINT ( 'NONE', #2679 ) ;
#2773 = CARTESIAN_POINT ( 'NONE',  ( 12.83027559055118338, 0.04817716535433071157, 0.1968503937007874127 ) ) ;
#2774 = UNCERTAINTY_MEASURE_WITH_UNIT (LENGTH_MEASURE( 1.000000000000000082E-05 ), #3547, 'distance_accuracy_value', 'NONE');
#2775 = ORIENTED_EDGE ( 'NONE', *, *, #1217, .F. ) ;
#2776 = CARTESIAN_POINT ( 'NONE',  ( 12.75090551181102505, 4.822874015748031873, 0.000000000000000000 ) ) ;
#2777 = EDGE_LOOP ( 'NONE', ( #2769, #3031, #2863, #481, #2727, #1518, #1348, #3205, #1213, #3826, #1472, #327, #4780, #5045, #1095, #5638, #3481, #3327, #4981, #4399 ) ) ;
#2778 = ORIENTED_EDGE ( 'NONE', *, *, #973, .F. ) ;
#2779 = CARTESIAN_POINT ( 'NONE',  ( 0.08268228346456693578, 4.902244094488189319, 0.1968503937007874127 ) ) ;
#2780 = CARTESIAN_POINT ( 'NONE',  ( 12.75090551181102505, 4.861771653543307536, 0.1968503937007874127 ) ) ;
#2781 = ORIENTED_EDGE ( 'NONE', *, *, #2321, .F. ) ;
#2782 = ORIENTED_EDGE ( 'NONE', *, *, #3751, .F. ) ;
#2783 = CARTESIAN_POINT ( 'NONE',  ( 0.05116102362204725390, 0.07101771653543308138, 0.000000000000000000 ) ) ;
#2784 = CARTESIAN_POINT ( 'NONE',  ( 4.389330708661417724, 0.07101771653543308138, 0.1968503937007874127 ) ) ;
#2785 = EDGE_LOOP ( 'NONE', ( #5314, #1936, #1887, #692 ) ) ;
#2786 = EDGE_CURVE ( 'NONE', #5474, #5284, #1451, .T. ) ;
#2787 = CARTESIAN_POINT ( 'NONE',  ( 12.75988188976378090, 0.1450736220472441107, 0.000000000000000000 ) ) ;
#2788 = CARTESIAN_POINT ( 'NONE',  ( 4.375393700787402196, 4.791338582677165725, 0.1968503937007874127 ) ) ;
#2789 = DIRECTION ( 'NONE',  ( -0.8924218088635695878, 0.4512020778594383330, 0.000000000000000000 ) ) ;
#2790 = LINE ( 'NONE', #1881, #4001 ) ;
#2791 = DIRECTION ( 'NONE',  ( 0.9871073587932579496, -0.1600595583406319855, 0.000000000000000000 ) ) ;
#2792 = DIRECTION ( 'NONE',  ( 0.9880215842932847936, -0.1543157444027902780, 0.000000000000000000 ) ) ;
#2793 = VERTEX_POINT ( 'NONE', #3535 ) ;
#2794 = DIRECTION ( 'NONE',  ( 0.1543157444028216974, -0.9880215842932799086, 0.000000000000000000 ) ) ;
#2795 = ORIENTED_EDGE ( 'NONE', *, *, #4299, .T. ) ;
#2796 = VECTOR ( 'NONE', #4274, 39.37007874015748143 ) ;
#2797 = FACE_OUTER_BOUND ( 'NONE', #1315, .T. ) ;
#2798 = EDGE_CURVE ( 'NONE', #817, #2474, #619, .T. ) ;
#2799 = ORIENTED_EDGE ( 'NONE', *, *, #2254, .T. ) ;
#2800 = FACE_OUTER_BOUND ( 'NONE', #3951, .T. ) ;
#2801 = EDGE_CURVE ( 'NONE', #2440, #2084, #1365, .T. ) ;
#2802 = ORIENTED_EDGE ( 'NONE', *, *, #2562, .T. ) ;
#2803 = LINE ( 'NONE', #5376, #5368 ) ;
#2804 = ORIENTED_EDGE ( 'NONE', *, *, #3335, .F. ) ;
#2805 = ORIENTED_EDGE ( 'NONE', *, *, #5486, .T. ) ;
#2806 = EDGE_CURVE ( 'NONE', #4825, #5611, #4934, .T. ) ;
#2807 = ADVANCED_FACE ( 'NONE', ( #4045 ), #537, .T. ) ;
#2808 = CARTESIAN_POINT ( 'NONE',  ( 4.389330708661417724, 0.1450736220472441107, 0.1968503937007874127 ) ) ;
#2809 = DIRECTION ( 'NONE',  ( -0.000000000000000000, -0.000000000000000000, -1.000000000000000000 ) ) ;
#2810 = ORIENTED_EDGE ( 'NONE', *, *, #5257, .F. ) ;
#2811 = DIRECTION ( 'NONE',  ( -0.000000000000000000, -0.000000000000000000, -1.000000000000000000 ) ) ;
#2812 = DIRECTION ( 'NONE',  ( -0.4543163942505795139, -0.8908403975545519105, 0.000000000000000000 ) ) ;
#2813 = AXIS2_PLACEMENT_3D ( 'NONE', #852, #5637, #3873 ) ;
#2814 = ORIENTED_EDGE ( 'NONE', *, *, #2823, .T. ) ;
#2815 = EDGE_CURVE ( 'NONE', #1171, #2937, #5273, .T. ) ;
#2816 = CARTESIAN_POINT ( 'NONE',  ( 12.83027559055118338, 4.782440944881890310, 0.000000000000000000 ) ) ;
#2817 = CARTESIAN_POINT ( 'NONE',  ( 0.1620015748031496117, 0.08854173228346456925, 0.000000000000000000 ) ) ;
#2818 = EDGE_CURVE ( 'NONE', #4612, #3246, #3113, .T. ) ;
#2819 = CARTESIAN_POINT ( 'NONE',  ( 0.06510433070866142313, 4.791338582677165725, 0.1968503937007874127 ) ) ;
#2820 = VECTOR ( 'NONE', #1712, 39.37007874015748143 ) ;
#2821 = DIRECTION ( 'NONE',  ( -0.7083262900088699299, -0.7058851655065930819, 0.000000000000000000 ) ) ;
#2822 = CARTESIAN_POINT ( 'NONE',  ( 0.06510433070866142313, 4.893267716535433465, 0.000000000000000000 ) ) ;
#2823 = EDGE_CURVE ( 'NONE', #196, #5139, #2276, .T. ) ;
#2824 = PLANE ( 'NONE',  #2954 ) ;
#2825 = VECTOR ( 'NONE', #4903, 39.37007874015748854 ) ;
#2826 = ORIENTED_EDGE ( 'NONE', *, *, #2818, .F. ) ;
#2827 = DIRECTION ( 'NONE',  ( 0.1537070062818867988, 0.9881164689548798119, 0.000000000000000000 ) ) ;
#2828 = ORIENTED_EDGE ( 'NONE', *, *, #2842, .T. ) ;
#2829 = CARTESIAN_POINT ( 'NONE',  ( 12.84787401574803312, 0.05712874015748031775, 0.1968503937007874127 ) ) ;
#2830 = VECTOR ( 'NONE', #1189, 39.37007874015748854 ) ;
#2831 = ORIENTED_EDGE ( 'NONE', *, *, #333, .F. ) ;
#2832 = EDGE_CURVE ( 'NONE', #4922, #3025, #1423, .T. ) ;
#2833 = VECTOR ( 'NONE', #454, 39.37007874015748143 ) ;
#2834 = VECTOR ( 'NONE', #49, 39.37007874015748854 ) ;
#2835 = FACE_OUTER_BOUND ( 'NONE', #1710, .T. ) ;
#2836 = VERTEX_POINT ( 'NONE', #3393 ) ;
#2837 = CARTESIAN_POINT ( 'NONE',  ( 8.611653543307086878, 0.1590165354330708714, 0.1968503937007874127 ) ) ;
#2838 = VECTOR ( 'NONE', #5244, 39.37007874015748143 ) ;
#2839 = VECTOR ( 'NONE', #851, 39.37007874015748854 ) ;
#2840 = ORIENTED_EDGE ( 'NONE', *, *, #5553, .F. ) ;
#2841 = VERTEX_POINT ( 'NONE', #3809 ) ;
#2842 = EDGE_CURVE ( 'NONE', #4946, #581, #2563, .T. ) ;
#2843 = DIRECTION ( 'NONE',  ( -0.000000000000000000, -0.000000000000000000, -1.000000000000000000 ) ) ;
#2844 = VECTOR ( 'NONE', #5096, 39.37007874015748854 ) ;
#2845 = DIRECTION ( 'NONE',  ( -0.000000000000000000, 1.000000000000000000, -0.000000000000000000 ) ) ;
#2846 = EDGE_LOOP ( 'NONE', ( #1803, #5627, #4888, #1615 ) ) ;
#2847 = DIRECTION ( 'NONE',  ( 1.000000000000000000, 0.000000000000000000, 0.000000000000000000 ) ) ;
#2848 = VERTEX_POINT ( 'NONE', #368 ) ;
#2849 = LINE ( 'NONE', #5506, #4197 ) ;
#2850 = LINE ( 'NONE', #1160, #3573 ) ;
#2851 = CARTESIAN_POINT ( 'NONE',  ( 8.537598425196851082, 0.1590165354330708714, 0.1968503937007874127 ) ) ;
#2852 = ADVANCED_FACE ( 'NONE', ( #3476 ), #5588, .T. ) ;
#2853 = ORIENTED_EDGE ( 'NONE', *, *, #4755, .F. ) ;
#2854 = DIRECTION ( 'NONE',  ( 0.8908112580283464865, -0.4543735275849096755, 0.000000000000000000 ) ) ;
#2855 = ADVANCED_FACE ( 'NONE', ( #1701 ), #5557, .T. ) ;
#2856 = EDGE_CURVE ( 'NONE', #3448, #2527, #3896, .T. ) ;
#2857 = DIRECTION ( 'NONE',  ( -0.000000000000000000, -0.000000000000000000, -1.000000000000000000 ) ) ;
#2858 = CARTESIAN_POINT ( 'NONE',  ( 0.06510433070866142313, 0.1590165354330708714, 0.1968503937007874127 ) ) ;
#2859 = EDGE_LOOP ( 'NONE', ( #5375, #4492, #4302, #5528 ) ) ;
#2860 = PLANE ( 'NONE',  #5121 ) ;
#2861 = ORIENTED_EDGE ( 'NONE', *, *, #4056, .T. ) ;
#2862 = CARTESIAN_POINT ( 'NONE',  ( 0.1531027559055118115, 0.07101771653543308138, 0.1968503937007874127 ) ) ;
#2863 = ORIENTED_EDGE ( 'NONE', *, *, #409, .F. ) ;
#2864 = CARTESIAN_POINT ( 'NONE',  ( 0.1021051181102362315, 4.779291338582677184, 0.1968503937007874127 ) ) ;
#2865 = ORIENTED_EDGE ( 'NONE', *, *, #2195, .F. ) ;
#2866 = CARTESIAN_POINT ( 'NONE',  ( 12.77381889763779554, 4.893267716535433465, 0.1968503937007874127 ) ) ;
#2867 = EDGE_CURVE ( 'NONE', #778, #3945, #2483, .T. ) ;
#2868 = VERTEX_POINT ( 'NONE', #850 ) ;
#2869 = ORIENTED_EDGE ( 'NONE', *, *, #1343, .F. ) ;
#2870 = EDGE_CURVE ( 'NONE', #422, #3777, #2591, .T. ) ;
#2871 = DIRECTION ( 'NONE',  ( -0.7069569863009588229, 0.7072565443460144818, 0.000000000000000000 ) ) ;
#2872 = DIRECTION ( 'NONE',  ( 0.4527737055417302980, 0.8916254659721257747, 0.000000000000000000 ) ) ;
#2873 = ORIENTED_EDGE ( 'NONE', *, *, #2870, .T. ) ;
#2874 = CARTESIAN_POINT ( 'NONE',  ( 0.05116102362204725390, 0.1450736220472441107, 0.1968503937007874127 ) ) ;
#2875 = ORIENTED_EDGE ( 'NONE', *, *, #4860, .T. ) ;
#2876 = EDGE_LOOP ( 'NONE', ( #5378, #2804, #264, #2900 ) ) ;
#2877 = ADVANCED_FACE ( 'NONE', ( #3871 ), #5216, .T. ) ;
#2878 = DIRECTION ( 'NONE',  ( -0.8922182138893378633, 0.4516045380685624333, 0.000000000000000000 ) ) ;
#2879 = CARTESIAN_POINT ( 'NONE',  ( 0.1620015748031496117, 4.822874015748031873, 0.000000000000000000 ) ) ;
#2880 = PLANE ( 'NONE',  #3815 ) ;
#2881 = EDGE_CURVE ( 'NONE', #4301, #4180, #2535, .T. ) ;
#2882 = CARTESIAN_POINT ( 'NONE',  ( 8.594055118110235369, 4.902244094488190207, 0.1968503937007874127 ) ) ;
#2883 = CARTESIAN_POINT ( 'NONE',  ( 8.514645669291338592, 4.822874015748031873, 0.1968503937007874127 ) ) ;
#2884 = CARTESIAN_POINT ( 'NONE',  ( 8.594055118110235369, 4.782440944881890310, 0.1968503937007874127 ) ) ;
#2885 = EDGE_LOOP ( 'NONE', ( #5005, #5406, #3177, #2251 ) ) ;
#2886 = CARTESIAN_POINT ( 'NONE',  ( 0.05116102362204725390, 4.879330708661417937, 0.1968503937007874127 ) ) ;
#2887 = VERTEX_POINT ( 'NONE', #2157 ) ;
#2888 = LINE ( 'NONE', #266, #721 ) ;
#2889 = ORIENTED_EDGE ( 'NONE', *, *, #1445, .F. ) ;
#2890 = CARTESIAN_POINT ( 'NONE',  ( 12.79133858267716484, 4.902244094488189319, 0.1968503937007874127 ) ) ;
#2891 = EDGE_LOOP ( 'NONE', ( #2021, #5295, #3242, #3948 ) ) ;
#2892 = LINE ( 'NONE', #5124, #5181 ) ;
#2893 = ORIENTED_EDGE ( 'NONE', *, *, #152, .T. ) ;
#2894 = ORIENTED_EDGE ( 'NONE', *, *, #918, .F. ) ;
#2895 = CARTESIAN_POINT ( 'NONE',  ( 12.79133858267716484, 4.902244094488189319, 0.000000000000000000 ) ) ;
#2896 = DIRECTION ( 'NONE',  ( -0.000000000000000000, -0.000000000000000000, -1.000000000000000000 ) ) ;
#2897 = VERTEX_POINT ( 'NONE', #819 ) ;
#2898 = FILL_AREA_STYLE ('',( #1900 ) ) ;
#2899 = EDGE_LOOP ( 'NONE', ( #1639, #140, #1730, #88 ) ) ;
#2900 = ORIENTED_EDGE ( 'NONE', *, *, #2738, .T. ) ;
#2901 = DIRECTION ( 'NONE',  ( 0.4549929400045650829, 0.8904950446498858252, -0.000000000000000000 ) ) ;
#2902 = DIRECTION ( 'NONE',  ( -0.9880691672626490396, 0.1540107811320215736, 0.000000000000000000 ) ) ;
#2903 = CARTESIAN_POINT ( 'NONE',  ( 4.389330708661417724, 4.879330708661417937, 0.1968503937007874127 ) ) ;
#2904 = CARTESIAN_POINT ( 'NONE',  ( 0.1651472440944882214, 4.842283464566929929, 0.000000000000000000 ) ) ;
#2905 = VECTOR ( 'NONE', #403, 39.37007874015748854 ) ;
#2906 = CARTESIAN_POINT ( 'NONE',  ( 0.08268228346456693578, 4.902244094488189319, 0.000000000000000000 ) ) ;
#2907 = CARTESIAN_POINT ( 'NONE',  ( 12.87385826771653541, 0.1080728346456693023, 0.1968503937007874127 ) ) ;
#2908 = EDGE_CURVE ( 'NONE', #1173, #5629, #3020, .T. ) ;
#2909 = DIRECTION ( 'NONE',  ( -0.8924298478292961301, 0.4511861774294279592, 0.000000000000000000 ) ) ;
#2910 = VECTOR ( 'NONE', #5256, 39.37007874015748143 ) ;
#2911 = DIRECTION ( 'NONE',  ( 0.9872598878091026764, 0.1591160391763127291, 0.000000000000000000 ) ) ;
#2912 = ORIENTED_EDGE ( 'NONE', *, *, #2581, .F. ) ;
#2913 = DIRECTION ( 'NONE',  ( -0.8911057429423655529, 0.4537957193442161419, 0.000000000000000000 ) ) ;
#2914 = AXIS2_PLACEMENT_3D ( 'NONE', #4019, #1487, #3221 ) ;
#2915 = EDGE_CURVE ( 'NONE', #5331, #4435, #400, .T. ) ;
#2916 = ORIENTED_EDGE ( 'NONE', *, *, #3402, .T. ) ;
#2917 = CARTESIAN_POINT ( 'NONE',  ( 12.81086614173228533, 4.779291338582677184, 0.000000000000000000 ) ) ;
#2918 = VECTOR ( 'NONE', #3421, 39.37007874015748143 ) ;
#2919 = ORIENTED_EDGE ( 'NONE', *, *, #3776, .F. ) ;
#2920 = LINE ( 'NONE', #719, #3004 ) ;
#2921 = EDGE_CURVE ( 'NONE', #2180, #1028, #4678, .T. ) ;
#2922 = EDGE_CURVE ( 'NONE', #432, #3795, #423, .T. ) ;
#2923 = EDGE_CURVE ( 'NONE', #5331, #3692, #2051, .T. ) ;
#2924 = VECTOR ( 'NONE', #2080, 39.37007874015748143 ) ;
#2925 = VECTOR ( 'NONE', #4432, 39.37007874015748854 ) ;
#2926 = VERTEX_POINT ( 'NONE', #5530 ) ;
#2927 = VECTOR ( 'NONE', #2273, 39.37007874015748143 ) ;
#2928 = EDGE_LOOP ( 'NONE', ( #3606, #1902, #2434, #3781 ) ) ;
#2929 = DIRECTION ( 'NONE',  ( 0.8924218088635805790, 0.4512020778594161841, 0.000000000000000000 ) ) ;
#2930 = CARTESIAN_POINT ( 'NONE',  ( 8.523661417322834666, 0.07101771653543308138, 0.000000000000000000 ) ) ;
#2931 = ORIENTED_EDGE ( 'NONE', *, *, #3615, .T. ) ;
#2932 = AXIS2_PLACEMENT_3D ( 'NONE', #4800, #5346, #3096 ) ;
#2933 = AXIS2_PLACEMENT_3D ( 'NONE', #209, #1885, #1519 ) ;
#2934 = EDGE_CURVE ( 'NONE', #2410, #4167, #2511, .T. ) ;
#2935 = DIRECTION ( 'NONE',  ( 0.4512020778594382775, 0.8924218088635693658, 0.000000000000000000 ) ) ;
#2936 = ORIENTED_EDGE ( 'NONE', *, *, #3864, .T. ) ;
#2937 = VERTEX_POINT ( 'NONE', #4704 ) ;
#2938 = VECTOR ( 'NONE', #1039, 39.37007874015748143 ) ;
#2939 = CARTESIAN_POINT ( 'NONE',  ( 8.634488188976378709, 0.1274956692913385703, 0.1968503937007874127 ) ) ;
#2940 = DIRECTION ( 'NONE',  ( 0.4541834060043674626, 0.8909082072302801913, -0.000000000000000000 ) ) ;
#2941 = LINE ( 'NONE', #4679, #5274 ) ;
#2942 = VERTEX_POINT ( 'NONE', #343 ) ;
#2943 = PLANE ( 'NONE',  #3733 ) ;
#2944 = CARTESIAN_POINT ( 'NONE',  ( 4.375393700787402196, 4.893267716535433465, 0.000000000000000000 ) ) ;
#2945 = DIRECTION ( 'NONE',  ( -0.4512020778594163506, 0.8924218088635806900, 0.000000000000000000 ) ) ;
#2946 = DIRECTION ( 'NONE',  ( 0.1582248390206102140, 0.9874031093311899099, 0.000000000000000000 ) ) ;
#2947 = ADVANCED_FACE ( 'NONE', ( #2076 ), #792, .T. ) ;
#2948 = ORIENTED_EDGE ( 'NONE', *, *, #313, .T. ) ;
#2949 = CARTESIAN_POINT ( 'NONE',  ( 0.08268228346456693578, 0.1679137795275590928, 0.000000000000000000 ) ) ;
#2950 = LINE ( 'NONE', #3823, #4466 ) ;
#2951 = VERTEX_POINT ( 'NONE', #3179 ) ;
#2952 = EDGE_CURVE ( 'NONE', #5409, #1394, #3152, .T. ) ;
#2953 = LINE ( 'NONE', #4201, #388 ) ;
#2954 = AXIS2_PLACEMENT_3D ( 'NONE', #1077, #2249, #86 ) ;
#2955 = EDGE_LOOP ( 'NONE', ( #4651, #3925, #1270, #335 ) ) ;
#2956 = CARTESIAN_POINT ( 'NONE',  ( 4.401377952755906264, 4.842283464566929929, 0.1968503937007874127 ) ) ;
#2957 = VERTEX_POINT ( 'NONE', #102 ) ;
#2958 = ORIENTED_EDGE ( 'NONE', *, *, #3710, .T. ) ;
#2959 = PLANE ( 'NONE',  #645 ) ;
#2960 = ORIENTED_EDGE ( 'NONE', *, *, #2996, .F. ) ;
#2961 = CARTESIAN_POINT ( 'NONE',  ( 12.75090551181102505, 4.861771653543307536, 0.1968503937007874127 ) ) ;
#2962 = ORIENTED_EDGE ( 'NONE', *, *, #1201, .T. ) ;
#2963 = ORIENTED_EDGE ( 'NONE', *, *, #657, .F. ) ;
#2964 = DIRECTION ( 'NONE',  ( -0.4551814095324029363, -0.8903987221554704456, 0.000000000000000000 ) ) ;
#2965 = CARTESIAN_POINT ( 'NONE',  ( 4.357795275590551576, 0.1679137795275590928, 0.1968503937007874127 ) ) ;
#2966 = VECTOR ( 'NONE', #4136, 39.37007874015748854 ) ;
#2967 = DIRECTION ( 'NONE',  ( 0.7072565443460006041, 0.7069569863009725896, 0.000000000000000000 ) ) ;
#2968 = FACE_OUTER_BOUND ( 'NONE', #1432, .T. ) ;
#2969 = EDGE_CURVE ( 'NONE', #1753, #5302, #5298, .T. ) ;
#2970 = PLANE ( 'NONE',  #915 ) ;
#2971 = DIRECTION ( 'NONE',  ( -0.1596370835983917935, 0.9871757703368737591, 0.000000000000000000 ) ) ;
#2972 = LINE ( 'NONE', #3314, #823 ) ;
#2973 = VERTEX_POINT ( 'NONE', #2719 ) ;
#2974 = LINE ( 'NONE', #3882, #4100 ) ;
#2975 = FACE_OUTER_BOUND ( 'NONE', #5603, .T. ) ;
#2976 = CARTESIAN_POINT ( 'NONE',  ( 4.389330708661417724, 4.879330708661417937, 0.1968503937007874127 ) ) ;
#2977 = ORIENTED_EDGE ( 'NONE', *, *, #133, .F. ) ;
#2978 = FACE_OUTER_BOUND ( 'NONE', #2165, .T. ) ;
#2979 = CARTESIAN_POINT ( 'NONE',  ( 4.278425196850394130, 0.08854173228346456925, 0.1968503937007874127 ) ) ;
#2980 = EDGE_CURVE ( 'NONE', #3891, #217, #4407, .T. ) ;
#2981 = EDGE_LOOP ( 'NONE', ( #4957, #2717, #1586, #162 ) ) ;
#2982 = CARTESIAN_POINT ( 'NONE',  ( 0.1620015748031496117, 4.822874015748031873, 0.1968503937007874127 ) ) ;
#2983 = ORIENTED_EDGE ( 'NONE', *, *, #4513, .F. ) ;
#2984 = EDGE_CURVE ( 'NONE', #4858, #4301, #5264, .T. ) ;
#2985 = CARTESIAN_POINT ( 'NONE',  ( 8.514645669291338592, 4.861771653543307536, 0.1968503937007874127 ) ) ;
#2986 = VERTEX_POINT ( 'NONE', #2692 ) ;
#2987 = EDGE_LOOP ( 'NONE', ( #690, #4622, #3524, #189 ) ) ;
#2988 = LINE ( 'NONE', #596, #3288 ) ;
#2989 = CARTESIAN_POINT ( 'NONE',  ( 0.1215818897637795243, 4.782440944881890310, 0.1968503937007874127 ) ) ;
#2990 = DIRECTION ( 'NONE',  ( -0.000000000000000000, -0.000000000000000000, -1.000000000000000000 ) ) ;
#2991 = ORIENTED_EDGE ( 'NONE', *, *, #720, .F. ) ;
#2992 = LINE ( 'NONE', #3482, #5011 ) ;
#2993 = EDGE_CURVE ( 'NONE', #2499, #2836, #1844, .T. ) ;
#2994 = DIRECTION ( 'NONE',  ( -0.000000000000000000, -0.000000000000000000, -1.000000000000000000 ) ) ;
#2995 = DIRECTION ( 'NONE',  ( 0.8904950446498629546, -0.4549929400046101025, 0.000000000000000000 ) ) ;
#2996 = EDGE_CURVE ( 'NONE', #2721, #2136, #27, .T. ) ;
#2997 = DIRECTION ( 'NONE',  ( -0.8923976911356837904, 0.4512497765713583964, 0.000000000000000000 ) ) ;
#2998 = VERTEX_POINT ( 'NONE', #977 ) ;
#2999 = DIRECTION ( 'NONE',  ( 0.4535964786212107192, 0.8912071782601603820, 0.000000000000000000 ) ) ;
#3000 = VECTOR ( 'NONE', #3799, 39.37007874015748854 ) ;
#3001 = LINE ( 'NONE', #2167, #4644 ) ;
#3002 = EDGE_CURVE ( 'NONE', #4719, #4567, #1781, .T. ) ;
#3003 = CARTESIAN_POINT ( 'NONE',  ( 8.594055118110235369, 0.1679137795275590928, 0.1968503937007874127 ) ) ;
#3004 = VECTOR ( 'NONE', #2465, 39.37007874015748854 ) ;
#3005 = DIRECTION ( 'NONE',  ( -0.4520549723629646577, 0.8919900795199008359, 0.000000000000000000 ) ) ;
#3006 = DIRECTION ( 'NONE',  ( -0.000000000000000000, -0.000000000000000000, -1.000000000000000000 ) ) ;
#3007 = VECTOR ( 'NONE', #3064, 39.37007874015748143 ) ;
#3008 = EDGE_CURVE ( 'NONE', #4598, #5071, #1438, .T. ) ;
#3009 = ORIENTED_EDGE ( 'NONE', *, *, #2743, .F. ) ;
#3010 = AXIS2_PLACEMENT_3D ( 'NONE', #482, #3958, #5639 ) ;
#3011 = LINE ( 'NONE', #4696, #4833 ) ;
#3012 = VERTEX_POINT ( 'NONE', #4351 ) ;
#3013 = VECTOR ( 'NONE', #1664, 39.37007874015748854 ) ;
#3014 = VECTOR ( 'NONE', #1021, 39.37007874015748143 ) ;
#3015 = VECTOR ( 'NONE', #2023, 39.37007874015748854 ) ;
#3016 = LINE ( 'NONE', #5212, #2653 ) ;
#3017 = EDGE_CURVE ( 'NONE', #1635, #2986, #1871, .T. ) ;
#3018 = EDGE_LOOP ( 'NONE', ( #3437, #2151, #3844, #3319 ) ) ;
#3019 = VERTEX_POINT ( 'NONE', #479 ) ;
#3020 = LINE ( 'NONE', #4304, #280 ) ;
#3021 = VECTOR ( 'NONE', #925, 39.37007874015748854 ) ;
#3022 = VECTOR ( 'NONE', #2237, 39.37007874015748143 ) ;
#3023 = FACE_OUTER_BOUND ( 'NONE', #5021, .T. ) ;
#3024 = LINE ( 'NONE', #4268, #2905 ) ;
#3025 = VERTEX_POINT ( 'NONE', #2668 ) ;
#3026 = PLANE ( 'NONE',  #2553 ) ;
#3027 = CARTESIAN_POINT ( 'NONE',  ( 8.611653543307086878, 4.893267716535433465, 0.000000000000000000 ) ) ;
#3028 = VECTOR ( 'NONE', #3745, 39.37007874015748143 ) ;
#3029 = LINE ( 'NONE', #2618, #511 ) ;
#3030 = CARTESIAN_POINT ( 'NONE',  ( 8.634488188976378709, 4.861771653543307536, 0.1968503937007874127 ) ) ;
#3031 = ORIENTED_EDGE ( 'NONE', *, *, #2153, .F. ) ;
#3032 = DIRECTION ( 'NONE',  ( -0.000000000000000000, -0.000000000000000000, -1.000000000000000000 ) ) ;
#3033 = VECTOR ( 'NONE', #536, 39.37007874015748143 ) ;
#3034 = LINE ( 'NONE', #382, #1359 ) ;
#3035 = EDGE_CURVE ( 'NONE', #312, #672, #2181, .T. ) ;
#3036 = DIRECTION ( 'NONE',  ( -0.7071067811865335839, 0.7071067811865613395, 0.000000000000000000 ) ) ;
#3037 = PLANE ( 'NONE',  #1104 ) ;
#3038 = LINE ( 'NONE', #1376, #1084 ) ;
#3039 = ORIENTED_EDGE ( 'NONE', *, *, #5408, .T. ) ;
#3040 = LINE ( 'NONE', #5234, #1293 ) ;
#3041 = EDGE_CURVE ( 'NONE', #3690, #2998, #560, .T. ) ;
#3042 = ORIENTED_EDGE ( 'NONE', *, *, #2509, .T. ) ;
#3043 = CARTESIAN_POINT ( 'NONE',  ( 0.08268228346456693578, 4.902244094488189319, 0.1968503937007874127 ) ) ;
#3044 = ORIENTED_EDGE ( 'NONE', *, *, #1837, .F. ) ;
#3045 = ORIENTED_EDGE ( 'NONE', *, *, #1491, .T. ) ;
#3046 = DIRECTION ( 'NONE',  ( 0.7069569863009588229, -0.7072565443460144818, 0.000000000000000000 ) ) ;
#3047 = CARTESIAN_POINT ( 'NONE',  ( 0.08268228346456693578, 0.1679137795275590928, 0.1968503937007874127 ) ) ;
#3048 = VECTOR ( 'NONE', #1599, 39.37007874015748143 ) ;
#3049 = CARTESIAN_POINT ( 'NONE',  ( 0.1391598425196850508, 4.791338582677165725, 0.000000000000000000 ) ) ;
#3050 = EDGE_LOOP ( 'NONE', ( #3867, #4766, #2230, #1643 ) ) ;
#3051 = DIRECTION ( 'NONE',  ( -0.9880215842932847936, 0.1543157444027903058, 0.000000000000000000 ) ) ;
#3052 = EDGE_CURVE ( 'NONE', #493, #1758, #3501, .T. ) ;
#3053 = LINE ( 'NONE', #770, #751 ) ;
#3054 = CARTESIAN_POINT ( 'NONE',  ( 8.594055118110235369, 0.04817716535433071157, 0.1968503937007874127 ) ) ;
#3055 = PLANE ( 'NONE',  #4285 ) ;
#3056 = EDGE_CURVE ( 'NONE', #4785, #5550, #2297, .T. ) ;
#3057 = EDGE_CURVE ( 'NONE', #2426, #340, #949, .T. ) ;
#3058 = VERTEX_POINT ( 'NONE', #5238 ) ;
#3059 = DIRECTION ( 'NONE',  ( 0.8912071782601604930, -0.4535964786212107747, 0.000000000000000000 ) ) ;
#3060 = LINE ( 'NONE', #412, #1456 ) ;
#3061 = DIRECTION ( 'NONE',  ( 0.7083262900088974634, 0.7058851655065652153, 0.000000000000000000 ) ) ;
#3062 = VERTEX_POINT ( 'NONE', #3552 ) ;
#3063 = LINE ( 'NONE', #4795, #1197 ) ;
#3064 = DIRECTION ( 'NONE',  ( -0.7071167641288979011, -0.7070967981032558747, 0.000000000000000000 ) ) ;
#3065 = EDGE_CURVE ( 'NONE', #2848, #3709, #1331, .T. ) ;
#3066 = VERTEX_POINT ( 'NONE', #3072 ) ;
#3067 = CARTESIAN_POINT ( 'NONE',  ( 8.537598425196851082, 4.791338582677165725, 0.1968503937007874127 ) ) ;
#3068 = ORIENTED_EDGE ( 'NONE', *, *, #3402, .F. ) ;
#3069 = DIRECTION ( 'NONE',  ( -0.000000000000000000, -0.000000000000000000, -1.000000000000000000 ) ) ;
#3070 = ORIENTED_EDGE ( 'NONE', *, *, #2168, .F. ) ;
#3071 = ORIENTED_EDGE ( 'NONE', *, *, #4070, .T. ) ;
#3072 = CARTESIAN_POINT ( 'NONE',  ( 8.523661417322834666, 4.879330708661417937, 0.000000000000000000 ) ) ;
#3073 = CARTESIAN_POINT ( 'NONE',  ( 12.75090551181102505, 0.08854173228346456925, 0.1968503937007874127 ) ) ;
#3074 = DIRECTION ( 'NONE',  ( -0.9872769218594703577, 0.1590103127589196363, 0.000000000000000000 ) ) ;
#3075 = ORIENTED_EDGE ( 'NONE', *, *, #961, .F. ) ;
#3076 = LINE ( 'NONE', #2186, #4739 ) ;
#3077 = CARTESIAN_POINT ( 'NONE',  ( 0.1531027559055118115, 0.07101771653543308138, 0.000000000000000000 ) ) ;
#3078 = DIRECTION ( 'NONE',  ( 0.8903987221554706677, -0.4551814095324029363, 0.000000000000000000 ) ) ;
#3079 = DIRECTION ( 'NONE',  ( 0.4516204456943218593, 0.8922101619186266763, -0.000000000000000000 ) ) ;
#3080 = CARTESIAN_POINT ( 'NONE',  ( 12.75988188976378090, 0.1450736220472441107, 0.1968503937007874127 ) ) ;
#3081 = FACE_OUTER_BOUND ( 'NONE', #130, .T. ) ;
#3082 = LINE ( 'NONE', #5275, #628 ) ;
#3083 = ADVANCED_FACE ( 'NONE', ( #4803 ), #1387, .T. ) ;
#3084 = CARTESIAN_POINT ( 'NONE',  ( 4.278425196850394130, 0.08854173228346456925, 0.1968503937007874127 ) ) ;
#3085 = ORIENTED_EDGE ( 'NONE', *, *, #150, .T. ) ;
#3086 = DIRECTION ( 'NONE',  ( 0.1543157444028216974, -0.9880215842932799086, 0.000000000000000000 ) ) ;
#3087 = CARTESIAN_POINT ( 'NONE',  ( 0.003743488188976378059, 0.009602874015748032177, 0.1968503937007874127 ) ) ;
#3088 = VECTOR ( 'NONE', #5593, 39.37007874015748143 ) ;
#3089 = ORIENTED_EDGE ( 'NONE', *, *, #3343, .F. ) ;
#3090 = LINE ( 'NONE', #442, #4474 ) ;
#3091 = EDGE_CURVE ( 'NONE', #3239, #3850, #2213, .T. ) ;
#3092 = VECTOR ( 'NONE', #4164, 39.37007874015748854 ) ;
#3093 = ORIENTED_EDGE ( 'NONE', *, *, #3017, .T. ) ;
#3094 = EDGE_CURVE ( 'NONE', #4484, #4750, #1984, .T. ) ;
#3095 = EDGE_CURVE ( 'NONE', #2561, #1889, #186, .T. ) ;
#3096 = DIRECTION ( 'NONE',  ( 0.000000000000000000, 0.000000000000000000, 1.000000000000000000 ) ) ;
#3097 = VECTOR ( 'NONE', #2216, 39.37007874015748143 ) ;
#3098 = ORIENTED_EDGE ( 'NONE', *, *, #436, .T. ) ;
#3099 = VERTEX_POINT ( 'NONE', #1932 ) ;
#3100 = CARTESIAN_POINT ( 'NONE',  ( 0.4761299212598425479, 0.6001496062992126568, 0.000000000000000000 ) ) ;
#3101 = DIRECTION ( 'NONE',  ( -0.4559025274266881866, 0.8900297104512623347, 0.000000000000000000 ) ) ;
#3102 = ORIENTED_EDGE ( 'NONE', *, *, #1891, .T. ) ;
#3103 = VECTOR ( 'NONE', #1223, 39.37007874015748143 ) ;
#3104 = AXIS2_PLACEMENT_3D ( 'NONE', #2164, #2, #5223 ) ;
#3105 = CARTESIAN_POINT ( 'NONE',  ( 12.75988188976378090, 4.805275590551181253, 0.1968503937007874127 ) ) ;
#3106 = DIRECTION ( 'NONE',  ( 0.1595459401863275894, 0.9871905049027066559, -0.000000000000000000 ) ) ;
#3107 = ORIENTED_EDGE ( 'NONE', *, *, #5606, .T. ) ;
#3108 = VECTOR ( 'NONE', #4505, 39.37007874015748143 ) ;
#3109 = VECTOR ( 'NONE', #1301, 39.37007874015748854 ) ;
#3110 = CARTESIAN_POINT ( 'NONE',  ( 0.04220905511811023220, 4.822874015748031873, 0.1968503937007874127 ) ) ;
#3111 = AXIS2_PLACEMENT_3D ( 'NONE', #1878, #1044, #3135 ) ;
#3112 = CARTESIAN_POINT ( 'NONE',  ( 4.287362204724409764, 4.805275590551181253, 0.1968503937007874127 ) ) ;
#3113 = LINE ( 'NONE', #3984, #2557 ) ;
#3114 = CARTESIAN_POINT ( 'NONE',  ( 12.81086614173228533, 4.905275590551180898, 0.1968503937007874127 ) ) ;
#3115 = AXIS2_PLACEMENT_3D ( 'NONE', #3133, #566, #2698 ) ;
#3116 = AXIS2_PLACEMENT_3D ( 'NONE', #966, #1080, #2827 ) ;
#3117 = CARTESIAN_POINT ( 'NONE',  ( 12.81086614173228888, 4.905275590551180898, 0.000000000000000000 ) ) ;
#3118 = EDGE_CURVE ( 'NONE', #2372, #3238, #5381, .T. ) ;
#3119 = VERTEX_POINT ( 'NONE', #3302 ) ;
#3120 = VECTOR ( 'NONE', #3136, 39.37007874015748143 ) ;
#3121 = LINE ( 'NONE', #4367, #920 ) ;
#3122 = CARTESIAN_POINT ( 'NONE',  ( 8.574606299212598870, 0.04503031496062991773, 0.000000000000000000 ) ) ;
#3123 = ADVANCED_FACE ( 'NONE', ( #1504, #1529, #3718, #3667, #4519, #2754, #2348, #1096, #1894, #3752 ), #1474, .F. ) ;
#3124 = ORIENTED_EDGE ( 'NONE', *, *, #2606, .F. ) ;
#3125 = DIRECTION ( 'NONE',  ( -0.7071067811865336949, -0.7071067811865614505, 0.000000000000000000 ) ) ;
#3126 = VERTEX_POINT ( 'NONE', #4607 ) ;
#3127 = VERTEX_POINT ( 'NONE', #5043 ) ;
#3128 = ORIENTED_EDGE ( 'NONE', *, *, #4056, .F. ) ;
#3129 = DIRECTION ( 'NONE',  ( 0.4547933146790937853, 0.8905970137627921002, 0.000000000000000000 ) ) ;
#3130 = LINE ( 'NONE', #2299, #4574 ) ;
#3131 = VERTEX_POINT ( 'NONE', #2779 ) ;
#3132 = PLANE ( 'NONE',  #4914 ) ;
#3133 = CARTESIAN_POINT ( 'NONE',  ( 8.514645669291338592, 0.08854173228346456925, 0.1968503937007874127 ) ) ;
#3134 = ORIENTED_EDGE ( 'NONE', *, *, #448, .F. ) ;
#3135 = DIRECTION ( 'NONE',  ( -0.9872124837542678444, 0.1594098865181494407, 0.000000000000000000 ) ) ;
#3136 = DIRECTION ( 'NONE',  ( 0.7071067811865059394, -0.7071067811865890951, 0.000000000000000000 ) ) ;
#3137 = CARTESIAN_POINT ( 'NONE',  ( 12.86181102362204598, 4.879330708661417937, 0.1968503937007874127 ) ) ;
#3138 = LINE ( 'NONE', #5396, #4185 ) ;
#3139 = EDGE_CURVE ( 'NONE', #3709, #1128, #1559, .T. ) ;
#3140 = CARTESIAN_POINT ( 'NONE',  ( 0.1021594488188976441, 4.905275590551180898, 0.1968503937007874127 ) ) ;
#3141 = CARTESIAN_POINT ( 'NONE',  ( 4.357795275590551576, 4.902244094488189319, 0.1968503937007874127 ) ) ;
#3142 = ORIENTED_EDGE ( 'NONE', *, *, #1910, .F. ) ;
#3143 = CARTESIAN_POINT ( 'NONE',  ( 4.338385826771653520, 0.1710610236220472535, 0.000000000000000000 ) ) ;
#3144 = CARTESIAN_POINT ( 'NONE',  ( 8.574606299212598870, 0.1710610236220472535, 0.1968503937007874127 ) ) ;
#3145 = EDGE_LOOP ( 'NONE', ( #4296, #5175, #3474, #3759 ) ) ;
#3146 = DIRECTION ( 'NONE',  ( -0.9881032527062957316, -0.1537919438437470865, 0.000000000000000000 ) ) ;
#3147 = ORIENTED_EDGE ( 'NONE', *, *, #2505, .T. ) ;
#3148 = EDGE_CURVE ( 'NONE', #3210, #2664, #5501, .T. ) ;
#3149 = DIRECTION ( 'NONE',  ( -0.8924298478293074544, 0.4511861774294056437, 0.000000000000000000 ) ) ;
#3150 = VERTEX_POINT ( 'NONE', #4954 ) ;
#3151 = ORIENTED_EDGE ( 'NONE', *, *, #103, .T. ) ;
#3152 = LINE ( 'NONE', #132, #998 ) ;
#3153 = DIRECTION ( 'NONE',  ( 0.1594098865181407532, 0.9872124837542693987, -0.000000000000000000 ) ) ;
#3154 = ORIENTED_EDGE ( 'NONE', *, *, #694, .F. ) ;
#3155 = ORIENTED_EDGE ( 'NONE', *, *, #3880, .T. ) ;
#3156 = LINE ( 'NONE', #1358, #1555 ) ;
#3157 = CARTESIAN_POINT ( 'NONE',  ( 8.611653543307086878, 0.05712874015748031775, 0.000000000000000000 ) ) ;
#3158 = VERTEX_POINT ( 'NONE', #3211 ) ;
#3159 = LINE ( 'NONE', #2816, #1466 ) ;
#3160 = CARTESIAN_POINT ( 'NONE',  ( 0.4761299212598425479, 4.350196850393701631, 0.1968503937007874127 ) ) ;
#3161 = DIRECTION ( 'NONE',  ( -0.7071067811865890951, -0.7071067811865059394, 0.000000000000000000 ) ) ;
#3162 = CARTESIAN_POINT ( 'NONE',  ( 12.87070866141732317, 0.1274956692913385703, 0.1968503937007874127 ) ) ;
#3163 = ADVANCED_FACE ( 'NONE', ( #697 ), #1588, .T. ) ;
#3164 = EDGE_CURVE ( 'NONE', #2111, #5040, #4124, .T. ) ;
#3165 = LINE ( 'NONE', #1823, #3108 ) ;
#3166 = LINE ( 'NONE', #4534, #4009 ) ;
#3167 = ORIENTED_EDGE ( 'NONE', *, *, #4366, .T. ) ;
#3168 = FACE_OUTER_BOUND ( 'NONE', #4119, .T. ) ;
#3169 = CARTESIAN_POINT ( 'NONE',  ( 12.84787401574803312, 0.05712874015748031775, 0.1968503937007874127 ) ) ;
#3170 = ORIENTED_EDGE ( 'NONE', *, *, #448, .T. ) ;
#3171 = DIRECTION ( 'NONE',  ( 0.8913191698506576222, 0.4533763750535911297, 0.000000000000000000 ) ) ;
#3172 = ORIENTED_EDGE ( 'NONE', *, *, #3052, .T. ) ;
#3173 = CARTESIAN_POINT ( 'NONE',  ( 8.523661417322834666, 4.879330708661417937, 0.1968503937007874127 ) ) ;
#3174 = VECTOR ( 'NONE', #1279, 39.37007874015748143 ) ;
#3175 = ADVANCED_FACE ( 'NONE', ( #3240 ), #4920, .T. ) ;
#3176 = VERTEX_POINT ( 'NONE', #4581 ) ;
#3177 = ORIENTED_EDGE ( 'NONE', *, *, #2399, .T. ) ;
#3178 = VECTOR ( 'NONE', #3600, 39.37007874015748854 ) ;
#3179 = CARTESIAN_POINT ( 'NONE',  ( 8.594055118110235369, 0.1679137795275587597, 0.1968503937007874127 ) ) ;
#3180 = CARTESIAN_POINT ( 'NONE',  ( 0.05116102362204725390, 4.805275590551181253, 0.1968503937007874127 ) ) ;
#3181 = ORIENTED_EDGE ( 'NONE', *, *, #1314, .T. ) ;
#3182 = ORIENTED_EDGE ( 'NONE', *, *, #3208, .F. ) ;
#3183 = FACE_OUTER_BOUND ( 'NONE', #5263, .T. ) ;
#3184 = VECTOR ( 'NONE', #1479, 39.37007874015748143 ) ;
#3185 = PLANE ( 'NONE',  #1103 ) ;
#3186 = EDGE_LOOP ( 'NONE', ( #1329, #2508, #1507, #3671 ) ) ;
#3187 = CARTESIAN_POINT ( 'NONE',  ( 0.1391598425196850508, 0.05712874015748031775, 0.000000000000000000 ) ) ;
#3188 = FACE_OUTER_BOUND ( 'NONE', #2040, .T. ) ;
#3189 = VECTOR ( 'NONE', #871, 39.37007874015748143 ) ;
#3190 = CARTESIAN_POINT ( 'NONE',  ( 8.523661417322834666, 0.1450736220472441107, 0.1968503937007874127 ) ) ;
#3191 = CARTESIAN_POINT ( 'NONE',  ( 4.287362204724409764, 0.07101771653543308138, 0.000000000000000000 ) ) ;
#3192 = VECTOR ( 'NONE', #4731, 39.37007874015748143 ) ;
#3193 = LINE ( 'NONE', #1024, #2486 ) ;
#3194 = AXIS2_PLACEMENT_3D ( 'NONE', #2631, #3125, #521 ) ;
#3195 = VECTOR ( 'NONE', #4875, 39.37007874015748143 ) ;
#3196 = FACE_OUTER_BOUND ( 'NONE', #5236, .T. ) ;
#3197 = ORIENTED_EDGE ( 'NONE', *, *, #5436, .T. ) ;
#3198 = DIRECTION ( 'NONE',  ( -0.8921860051768558675, -0.4516681659875570465, 0.000000000000000000 ) ) ;
#3199 = VECTOR ( 'NONE', #902, 39.37007874015748854 ) ;
#3200 = VECTOR ( 'NONE', #4783, 39.37007874015748854 ) ;
#3201 = CARTESIAN_POINT ( 'NONE',  ( 0.1391598425196850508, 0.05712874015748031775, 0.000000000000000000 ) ) ;
#3202 = AXIS2_PLACEMENT_3D ( 'NONE', #5044, #728, #5502 ) ;
#3203 = ORIENTED_EDGE ( 'NONE', *, *, #961, .T. ) ;
#3204 = DIRECTION ( 'NONE',  ( -0.1600400487418979500, 0.9871105220788050083, 0.000000000000000000 ) ) ;
#3205 = ORIENTED_EDGE ( 'NONE', *, *, #4353, .F. ) ;
#3206 = CARTESIAN_POINT ( 'NONE',  ( 8.634488188976378709, 0.08854173228346456925, 0.1968503937007874127 ) ) ;
#3207 = VECTOR ( 'NONE', #1654, 39.37007874015748143 ) ;
#3208 = EDGE_CURVE ( 'NONE', #2541, #4567, #2382, .T. ) ;
#3209 = ORIENTED_EDGE ( 'NONE', *, *, #2627, .T. ) ;
#3210 = VERTEX_POINT ( 'NONE', #2015 ) ;
#3211 = CARTESIAN_POINT ( 'NONE',  ( 12.74783464566929148, 0.1080728346456693023, 0.1968503937007874127 ) ) ;
#3212 = CARTESIAN_POINT ( 'NONE',  ( 0.1531027559055118115, 4.879330708661417937, 0.1968503937007874127 ) ) ;
#3213 = ORIENTED_EDGE ( 'NONE', *, *, #4233, .T. ) ;
#3214 = ORIENTED_EDGE ( 'NONE', *, *, #722, .F. ) ;
#3215 = DIRECTION ( 'NONE',  ( -0.7071067811865475727, -0.7071067811865475727, 0.000000000000000000 ) ) ;
#3216 = FACE_OUTER_BOUND ( 'NONE', #3625, .T. ) ;
#3217 = ORIENTED_EDGE ( 'NONE', *, *, #1155, .F. ) ;
#3218 = LINE ( 'NONE', #5393, #2192 ) ;
#3219 = PLANE ( 'NONE',  #392 ) ;
#3220 = PLANE ( 'NONE',  #4826 ) ;
#3221 = DIRECTION ( 'NONE',  ( 0.9872093450064359788, 0.1594293233127574150, 0.000000000000000000 ) ) ;
#3222 = EDGE_CURVE ( 'NONE', #2942, #2017, #1959, .T. ) ;
#3223 = FACE_OUTER_BOUND ( 'NONE', #2067, .T. ) ;
#3224 = DIRECTION ( 'NONE',  ( 0.1590103127589196086, 0.9872769218594702467, 0.000000000000000000 ) ) ;
#3225 = EDGE_CURVE ( 'NONE', #3487, #3232, #2411, .T. ) ;
#3226 = EDGE_CURVE ( 'NONE', #1385, #2691, #2322, .T. ) ;
#3227 = ORIENTED_EDGE ( 'NONE', *, *, #2087, .F. ) ;
#3228 = LINE ( 'NONE', #4968, #4572 ) ;
#3229 = VERTEX_POINT ( 'NONE', #674 ) ;
#3230 = LINE ( 'NONE', #5341, #4910 ) ;
#3231 = EDGE_CURVE ( 'NONE', #4342, #778, #1638, .T. ) ;
#3232 = VERTEX_POINT ( 'NONE', #1179 ) ;
#3233 = DIRECTION ( 'NONE',  ( -0.4512020778594163506, 0.8924218088635806900, 0.000000000000000000 ) ) ;
#3234 = ORIENTED_EDGE ( 'NONE', *, *, #1790, .T. ) ;
#3235 = CARTESIAN_POINT ( 'NONE',  ( 0.1531027559055118115, 4.805275590551181253, 0.1968503937007874127 ) ) ;
#3236 = EDGE_CURVE ( 'NONE', #1148, #725, #5628, .T. ) ;
#3237 = EDGE_CURVE ( 'NONE', #3698, #396, #3011, .T. ) ;
#3238 = VERTEX_POINT ( 'NONE', #1215 ) ;
#3239 = VERTEX_POINT ( 'NONE', #2471 ) ;
#3240 = FACE_OUTER_BOUND ( 'NONE', #5582, .T. ) ;
#3241 = DIRECTION ( 'NONE',  ( -0.9871073587932579496, 0.1600595583406319855, 0.000000000000000000 ) ) ;
#3242 = ORIENTED_EDGE ( 'NONE', *, *, #3796, .T. ) ;
#3243 = ORIENTED_EDGE ( 'NONE', *, *, #786, .F. ) ;
#3244 = CARTESIAN_POINT ( 'NONE',  ( 0.06510433070866142313, 0.1590165354330708714, 0.1968503937007874127 ) ) ;
#3245 = DIRECTION ( 'NONE',  ( 0.1573322594823948206, -0.9875457255875114138, 0.000000000000000000 ) ) ;
#3246 = VERTEX_POINT ( 'NONE', #811 ) ;
#3247 = CARTESIAN_POINT ( 'NONE',  ( 0.4761299212598425479, 4.350196850393701631, 0.000000000000000000 ) ) ;
#3248 = FACE_OUTER_BOUND ( 'NONE', #4998, .T. ) ;
#3249 = CARTESIAN_POINT ( 'NONE',  ( 4.389330708661417724, 0.1450736220472441107, 0.000000000000000000 ) ) ;
#3250 = CARTESIAN_POINT ( 'NONE',  ( 8.523661417322834666, 4.805275590551181253, 0.1968503937007874127 ) ) ;
#3251 = ADVANCED_FACE ( 'NONE', ( #5154, #310, #3890, #5067, #2502, #5522, #2528, #1268, #5581, #1152 ), #3383, .T. ) ;
#3252 = DIRECTION ( 'NONE',  ( 0.8916126378921279683, 0.4527989663758532068, 0.000000000000000000 ) ) ;
#3253 = CARTESIAN_POINT ( 'NONE',  ( 0.1021051181102362315, 0.04503031496062991773, 0.1968503937007874127 ) ) ;
#3254 = ORIENTED_EDGE ( 'NONE', *, *, #2806, .T. ) ;
#3255 = DIRECTION ( 'NONE',  ( -0.000000000000000000, -0.000000000000000000, -1.000000000000000000 ) ) ;
#3256 = VERTEX_POINT ( 'NONE', #3438 ) ;
#3257 = LINE ( 'NONE', #4079, #3277 ) ;
#3258 = EDGE_CURVE ( 'NONE', #157, #501, #2149, .T. ) ;
#3259 = ORIENTED_EDGE ( 'NONE', *, *, #4884, .T. ) ;
#3260 = CARTESIAN_POINT ( 'NONE',  ( 0.1531027559055118115, 0.07101771653543308138, 0.1968503937007874127 ) ) ;
#3261 = VERTEX_POINT ( 'NONE', #2895 ) ;
#3262 = DIRECTION ( 'NONE',  ( 0.000000000000000000, -0.000000000000000000, -1.000000000000000000 ) ) ;
#3263 = ORIENTED_EDGE ( 'NONE', *, *, #1801, .F. ) ;
#3264 = ORIENTED_EDGE ( 'NONE', *, *, #2505, .F. ) ;
#3265 = EDGE_CURVE ( 'NONE', #3712, #4467, #4234, .T. ) ;
#3266 = DIRECTION ( 'NONE',  ( -0.1581185208565923650, 0.9874201402453381959, 0.000000000000000000 ) ) ;
#3267 = ADVANCED_FACE ( 'NONE', ( #4632 ), #2959, .T. ) ;
#3268 = DIRECTION ( 'NONE',  ( -0.1582248390206102140, -0.9874031093311899099, 0.000000000000000000 ) ) ;
#3269 = ORIENTED_EDGE ( 'NONE', *, *, #2207, .F. ) ;
#3270 = EDGE_CURVE ( 'NONE', #5611, #2721, #5176, .T. ) ;
#3271 = CARTESIAN_POINT ( 'NONE',  ( 0.4761299212598425479, 0.6001496062992126568, 0.1968503937007874127 ) ) ;
#3272 = VECTOR ( 'NONE', #1134, 39.37007874015748143 ) ;
#3273 = EDGE_LOOP ( 'NONE', ( #2046, #1078, #3039, #4861, #4807, #5605, #3669, #5547, #794, #137, #478, #829, #3749, #4286, #4497, #1406, #5279, #5090, #5123, #253 ) ) ;
#3274 = DIRECTION ( 'NONE',  ( 0.8914042697118647052, -0.4532090333824528861, 0.000000000000000000 ) ) ;
#3275 = DIRECTION ( 'NONE',  ( 0.1600690508825415026, 0.9871058195297819360, -0.000000000000000000 ) ) ;
#3276 = CARTESIAN_POINT ( 'NONE',  ( 0.06510433070866142313, 4.791338582677165725, 0.1968503937007874127 ) ) ;
#3277 = VECTOR ( 'NONE', #5429, 39.37007874015748143 ) ;
#3278 = CARTESIAN_POINT ( 'NONE',  ( 8.511614173228347013, 4.842283464566929929, 0.1968503937007874127 ) ) ;
#3279 = CARTESIAN_POINT ( 'NONE',  ( 12.86181102362204598, 0.07101771653543308138, 0.1968503937007874127 ) ) ;
#3280 = DIRECTION ( 'NONE',  ( -0.9872093450064359788, -0.1594293233127574150, 0.000000000000000000 ) ) ;
#3281 = AXIS2_PLACEMENT_3D ( 'NONE', #4532, #2732, #116 ) ;
#3282 = DIRECTION ( 'NONE',  ( 0.8911057429423657750, 0.4537957193442158088, 0.000000000000000000 ) ) ;
#3283 = ADVANCED_FACE ( 'NONE', ( #2068 ), #2099, .T. ) ;
#3284 = FACE_OUTER_BOUND ( 'NONE', #3895, .T. ) ;
#3285 = ORIENTED_EDGE ( 'NONE', *, *, #1724, .F. ) ;
#3286 = CARTESIAN_POINT ( 'NONE',  ( 4.398267716535433358, 0.1274956692913385703, 0.1968503937007874127 ) ) ;
#3287 = AXIS2_PLACEMENT_3D ( 'NONE', #2575, #490, #4736 ) ;
#3288 = VECTOR ( 'NONE', #1427, 39.37007874015748143 ) ;
#3289 = EDGE_CURVE ( 'NONE', #4446, #789, #843, .T. ) ;
#3290 = ORIENTED_EDGE ( 'NONE', *, *, #3411, .F. ) ;
#3291 = VECTOR ( 'NONE', #2588, 39.37007874015748143 ) ;
#3292 = AXIS2_PLACEMENT_3D ( 'NONE', #2438, #5411, #1038 ) ;
#3293 = CARTESIAN_POINT ( 'NONE',  ( 4.401377952755906264, 0.1080728346456693023, 0.000000000000000000 ) ) ;
#3294 = EDGE_LOOP ( 'NONE', ( #921, #3998, #2749, #3630 ) ) ;
#3295 = LINE ( 'NONE', #3628, #896 ) ;
#3296 = EDGE_CURVE ( 'NONE', #2100, #493, #3802, .T. ) ;
#3297 = VECTOR ( 'NONE', #2047, 39.37007874015748854 ) ;
#3298 = AXIS2_PLACEMENT_3D ( 'NONE', #5517, #1605, #3348 ) ;
#3299 = ORIENTED_EDGE ( 'NONE', *, *, #4479, .T. ) ;
#3300 = ORIENTED_EDGE ( 'NONE', *, *, #2993, .T. ) ;
#3301 = EDGE_CURVE ( 'NONE', #4007, #2215, #4207, .T. ) ;
#3302 = CARTESIAN_POINT ( 'NONE',  ( 4.287362204724409764, 4.879330708661417937, 0.1968503937007874127 ) ) ;
#3303 = AXIS2_PLACEMENT_3D ( 'NONE', #1332, #1440, #898 ) ;
#3304 = CARTESIAN_POINT ( 'NONE',  ( 12.84787401574803312, 0.1590165354330708714, 0.1968503937007874127 ) ) ;
#3305 = ORIENTED_EDGE ( 'NONE', *, *, #2525, .T. ) ;
#3306 = ORIENTED_EDGE ( 'NONE', *, *, #1444, .T. ) ;
#3307 = LINE ( 'NONE', #3420, #4377 ) ;
#3308 = DIRECTION ( 'NONE',  ( -0.9871616537672035507, -0.1597243542218899914, 0.000000000000000000 ) ) ;
#3309 = DIRECTION ( 'NONE',  ( -0.000000000000000000, -0.000000000000000000, -1.000000000000000000 ) ) ;
#3310 = EDGE_LOOP ( 'NONE', ( #2889, #283, #4748, #3525 ) ) ;
#3311 = DIRECTION ( 'NONE',  ( -0.4543735275849096755, -0.8908112580283464865, 0.000000000000000000 ) ) ;
#3312 = DIRECTION ( 'NONE',  ( -0.7071167641288979011, -0.7070967981032558747, 0.000000000000000000 ) ) ;
#3313 = FACE_OUTER_BOUND ( 'NONE', #3346, .T. ) ;
#3314 = CARTESIAN_POINT ( 'NONE',  ( 4.398267716535433358, 4.822874015748031873, 0.000000000000000000 ) ) ;
#3315 = CARTESIAN_POINT ( 'NONE',  ( 0.1531027559055118115, 4.879330708661417937, 0.1968503937007874127 ) ) ;
#3316 = ORIENTED_EDGE ( 'NONE', *, *, #65, .F. ) ;
#3317 = EDGE_CURVE ( 'NONE', #3019, #421, #5094, .T. ) ;
#3318 = DIRECTION ( 'NONE',  ( 0.7084757933787967366, 0.7057351133366430718, 0.000000000000000000 ) ) ;
#3319 = ORIENTED_EDGE ( 'NONE', *, *, #3995, .T. ) ;
#3320 = DIRECTION ( 'NONE',  ( 0.9870883714087316241, 0.1601766119933176746, 0.000000000000000000 ) ) ;
#3321 = ORIENTED_EDGE ( 'NONE', *, *, #1987, .F. ) ;
#3322 = DIRECTION ( 'NONE',  ( -0.000000000000000000, -0.000000000000000000, -1.000000000000000000 ) ) ;
#3323 = ORIENTED_EDGE ( 'NONE', *, *, #3222, .T. ) ;
#3324 = ORIENTED_EDGE ( 'NONE', *, *, #780, .F. ) ;
#3325 = DIRECTION ( 'NONE',  ( -0.000000000000000000, -0.000000000000000000, -1.000000000000000000 ) ) ;
#3326 = CARTESIAN_POINT ( 'NONE',  ( 4.318897637795275912, 4.902244094488189319, 0.000000000000000000 ) ) ;
#3327 = ORIENTED_EDGE ( 'NONE', *, *, #1323, .F. ) ;
#3328 = LINE ( 'NONE', #5070, #4297 ) ;
#3329 = ORIENTED_EDGE ( 'NONE', *, *, #65, .T. ) ;
#3330 = ORIENTED_EDGE ( 'NONE', *, *, #409, .T. ) ;
#3331 = CARTESIAN_POINT ( 'NONE',  ( 4.287362204724409764, 4.879330708661417937, 0.000000000000000000 ) ) ;
#3332 = DIRECTION ( 'NONE',  ( -0.7071067811865614505, 0.7071067811865336949, 0.000000000000000000 ) ) ;
#3333 = DIRECTION ( 'NONE',  ( -0.9881164689548826985, -0.1537070062818681748, 0.000000000000000000 ) ) ;
#3334 = ORIENTED_EDGE ( 'NONE', *, *, #4775, .T. ) ;
#3335 = EDGE_CURVE ( 'NONE', #4198, #4066, #2127, .T. ) ;
#3336 = CARTESIAN_POINT ( 'NONE',  ( 8.574606299212598870, 4.779291338582677184, 0.000000000000000000 ) ) ;
#3337 = DIRECTION ( 'NONE',  ( -0.9881032527062957316, -0.1537919438437470865, 0.000000000000000000 ) ) ;
#3338 = CARTESIAN_POINT ( 'NONE',  ( 8.523661417322834666, 4.879330708661417937, 0.1968503937007874127 ) ) ;
#3339 = LINE ( 'NONE', #5028, #1462 ) ;
#3340 = EDGE_CURVE ( 'NONE', #3246, #1545, #5548, .T. ) ;
#3341 = FACE_OUTER_BOUND ( 'NONE', #724, .T. ) ;
#3342 = ORIENTED_EDGE ( 'NONE', *, *, #604, .T. ) ;
#3343 = EDGE_CURVE ( 'NONE', #444, #1807, #5287, .T. ) ;
#3344 = CARTESIAN_POINT ( 'NONE',  ( 4.301338582677165512, 0.1590165354330708714, 0.1968503937007874127 ) ) ;
#3345 = EDGE_CURVE ( 'NONE', #3126, #4785, #3917, .T. ) ;
#3346 = EDGE_LOOP ( 'NONE', ( #5410, #4150, #3549, #3931 ) ) ;
#3347 = EDGE_CURVE ( 'NONE', #1983, #4122, #944, .T. ) ;
#3348 = DIRECTION ( 'NONE',  ( 0.9881634915692752985, 0.1534044130056855804, 0.000000000000000000 ) ) ;
#3349 = VERTEX_POINT ( 'NONE', #4426 ) ;
#3350 = LINE ( 'NONE', #2979, #4637 ) ;
#3351 = EDGE_LOOP ( 'NONE', ( #5093, #4993, #2258, #2706 ) ) ;
#3352 = EDGE_LOOP ( 'NONE', ( #643, #237, #2861, #4507 ) ) ;
#3353 = CARTESIAN_POINT ( 'NONE',  ( 12.83027559055118338, 4.902244094488189319, 0.1968503937007874127 ) ) ;
#3354 = DIRECTION ( 'NONE',  ( -0.7058851655065653263, 0.7083262900088975744, 0.000000000000000000 ) ) ;
#3355 = ORIENTED_EDGE ( 'NONE', *, *, #142, .T. ) ;
#3356 = LINE ( 'NONE', #4699, #197 ) ;
#3357 = EDGE_CURVE ( 'NONE', #874, #1771, #3996, .T. ) ;
#3358 = ORIENTED_EDGE ( 'NONE', *, *, #1408, .T. ) ;
#3359 = ORIENTED_EDGE ( 'NONE', *, *, #5191, .T. ) ;
#3360 = DIRECTION ( 'NONE',  ( -0.000000000000000000, -0.000000000000000000, -1.000000000000000000 ) ) ;
#3361 = DIRECTION ( 'NONE',  ( -0.8909082072302801913, 0.4541834060043674626, 0.000000000000000000 ) ) ;
#3362 = CARTESIAN_POINT ( 'NONE',  ( 0.1620015748031496117, 0.1274956692913385703, 0.000000000000000000 ) ) ;
#3363 = DIRECTION ( 'NONE',  ( -0.8916045487671796499, 0.4528148944300241507, 0.000000000000000000 ) ) ;
#3364 = VECTOR ( 'NONE', #4216, 39.37007874015748143 ) ;
#3365 = VECTOR ( 'NONE', #2645, 39.37007874015748143 ) ;
#3366 = PLANE ( 'NONE',  #3649 ) ;
#3367 = DIRECTION ( 'NONE',  ( 0.4527989663758082983, -0.8916126378921508389, 0.000000000000000000 ) ) ;
#3368 = CARTESIAN_POINT ( 'NONE',  ( 8.594055118110235369, 0.04817716535433071157, 0.000000000000000000 ) ) ;
#3369 = AXIS2_PLACEMENT_3D ( 'NONE', #4713, #3794, #2913 ) ;
#3370 = VERTEX_POINT ( 'NONE', #553 ) ;
#3371 = DIRECTION ( 'NONE',  ( -0.000000000000000000, 1.000000000000000000, -0.000000000000000000 ) ) ;
#3372 = VECTOR ( 'NONE', #4410, 39.37007874015748854 ) ;
#3373 = VERTEX_POINT ( 'NONE', #2711 ) ;
#3374 = DIRECTION ( 'NONE',  ( -0.7093211804271943866, 0.7048854254397457497, 0.000000000000000000 ) ) ;
#3375 = AXIS2_PLACEMENT_3D ( 'NONE', #4267, #2107, #3847 ) ;
#3377 = ORIENTED_EDGE ( 'NONE', *, *, #3164, .T. ) ;
#3376 = VECTOR ( 'NONE', #4359, 39.37007874015748143 ) ;
#3378 = CARTESIAN_POINT ( 'NONE',  ( 8.625590551181103294, 4.805275590551181253, 0.000000000000000000 ) ) ;
#3379 = VECTOR ( 'NONE', #2857, 39.37007874015748143 ) ;
#3380 = VECTOR ( 'NONE', #3413, 39.37007874015748854 ) ;
#3381 = ORIENTED_EDGE ( 'NONE', *, *, #2908, .T. ) ;
#3382 = ORIENTED_EDGE ( 'NONE', *, *, #799, .T. ) ;
#3383 = PLANE ( 'NONE',  #5386 ) ;
#3384 = ORIENTED_EDGE ( 'NONE', *, *, #1408, .F. ) ;
#3385 = ADVANCED_FACE ( 'NONE', ( #96 ), #1836, .T. ) ;
#3386 = VECTOR ( 'NONE', #4778, 39.37007874015748143 ) ;
#3387 = AXIS2_PLACEMENT_3D ( 'NONE', #1052, #3198, #4078 ) ;
#3388 = CARTESIAN_POINT ( 'NONE',  ( 12.74783464566929148, 0.1080728346456693023, 0.1968503937007874127 ) ) ;
#3389 = ORIENTED_EDGE ( 'NONE', *, *, #4823, .F. ) ;
#3390 = ORIENTED_EDGE ( 'NONE', *, *, #4829, .T. ) ;
#3391 = AXIS2_PLACEMENT_3D ( 'NONE', #50, #1810, #3554 ) ;
#3392 = PLANE ( 'NONE',  #2013 ) ;
#3393 = CARTESIAN_POINT ( 'NONE',  ( 0.03911681102362205009, 0.1080728346456693023, 0.1968503937007874127 ) ) ;
#3394 = CARTESIAN_POINT ( 'NONE',  ( 0.03911681102362205009, 0.1080728346456693023, 0.000000000000000000 ) ) ;
#3395 = EDGE_LOOP ( 'NONE', ( #4230, #4638, #4711, #334 ) ) ;
#3396 = CARTESIAN_POINT ( 'NONE',  ( 0.08268228346456693578, 4.782440944881890310, 0.000000000000000000 ) ) ;
#3397 = CARTESIAN_POINT ( 'NONE',  ( 4.398267716535433358, 4.861771653543307536, 0.000000000000000000 ) ) ;
#3398 = CARTESIAN_POINT ( 'NONE',  ( 4.357795275590551576, 4.902244094488188431, 0.1968503937007874127 ) ) ;
#3399 = DIRECTION ( 'NONE',  ( -0.1561661380789901576, -0.9877308020495736418, 0.000000000000000000 ) ) ;
#3400 = AXIS2_PLACEMENT_3D ( 'NONE', #2081, #3367, #3817 ) ;
#3401 = ORIENTED_EDGE ( 'NONE', *, *, #2039, .T. ) ;
#3402 = EDGE_CURVE ( 'NONE', #2035, #1700, #1754, .T. ) ;
#3403 = DIRECTION ( 'NONE',  ( -0.1601766119933220878, 0.9870883714087309579, 0.000000000000000000 ) ) ;
#3404 = LINE ( 'NONE', #2034, #2718 ) ;
#3405 = EDGE_CURVE ( 'NONE', #219, #4062, #17, .T. ) ;
#3406 = CARTESIAN_POINT ( 'NONE',  ( 8.523661417322834666, 4.805275590551181253, 0.1968503937007874127 ) ) ;
#3407 = ORIENTED_EDGE ( 'NONE', *, *, #2761, .F. ) ;
#3408 = CARTESIAN_POINT ( 'NONE',  ( 8.637598425196850727, 0.1080728346456693023, 0.000000000000000000 ) ) ;
#3409 = ORIENTED_EDGE ( 'NONE', *, *, #1858, .T. ) ;
#3410 = DIRECTION ( 'NONE',  ( -0.8911057429423656639, -0.4537957193442158643, 0.000000000000000000 ) ) ;
#3411 = EDGE_CURVE ( 'NONE', #3062, #3778, #2608, .T. ) ;
#3412 = ORIENTED_EDGE ( 'NONE', *, *, #846, .T. ) ;
#3413 = DIRECTION ( 'NONE',  ( 0.8920142723425459330, -0.4520072321735552068, 0.000000000000000000 ) ) ;
#3414 = ORIENTED_EDGE ( 'NONE', *, *, #1091, .F. ) ;
#3415 = ADVANCED_FACE ( 'NONE', ( #1407 ), #2174, .T. ) ;
#3416 = EDGE_CURVE ( 'NONE', #2567, #975, #2205, .T. ) ;
#3417 = CARTESIAN_POINT ( 'NONE',  ( 0.1021051181102362315, 4.779291338582677184, 0.000000000000000000 ) ) ;
#3418 = ORIENTED_EDGE ( 'NONE', *, *, #1795, .T. ) ;
#3419 = ORIENTED_EDGE ( 'NONE', *, *, #5125, .F. ) ;
#3420 = CARTESIAN_POINT ( 'NONE',  ( 12.79133858267716484, 4.782440944881890310, 0.1968503937007874127 ) ) ;
#3421 = DIRECTION ( 'NONE',  ( 1.000000000000000000, -0.000000000000000000, -0.000000000000000000 ) ) ;
#3422 = ADVANCED_FACE ( 'NONE', ( #3949 ), #4029, .T. ) ;
#3423 = CARTESIAN_POINT ( 'NONE',  ( 12.79133858267716484, 0.1679137795275590928, 0.000000000000000000 ) ) ;
#3424 = ORIENTED_EDGE ( 'NONE', *, *, #1774, .F. ) ;
#3425 = PLANE ( 'NONE',  #5106 ) ;
#3426 = CARTESIAN_POINT ( 'NONE',  ( 12.75090551181102505, 0.1274956692913385703, 0.1968503937007874127 ) ) ;
#3427 = LINE ( 'NONE', #1256, #446 ) ;
#3428 = LINE ( 'NONE', #858, #4101 ) ;
#3429 = EDGE_LOOP ( 'NONE', ( #2504, #2667, #1549, #729 ) ) ;
#3430 = CARTESIAN_POINT ( 'NONE',  ( 4.357795275590551576, 0.04817716535433071157, 0.1968503937007874127 ) ) ;
#3431 = LINE ( 'NONE', #459, #989 ) ;
#3432 = EDGE_CURVE ( 'NONE', #5114, #1056, #1327, .T. ) ;
#3433 = CARTESIAN_POINT ( 'NONE',  ( 0.08268228346456693578, 0.1679137795275590928, 0.1968503937007874127 ) ) ;
#3434 = PLANE ( 'NONE',  #2379 ) ;
#3435 = CARTESIAN_POINT ( 'NONE',  ( 8.511614173228347013, 0.1080728346456693023, 0.1968503937007874127 ) ) ;
#3436 = EDGE_CURVE ( 'NONE', #5139, #4007, #3040, .T. ) ;
#3437 = ORIENTED_EDGE ( 'NONE', *, *, #3586, .F. ) ;
#3438 = CARTESIAN_POINT ( 'NONE',  ( 8.555118110236222151, 4.782440944881890310, 0.1968503937007874127 ) ) ;
#3439 = ORIENTED_EDGE ( 'NONE', *, *, #3445, .T. ) ;
#3440 = DIRECTION ( 'NONE',  ( -0.4516681659875570465, 0.8921860051768558675, 0.000000000000000000 ) ) ;
#3441 = ORIENTED_EDGE ( 'NONE', *, *, #4718, .F. ) ;
#3442 = ORIENTED_EDGE ( 'NONE', *, *, #1733, .F. ) ;
#3443 = EDGE_CURVE ( 'NONE', #4413, #3119, #888, .T. ) ;
#3444 = DIRECTION ( 'NONE',  ( -0.4538115675396488524, -0.8910976720692332931, 0.000000000000000000 ) ) ;
#3445 = EDGE_CURVE ( 'NONE', #5071, #817, #3090, .T. ) ;
#3446 = PLANE ( 'NONE',  #2571 ) ;
#3447 = CARTESIAN_POINT ( 'NONE',  ( 8.634488188976378709, 4.822874015748031873, 0.1968503937007874127 ) ) ;
#3448 = VERTEX_POINT ( 'NONE', #1349 ) ;
#3449 = DIRECTION ( 'NONE',  ( -0.4535964786211886812, 0.8912071782601715952, 0.000000000000000000 ) ) ;
#3450 = LINE ( 'NONE', #4708, #190 ) ;
#3451 = LINE ( 'NONE', #1, #2356 ) ;
#3452 = LINE ( 'NONE', #3903, #1641 ) ;
#3453 = ORIENTED_EDGE ( 'NONE', *, *, #386, .T. ) ;
#3454 = PLANE ( 'NONE',  #1368 ) ;
#3455 = VECTOR ( 'NONE', #1867, 39.37007874015748143 ) ;
#3456 = CARTESIAN_POINT ( 'NONE',  ( 0.1021051181102362315, 0.04503031496062991773, 0.000000000000000000 ) ) ;
#3457 = LINE ( 'NONE', #2976, #4107 ) ;
#3458 = AXIS2_PLACEMENT_3D ( 'NONE', #238, #5568, #1974 ) ;
#3459 = EDGE_CURVE ( 'NONE', #2547, #312, #4828, .T. ) ;
#3460 = PLANE ( 'NONE',  #4298 ) ;
#3461 = CARTESIAN_POINT ( 'NONE',  ( 8.637598425196850727, 0.1080728346456693023, 0.000000000000000000 ) ) ;
#3462 = VECTOR ( 'NONE', #75, 39.37007874015748143 ) ;
#3463 = VERTEX_POINT ( 'NONE', #4400 ) ;
#3464 = VECTOR ( 'NONE', #319, 39.37007874015748854 ) ;
#3465 = VECTOR ( 'NONE', #4440, 39.37007874015748143 ) ;
#3466 = DIRECTION ( 'NONE',  ( -0.1533772373344627904, 0.9881677099903881656, 0.000000000000000000 ) ) ;
#3467 = ORIENTED_EDGE ( 'NONE', *, *, #5539, .T. ) ;
#3468 = EDGE_CURVE ( 'NONE', #2381, #4995, #497, .T. ) ;
#3469 = VECTOR ( 'NONE', #5277, 39.37007874015748854 ) ;
#3470 = AXIS2_PLACEMENT_3D ( 'NONE', #4973, #3233, #4602 ) ;
#3471 = VECTOR ( 'NONE', #2762, 39.37007874015748854 ) ;
#3472 = EDGE_CURVE ( 'NONE', #2436, #1525, #5432, .T. ) ;
#3473 = CARTESIAN_POINT ( 'NONE',  ( 12.75090551181102505, 0.08854173228346456925, 0.1968503937007874127 ) ) ;
#3474 = ORIENTED_EDGE ( 'NONE', *, *, #4698, .T. ) ;
#3475 = ORIENTED_EDGE ( 'NONE', *, *, #2208, .T. ) ;
#3476 = FACE_OUTER_BOUND ( 'NONE', #1775, .T. ) ;
#3477 =( GEOMETRIC_REPRESENTATION_CONTEXT ( 3 ) GLOBAL_UNCERTAINTY_ASSIGNED_CONTEXT ( ( #2774 ) ) GLOBAL_UNIT_ASSIGNED_CONTEXT ( ( #3547, #475, #5294 ) ) REPRESENTATION_CONTEXT ( 'NONE', 'WORKASPACE' ) );
#3478 = AXIS2_PLACEMENT_3D ( 'NONE', #3682, #4908, #1948 ) ;
#3479 = CARTESIAN_POINT ( 'NONE',  ( 0.05116102362204725390, 4.805275590551181253, 0.1968503937007874127 ) ) ;
#3480 = LINE ( 'NONE', #3049, #2629 ) ;
#3481 = ORIENTED_EDGE ( 'NONE', *, *, #2993, .F. ) ;
#3482 = CARTESIAN_POINT ( 'NONE',  ( 12.79133858267716484, 4.902244094488189319, 0.1968503937007874127 ) ) ;
#3483 = CARTESIAN_POINT ( 'NONE',  ( 12.75988188976378090, 0.07101771653543308138, 0.000000000000000000 ) ) ;
#3484 = AXIS2_PLACEMENT_3D ( 'NONE', #4026, #2707, #4138 ) ;
#3485 = CARTESIAN_POINT ( 'NONE',  ( 0.06510433070866142313, 4.893267716535433465, 0.1968503937007874127 ) ) ;
#3486 = FACE_OUTER_BOUND ( 'NONE', #2518, .T. ) ;
#3487 = VERTEX_POINT ( 'NONE', #3293 ) ;
#3488 = DIRECTION ( 'NONE',  ( 0.9871058195297818250, -0.1600690508825414748, 0.000000000000000000 ) ) ;
#3489 = VECTOR ( 'NONE', #2332, 39.37007874015748143 ) ;
#3490 = DIRECTION ( 'NONE',  ( -0.9871951394668210256, -0.1595172611759729797, 0.000000000000000000 ) ) ;
#3491 = EDGE_CURVE ( 'NONE', #4663, #3974, #5460, .T. ) ;
#3492 = DIRECTION ( 'NONE',  ( -0.4527259285258880550, -0.8916497258679400018, 0.000000000000000000 ) ) ;
#3493 = ORIENTED_EDGE ( 'NONE', *, *, #3586, .T. ) ;
#3494 = DIRECTION ( 'NONE',  ( 0.9880377941995863722, -0.1542119231227464526, 0.000000000000000000 ) ) ;
#3495 = DIRECTION ( 'NONE',  ( -0.000000000000000000, -0.000000000000000000, -1.000000000000000000 ) ) ;
#3496 = ORIENTED_EDGE ( 'NONE', *, *, #4402, .F. ) ;
#3497 = CARTESIAN_POINT ( 'NONE',  ( 8.511614173228347013, 0.1080728346456693023, 0.1968503937007874127 ) ) ;
#3498 = ORIENTED_EDGE ( 'NONE', *, *, #1064, .F. ) ;
#3499 = ORIENTED_EDGE ( 'NONE', *, *, #1336, .F. ) ;
#3500 = ORIENTED_EDGE ( 'NONE', *, *, #3347, .F. ) ;
#3501 = LINE ( 'NONE', #3926, #1374 ) ;
#3502 = CARTESIAN_POINT ( 'NONE',  ( 12.75988188976378090, 0.07101771653543308138, 0.1968503937007874127 ) ) ;
#3503 = CARTESIAN_POINT ( 'NONE',  ( 0.1651472440944882214, 4.842283464566929929, 0.000000000000000000 ) ) ;
#3504 = EDGE_CURVE ( 'NONE', #581, #1983, #1888, .T. ) ;
#3505 = ORIENTED_EDGE ( 'NONE', *, *, #4770, .T. ) ;
#3506 = FACE_OUTER_BOUND ( 'NONE', #16, .T. ) ;
#3507 = DIRECTION ( 'NONE',  ( 0.9870883714087308469, 0.1601766119933220600, 0.000000000000000000 ) ) ;
#3508 = DIRECTION ( 'NONE',  ( -0.1582248390206372757, -0.9874031093311855800, 0.000000000000000000 ) ) ;
#3509 = PLANE ( 'NONE',  #3104 ) ;
#3510 = DIRECTION ( 'NONE',  ( -0.000000000000000000, -0.000000000000000000, -1.000000000000000000 ) ) ;
#3511 = EDGE_CURVE ( 'NONE', #355, #4227, #1524, .T. ) ;
#3512 = DIRECTION ( 'NONE',  ( -0.000000000000000000, -1.000000000000000000, -0.000000000000000000 ) ) ;
#3513 = CARTESIAN_POINT ( 'NONE',  ( 8.634488188976378709, 0.08854173228346456925, 0.1968503937007874127 ) ) ;
#3514 = LINE ( 'NONE', #3944, #2189 ) ;
#3515 = ADVANCED_FACE ( 'NONE', ( #691 ), #1550, .T. ) ;
#3516 = ORIENTED_EDGE ( 'NONE', *, *, #5018, .T. ) ;
#3517 = EDGE_CURVE ( 'NONE', #4858, #773, #1120, .T. ) ;
#3518 = DIRECTION ( 'NONE',  ( -0.4516204456943435086, 0.8922101619186156851, 0.000000000000000000 ) ) ;
#3519 = ADVANCED_FACE ( 'NONE', ( #2835 ), #125, .T. ) ;
#3520 = CARTESIAN_POINT ( 'NONE',  ( 4.338385826771653520, 4.779291338582677184, 0.1968503937007874127 ) ) ;
#3521 = ORIENTED_EDGE ( 'NONE', *, *, #2152, .T. ) ;
#3522 = DIRECTION ( 'NONE',  ( 0.1595459401863458249, -0.9871905049027035473, 0.000000000000000000 ) ) ;
#3523 = ORIENTED_EDGE ( 'NONE', *, *, #5149, .T. ) ;
#3524 = ORIENTED_EDGE ( 'NONE', *, *, #1906, .T. ) ;
#3525 = ORIENTED_EDGE ( 'NONE', *, *, #1687, .T. ) ;
#3526 = DIRECTION ( 'NONE',  ( 0.4527899509762593477, 0.8916172162396351908, 0.000000000000000000 ) ) ;
#3527 = PLANE ( 'NONE',  #3660 ) ;
#3528 = ORIENTED_EDGE ( 'NONE', *, *, #4652, .F. ) ;
#3529 = DIRECTION ( 'NONE',  ( 0.8911057429423657750, 0.4537957193442158088, 0.000000000000000000 ) ) ;
#3530 = EDGE_CURVE ( 'NONE', #4435, #1409, #1467, .T. ) ;
#3531 = CARTESIAN_POINT ( 'NONE',  ( 8.555118110236222151, 4.782440944881890310, 0.1968503937007874127 ) ) ;
#3532 = CARTESIAN_POINT ( 'NONE',  ( 0.1021051181102362315, 4.779291338582677184, 0.1968503937007874127 ) ) ;
#3533 = LINE ( 'NONE', #456, #1820 ) ;
#3534 = LINE ( 'NONE', #3592, #658 ) ;
#3535 = CARTESIAN_POINT ( 'NONE',  ( 12.86181102362204598, 4.879330708661417937, 0.000000000000000000 ) ) ;
#3536 = DIRECTION ( 'NONE',  ( -0.9881164689548826985, -0.1537070062818681748, 0.000000000000000000 ) ) ;
#3537 = EDGE_CURVE ( 'NONE', #2014, #5092, #1953, .T. ) ;
#3538 = LINE ( 'NONE', #909, #1481 ) ;
#3539 = ORIENTED_EDGE ( 'NONE', *, *, #5608, .T. ) ;
#3540 = CARTESIAN_POINT ( 'NONE',  ( 12.74783464566929148, 4.842283464566929929, 0.1968503937007874127 ) ) ;
#3541 = CARTESIAN_POINT ( 'NONE',  ( 0.1531027559055118115, 0.07101771653543308138, 0.1968503937007874127 ) ) ;
#3542 = VECTOR ( 'NONE', #4561, 39.37007874015748143 ) ;
#3543 = VERTEX_POINT ( 'NONE', #4082 ) ;
#3544 = DIRECTION ( 'NONE',  ( 0.9872630143935667846, -0.1590966385896566693, 0.000000000000000000 ) ) ;
#3545 = VECTOR ( 'NONE', #1342, 39.37007874015748143 ) ;
#3546 = VERTEX_POINT ( 'NONE', #1864 ) ;
#3547 =( CONVERSION_BASED_UNIT ( 'INCH', #893 ) LENGTH_UNIT ( ) NAMED_UNIT ( #4332 ) );
#3548 = VECTOR ( 'NONE', #1855, 39.37007874015748854 ) ;
#3549 = ORIENTED_EDGE ( 'NONE', *, *, #5291, .T. ) ;
#3550 = VECTOR ( 'NONE', #2058, 39.37007874015748143 ) ;
#3551 = ORIENTED_EDGE ( 'NONE', *, *, #4299, .F. ) ;
#3552 = CARTESIAN_POINT ( 'NONE',  ( 4.401377952755906264, 0.1080728346456693023, 0.1968503937007874127 ) ) ;
#3553 = ADVANCED_FACE ( 'NONE', ( #2342 ), #3662, .T. ) ;
#3554 = DIRECTION ( 'NONE',  ( 0.4567620255206144009, 0.8895889230663258651, 0.000000000000000000 ) ) ;
#3555 = EDGE_LOOP ( 'NONE', ( #3142, #2232, #5495, #3093 ) ) ;
#3556 = AXIS2_PLACEMENT_3D ( 'NONE', #1661, #3403, #1291 ) ;
#3557 = VECTOR ( 'NONE', #3591, 39.37007874015748854 ) ;
#3558 = LINE ( 'NONE', #4896, #5478 ) ;
#3559 = DIRECTION ( 'NONE',  ( -0.4543735275849314359, 0.8908112580283352733, 0.000000000000000000 ) ) ;
#3560 = VERTEX_POINT ( 'NONE', #4055 ) ;
#3561 = AXIS2_PLACEMENT_3D ( 'NONE', #206, #1136, #708 ) ;
#3562 = VECTOR ( 'NONE', #3146, 39.37007874015748854 ) ;
#3563 = DIRECTION ( 'NONE',  ( 0.7084757933787967366, 0.7057351133366430718, 0.000000000000000000 ) ) ;
#3564 = FACE_OUTER_BOUND ( 'NONE', #93, .T. ) ;
#3565 = CARTESIAN_POINT ( 'NONE',  ( 12.75988188976378090, 0.07101771653543308138, 0.1968503937007874127 ) ) ;
#3566 = CARTESIAN_POINT ( 'NONE',  ( 0.1620015748031496117, 4.861771653543307536, 0.1968503937007874127 ) ) ;
#3567 = VECTOR ( 'NONE', #3980, 39.37007874015748854 ) ;
#3568 = AXIS2_PLACEMENT_3D ( 'NONE', #4855, #3494, #4397 ) ;
#3569 = DIRECTION ( 'NONE',  ( -0.4543163942506014963, 0.8908403975545406972, 0.000000000000000000 ) ) ;
#3570 = LINE ( 'NONE', #4445, #5050 ) ;
#3571 = EDGE_LOOP ( 'NONE', ( #2343, #2810, #2005, #576 ) ) ;
#3572 = EDGE_CURVE ( 'NONE', #1667, #5208, #5343, .T. ) ;
#3573 = VECTOR ( 'NONE', #2902, 39.37007874015747433 ) ;
#3574 = CARTESIAN_POINT ( 'NONE',  ( 8.511614173228347013, 4.842283464566929929, 0.000000000000000000 ) ) ;
#3575 = CARTESIAN_POINT ( 'NONE',  ( 12.87070866141732317, 0.08854173228346456925, 0.1968503937007874127 ) ) ;
#3576 = ORIENTED_EDGE ( 'NONE', *, *, #2921, .T. ) ;
#3577 = DIRECTION ( 'NONE',  ( -0.1581185208565923650, 0.9874201402453381959, 0.000000000000000000 ) ) ;
#3578 = VERTEX_POINT ( 'NONE', #580 ) ;
#3579 = APPLICATION_PROTOCOL_DEFINITION ( 'draft international standard', 'automotive_design', 1998, #1237 ) ;
#3580 = ORIENTED_EDGE ( 'NONE', *, *, #2798, .F. ) ;
#3581 = ORIENTED_EDGE ( 'NONE', *, *, #4308, .F. ) ;
#3582 = CARTESIAN_POINT ( 'NONE',  ( 8.514645669291338592, 0.1274956692913385703, 0.000000000000000000 ) ) ;
#3583 = EDGE_CURVE ( 'NONE', #2868, #2381, #631, .T. ) ;
#3584 = CARTESIAN_POINT ( 'NONE',  ( 8.634488188976378709, 4.861771653543307536, 0.1968503937007874127 ) ) ;
#3585 = VERTEX_POINT ( 'NONE', #1923 ) ;
#3586 = EDGE_CURVE ( 'NONE', #3229, #4985, #5405, .T. ) ;
#3587 = ORIENTED_EDGE ( 'NONE', *, *, #5606, .F. ) ;
#3588 = DIRECTION ( 'NONE',  ( 0.7084857568802658268, -0.7057251110012996431, 0.000000000000000000 ) ) ;
#3589 = LINE ( 'NONE', #5330, #650 ) ;
#3590 = ORIENTED_EDGE ( 'NONE', *, *, #333, .T. ) ;
#3591 = DIRECTION ( 'NONE',  ( -0.4516204456943435086, 0.8922101619186156851, 0.000000000000000000 ) ) ;
#3592 = CARTESIAN_POINT ( 'NONE',  ( 4.389330708661417724, 4.879330708661417937, 0.000000000000000000 ) ) ;
#3593 = CARTESIAN_POINT ( 'NONE',  ( 0.04220905511811023220, 4.822874015748031873, 0.1968503937007874127 ) ) ;
#3594 = DIRECTION ( 'NONE',  ( -0.7071067811865335839, 0.7071067811865613395, 0.000000000000000000 ) ) ;
#3595 = LINE ( 'NONE', #1882, #26 ) ;
#3596 = CARTESIAN_POINT ( 'NONE',  ( 8.537598425196851082, 0.1590165354330708714, 0.1968503937007874127 ) ) ;
#3597 = VERTEX_POINT ( 'NONE', #154 ) ;
#3598 = CARTESIAN_POINT ( 'NONE',  ( 4.275393700787401663, 4.842283464566929929, 0.1968503937007874127 ) ) ;
#3599 = ADVANCED_FACE ( 'NONE', ( #2800 ), #1004, .T. ) ;
#3600 = DIRECTION ( 'NONE',  ( 0.7081034065937691357, -0.7061087491104320879, 0.000000000000000000 ) ) ;
#3601 = ORIENTED_EDGE ( 'NONE', *, *, #531, .T. ) ;
#3602 = CARTESIAN_POINT ( 'NONE',  ( 0.04220905511811023220, 4.861771653543307536, 0.1968503937007874127 ) ) ;
#3603 = ORIENTED_EDGE ( 'NONE', *, *, #4625, .T. ) ;
#3604 = DIRECTION ( 'NONE',  ( -0.000000000000000000, -0.000000000000000000, -1.000000000000000000 ) ) ;
#3605 = CARTESIAN_POINT ( 'NONE',  ( 0.04220905511811023220, 0.1274956692913385703, 0.000000000000000000 ) ) ;
#3606 = ORIENTED_EDGE ( 'NONE', *, *, #1548, .F. ) ;
#3607 = ORIENTED_EDGE ( 'NONE', *, *, #4718, .T. ) ;
#3608 = CARTESIAN_POINT ( 'NONE',  ( 12.77381889763779554, 4.893267716535433465, 0.000000000000000000 ) ) ;
#3609 = LINE ( 'NONE', #2265, #4116 ) ;
#3610 = ORIENTED_EDGE ( 'NONE', *, *, #394, .T. ) ;
#3611 = EDGE_LOOP ( 'NONE', ( #2782, #2272, #2008, #4156 ) ) ;
#3612 = DIRECTION ( 'NONE',  ( 0.4559917922216186192, -0.8899839804325222481, 0.000000000000000000 ) ) ;
#3613 = LINE ( 'NONE', #1849, #1378 ) ;
#3614 = ORIENTED_EDGE ( 'NONE', *, *, #3357, .F. ) ;
#3615 = EDGE_CURVE ( 'NONE', #393, #316, #1032, .T. ) ;
#3616 = FACE_OUTER_BOUND ( 'NONE', #2955, .T. ) ;
#3617 = LINE ( 'NONE', #3983, #4846 ) ;
#3618 = DIRECTION ( 'NONE',  ( -0.000000000000000000, -0.000000000000000000, -1.000000000000000000 ) ) ;
#3619 = LINE ( 'NONE', #4417, #3548 ) ;
#3620 = DIRECTION ( 'NONE',  ( -0.000000000000000000, -0.000000000000000000, -1.000000000000000000 ) ) ;
#3621 = DIRECTION ( 'NONE',  ( -0.000000000000000000, -0.000000000000000000, -1.000000000000000000 ) ) ;
#3622 = VERTEX_POINT ( 'NONE', #3260 ) ;
#3623 = CARTESIAN_POINT ( 'NONE',  ( 12.79133858267716484, 0.1679137795275590928, 0.1968503937007874127 ) ) ;
#3624 = FACE_OUTER_BOUND ( 'NONE', #686, .T. ) ;
#3625 = EDGE_LOOP ( 'NONE', ( #1009, #40, #1208, #67 ) ) ;
#3626 = CARTESIAN_POINT ( 'NONE',  ( 4.375393700787402196, 4.791338582677165725, 0.1968503937007874127 ) ) ;
#3627 = ORIENTED_EDGE ( 'NONE', *, *, #3095, .T. ) ;
#3628 = CARTESIAN_POINT ( 'NONE',  ( 8.523661417322834666, 0.07101771653543308138, 0.1968503937007874127 ) ) ;
#3629 = AXIS2_PLACEMENT_3D ( 'NONE', #2903, #4989, #2484 ) ;
#3630 = ORIENTED_EDGE ( 'NONE', *, *, #1968, .T. ) ;
#3631 = VERTEX_POINT ( 'NONE', #4999 ) ;
#3632 = VECTOR ( 'NONE', #865, 39.37007874015748143 ) ;
#3633 = DIRECTION ( 'NONE',  ( 0.000000000000000000, 0.000000000000000000, -1.000000000000000000 ) ) ;
#3634 = ADVANCED_FACE ( 'NONE', ( #1086 ), #667, .T. ) ;
#3635 = DIRECTION ( 'NONE',  ( -0.1572265105709937383, -0.9875625673210124411, 0.000000000000000000 ) ) ;
#3636 = VERTEX_POINT ( 'NONE', #1693 ) ;
#3637 = VERTEX_POINT ( 'NONE', #389 ) ;
#3638 = FACE_OUTER_BOUND ( 'NONE', #258, .T. ) ;
#3639 = ADVANCED_FACE ( 'NONE', ( #1147 ), #3434, .T. ) ;
#3640 = ADVANCED_FACE ( 'NONE', ( #2549 ), #2494, .F. ) ;
#3641 = AXIS2_PLACEMENT_3D ( 'NONE', #1163, #323, #2821 ) ;
#3642 =( NAMED_UNIT ( * ) SI_UNIT ( $, .STERADIAN. ) SOLID_ANGLE_UNIT ( ) );
#3643 = EDGE_LOOP ( 'NONE', ( #1929, #4456, #1061, #1036 ) ) ;
#3644 = LINE ( 'NONE', #5307, #646 ) ;
#3645 = CARTESIAN_POINT ( 'NONE',  ( 8.511614173228347013, 0.1080728346456693023, 0.1968503937007874127 ) ) ;
#3646 = VECTOR ( 'NONE', #4242, 39.37007874015748854 ) ;
#3647 = LINE ( 'NONE', #3593, #461 ) ;
#3648 = DIRECTION ( 'NONE',  ( -0.8922101619186267873, -0.4516204456943214152, 0.000000000000000000 ) ) ;
#3649 = AXIS2_PLACEMENT_3D ( 'NONE', #4309, #4682, #406 ) ;
#3650 = LINE ( 'NONE', #146, #5201 ) ;
#3651 = VECTOR ( 'NONE', #4148, 39.37007874015748143 ) ;
#3652 = LINE ( 'NONE', #5399, #1583 ) ;
#3653 = ORIENTED_EDGE ( 'NONE', *, *, #4687, .T. ) ;
#3654 = LINE ( 'NONE', #598, #2745 ) ;
#3655 = EDGE_CURVE ( 'NONE', #4, #3448, #4166, .T. ) ;
#3656 = ORIENTED_EDGE ( 'NONE', *, *, #4462, .F. ) ;
#3657 = VECTOR ( 'NONE', #847, 39.37007874015748143 ) ;
#3658 = VECTOR ( 'NONE', #494, 39.37007874015748854 ) ;
#3659 = LINE ( 'NONE', #4140, #538 ) ;
#3660 = AXIS2_PLACEMENT_3D ( 'NONE', #480, #2214, #3956 ) ;
#3661 = ORIENTED_EDGE ( 'NONE', *, *, #1619, .F. ) ;
#3662 = PLANE ( 'NONE',  #1739 ) ;
#3663 = ORIENTED_EDGE ( 'NONE', *, *, #3915, .F. ) ;
#3664 = DIRECTION ( 'NONE',  ( 0.7072665251725597235, -0.7069470011042785496, 0.000000000000000000 ) ) ;
#3665 = ORIENTED_EDGE ( 'NONE', *, *, #670, .F. ) ;
#3666 = VERTEX_POINT ( 'NONE', #2890 ) ;
#3667 = FACE_BOUND ( 'NONE', #3774, .T. ) ;
#3668 = FACE_OUTER_BOUND ( 'NONE', #331, .T. ) ;
#3669 = ORIENTED_EDGE ( 'NONE', *, *, #3829, .T. ) ;
#3670 = EDGE_CURVE ( 'NONE', #3119, #5010, #4626, .T. ) ;
#3671 = ORIENTED_EDGE ( 'NONE', *, *, #1251, .T. ) ;
#3672 = DIRECTION ( 'NONE',  ( -0.8908112580283464865, 0.4543735275849096755, 0.000000000000000000 ) ) ;
#3673 = VERTEX_POINT ( 'NONE', #304 ) ;
#3674 = LINE ( 'NONE', #3187, #1094 ) ;
#3675 = CARTESIAN_POINT ( 'NONE',  ( 12.75988188976378090, 0.07101771653543308138, 0.1968503937007874127 ) ) ;
#3676 = EDGE_CURVE ( 'NONE', #3803, #3463, #330, .T. ) ;
#3677 = DIRECTION ( 'NONE',  ( 0.9871585027858534866, -0.1597438273536471998, 0.000000000000000000 ) ) ;
#3678 = DIRECTION ( 'NONE',  ( -0.4541992607073437882, -0.8909001243533992698, 0.000000000000000000 ) ) ;
#3679 = CARTESIAN_POINT ( 'NONE',  ( 8.625590551181103294, 4.805275590551181253, 0.1968503937007874127 ) ) ;
#3680 = LINE ( 'NONE', #4049, #1922 ) ;
#3681 = EDGE_LOOP ( 'NONE', ( #2589, #5014, #3528, #3321, #1098, #4061, #5289, #3496, #2118, #1558, #473, #172, #4949, #712, #227, #269, #1565, #2380, #5262, #2236 ) ) ;
#3682 = CARTESIAN_POINT ( 'NONE',  ( 12.87070866141732317, 4.861771653543307536, 0.1968503937007874127 ) ) ;
#3683 = ORIENTED_EDGE ( 'NONE', *, *, #3969, .F. ) ;
#3684 = CARTESIAN_POINT ( 'NONE',  ( 8.634488188976378709, 0.1274956692913385703, 0.1968503937007874127 ) ) ;
#3685 = EDGE_CURVE ( 'NONE', #1843, #2682, #838, .T. ) ;
#3686 = EDGE_CURVE ( 'NONE', #4924, #3261, #1172, .T. ) ;
#3687 = ORIENTED_EDGE ( 'NONE', *, *, #886, .F. ) ;
#3688 = EDGE_CURVE ( 'NONE', #1051, #1677, #270, .T. ) ;
#3689 = DIRECTION ( 'NONE',  ( -0.7071067811865613395, 0.7071067811865335839, 0.000000000000000000 ) ) ;
#3690 = VERTEX_POINT ( 'NONE', #4254 ) ;
#3691 = PLANE ( 'NONE',  #4085 ) ;
#3692 = VERTEX_POINT ( 'NONE', #3797 ) ;
#3693 = VERTEX_POINT ( 'NONE', #354 ) ;
#3694 = DIRECTION ( 'NONE',  ( 0.9872630143935667846, -0.1590966385896566693, 0.000000000000000000 ) ) ;
#3695 = CARTESIAN_POINT ( 'NONE',  ( 12.47618110236220446, 4.350196850393701631, 0.000000000000000000 ) ) ;
#3696 = ORIENTED_EDGE ( 'NONE', *, *, #3969, .T. ) ;
#3697 = CARTESIAN_POINT ( 'NONE',  ( 0.003743488188976378059, 4.940708661417322567, 0.000000000000000000 ) ) ;
#3698 = VERTEX_POINT ( 'NONE', #5494 ) ;
#3699 = CARTESIAN_POINT ( 'NONE',  ( 12.86181102362204598, 0.1450736220472441107, 0.1968503937007874127 ) ) ;
#3700 = DIRECTION ( 'NONE',  ( -0.8908112580283464865, 0.4543735275849096755, 0.000000000000000000 ) ) ;
#3701 = EDGE_CURVE ( 'NONE', #1771, #2017, #2953, .T. ) ;
#3702 = CARTESIAN_POINT ( 'NONE',  ( 12.81086614173228533, 0.04503031496062991773, 0.1968503937007874127 ) ) ;
#3703 = ORIENTED_EDGE ( 'NONE', *, *, #5525, .F. ) ;
#3704 = DIRECTION ( 'NONE',  ( 0.1543157444027945524, -0.9880215842932842385, 0.000000000000000000 ) ) ;
#3705 = LINE ( 'NONE', #5081, #4563 ) ;
#3706 = CARTESIAN_POINT ( 'NONE',  ( 8.537598425196851082, 0.1590165354330708714, 0.000000000000000000 ) ) ;
#3707 = ORIENTED_EDGE ( 'NONE', *, *, #1027, .T. ) ;
#3708 = PLANE ( 'NONE',  #3478 ) ;
#3709 = VERTEX_POINT ( 'NONE', #2462 ) ;
#3710 = EDGE_CURVE ( 'NONE', #2017, #1667, #1582, .T. ) ;
#3711 = LINE ( 'NONE', #5456, #3092 ) ;
#3712 = VERTEX_POINT ( 'NONE', #4287 ) ;
#3713 = DIRECTION ( 'NONE',  ( 0.7069569863009864674, -0.7072565443459868373, 0.000000000000000000 ) ) ;
#3714 = EDGE_LOOP ( 'NONE', ( #2853, #5151, #4666, #2464 ) ) ;
#3715 = DIRECTION ( 'NONE',  ( -0.000000000000000000, -0.000000000000000000, -1.000000000000000000 ) ) ;
#3716 = EDGE_LOOP ( 'NONE', ( #5344, #3407, #818, #4569 ) ) ;
#3717 = ORIENTED_EDGE ( 'NONE', *, *, #3863, .T. ) ;
#3718 = FACE_BOUND ( 'NONE', #2777, .T. ) ;
#3719 = AXIS2_PLACEMENT_3D ( 'NONE', #1761, #3074, #4354 ) ;
#3720 = DIRECTION ( 'NONE',  ( 0.7071067811865335839, 0.7071067811865613395, 0.000000000000000000 ) ) ;
#3721 = VERTEX_POINT ( 'NONE', #2091 ) ;
#3722 = DIRECTION ( 'NONE',  ( -0.9871585027858534866, 0.1597438273536471998, 0.000000000000000000 ) ) ;
#3723 = AXIS2_PLACEMENT_3D ( 'NONE', #3575, #5403, #4883 ) ;
#3724 = ORIENTED_EDGE ( 'NONE', *, *, #5064, .F. ) ;
#3725 = ADVANCED_FACE ( 'NONE', ( #753 ), #5089, .T. ) ;
#3726 = DIRECTION ( 'NONE',  ( -0.4512020778594384995, 0.8924218088635694768, 0.000000000000000000 ) ) ;
#3727 = CARTESIAN_POINT ( 'NONE',  ( 0.1531027559055118115, 4.879330708661417937, 0.1968503937007874127 ) ) ;
#3728 = CARTESIAN_POINT ( 'NONE',  ( 8.574606299212598870, 4.905275590551180898, 0.000000000000000000 ) ) ;
#3729 = VECTOR ( 'NONE', #2401, 39.37007874015748854 ) ;
#3730 = DIRECTION ( 'NONE',  ( -0.4512020778594382220, -0.8924218088635693658, 0.000000000000000000 ) ) ;
#3731 = CARTESIAN_POINT ( 'NONE',  ( 8.523661417322834666, 4.805275590551181253, 0.1968503937007874127 ) ) ;
#3732 = DIRECTION ( 'NONE',  ( -0.1542119231227464249, -0.9880377941995862612, 0.000000000000000000 ) ) ;
#3733 = AXIS2_PLACEMENT_3D ( 'NONE', #741, #2026, #3363 ) ;
#3734 = DIRECTION ( 'NONE',  ( -0.4511861774294057548, -0.8924298478293074544, 0.000000000000000000 ) ) ;
#3735 = AXIS2_PLACEMENT_3D ( 'NONE', #4191, #3734, #5056 ) ;
#3736 = DIRECTION ( 'NONE',  ( -0.8912071782601717063, -0.4535964786211887367, 0.000000000000000000 ) ) ;
#3737 = ORIENTED_EDGE ( 'NONE', *, *, #240, .T. ) ;
#3738 = LINE ( 'NONE', #1792, #2094 ) ;
#3739 = VECTOR ( 'NONE', #2520, 39.37007874015748143 ) ;
#3740 = VECTOR ( 'NONE', #4962, 39.37007874015748143 ) ;
#3741 = VECTOR ( 'NONE', #4475, 39.37007874015748143 ) ;
#3742 = EDGE_CURVE ( 'NONE', #4612, #1028, #5600, .T. ) ;
#3743 = ORIENTED_EDGE ( 'NONE', *, *, #1205, .F. ) ;
#3744 = VECTOR ( 'NONE', #4798, 39.37007874015748143 ) ;
#3745 = DIRECTION ( 'NONE',  ( -0.9881634915692752985, -0.1534044130056855804, 0.000000000000000000 ) ) ;
#3746 = VERTEX_POINT ( 'NONE', #1631 ) ;
#3747 = DIRECTION ( 'NONE',  ( -0.000000000000000000, -0.000000000000000000, -1.000000000000000000 ) ) ;
#3748 = VECTOR ( 'NONE', #5150, 39.37007874015748143 ) ;
#3749 = ORIENTED_EDGE ( 'NONE', *, *, #3317, .T. ) ;
#3750 = ORIENTED_EDGE ( 'NONE', *, *, #2509, .F. ) ;
#3751 = EDGE_CURVE ( 'NONE', #1503, #1863, #1666, .T. ) ;
#3752 = FACE_BOUND ( 'NONE', #1580, .T. ) ;
#3753 = VECTOR ( 'NONE', #1879, 39.37007874015748854 ) ;
#3754 = CARTESIAN_POINT ( 'NONE',  ( 4.375393700787402196, 4.791338582677165725, 0.000000000000000000 ) ) ;
#3755 = ORIENTED_EDGE ( 'NONE', *, *, #3583, .T. ) ;
#3756 = ADVANCED_FACE ( 'NONE', ( #2978 ), #4716, .T. ) ;
#3757 =( LENGTH_UNIT ( ) NAMED_UNIT ( * ) SI_UNIT ( $, .METRE. ) );
#3758 = VERTEX_POINT ( 'NONE', #90 ) ;
#3759 = ORIENTED_EDGE ( 'NONE', *, *, #1816, .T. ) ;
#3760 = PLANE ( 'NONE',  #552 ) ;
#3761 = CARTESIAN_POINT ( 'NONE',  ( 12.74783464566929148, 4.842283464566929929, 0.1968503937007874127 ) ) ;
#3762 = EDGE_CURVE ( 'NONE', #1409, #2587, #2604, .T. ) ;
#3763 = CARTESIAN_POINT ( 'NONE',  ( 8.634488188976378709, 0.1274956692913385703, 0.1968503937007874127 ) ) ;
#3764 = PLANE ( 'NONE',  #1551 ) ;
#3765 = DIRECTION ( 'NONE',  ( 0.8897884130655522306, -0.4563732901630925820, 0.000000000000000000 ) ) ;
#3766 = PLANE ( 'NONE',  #1670 ) ;
#3767 = ORIENTED_EDGE ( 'NONE', *, *, #844, .T. ) ;
#3768 = FACE_OUTER_BOUND ( 'NONE', #185, .T. ) ;
#3769 = ORIENTED_EDGE ( 'NONE', *, *, #3094, .F. ) ;
#3770 = DIRECTION ( 'NONE',  ( 0.1572637512810519389, 0.9875566376330076057, 0.000000000000000000 ) ) ;
#3771 = ORIENTED_EDGE ( 'NONE', *, *, #2031, .T. ) ;
#3772 = EDGE_CURVE ( 'NONE', #2211, #773, #1749, .T. ) ;
#3773 = DIRECTION ( 'NONE',  ( 0.9871105220788048973, 0.1600400487418979223, 0.000000000000000000 ) ) ;
#3774 = EDGE_LOOP ( 'NONE', ( #4370, #899, #5577, #5438, #1247, #5327, #4172, #4517, #3263, #3580, #4069, #1490, #1060, #3769, #699, #3285, #3419, #1592, #1952, #97 ) ) ;
#3775 = CARTESIAN_POINT ( 'NONE',  ( 4.278425196850394130, 4.861771653543307536, 0.000000000000000000 ) ) ;
#3776 = EDGE_CURVE ( 'NONE', #2848, #396, #941, .T. ) ;
#3777 = VERTEX_POINT ( 'NONE', #1372 ) ;
#3778 = VERTEX_POINT ( 'NONE', #3990 ) ;
#3779 = DIRECTION ( 'NONE',  ( -0.1599815188204921912, -0.9871200097434396081, 0.000000000000000000 ) ) ;
#3780 = DIRECTION ( 'NONE',  ( 0.7083262900088699299, -0.7058851655065930819, 0.000000000000000000 ) ) ;
#3781 = ORIENTED_EDGE ( 'NONE', *, *, #4257, .T. ) ;
#3782 = DIRECTION ( 'NONE',  ( 0.1553213958544118756, -0.9878639906332434828, 0.000000000000000000 ) ) ;
#3783 = ORIENTED_EDGE ( 'NONE', *, *, #4672, .T. ) ;
#3784 = VERTEX_POINT ( 'NONE', #4882 ) ;
#3785 = LINE ( 'NONE', #1617, #4926 ) ;
#3786 = DIRECTION ( 'NONE',  ( -0.000000000000000000, -0.000000000000000000, -1.000000000000000000 ) ) ;
#3787 = CARTESIAN_POINT ( 'NONE',  ( 4.401377952755906264, 4.842283464566929929, 0.1968503937007874127 ) ) ;
#3788 = ORIENTED_EDGE ( 'NONE', *, *, #4842, .T. ) ;
#3789 = LINE ( 'NONE', #3336, #4458 ) ;
#3790 = DIRECTION ( 'NONE',  ( -0.4520072321735773557, 0.8920142723425347198, 0.000000000000000000 ) ) ;
#3791 = CARTESIAN_POINT ( 'NONE',  ( 4.357795275590551576, 4.782440944881890310, 0.1968503937007874127 ) ) ;
#3792 = FACE_OUTER_BOUND ( 'NONE', #5235, .T. ) ;
#3793 = EDGE_LOOP ( 'NONE', ( #308, #5129, #4514, #2799 ) ) ;
#3794 = DIRECTION ( 'NONE',  ( 0.4537957193442161974, 0.8911057429423656639, -0.000000000000000000 ) ) ;
#3795 = VERTEX_POINT ( 'NONE', #2580 ) ;
#3796 = EDGE_CURVE ( 'NONE', #1328, #4639, #2658, .T. ) ;
#3797 = CARTESIAN_POINT ( 'NONE',  ( 4.357795275590551576, 0.1679137795275590928, 0.000000000000000000 ) ) ;
#3798 = ORIENTED_EDGE ( 'NONE', *, *, #1155, .T. ) ;
#3799 = DIRECTION ( 'NONE',  ( 0.7071067811865613395, 0.7071067811865335839, 0.000000000000000000 ) ) ;
#3800 = ORIENTED_EDGE ( 'NONE', *, *, #3742, .F. ) ;
#3801 = EDGE_LOOP ( 'NONE', ( #933, #1626, #2048, #208 ) ) ;
#3802 = LINE ( 'NONE', #1242, #2374 ) ;
#3803 = VERTEX_POINT ( 'NONE', #517 ) ;
#3804 = PLANE ( 'NONE',  #5206 ) ;
#3805 = ORIENTED_EDGE ( 'NONE', *, *, #4822, .T. ) ;
#3806 = VERTEX_POINT ( 'NONE', #4317 ) ;
#3807 = ADVANCED_FACE ( 'NONE', ( #1772 ), #884, .T. ) ;
#3808 = CARTESIAN_POINT ( 'NONE',  ( 4.375393700787402196, 4.791338582677165725, 0.000000000000000000 ) ) ;
#3809 = CARTESIAN_POINT ( 'NONE',  ( 8.574606299212598870, 0.04503031496062991773, 0.000000000000000000 ) ) ;
#3810 = EDGE_CURVE ( 'NONE', #1497, #2897, #3121, .T. ) ;
#3811 = LINE ( 'NONE', #369, #360 ) ;
#3812 = ADVANCED_FACE ( 'NONE', ( #2146 ), #3460, .T. ) ;
#3813 = VERTEX_POINT ( 'NONE', #2253 ) ;
#3814 = CARTESIAN_POINT ( 'NONE',  ( 8.611653543307086878, 4.893267716535433465, 0.1968503937007874127 ) ) ;
#3815 = AXIS2_PLACEMENT_3D ( 'NONE', #321, #4616, #2052 ) ;
#3816 = DIRECTION ( 'NONE',  ( 0.1600690508825686753, -0.9871058195297774951, 0.000000000000000000 ) ) ;
#3817 = DIRECTION ( 'NONE',  ( 0.8916126378921507278, 0.4527989663758082428, 0.000000000000000000 ) ) ;
#3818 = CARTESIAN_POINT ( 'NONE',  ( 8.523661417322834666, 4.879330708661417937, 0.000000000000000000 ) ) ;
#3819 = EDGE_CURVE ( 'NONE', #945, #4161, #4422, .T. ) ;
#3820 = VECTOR ( 'NONE', #91, 39.37007874015748854 ) ;
#3821 = VERTEX_POINT ( 'NONE', #414 ) ;
#3822 = PLANE ( 'NONE',  #3458 ) ;
#3823 = CARTESIAN_POINT ( 'NONE',  ( 4.318897637795275912, 0.1679137795275590928, 0.000000000000000000 ) ) ;
#3824 = VECTOR ( 'NONE', #59, 39.37007874015748854 ) ;
#3825 = VECTOR ( 'NONE', #2452, 39.37007874015748143 ) ;
#3826 = ORIENTED_EDGE ( 'NONE', *, *, #51, .F. ) ;
#3827 = EDGE_CURVE ( 'NONE', #2998, #5155, #5230, .T. ) ;
#3828 = DIRECTION ( 'NONE',  ( -0.9874201402453425258, -0.1581185208565652478, 0.000000000000000000 ) ) ;
#3829 = EDGE_CURVE ( 'NONE', #2691, #866, #3063, .T. ) ;
#3830 = VECTOR ( 'NONE', #5137, 39.37007874015748143 ) ;
#3832 = ORIENTED_EDGE ( 'NONE', *, *, #2250, .T. ) ;
#3831 = VECTOR ( 'NONE', #2964, 39.37007874015748854 ) ;
#3833 = DIRECTION ( 'NONE',  ( -0.000000000000000000, -0.000000000000000000, -1.000000000000000000 ) ) ;
#3834 = VECTOR ( 'NONE', #3337, 39.37007874015748854 ) ;
#3835 = AXIS2_PLACEMENT_3D ( 'NONE', #3497, #1719, #3466 ) ;
#3836 = EDGE_LOOP ( 'NONE', ( #3953, #1119, #5153, #2053 ) ) ;
#3837 = EDGE_CURVE ( 'NONE', #1056, #2389, #463, .T. ) ;
#3838 = DIRECTION ( 'NONE',  ( -0.000000000000000000, -0.000000000000000000, -1.000000000000000000 ) ) ;
#3839 = EDGE_LOOP ( 'NONE', ( #2590, #2148, #5347, #3234 ) ) ;
#3840 = VECTOR ( 'NONE', #3722, 39.37007874015748854 ) ;
#3841 = AXIS2_PLACEMENT_3D ( 'NONE', #1115, #2134, #1167 ) ;
#3842 = CARTESIAN_POINT ( 'NONE',  ( 12.87070866141732317, 0.1274956692913385703, 0.1968503937007874127 ) ) ;
#3843 = ORIENTED_EDGE ( 'NONE', *, *, #4871, .F. ) ;
#3844 = ORIENTED_EDGE ( 'NONE', *, *, #252, .T. ) ;
#3845 = AXIS2_PLACEMENT_3D ( 'NONE', #1133, #681, #3308 ) ;
#3846 = DIRECTION ( 'NONE',  ( 0.9871951394668210256, 0.1595172611759729520, 0.000000000000000000 ) ) ;
#3847 = DIRECTION ( 'NONE',  ( -0.8916045487671567793, 0.4528148944300690038, 0.000000000000000000 ) ) ;
#3848 = EDGE_CURVE ( 'NONE', #1863, #3784, #2201, .T. ) ;
#3849 = CARTESIAN_POINT ( 'NONE',  ( 12.75988188976378090, 4.805275590551181253, 0.1968503937007874127 ) ) ;
#3850 = VERTEX_POINT ( 'NONE', #3946 ) ;
#3851 = DIRECTION ( 'NONE',  ( -0.9871905049027078771, 0.1595459401863188742, 0.000000000000000000 ) ) ;
#3852 = DIRECTION ( 'NONE',  ( -0.7079538235943337865, -0.7062587228899639413, 0.000000000000000000 ) ) ;
#3853 = DIRECTION ( 'NONE',  ( -0.000000000000000000, -0.000000000000000000, -1.000000000000000000 ) ) ;
#3854 = VERTEX_POINT ( 'NONE', #3886 ) ;
#3855 = EDGE_CURVE ( 'NONE', #4065, #4427, #5255, .T. ) ;
#3856 = ORIENTED_EDGE ( 'NONE', *, *, #3772, .T. ) ;
#3857 = DIRECTION ( 'NONE',  ( -0.9872630143935667846, 0.1590966385896566693, 0.000000000000000000 ) ) ;
#3858 = DIRECTION ( 'NONE',  ( -0.000000000000000000, -0.000000000000000000, -1.000000000000000000 ) ) ;
#3859 = LINE ( 'NONE', #5624, #3013 ) ;
#3860 = DIRECTION ( 'NONE',  ( -0.4511861774294057548, -0.8924298478293074544, 0.000000000000000000 ) ) ;
#3861 = LINE ( 'NONE', #2866, #1452 ) ;
#3862 = ADVANCED_FACE ( 'NONE', ( #41 ), #3037, .T. ) ;
#3863 = EDGE_CURVE ( 'NONE', #725, #1328, #914, .T. ) ;
#3864 = EDGE_CURVE ( 'NONE', #789, #2440, #1797, .T. ) ;
#3865 = ORIENTED_EDGE ( 'NONE', *, *, #3148, .T. ) ;
#3866 = DIRECTION ( 'NONE',  ( -0.000000000000000000, -0.000000000000000000, -1.000000000000000000 ) ) ;
#3867 = ORIENTED_EDGE ( 'NONE', *, *, #5425, .F. ) ;
#3868 = CARTESIAN_POINT ( 'NONE',  ( 0.1391598425196850508, 4.791338582677165725, 0.1968503937007874127 ) ) ;
#3869 = VERTEX_POINT ( 'NONE', #1860 ) ;
#3870 = EDGE_LOOP ( 'NONE', ( #3687, #1436, #1528, #1081 ) ) ;
#3871 = FACE_OUTER_BOUND ( 'NONE', #4181, .T. ) ;
#3872 = CARTESIAN_POINT ( 'NONE',  ( 4.389330708661417724, 0.07101771653543308138, 0.000000000000000000 ) ) ;
#3873 = DIRECTION ( 'NONE',  ( -0.7083262900088699299, 0.7058851655065930819, 0.000000000000000000 ) ) ;
#3874 = ORIENTED_EDGE ( 'NONE', *, *, #3688, .F. ) ;
#3875 = DIRECTION ( 'NONE',  ( 0.7069470011042786606, -0.7072665251725598345, 0.000000000000000000 ) ) ;
#3876 = EDGE_CURVE ( 'NONE', #3821, #4325, #4508, .T. ) ;
#3877 = DIRECTION ( 'NONE',  ( -0.000000000000000000, -0.000000000000000000, -1.000000000000000000 ) ) ;
#3878 = CARTESIAN_POINT ( 'NONE',  ( 12.75988188976378090, 4.879330708661417937, 0.1968503937007874127 ) ) ;
#3879 = CARTESIAN_POINT ( 'NONE',  ( 12.87385826771653541, 0.1080728346456693023, 0.1968503937007874127 ) ) ;
#3880 = EDGE_CURVE ( 'NONE', #548, #615, #663, .T. ) ;
#3881 = EDGE_LOOP ( 'NONE', ( #5538, #4918, #1216, #3590 ) ) ;
#3882 = CARTESIAN_POINT ( 'NONE',  ( 0.003743488188976378059, 4.940708661417322567, 0.1968503937007874127 ) ) ;
#3883 = CARTESIAN_POINT ( 'NONE',  ( 0.1021594488188976441, 0.1710610236220472535, 0.000000000000000000 ) ) ;
#3884 = DIRECTION ( 'NONE',  ( -0.000000000000000000, -0.000000000000000000, -1.000000000000000000 ) ) ;
#3885 = ADVANCED_FACE ( 'NONE', ( #3284 ), #2398, .T. ) ;
#3886 = CARTESIAN_POINT ( 'NONE',  ( 4.398267716535433358, 0.08854173228346456925, 0.000000000000000000 ) ) ;
#3887 = LINE ( 'NONE', #4318, #3820 ) ;
#3888 = EDGE_CURVE ( 'NONE', #5554, #3239, #3654, .T. ) ;
#3889 = ORIENTED_EDGE ( 'NONE', *, *, #242, .F. ) ;
#3890 = FACE_BOUND ( 'NONE', #5385, .T. ) ;
#3891 = VERTEX_POINT ( 'NONE', #5401 ) ;
#3892 = DIMENSIONAL_EXPONENTS ( 1.000000000000000000, 0.000000000000000000, 0.000000000000000000, 0.000000000000000000, 0.000000000000000000, 0.000000000000000000, 0.000000000000000000 ) ;
#3893 = DIRECTION ( 'NONE',  ( -0.1553213958544118756, 0.9878639906332434828, 0.000000000000000000 ) ) ;
#3894 = ORIENTED_EDGE ( 'NONE', *, *, #2832, .F. ) ;
#3895 = EDGE_LOOP ( 'NONE', ( #752, #4163, #5038, #2346 ) ) ;
#3896 = LINE ( 'NONE', #4781, #2918 ) ;
#3897 = DIRECTION ( 'NONE',  ( -0.1561661380789901576, -0.9877308020495736418, 0.000000000000000000 ) ) ;
#3898 = CARTESIAN_POINT ( 'NONE',  ( 12.75090551181102505, 0.08854173228346456925, 0.000000000000000000 ) ) ;
#3899 = ORIENTED_EDGE ( 'NONE', *, *, #1485, .F. ) ;
#3900 = CARTESIAN_POINT ( 'NONE',  ( 12.84787401574803312, 4.791338582677165725, 0.1968503937007874127 ) ) ;
#3901 = CARTESIAN_POINT ( 'NONE',  ( 4.287362204724409764, 4.879330708661417937, 0.1968503937007874127 ) ) ;
#3902 = DIRECTION ( 'NONE',  ( 0.4527259285258880550, 0.8916497258679400018, 0.000000000000000000 ) ) ;
#3903 = CARTESIAN_POINT ( 'NONE',  ( 12.87070866141732317, 4.861771653543307536, 0.000000000000000000 ) ) ;
#3904 = ORIENTED_EDGE ( 'NONE', *, *, #5408, .F. ) ;
#3905 = CARTESIAN_POINT ( 'NONE',  ( 8.625590551181103294, 0.07101771653543308138, 0.1968503937007874127 ) ) ;
#3906 = VECTOR ( 'NONE', #1595, 39.37007874015748854 ) ;
#3907 = DIRECTION ( 'NONE',  ( -0.1567122161024270821, -0.9876443091134916585, 0.000000000000000000 ) ) ;
#3908 = LINE ( 'NONE', #4793, #2010 ) ;
#3909 = VECTOR ( 'NONE', #5545, 39.37007874015748143 ) ;
#3910 = EDGE_LOOP ( 'NONE', ( #3264, #30, #2661, #4579 ) ) ;
#3911 = DIRECTION ( 'NONE',  ( 0.9871058195297818250, -0.1600690508825414748, 0.000000000000000000 ) ) ;
#3912 = CARTESIAN_POINT ( 'NONE',  ( 12.79133858267716484, 4.782440944881890310, 0.000000000000000000 ) ) ;
#3913 = AXIS2_PLACEMENT_3D ( 'NONE', #6, #4815, #1743 ) ;
#3914 = VERTEX_POINT ( 'NONE', #149 ) ;
#3915 = EDGE_CURVE ( 'NONE', #1385, #3150, #4568, .T. ) ;
#3916 = VECTOR ( 'NONE', #5325, 39.37007874015748143 ) ;
#3917 = LINE ( 'NONE', #1802, #1100 ) ;
#3918 = ORIENTED_EDGE ( 'NONE', *, *, #1201, .F. ) ;
#3919 = AXIS2_PLACEMENT_3D ( 'NONE', #4395, #2335, #2309 ) ;
#3920 = VECTOR ( 'NONE', #2663, 39.37007874015748143 ) ;
#3921 = AXIS2_PLACEMENT_3D ( 'NONE', #1401, #118, #4482 ) ;
#3922 = SHAPE_DEFINITION_REPRESENTATION ( #1425, #214 ) ;
#3923 = ADVANCED_FACE ( 'NONE', ( #1458 ), #1972, .T. ) ;
#3924 = ORIENTED_EDGE ( 'NONE', *, *, #1910, .T. ) ;
#3925 = ORIENTED_EDGE ( 'NONE', *, *, #150, .F. ) ;
#3926 = CARTESIAN_POINT ( 'NONE',  ( 0.1215818897637795243, 4.902244094488189319, 0.1968503937007874127 ) ) ;
#3927 = VECTOR ( 'NONE', #5584, 39.37007874015748143 ) ;
#3928 = VECTOR ( 'NONE', #5315, 39.37007874015748143 ) ;
#3929 = DIRECTION ( 'NONE',  ( 0.8922182138893376413, 0.4516045380685628219, 0.000000000000000000 ) ) ;
#3930 = LINE ( 'NONE', #1333, #3174 ) ;
#3931 = ORIENTED_EDGE ( 'NONE', *, *, #4276, .T. ) ;
#3932 = FACE_OUTER_BOUND ( 'NONE', #4313, .T. ) ;
#3933 = ADVANCED_FACE ( 'NONE', ( #3168 ), #3708, .T. ) ;
#3934 = ADVANCED_FACE ( 'NONE', ( #236 ), #4449, .T. ) ;
#3935 = PLANE ( 'NONE',  #5574 ) ;
#3936 = VECTOR ( 'NONE', #4391, 39.37007874015748143 ) ;
#3937 = LINE ( 'NONE', #5222, #2650 ) ;
#3938 = ADVANCED_FACE ( 'NONE', ( #2770 ), #5369, .T. ) ;
#3939 = CARTESIAN_POINT ( 'NONE',  ( 12.83027559055118338, 4.782440944881890310, 0.1968503937007874127 ) ) ;
#3940 = CARTESIAN_POINT ( 'NONE',  ( 0.1651472440944882214, 4.842283464566929929, 0.1968503937007874127 ) ) ;
#3941 = VECTOR ( 'NONE', #1713, 39.37007874015748854 ) ;
#3942 = CARTESIAN_POINT ( 'NONE',  ( 12.47618110236220446, 4.350196850393701631, 0.1968503937007874127 ) ) ;
#3943 = ADVANCED_FACE ( 'NONE', ( #2285 ), #121, .T. ) ;
#3944 = CARTESIAN_POINT ( 'NONE',  ( 8.611653543307086878, 0.05712874015748031775, 0.000000000000000000 ) ) ;
#3945 = VERTEX_POINT ( 'NONE', #5340 ) ;
#3946 = CARTESIAN_POINT ( 'NONE',  ( 4.338385826771653520, 4.779291338582677184, 0.000000000000000000 ) ) ;
#3947 = CARTESIAN_POINT ( 'NONE',  ( 0.04220905511811023220, 0.1274956692913385703, 0.1968503937007874127 ) ) ;
#3948 = ORIENTED_EDGE ( 'NONE', *, *, #2592, .T. ) ;
#3949 = FACE_OUTER_BOUND ( 'NONE', #3555, .T. ) ;
#3950 = EDGE_CURVE ( 'NONE', #4453, #2184, #3228, .T. ) ;
#3951 = EDGE_LOOP ( 'NONE', ( #5134, #4939, #5402, #3707 ) ) ;
#3952 = ORIENTED_EDGE ( 'NONE', *, *, #484, .F. ) ;
#3953 = ORIENTED_EDGE ( 'NONE', *, *, #569, .F. ) ;
#3954 = CARTESIAN_POINT ( 'NONE',  ( 12.74783464566929148, 4.842283464566929929, 0.1968503937007874127 ) ) ;
#3955 = EDGE_CURVE ( 'NONE', #1777, #2410, #1429, .T. ) ;
#3956 = DIRECTION ( 'NONE',  ( 0.8908112580283350512, -0.4543735275849321575, 0.000000000000000000 ) ) ;
#3957 = ORIENTED_EDGE ( 'NONE', *, *, #2458, .T. ) ;
#3958 = DIRECTION ( 'NONE',  ( -0.9875028003718890890, -0.1576014570290419359, 0.000000000000000000 ) ) ;
#3959 = DIRECTION ( 'NONE',  ( -0.9871905049027066559, 0.1595459401863275894, 0.000000000000000000 ) ) ;
#3960 = PLANE ( 'NONE',  #89 ) ;
#3961 = PLANE ( 'NONE',  #5113 ) ;
#3962 = CARTESIAN_POINT ( 'NONE',  ( 8.625590551181103294, 0.07101771653543308138, 0.1968503937007874127 ) ) ;
#3963 = CARTESIAN_POINT ( 'NONE',  ( 8.555118110236222151, 4.902244094488189319, 0.1968503937007874127 ) ) ;
#3964 = LINE ( 'NONE', #3883, #5007 ) ;
#3965 = DIRECTION ( 'NONE',  ( 0.7081034065937691357, 0.7061087491104320879, 0.000000000000000000 ) ) ;
#3966 = EDGE_LOOP ( 'NONE', ( #5066, #4152, #441, #2607 ) ) ;
#3967 = CARTESIAN_POINT ( 'NONE',  ( 8.537598425196851082, 4.893267716535433465, 0.1968503937007874127 ) ) ;
#3968 = DIRECTION ( 'NONE',  ( -0.000000000000000000, -0.000000000000000000, -1.000000000000000000 ) ) ;
#3969 = EDGE_CURVE ( 'NONE', #3126, #2641, #4536, .T. ) ;
#3970 = VERTEX_POINT ( 'NONE', #995 ) ;
#3971 = DIRECTION ( 'NONE',  ( -0.000000000000000000, -0.000000000000000000, -1.000000000000000000 ) ) ;
#3972 = EDGE_LOOP ( 'NONE', ( #3498, #5518, #4643, #4721 ) ) ;
#3973 = ORIENTED_EDGE ( 'NONE', *, *, #3226, .F. ) ;
#3974 = VERTEX_POINT ( 'NONE', #2739 ) ;
#3975 = CARTESIAN_POINT ( 'NONE',  ( 12.77381889763779554, 0.1590165354330708714, 0.1968503937007874127 ) ) ;
#3976 = LINE ( 'NONE', #3502, #205 ) ;
#3977 = ORIENTED_EDGE ( 'NONE', *, *, #5006, .F. ) ;
#3978 = CARTESIAN_POINT ( 'NONE',  ( 8.611653543307086878, 4.791338582677165725, 0.000000000000000000 ) ) ;
#3979 = ADVANCED_FACE ( 'NONE', ( #4486 ), #4112, .T. ) ;
#3980 = DIRECTION ( 'NONE',  ( 0.8924218088635805790, 0.4512020778594161841, 0.000000000000000000 ) ) ;
#3981 = ORIENTED_EDGE ( 'NONE', *, *, #657, .T. ) ;
#3982 = DIRECTION ( 'NONE',  ( 0.8904950446498858252, -0.4549929400045650829, 0.000000000000000000 ) ) ;
#3983 = CARTESIAN_POINT ( 'NONE',  ( 12.81086614173228533, 4.905275590551180898, 0.1968503937007874127 ) ) ;
#3984 = CARTESIAN_POINT ( 'NONE',  ( 4.287362204724409764, 0.1450736220472441107, 0.1968503937007874127 ) ) ;
#3985 = CARTESIAN_POINT ( 'NONE',  ( 8.511614173228347013, 0.1080728346456693023, 0.000000000000000000 ) ) ;
#3986 = LINE ( 'NONE', #4816, #3469 ) ;
#3987 = PLANE ( 'NONE',  #3921 ) ;
#3988 = ADVANCED_FACE ( 'NONE', ( #3768 ), #2860, .T. ) ;
#3989 = ORIENTED_EDGE ( 'NONE', *, *, #855, .T. ) ;
#3990 = CARTESIAN_POINT ( 'NONE',  ( 4.398267716535433358, 0.1274956692913385703, 0.1968503937007874127 ) ) ;
#3991 = DIRECTION ( 'NONE',  ( 0.9872411207126463584, -0.1592324388246248168, 0.000000000000000000 ) ) ;
#3992 = AXIS2_PLACEMENT_3D ( 'NONE', #1526, #4543, #635 ) ;
#3993 = EDGE_CURVE ( 'NONE', #1869, #5101, #1728, .T. ) ;
#3994 = ORIENTED_EDGE ( 'NONE', *, *, #2512, .F. ) ;
#3995 = EDGE_CURVE ( 'NONE', #1280, #4985, #2182, .T. ) ;
#3996 = LINE ( 'NONE', #867, #1831 ) ;
#3997 = VECTOR ( 'NONE', #665, 39.37007874015748143 ) ;
#3998 = ORIENTED_EDGE ( 'NONE', *, *, #2786, .F. ) ;
#3999 = ADVANCED_FACE ( 'NONE', ( #402 ), #1278, .T. ) ;
#4000 =( LENGTH_UNIT ( ) NAMED_UNIT ( * ) SI_UNIT ( $, .METRE. ) );
#4001 = VECTOR ( 'NONE', #4878, 39.37007874015748854 ) ;
#4002 = EDGE_LOOP ( 'NONE', ( #4915, #3800, #1796, #3329 ) ) ;
#4003 = ORIENTED_EDGE ( 'NONE', *, *, #5442, .F. ) ;
#4004 = CARTESIAN_POINT ( 'NONE',  ( 0.1021051181102362315, 4.779291338582677184, 0.1968503937007874127 ) ) ;
#4005 = DIRECTION ( 'NONE',  ( -0.000000000000000000, -0.000000000000000000, -1.000000000000000000 ) ) ;
#4006 = EDGE_LOOP ( 'NONE', ( #1008, #1949, #315, #1066 ) ) ;
#4007 = VERTEX_POINT ( 'NONE', #4596 ) ;
#4008 = VECTOR ( 'NONE', #2246, 39.37007874015748143 ) ;
#4009 = VECTOR ( 'NONE', #575, 39.37007874015748854 ) ;
#4010 = DIRECTION ( 'NONE',  ( 0.4547933146790721359, -0.8905970137628032024, 0.000000000000000000 ) ) ;
#4011 = DIRECTION ( 'NONE',  ( 0.9872124837542692877, -0.1594098865181407254, 0.000000000000000000 ) ) ;
#4012 = ORIENTED_EDGE ( 'NONE', *, *, #2969, .F. ) ;
#4013 = ADVANCED_FACE ( 'NONE', ( #3023 ), #5217, .T. ) ;
#4014 = VECTOR ( 'NONE', #164, 39.37007874015748143 ) ;
#4015 = VECTOR ( 'NONE', #1776, 39.37007874015748854 ) ;
#4016 = LINE ( 'NONE', #1483, #4469 ) ;
#4017 = CARTESIAN_POINT ( 'NONE',  ( 12.83027559055118338, 4.902244094488189319, 0.000000000000000000 ) ) ;
#4018 = CARTESIAN_POINT ( 'NONE',  ( 0.1531027559055118115, 4.805275590551181253, 0.1968503937007874127 ) ) ;
#4019 = CARTESIAN_POINT ( 'NONE',  ( 4.338385826771653520, 0.1710610236220472535, 0.1968503937007874127 ) ) ;
#4020 = AXIS2_PLACEMENT_3D ( 'NONE', #4226, #4742, #2522 ) ;
#4021 = DIRECTION ( 'NONE',  ( -0.000000000000000000, -0.000000000000000000, -1.000000000000000000 ) ) ;
#4022 = DIRECTION ( 'NONE',  ( -0.7069569863009310673, -0.7072565443460422374, 0.000000000000000000 ) ) ;
#4023 = VERTEX_POINT ( 'NONE', #4650 ) ;
#4024 = ADVANCED_FACE ( 'NONE', ( #4192 ), #3446, .T. ) ;
#4025 = VECTOR ( 'NONE', #2872, 39.37007874015748143 ) ;
#4026 = CARTESIAN_POINT ( 'NONE',  ( 4.338385826771653520, 0.04503031496062991773, 0.1968503937007874127 ) ) ;
#4027 = CARTESIAN_POINT ( 'NONE',  ( 8.625590551181103294, 0.1450736220472441107, 0.1968503937007874127 ) ) ;
#4028 = ORIENTED_EDGE ( 'NONE', *, *, #5036, .T. ) ;
#4029 = PLANE ( 'NONE',  #3835 ) ;
#4030 = ORIENTED_EDGE ( 'NONE', *, *, #954, .F. ) ;
#4031 = DIRECTION ( 'NONE',  ( 0.8909082072302801913, -0.4541834060043674626, 0.000000000000000000 ) ) ;
#4032 = EDGE_CURVE ( 'NONE', #4453, #2926, #1601, .T. ) ;
#4033 = DIRECTION ( 'NONE',  ( 0.000000000000000000, 0.000000000000000000, 1.000000000000000000 ) ) ;
#4034 = ORIENTED_EDGE ( 'NONE', *, *, #2399, .F. ) ;
#4035 = ORIENTED_EDGE ( 'NONE', *, *, #787, .T. ) ;
#4036 = DIRECTION ( 'NONE',  ( -0.7069569863009310673, -0.7072565443460422374, 0.000000000000000000 ) ) ;
#4037 = CARTESIAN_POINT ( 'NONE',  ( 0.1531027559055118115, 0.1450736220472441107, 0.000000000000000000 ) ) ;
#4038 = ORIENTED_EDGE ( 'NONE', *, *, #1035, .F. ) ;
#4039 = ORIENTED_EDGE ( 'NONE', *, *, #267, .F. ) ;
#4040 = LINE ( 'NONE', #4958, #3184 ) ;
#4041 = CARTESIAN_POINT ( 'NONE',  ( 0.1391598425196850508, 0.05712874015748031775, 0.1968503937007874127 ) ) ;
#4042 = ORIENTED_EDGE ( 'NONE', *, *, #4057, .F. ) ;
#4043 = DIRECTION ( 'NONE',  ( 0.1537070062818682026, -0.9881164689548828095, 0.000000000000000000 ) ) ;
#4044 = LINE ( 'NONE', #3160, #749 ) ;
#4045 = FACE_OUTER_BOUND ( 'NONE', #5390, .T. ) ;
#4046 = ADVANCED_FACE ( 'NONE', ( #3341 ), #4621, .T. ) ;
#4047 = FACE_OUTER_BOUND ( 'NONE', #1584, .T. ) ;
#4048 = DIRECTION ( 'NONE',  ( 0.8908403975545406972, 0.4543163942506014963, -0.000000000000000000 ) ) ;
#4049 = CARTESIAN_POINT ( 'NONE',  ( 0.1391598425196850508, 0.05712874015748031775, 0.1968503937007874127 ) ) ;
#4050 = ORIENTED_EDGE ( 'NONE', *, *, #4123, .F. ) ;
#4051 = CARTESIAN_POINT ( 'NONE',  ( 4.275393700787401663, 4.842283464566929929, 0.1968503937007874127 ) ) ;
#4052 = PLANE ( 'NONE',  #1634 ) ;
#4053 = EDGE_CURVE ( 'NONE', #5085, #2180, #2593, .T. ) ;
#4054 = ORIENTED_EDGE ( 'NONE', *, *, #366, .F. ) ;
#4055 = CARTESIAN_POINT ( 'NONE',  ( 12.84787401574803312, 0.1590165354330708714, 0.000000000000000000 ) ) ;
#4056 = EDGE_CURVE ( 'NONE', #3631, #985, #5183, .T. ) ;
#4057 = EDGE_CURVE ( 'NONE', #3914, #2184, #1307, .T. ) ;
#4058 = AXIS2_PLACEMENT_3D ( 'NONE', #1338, #857, #877 ) ;
#4059 = ORIENTED_EDGE ( 'NONE', *, *, #4057, .T. ) ;
#4060 = DIRECTION ( 'NONE',  ( -0.000000000000000000, -0.000000000000000000, -1.000000000000000000 ) ) ;
#4061 = ORIENTED_EDGE ( 'NONE', *, *, #2934, .F. ) ;
#4062 = VERTEX_POINT ( 'NONE', #3315 ) ;
#4063 = CARTESIAN_POINT ( 'NONE',  ( 12.87070866141732317, 4.822874015748031873, 0.000000000000000000 ) ) ;
#4064 = DIRECTION ( 'NONE',  ( 0.8916045487671567793, -0.4528148944300691148, 0.000000000000000000 ) ) ;
#4065 = VERTEX_POINT ( 'NONE', #872 ) ;
#4066 = VERTEX_POINT ( 'NONE', #2158 ) ;
#4067 = DIRECTION ( 'NONE',  ( 0.7071067811865474617, -0.7071067811865474617, 0.000000000000000000 ) ) ;
#4068 = CARTESIAN_POINT ( 'NONE',  ( 4.357795275590551576, 0.04817716535433071157, 0.1968503937007874127 ) ) ;
#4069 = ORIENTED_EDGE ( 'NONE', *, *, #3445, .F. ) ;
#4070 = EDGE_CURVE ( 'NONE', #2760, #3854, #4222, .T. ) ;
#4071 = CARTESIAN_POINT ( 'NONE',  ( 8.625590551181103294, 0.07101771653543308138, 0.1968503937007874127 ) ) ;
#4072 = CARTESIAN_POINT ( 'NONE',  ( 4.375393700787402196, 4.893267716535433465, 0.1968503937007874127 ) ) ;
#4073 = LINE ( 'NONE', #988, #4008 ) ;
#4074 = DIRECTION ( 'NONE',  ( -0.000000000000000000, -0.000000000000000000, -1.000000000000000000 ) ) ;
#4075 = DIRECTION ( 'NONE',  ( 0.4549196351979303277, -0.8905324954831136397, 0.000000000000000000 ) ) ;
#4076 = CARTESIAN_POINT ( 'NONE',  ( 8.637598425196850727, 4.842283464566929929, 0.000000000000000000 ) ) ;
#4077 = ORIENTED_EDGE ( 'NONE', *, *, #4741, .F. ) ;
#4078 = DIRECTION ( 'NONE',  ( 0.4516681659875570465, -0.8921860051768558675, 0.000000000000000000 ) ) ;
#4079 = CARTESIAN_POINT ( 'NONE',  ( 12.77381889763779554, 4.791338582677165725, 0.1968503937007874127 ) ) ;
#4080 = VERTEX_POINT ( 'NONE', #2886 ) ;
#4081 = VECTOR ( 'NONE', #3902, 39.37007874015748143 ) ;
#4082 = CARTESIAN_POINT ( 'NONE',  ( 12.75090551181102505, 0.1274956692913385703, 0.1968503937007874127 ) ) ;
#4083 = ORIENTED_EDGE ( 'NONE', *, *, #4344, .F. ) ;
#4084 = CARTESIAN_POINT ( 'NONE',  ( 4.275393700787401663, 0.1080728346456693023, 0.000000000000000000 ) ) ;
#4085 = AXIS2_PLACEMENT_3D ( 'NONE', #5434, #4578, #3262 ) ;
#4086 = EDGE_CURVE ( 'NONE', #3543, #3158, #711, .T. ) ;
#4087 = ORIENTED_EDGE ( 'NONE', *, *, #1295, .F. ) ;
#4088 = ORIENTED_EDGE ( 'NONE', *, *, #1956, .F. ) ;
#4089 = VECTOR ( 'NONE', #4599, 39.37007874015748143 ) ;
#4090 = CARTESIAN_POINT ( 'NONE',  ( 12.75090551181102505, 4.822874015748031873, 0.1968503937007874127 ) ) ;
#4091 = LINE ( 'NONE', #5068, #4756 ) ;
#4092 = EDGE_LOOP ( 'NONE', ( #1031, #3994, #1612, #2828 ) ) ;
#4093 = VERTEX_POINT ( 'NONE', #5636 ) ;
#4094 = LINE ( 'NONE', #2697, #906 ) ;
#4095 = VECTOR ( 'NONE', #2577, 39.37007874015748143 ) ;
#4096 = LINE ( 'NONE', #1509, #5031 ) ;
#4097 = ORIENTED_EDGE ( 'NONE', *, *, #1388, .T. ) ;
#4098 = CARTESIAN_POINT ( 'NONE',  ( 12.87070866141732317, 0.1274956692913385703, 0.000000000000000000 ) ) ;
#4099 = DIRECTION ( 'NONE',  ( -0.000000000000000000, -0.000000000000000000, -1.000000000000000000 ) ) ;
#4100 = VECTOR ( 'NONE', #4712, 39.37007874015748143 ) ;
#4101 = VECTOR ( 'NONE', #4764, 39.37007874015748143 ) ;
#4102 = LINE ( 'NONE', #2447, #2449 ) ;
#4103 = ADVANCED_FACE ( 'NONE', ( #4162 ), #263, .T. ) ;
#4104 = FACE_OUTER_BOUND ( 'NONE', #4321, .T. ) ;
#4105 = EDGE_CURVE ( 'NONE', #340, #2793, #2454, .T. ) ;
#4106 = ADVANCED_FACE ( 'NONE', ( #4893 ), #1012, .T. ) ;
#4107 = VECTOR ( 'NONE', #3036, 39.37007874015748854 ) ;
#4108 = DIRECTION ( 'NONE',  ( -0.9880215842932855708, 0.1543157444027860592, 0.000000000000000000 ) ) ;
#4109 = VECTOR ( 'NONE', #4859, 39.37007874015748854 ) ;
#4110 = CARTESIAN_POINT ( 'NONE',  ( 4.401377952755906264, 4.842283464566929929, 0.1968503937007874127 ) ) ;
#4111 = ORIENTED_EDGE ( 'NONE', *, *, #4691, .F. ) ;
#4112 = PLANE ( 'NONE',  #2933 ) ;
#4113 = EDGE_LOOP ( 'NONE', ( #1976, #4306, #4129, #1058 ) ) ;
#4114 = VECTOR ( 'NONE', #174, 39.37007874015748854 ) ;
#4115 = CARTESIAN_POINT ( 'NONE',  ( 12.77381889763779554, 0.05712874015748031775, 0.1968503937007874127 ) ) ;
#4116 = VECTOR ( 'NONE', #4005, 39.37007874015748143 ) ;
#4117 = ORIENTED_EDGE ( 'NONE', *, *, #4145, .F. ) ;
#4118 = DIRECTION ( 'NONE',  ( -0.8899839804325453407, -0.4559917922215735442, 0.000000000000000000 ) ) ;
#4119 = EDGE_LOOP ( 'NONE', ( #2716, #1434, #5135, #119 ) ) ;
#4120 = CARTESIAN_POINT ( 'NONE',  ( 8.611653543307086878, 4.893267716535433465, 0.1968503937007874127 ) ) ;
#4121 = ORIENTED_EDGE ( 'NONE', *, *, #1319, .F. ) ;
#4122 = VERTEX_POINT ( 'NONE', #978 ) ;
#4123 = EDGE_CURVE ( 'NONE', #5474, #1181, #3976, .T. ) ;
#4124 = LINE ( 'NONE', #4173, #99 ) ;
#4125 = FACE_OUTER_BOUND ( 'NONE', #564, .T. ) ;
#4126 = ORIENTED_EDGE ( 'NONE', *, *, #4986, .T. ) ;
#4127 = CARTESIAN_POINT ( 'NONE',  ( 0.08268228346456693578, 0.1679137795275590928, 0.1968503937007874127 ) ) ;
#4128 = CARTESIAN_POINT ( 'NONE',  ( 4.389330708661417724, 4.805275590551181253, 0.000000000000000000 ) ) ;
#4129 = ORIENTED_EDGE ( 'NONE', *, *, #3405, .T. ) ;
#4130 = ADVANCED_FACE ( 'NONE', ( #2324 ), #950, .T. ) ;
#4131 = DIRECTION ( 'NONE',  ( -0.000000000000000000, -0.000000000000000000, -1.000000000000000000 ) ) ;
#4132 = DIRECTION ( 'NONE',  ( -0.000000000000000000, -0.000000000000000000, -1.000000000000000000 ) ) ;
#4133 = LINE ( 'NONE', #5077, #533 ) ;
#4134 = DIRECTION ( 'NONE',  ( 0.9880215842932842385, 0.1543157444027945246, -0.000000000000000000 ) ) ;
#4135 = FACE_OUTER_BOUND ( 'NONE', #2523, .T. ) ;
#4136 = DIRECTION ( 'NONE',  ( -0.1600690508825686753, 0.9871058195297774951, 0.000000000000000000 ) ) ;
#4137 = ORIENTED_EDGE ( 'NONE', *, *, #3416, .T. ) ;
#4138 = DIRECTION ( 'NONE',  ( -0.9871105220788043422, -0.1600400487419023077, 0.000000000000000000 ) ) ;
#4139 = ORIENTED_EDGE ( 'NONE', *, *, #2459, .F. ) ;
#4140 = CARTESIAN_POINT ( 'NONE',  ( 0.003743488188976378059, 0.009602874015748032177, 0.1968503937007874127 ) ) ;
#4141 = ORIENTED_EDGE ( 'NONE', *, *, #5336, .F. ) ;
#4142 = DIRECTION ( 'NONE',  ( 0.9872411207126463584, -0.1592324388246248168, 0.000000000000000000 ) ) ;
#4143 = VERTEX_POINT ( 'NONE', #2755 ) ;
#4144 = LINE ( 'NONE', #4084, #3455 ) ;
#4145 = EDGE_CURVE ( 'NONE', #341, #3238, #73, .T. ) ;
#4146 = ORIENTED_EDGE ( 'NONE', *, *, #3950, .T. ) ;
#4147 = ORIENTED_EDGE ( 'NONE', *, *, #5191, .F. ) ;
#4148 = DIRECTION ( 'NONE',  ( -0.000000000000000000, -0.000000000000000000, -1.000000000000000000 ) ) ;
#4149 = CARTESIAN_POINT ( 'NONE',  ( 4.389330708661417724, 4.805275590551181253, 0.1968503937007874127 ) ) ;
#4150 = ORIENTED_EDGE ( 'NONE', *, *, #2738, .F. ) ;
#4151 = DIRECTION ( 'NONE',  ( 0.000000000000000000, 0.000000000000000000, -1.000000000000000000 ) ) ;
#4152 = ORIENTED_EDGE ( 'NONE', *, *, #1534, .F. ) ;
#4153 = DIRECTION ( 'NONE',  ( -0.8924218088635693658, -0.4512020778594384440, 0.000000000000000000 ) ) ;
#4154 = FACE_OUTER_BOUND ( 'NONE', #1345, .T. ) ;
#4155 = LINE ( 'NONE', #682, #3364 ) ;
#4156 = ORIENTED_EDGE ( 'NONE', *, *, #401, .T. ) ;
#4157 = DIRECTION ( 'NONE',  ( -0.4533922161898034098, 0.8913111119572662000, 0.000000000000000000 ) ) ;
#4158 = ADVANCED_FACE ( 'NONE', ( #4805 ), #5326, .T. ) ;
#4159 = DIRECTION ( 'NONE',  ( 0.4563732901630925265, 0.8897884130655521195, 0.000000000000000000 ) ) ;
#4160 = CARTESIAN_POINT ( 'NONE',  ( 0.1021051181102362315, 0.04503031496062991773, 0.1968503937007874127 ) ) ;
#4161 = VERTEX_POINT ( 'NONE', #1782 ) ;
#4162 = FACE_OUTER_BOUND ( 'NONE', #1757, .T. ) ;
#4163 = ORIENTED_EDGE ( 'NONE', *, *, #5354, .F. ) ;
#4164 = DIRECTION ( 'NONE',  ( 0.8922101619186267873, 0.4516204456943214707, 0.000000000000000000 ) ) ;
#4165 = ORIENTED_EDGE ( 'NONE', *, *, #2340, .F. ) ;
#4166 = LINE ( 'NONE', #5061, #2116 ) ;
#4167 = VERTEX_POINT ( 'NONE', #3584 ) ;
#4168 = CARTESIAN_POINT ( 'NONE',  ( 4.338385826771653520, 0.1710610236220475311, 0.000000000000000000 ) ) ;
#4169 = ADVANCED_FACE ( 'NONE', ( #2720 ), #2238, .T. ) ;
#4170 = EDGE_CURVE ( 'NONE', #1493, #4952, #3130, .T. ) ;
#4171 = VERTEX_POINT ( 'NONE', #160 ) ;
#4172 = ORIENTED_EDGE ( 'NONE', *, *, #2031, .F. ) ;
#4173 = CARTESIAN_POINT ( 'NONE',  ( 8.514645669291338592, 4.822874015748031873, 0.1968503937007874127 ) ) ;
#4174 = VECTOR ( 'NONE', #5039, 39.37007874015748854 ) ;
#4175 = LINE ( 'NONE', #2385, #302 ) ;
#4176 = ORIENTED_EDGE ( 'NONE', *, *, #4366, .F. ) ;
#4177 = PRODUCT_DEFINITION ( 'UNKNOWN', '', #840, #123 ) ;
#4178 = LINE ( 'NONE', #282, #5120 ) ;
#4179 = VECTOR ( 'NONE', #2009, 39.37007874015748143 ) ;
#4180 = VERTEX_POINT ( 'NONE', #4866 ) ;
#4181 = EDGE_LOOP ( 'NONE', ( #3500, #853, #1958, #5470 ) ) ;
#4182 = LINE ( 'NONE', #1132, #4560 ) ;
#4183 = DIRECTION ( 'NONE',  ( 0.9877141838830448828, 0.1562712096204883216, -0.000000000000000000 ) ) ;
#4184 = DIRECTION ( 'NONE',  ( -0.1597438273536472275, -0.9871585027858535977, 0.000000000000000000 ) ) ;
#4185 = VECTOR ( 'NONE', #204, 39.37007874015748143 ) ;
#4186 = LINE ( 'NONE', #1622, #993 ) ;
#4187 = EDGE_CURVE ( 'NONE', #866, #4023, #504, .T. ) ;
#4188 = PLANE ( 'NONE',  #4923 ) ;
#4189 = CARTESIAN_POINT ( 'NONE',  ( 4.338385826771653520, 4.905275590551180898, 0.1968503937007874127 ) ) ;
#4190 = VECTOR ( 'NONE', #2264, 39.37007874015748143 ) ;
#4191 = CARTESIAN_POINT ( 'NONE',  ( 4.375393700787402196, 0.1590165354330708714, 0.1968503937007874127 ) ) ;
#4192 = FACE_OUTER_BOUND ( 'NONE', #1419, .T. ) ;
#4193 = ORIENTED_EDGE ( 'NONE', *, *, #4344, .T. ) ;
#4194 = DIRECTION ( 'NONE',  ( -0.000000000000000000, -0.000000000000000000, -1.000000000000000000 ) ) ;
#4195 = VECTOR ( 'NONE', #4646, 39.37007874015748854 ) ;
#4196 = VECTOR ( 'NONE', #3689, 39.37007874015748854 ) ;
#4197 = VECTOR ( 'NONE', #5556, 39.37007874015748854 ) ;
#4198 = VERTEX_POINT ( 'NONE', #2694 ) ;
#4199 =( GEOMETRIC_REPRESENTATION_CONTEXT ( 3 ) GLOBAL_UNCERTAINTY_ASSIGNED_CONTEXT ( ( #1468 ) ) GLOBAL_UNIT_ASSIGNED_CONTEXT ( ( #1938, #1564, #3642 ) ) REPRESENTATION_CONTEXT ( 'NONE', 'WORKASPACE' ) );
#4200 = AXIS2_PLACEMENT_3D ( 'NONE', #3047, #1577, #3929 ) ;
#4201 = CARTESIAN_POINT ( 'NONE',  ( 12.81086614173228533, 0.04503031496062991773, 0.1968503937007874127 ) ) ;
#4202 = ORIENTED_EDGE ( 'NONE', *, *, #5471, .F. ) ;
#4203 = CARTESIAN_POINT ( 'NONE',  ( 0.1215818897637795243, 0.04817716535433071157, 0.1968503937007874127 ) ) ;
#4204 = VECTOR ( 'NONE', #5523, 39.37007874015748143 ) ;
#4205 = EDGE_LOOP ( 'NONE', ( #3516, #923, #3358, #4601, #3098, #1330, #3601, #1193, #5620, #2061, #2468, #748, #3453, #1800, #5348, #2623, #5461, #2893, #4885, #4269 ) ) ;
#4206 = ORIENTED_EDGE ( 'NONE', *, *, #5435, .F. ) ;
#4207 = LINE ( 'NONE', #336, #12 ) ;
#4208 = VECTOR ( 'NONE', #4521, 39.37007874015748143 ) ;
#4209 = CARTESIAN_POINT ( 'NONE',  ( 0.1215818897637795243, 0.1679137795275590928, 0.000000000000000000 ) ) ;
#4210 = VERTEX_POINT ( 'NONE', #562 ) ;
#4211 = CARTESIAN_POINT ( 'NONE',  ( 0.03911681102362205009, 0.1080728346456693023, 0.000000000000000000 ) ) ;
#4212 = ORIENTED_EDGE ( 'NONE', *, *, #673, .T. ) ;
#4213 = ORIENTED_EDGE ( 'NONE', *, *, #5320, .F. ) ;
#4214 = LINE ( 'NONE', #5136, #3015 ) ;
#4215 = CARTESIAN_POINT ( 'NONE',  ( 8.537598425196851082, 0.05712874015748031775, 0.000000000000000000 ) ) ;
#4216 = DIRECTION ( 'NONE',  ( -0.000000000000000000, -0.000000000000000000, -1.000000000000000000 ) ) ;
#4217 = DIRECTION ( 'NONE',  ( 0.8913111119572663110, 0.4533922161898034653, -0.000000000000000000 ) ) ;
#4218 = EDGE_CURVE ( 'NONE', #1102, #3636, #586, .T. ) ;
#4219 = LINE ( 'NONE', #2906, #4195 ) ;
#4220 = DIRECTION ( 'NONE',  ( -0.1595009562656748425, 0.9871977739796293783, 0.000000000000000000 ) ) ;
#4221 = DIRECTION ( 'NONE',  ( -0.4567620255206142899, -0.8895889230663258651, 0.000000000000000000 ) ) ;
#4222 = LINE ( 'NONE', #3872, #105 ) ;
#4223 = ORIENTED_EDGE ( 'NONE', *, *, #3265, .F. ) ;
#4224 = DIRECTION ( 'NONE',  ( 0.8909001243533993808, -0.4541992607073438992, 0.000000000000000000 ) ) ;
#4225 = ORIENTED_EDGE ( 'NONE', *, *, #3810, .F. ) ;
#4226 = CARTESIAN_POINT ( 'NONE',  ( 0.003743488188976378059, 4.940708661417322567, 0.1968503937007874127 ) ) ;
#4227 = VERTEX_POINT ( 'NONE', #1872 ) ;
#4228 = CARTESIAN_POINT ( 'NONE',  ( 12.79133858267716484, 4.902244094488189319, 0.1968503937007874127 ) ) ;
#4229 = EDGE_CURVE ( 'NONE', #355, #421, #3609, .T. ) ;
#4230 = ORIENTED_EDGE ( 'NONE', *, *, #3686, .F. ) ;
#4231 = EDGE_LOOP ( 'NONE', ( #2341, #5520, #2260, #1121, #529, #5524, #1463, #1304, #2595, #2560, #3323, #2958, #4528, #4953, #3412, #2131, #329, #1043, #5062, #505 ) ) ;
#4232 = ADVANCED_FACE ( 'NONE', ( #2669 ), #5350, .T. ) ;
#4233 = EDGE_CURVE ( 'NONE', #3631, #3673, #4384, .T. ) ;
#4234 = LINE ( 'NONE', #3353, #465 ) ;
#4235 = EDGE_LOOP ( 'NONE', ( #4977, #2261, #1893, #5210 ) ) ;
#4236 = ADVANCED_FACE ( 'NONE', ( #4841 ), #3527, .T. ) ;
#4237 = EDGE_CURVE ( 'NONE', #3746, #945, #5265, .T. ) ;
#4238 = PLANE ( 'NONE',  #2740 ) ;
#4239 = ORIENTED_EDGE ( 'NONE', *, *, #3670, .F. ) ;
#4240 = EDGE_LOOP ( 'NONE', ( #1842, #2685, #3305, #4212 ) ) ;
#4241 = FACE_OUTER_BOUND ( 'NONE', #4240, .T. ) ;
#4242 = DIRECTION ( 'NONE',  ( -0.1576014570290419081, 0.9875028003718889780, 0.000000000000000000 ) ) ;
#4243 = DIRECTION ( 'NONE',  ( -0.1593515750220751703, 0.9872218978213478380, 0.000000000000000000 ) ) ;
#4244 = DIRECTION ( 'NONE',  ( 0.4520549723629646577, -0.8919900795199008359, 0.000000000000000000 ) ) ;
#4245 = EDGE_CURVE ( 'NONE', #3692, #1409, #929, .T. ) ;
#4246 = CARTESIAN_POINT ( 'NONE',  ( 0.1215818897637795243, 0.04817716535433071157, 0.1968503937007874127 ) ) ;
#4247 = DIRECTION ( 'NONE',  ( -0.9880691672626490396, 0.1540107811320215736, 0.000000000000000000 ) ) ;
#4248 = ADVANCED_FACE ( 'NONE', ( #5440 ), #1560, .T. ) ;
#4249 = PLANE ( 'NONE',  #1552 ) ;
#4250 = VERTEX_POINT ( 'NONE', #2016 ) ;
#4251 = LINE ( 'NONE', #5059, #4452 ) ;
#4252 = CARTESIAN_POINT ( 'NONE',  ( 12.77381889763779554, 0.1590165354330708714, 0.1968503937007874127 ) ) ;
#4253 = ORIENTED_EDGE ( 'NONE', *, *, #4772, .T. ) ;
#4254 = CARTESIAN_POINT ( 'NONE',  ( 8.514645669291338592, 4.861771653543307536, 0.000000000000000000 ) ) ;
#4255 = ORIENTED_EDGE ( 'NONE', *, *, #3405, .F. ) ;
#4256 = DIRECTION ( 'NONE',  ( -0.000000000000000000, -0.000000000000000000, -1.000000000000000000 ) ) ;
#4257 = EDGE_CURVE ( 'NONE', #3974, #1051, #698, .T. ) ;
#4258 = EDGE_LOOP ( 'NONE', ( #3075, #1609, #5069, #2074 ) ) ;
#4259 = ORIENTED_EDGE ( 'NONE', *, *, #4276, .F. ) ;
#4260 = DIRECTION ( 'NONE',  ( -1.000000000000000000, 0.000000000000000000, -0.000000000000000000 ) ) ;
#4261 = VERTEX_POINT ( 'NONE', #3326 ) ;
#4262 = CARTESIAN_POINT ( 'NONE',  ( 8.594055118110235369, 0.04817716535433071157, 0.000000000000000000 ) ) ;
#4263 = EDGE_CURVE ( 'NONE', #3448, #672, #4091, .T. ) ;
#4264 = ORIENTED_EDGE ( 'NONE', *, *, #5042, .T. ) ;
#4265 = ORIENTED_EDGE ( 'NONE', *, *, #2687, .T. ) ;
#4266 = FACE_OUTER_BOUND ( 'NONE', #5324, .T. ) ;
#4267 = CARTESIAN_POINT ( 'NONE',  ( 12.77381889763779554, 4.791338582677165725, 0.1968503937007874127 ) ) ;
#4268 = CARTESIAN_POINT ( 'NONE',  ( 4.287362204724409764, 4.805275590551181253, 0.1968503937007874127 ) ) ;
#4269 = ORIENTED_EDGE ( 'NONE', *, *, #886, .T. ) ;
#4270 = VECTOR ( 'NONE', #2163, 39.37007874015748854 ) ;
#4271 = LINE ( 'NONE', #5140, #2275 ) ;
#4272 = AXIS2_PLACEMENT_3D ( 'NONE', #2318, #2407, #156 ) ;
#4273 = LINE ( 'NONE', #374, #3207 ) ;
#4274 = DIRECTION ( 'NONE',  ( 0.7083262900088699299, 0.7058851655065930819, 0.000000000000000000 ) ) ;
#4275 = DIRECTION ( 'NONE',  ( -0.000000000000000000, -0.000000000000000000, -1.000000000000000000 ) ) ;
#4276 = EDGE_CURVE ( 'NONE', #451, #666, #4175, .T. ) ;
#4277 = VECTOR ( 'NONE', #2122, 39.37007874015748854 ) ;
#4278 = ORIENTED_EDGE ( 'NONE', *, *, #265, .T. ) ;
#4279 = EDGE_CURVE ( 'NONE', #1556, #2173, #2473, .T. ) ;
#4280 = CARTESIAN_POINT ( 'NONE',  ( 12.75090551181102505, 4.822874015748031873, 0.000000000000000000 ) ) ;
#4281 = CARTESIAN_POINT ( 'NONE',  ( 12.77381889763779554, 0.1590165354330708714, 0.1968503937007874127 ) ) ;
#4282 = ADVANCED_FACE ( 'NONE', ( #4125 ), #188, .T. ) ;
#4283 = CARTESIAN_POINT ( 'NONE',  ( 4.398267716535433358, 4.822874015748031873, 0.1968503937007874127 ) ) ;
#4284 = VECTOR ( 'NONE', #3704, 39.37007874015748143 ) ;
#4285 = AXIS2_PLACEMENT_3D ( 'NONE', #4790, #3079, #1362 ) ;
#4286 = ORIENTED_EDGE ( 'NONE', *, *, #4346, .T. ) ;
#4287 = CARTESIAN_POINT ( 'NONE',  ( 12.83027559055118161, 4.902244094488190207, 0.1968503937007874127 ) ) ;
#4288 = AXIS2_PLACEMENT_3D ( 'NONE', #1259, #5597, #3857 ) ;
#4289 = VECTOR ( 'NONE', #2357, 39.37007874015748854 ) ;
#4290 = DIRECTION ( 'NONE',  ( -0.8899839804325222481, -0.4559917922216186192, 0.000000000000000000 ) ) ;
#4291 = VECTOR ( 'NONE', #60, 39.37007874015748854 ) ;
#4292 = VECTOR ( 'NONE', #2871, 39.37007874015748143 ) ;
#4293 = ORIENTED_EDGE ( 'NONE', *, *, #4870, .F. ) ;
#4294 = DIRECTION ( 'NONE',  ( -0.8899839804325453407, -0.4559917922215735442, 0.000000000000000000 ) ) ;
#4295 = EDGE_CURVE ( 'NONE', #4062, #3463, #249, .T. ) ;
#4296 = ORIENTED_EDGE ( 'NONE', *, *, #1404, .F. ) ;
#4297 = VECTOR ( 'NONE', #1129, 39.37007874015748143 ) ;
#4298 = AXIS2_PLACEMENT_3D ( 'NONE', #1346, #2170, #5200 ) ;
#4299 = EDGE_CURVE ( 'NONE', #994, #2547, #4980, .T. ) ;
#4300 = CARTESIAN_POINT ( 'NONE',  ( 12.81086614173228533, 4.779291338582677184, 0.1968503937007874127 ) ) ;
#4301 = VERTEX_POINT ( 'NONE', #1934 ) ;
#4302 = ORIENTED_EDGE ( 'NONE', *, *, #1371, .T. ) ;
#4303 = VECTOR ( 'NONE', #1356, 39.37007874015748143 ) ;
#4304 = CARTESIAN_POINT ( 'NONE',  ( 0.05116102362204725390, 0.1450736220472441107, 0.000000000000000000 ) ) ;
#4305 = LINE ( 'NONE', #4784, #1266 ) ;
#4306 = ORIENTED_EDGE ( 'NONE', *, *, #2113, .F. ) ;
#4307 = DIRECTION ( 'NONE',  ( -0.8899839804325222481, -0.4559917922216186192, 0.000000000000000000 ) ) ;
#4308 = EDGE_CURVE ( 'NONE', #2897, #1206, #2349, .T. ) ;
#4309 = CARTESIAN_POINT ( 'NONE',  ( 0.1651472440944882214, 0.1080728346456693023, 0.1968503937007874127 ) ) ;
#4310 = CARTESIAN_POINT ( 'NONE',  ( 8.594055118110235369, 0.1679137795275590928, 0.1968503937007874127 ) ) ;
#4311 = DIRECTION ( 'NONE',  ( -0.000000000000000000, -0.000000000000000000, -1.000000000000000000 ) ) ;
#4312 = EDGE_CURVE ( 'NONE', #5629, #1123, #1895, .T. ) ;
#4313 = EDGE_LOOP ( 'NONE', ( #3551, #2781, #284, #1448 ) ) ;
#4314 = DIRECTION ( 'NONE',  ( 0.4559917922215735442, -0.8899839804325453407, 0.000000000000000000 ) ) ;
#4315 = DIRECTION ( 'NONE',  ( -0.8914042697118759184, -0.4532090333824309036, 0.000000000000000000 ) ) ;
#4316 = CARTESIAN_POINT ( 'NONE',  ( 0.003743488188976378059, 0.009602874015748032177, 0.1968503937007874127 ) ) ;
#4317 = CARTESIAN_POINT ( 'NONE',  ( 0.04220905511811023220, 4.861771653543307536, 0.000000000000000000 ) ) ;
#4318 = CARTESIAN_POINT ( 'NONE',  ( 8.574606299212598870, 0.1710610236220472535, 0.000000000000000000 ) ) ;
#4319 = ORIENTED_EDGE ( 'NONE', *, *, #5257, .T. ) ;
#4320 = CARTESIAN_POINT ( 'NONE',  ( 8.574606299212598870, 4.779291338582677184, 0.1968503937007874127 ) ) ;
#4321 = EDGE_LOOP ( 'NONE', ( #380, #4847, #1320, #1089 ) ) ;
#4322 = ADVANCED_FACE ( 'NONE', ( #5382 ), #1065, .T. ) ;
#4323 = CARTESIAN_POINT ( 'NONE',  ( 12.75988188976378090, 0.07101771653543308138, 0.1968503937007874127 ) ) ;
#4324 = ORIENTED_EDGE ( 'NONE', *, *, #1980, .T. ) ;
#4325 = VERTEX_POINT ( 'NONE', #1476 ) ;
#4326 = DIRECTION ( 'NONE',  ( -0.000000000000000000, -0.000000000000000000, -1.000000000000000000 ) ) ;
#4327 = CARTESIAN_POINT ( 'NONE',  ( 4.278425196850394130, 0.08854173228346456925, 0.000000000000000000 ) ) ;
#4328 = LINE ( 'NONE', #873, #1170 ) ;
#4329 = ORIENTED_EDGE ( 'NONE', *, *, #1647, .T. ) ;
#4330 = DIRECTION ( 'NONE',  ( -1.000000000000000000, 0.000000000000000000, 0.000000000000000000 ) ) ;
#4331 = CARTESIAN_POINT ( 'NONE',  ( 4.301338582677165512, 0.1590165354330708714, 0.1968503937007874127 ) ) ;
#4332 = DIMENSIONAL_EXPONENTS ( 1.000000000000000000, 0.000000000000000000, 0.000000000000000000, 0.000000000000000000, 0.000000000000000000, 0.000000000000000000, 0.000000000000000000 ) ;
#4333 = CARTESIAN_POINT ( 'NONE',  ( 0.1391598425196850508, 0.05712874015748031775, 0.1968503937007874127 ) ) ;
#4334 = CARTESIAN_POINT ( 'NONE',  ( 12.47618110236220446, 0.6001496062992126568, 0.1968503937007874127 ) ) ;
#4335 = EDGE_LOOP ( 'NONE', ( #224, #1416, #1527, #5241 ) ) ;
#4336 = FACE_OUTER_BOUND ( 'NONE', #4396, .T. ) ;
#4337 = DIRECTION ( 'NONE',  ( -0.7071067811865613395, 0.7071067811865335839, 0.000000000000000000 ) ) ;
#4338 = DIRECTION ( 'NONE',  ( 0.4559528082269453386, -0.8900039531765925327, 0.000000000000000000 ) ) ;
#4339 = CARTESIAN_POINT ( 'NONE',  ( 0.08268228346456693578, 4.782440944881890310, 0.000000000000000000 ) ) ;
#4340 = LINE ( 'NONE', #4368, #5466 ) ;
#4341 = EDGE_CURVE ( 'NONE', #3012, #3698, #4955, .T. ) ;
#4342 = VERTEX_POINT ( 'NONE', #5412 ) ;
#4343 = CARTESIAN_POINT ( 'NONE',  ( 4.401377952755906264, 0.1080728346456693023, 0.1968503937007874127 ) ) ;
#4344 = EDGE_CURVE ( 'NONE', #980, #3560, #278, .T. ) ;
#4345 = ORIENTED_EDGE ( 'NONE', *, *, #2085, .F. ) ;
#4346 = EDGE_CURVE ( 'NONE', #421, #5409, #610, .T. ) ;
#4347 = ADVANCED_FACE ( 'NONE', ( #3668 ), #1505, .T. ) ;
#4348 = PLANE ( 'NONE',  #2932 ) ;
#4349 = ORIENTED_EDGE ( 'NONE', *, *, #3091, .F. ) ;
#4350 = ORIENTED_EDGE ( 'NONE', *, *, #2225, .F. ) ;
#4351 = CARTESIAN_POINT ( 'NONE',  ( 12.75090551181102505, 4.861771653543307536, 0.1968503937007874127 ) ) ;
#4352 = DIRECTION ( 'NONE',  ( 0.1591160391763127568, -0.9872598878091027874, 0.000000000000000000 ) ) ;
#4353 = EDGE_CURVE ( 'NONE', #3622, #247, #5469, .T. ) ;
#4354 = DIRECTION ( 'NONE',  ( -0.1590103127589196086, -0.9872769218594702467, 0.000000000000000000 ) ) ;
#4355 = ORIENTED_EDGE ( 'NONE', *, *, #1774, .T. ) ;
#4356 = CARTESIAN_POINT ( 'NONE',  ( 8.637598425196850727, 4.842283464566929929, 0.1968503937007874127 ) ) ;
#4357 = CARTESIAN_POINT ( 'NONE',  ( 4.318897637795275912, 4.902244094488189319, 0.1968503937007874127 ) ) ;
#4358 = CARTESIAN_POINT ( 'NONE',  ( 4.318897637795275912, 0.1679137795275590928, 0.1968503937007874127 ) ) ;
#4359 = DIRECTION ( 'NONE',  ( 0.8916045487671796499, -0.4528148944300241507, 0.000000000000000000 ) ) ;
#4360 = DIRECTION ( 'NONE',  ( -0.1593515750220751703, 0.9872218978213478380, 0.000000000000000000 ) ) ;
#4361 = VECTOR ( 'NONE', #1890, 39.37007874015748143 ) ;
#4362 = PLANE ( 'NONE',  #3913 ) ;
#4363 = CARTESIAN_POINT ( 'NONE',  ( 0.1531027559055118115, 4.879330708661417937, 0.000000000000000000 ) ) ;
#4364 = VECTOR ( 'NONE', #1430, 39.37007874015748143 ) ;
#4365 = ORIENTED_EDGE ( 'NONE', *, *, #2195, .T. ) ;
#4366 = EDGE_CURVE ( 'NONE', #340, #2688, #4608, .T. ) ;
#4367 = CARTESIAN_POINT ( 'NONE',  ( 0.1215818897637795243, 0.1679137795275590928, 0.1968503937007874127 ) ) ;
#4368 = CARTESIAN_POINT ( 'NONE',  ( 4.398267716535433358, 4.822874015748031873, 0.1968503937007874127 ) ) ;
#4369 = AXIS2_PLACEMENT_3D ( 'NONE', #1310, #4761, #3851 ) ;
#4370 = ORIENTED_EDGE ( 'NONE', *, *, #1755, .F. ) ;
#4371 = VECTOR ( 'NONE', #928, 39.37007874015748143 ) ;
#4372 = VECTOR ( 'NONE', #4595, 39.37007874015748143 ) ;
#4373 = CARTESIAN_POINT ( 'NONE',  ( 0.1651472440944882214, 0.1080728346456693023, 0.1968503937007874127 ) ) ;
#4374 = ORIENTED_EDGE ( 'NONE', *, *, #3537, .T. ) ;
#4375 = VECTOR ( 'NONE', #1691, 39.37007874015748143 ) ;
#4376 = VECTOR ( 'NONE', #526, 39.37007874015748854 ) ;
#4377 = VECTOR ( 'NONE', #791, 39.37007874015748143 ) ;
#4378 = APPLICATION_PROTOCOL_DEFINITION ( 'draft international standard', 'automotive_design', 1998, #761 ) ;
#4379 = EDGE_LOOP ( 'NONE', ( #2960, #4697, #371, #1477 ) ) ;
#4380 = EDGE_LOOP ( 'NONE', ( #4794, #1608, #2695, #153 ) ) ;
#4381 = CARTESIAN_POINT ( 'NONE',  ( 0.04220905511811023220, 0.1274956692913385703, 0.1968503937007874127 ) ) ;
#4382 = VECTOR ( 'NONE', #3069, 39.37007874015748143 ) ;
#4383 = VECTOR ( 'NONE', #2794, 39.37007874015748143 ) ;
#4384 = LINE ( 'NONE', #3180, #111 ) ;
#4385 = ORIENTED_EDGE ( 'NONE', *, *, #338, .T. ) ;
#4386 = DIRECTION ( 'NONE',  ( 0.1599815188204922189, 0.9871200097434396081, 0.000000000000000000 ) ) ;
#4387 = CARTESIAN_POINT ( 'NONE',  ( 8.594055118110235369, 0.1679137795275590928, 0.000000000000000000 ) ) ;
#4388 = VECTOR ( 'NONE', #2845, 39.37007874015748143 ) ;
#4389 = PLANE ( 'NONE',  #4658 ) ;
#4390 = DIRECTION ( 'NONE',  ( -0.4512497765713583409, -0.8923976911356836794, 0.000000000000000000 ) ) ;
#4391 = DIRECTION ( 'NONE',  ( -0.4532090333824528305, -0.8914042697118645942, 0.000000000000000000 ) ) ;
#4392 = FACE_OUTER_BOUND ( 'NONE', #462, .T. ) ;
#4393 = DIRECTION ( 'NONE',  ( 0.1533772373344898243, -0.9881677099903839467, 0.000000000000000000 ) ) ;
#4394 = EDGE_CURVE ( 'NONE', #2066, #432, #1611, .T. ) ;
#4395 = CARTESIAN_POINT ( 'NONE',  ( 0.1531027559055118115, 4.879330708661417937, 0.1968503937007874127 ) ) ;
#4396 = EDGE_LOOP ( 'NONE', ( #1220, #2317, #1124, #470 ) ) ;
#4397 = DIRECTION ( 'NONE',  ( 0.1542119231227464249, 0.9880377941995862612, 0.000000000000000000 ) ) ;
#4398 = LINE ( 'NONE', #1773, #3007 ) ;
#4399 = ORIENTED_EDGE ( 'NONE', *, *, #4772, .F. ) ;
#4400 = CARTESIAN_POINT ( 'NONE',  ( 0.1531027559055118115, 4.879330708661417937, 0.000000000000000000 ) ) ;
#4401 = ORIENTED_EDGE ( 'NONE', *, *, #4947, .F. ) ;
#4402 = EDGE_CURVE ( 'NONE', #5586, #1777, #4670, .T. ) ;
#4403 = ADVANCED_FACE ( 'NONE', ( #759 ), #2503, .T. ) ;
#4404 = CARTESIAN_POINT ( 'NONE',  ( 8.514645669291338592, 0.1274956692913385703, 0.1968503937007874127 ) ) ;
#4405 = VERTEX_POINT ( 'NONE', #2306 ) ;
#4406 = ORIENTED_EDGE ( 'NONE', *, *, #3436, .F. ) ;
#4407 = LINE ( 'NONE', #4891, #2370 ) ;
#4408 = CARTESIAN_POINT ( 'NONE',  ( 8.637598425196850727, 0.1080728346456693023, 0.1968503937007874127 ) ) ;
#4409 = ORIENTED_EDGE ( 'NONE', *, *, #604, .F. ) ;
#4410 = DIRECTION ( 'NONE',  ( 0.8922101619186266763, -0.4516204456943217482, 0.000000000000000000 ) ) ;
#4411 = EDGE_CURVE ( 'NONE', #1986, #4924, #3617, .T. ) ;
#4412 = DIRECTION ( 'NONE',  ( -1.000000000000000000, 0.000000000000000000, 0.000000000000000000 ) ) ;
#4413 = VERTEX_POINT ( 'NONE', #80 ) ;
#4414 = LINE ( 'NONE', #5167, #4740 ) ;
#4415 = FACE_OUTER_BOUND ( 'NONE', #3643, .T. ) ;
#4416 = CARTESIAN_POINT ( 'NONE',  ( 4.338385826771653520, 4.779291338582677184, 0.1968503937007874127 ) ) ;
#4417 = CARTESIAN_POINT ( 'NONE',  ( 12.86181102362204598, 4.805275590551181253, 0.000000000000000000 ) ) ;
#4418 = EDGE_CURVE ( 'NONE', #3232, #1553, #1020, .T. ) ;
#4419 = EDGE_CURVE ( 'NONE', #3373, #1493, #1340, .T. ) ;
#4420 = FACE_OUTER_BOUND ( 'NONE', #2656, .T. ) ;
#4421 = ORIENTED_EDGE ( 'NONE', *, *, #2495, .T. ) ;
#4422 = LINE ( 'NONE', #10, #3658 ) ;
#4423 = ADVANCED_FACE ( 'NONE', ( #3564 ), #958, .T. ) ;
#4424 = DIRECTION ( 'NONE',  ( -0.000000000000000000, -0.000000000000000000, -1.000000000000000000 ) ) ;
#4425 = ORIENTED_EDGE ( 'NONE', *, *, #5561, .F. ) ;
#4426 = CARTESIAN_POINT ( 'NONE',  ( 8.514645669291338592, 0.1274956692913385703, 0.1968503937007874127 ) ) ;
#4427 = VERTEX_POINT ( 'NONE', #1818 ) ;
#4428 = EDGE_CURVE ( 'NONE', #2772, #4, #4044, .T. ) ;
#4429 = LINE ( 'NONE', #3043, #5481 ) ;
#4430 = ORIENTED_EDGE ( 'NONE', *, *, #313, .F. ) ;
#4431 = VERTEX_POINT ( 'NONE', #3112 ) ;
#4432 = DIRECTION ( 'NONE',  ( 0.1562712096204883216, -0.9877141838830448828, 0.000000000000000000 ) ) ;
#4433 = CARTESIAN_POINT ( 'NONE',  ( 4.318897637795275912, 0.04817716535433071157, 0.1968503937007874127 ) ) ;
#4434 = ORIENTED_EDGE ( 'NONE', *, *, #1248, .T. ) ;
#4435 = VERTEX_POINT ( 'NONE', #5272 ) ;
#4436 = DIRECTION ( 'NONE',  ( -0.8922101619186157961, -0.4516204456943435641, 0.000000000000000000 ) ) ;
#4437 = ADVANCED_FACE ( 'NONE', ( #4415 ), #2274, .T. ) ;
#4438 = PLANE ( 'NONE',  #1562 ) ;
#4439 = ORIENTED_EDGE ( 'NONE', *, *, #1931, .F. ) ;
#4440 = DIRECTION ( 'NONE',  ( -0.000000000000000000, -0.000000000000000000, -1.000000000000000000 ) ) ;
#4441 = CARTESIAN_POINT ( 'NONE',  ( 4.287362204724409764, 0.07101771653543308138, 0.1968503937007874127 ) ) ;
#4442 = CARTESIAN_POINT ( 'NONE',  ( 0.05116102362204725390, 0.07101771653543308138, 0.1968503937007874127 ) ) ;
#4443 = CARTESIAN_POINT ( 'NONE',  ( 0.1391598425196850508, 4.893267716535433465, 0.1968503937007874127 ) ) ;
#4444 = DIRECTION ( 'NONE',  ( 0.4549196351979303277, -0.8905324954831136397, 0.000000000000000000 ) ) ;
#4445 = CARTESIAN_POINT ( 'NONE',  ( 0.05116102362204725390, 4.879330708661417937, 0.1968503937007874127 ) ) ;
#4446 = VERTEX_POINT ( 'NONE', #5308 ) ;
#4447 = EDGE_CURVE ( 'NONE', #1919, #649, #510, .T. ) ;
#4448 = VECTOR ( 'NONE', #972, 39.37007874015748143 ) ;
#4449 = PLANE ( 'NONE',  #1471 ) ;
#4450 = EDGE_CURVE ( 'NONE', #1028, #1947, #592, .T. ) ;
#4451 = DIRECTION ( 'NONE',  ( 0.4516204456943435086, -0.8922101619186156851, 0.000000000000000000 ) ) ;
#4452 = VECTOR ( 'NONE', #3371, 39.37007874015748143 ) ;
#4453 = VERTEX_POINT ( 'NONE', #4441 ) ;
#4454 = CARTESIAN_POINT ( 'NONE',  ( 12.87385826771653541, 4.842283464566929929, 0.1968503937007874127 ) ) ;
#4455 = VECTOR ( 'NONE', #2616, 39.37007874015748143 ) ;
#4456 = ORIENTED_EDGE ( 'NONE', *, *, #3685, .F. ) ;
#4457 = LINE ( 'NONE', #4976, #984 ) ;
#4458 = VECTOR ( 'NONE', #5080, 39.37007874015748143 ) ;
#4459 = ORIENTED_EDGE ( 'NONE', *, *, #210, .T. ) ;
#4460 = VECTOR ( 'NONE', #934, 39.37007874015748143 ) ;
#4461 = EDGE_LOOP ( 'NONE', ( #135, #4676, #1300, #477 ) ) ;
#4462 = EDGE_CURVE ( 'NONE', #3693, #5114, #2729, .T. ) ;
#4463 = CARTESIAN_POINT ( 'NONE',  ( 8.555118110236222151, 0.04817716535433071157, 0.1968503937007874127 ) ) ;
#4464 = DIRECTION ( 'NONE',  ( 0.4527899509762813857, -0.8916172162396240886, 0.000000000000000000 ) ) ;
#4465 = ORIENTED_EDGE ( 'NONE', *, *, #1619, .T. ) ;
#4466 = VECTOR ( 'NONE', #2198, 39.37007874015748143 ) ;
#4467 = VERTEX_POINT ( 'NONE', #4017 ) ;
#4468 = VECTOR ( 'NONE', #1306, 39.37007874015748143 ) ;
#4469 = VECTOR ( 'NONE', #4900, 39.37007874015748143 ) ;
#4470 = CARTESIAN_POINT ( 'NONE',  ( 4.338385826771653520, 4.779291338582677184, 0.1968503937007874127 ) ) ;
#4471 = DIRECTION ( 'NONE',  ( -0.7071067811865336949, 0.7071067811865614505, 0.000000000000000000 ) ) ;
#4472 = VERTEX_POINT ( 'NONE', #5358 ) ;
#4473 = VECTOR ( 'NONE', #3782, 39.37007874015748143 ) ;
#4474 = VECTOR ( 'NONE', #5259, 39.37007874015748854 ) ;
#4475 = DIRECTION ( 'NONE',  ( -0.000000000000000000, -0.000000000000000000, -1.000000000000000000 ) ) ;
#4476 = CARTESIAN_POINT ( 'NONE',  ( 4.375393700787402196, 4.893267716535433465, 0.1968503937007874127 ) ) ;
#4477 = DIRECTION ( 'NONE',  ( 0.9870883714087308469, 0.1601766119933220600, 0.000000000000000000 ) ) ;
#4478 = CARTESIAN_POINT ( 'NONE',  ( 0.1215818897637795243, 4.782440944881890310, 0.1968503937007874127 ) ) ;
#4479 = EDGE_CURVE ( 'NONE', #2567, #3637, #114, .T. ) ;
#4480 = VECTOR ( 'NONE', #2312, 39.37007874015748143 ) ;
#4481 = FACE_OUTER_BOUND ( 'NONE', #3714, .T. ) ;
#4482 = DIRECTION ( 'NONE',  ( 0.1581185208565923650, -0.9874201402453381959, 0.000000000000000000 ) ) ;
#4483 = EDGE_CURVE ( 'NONE', #971, #5114, #3534, .T. ) ;
#4484 = VERTEX_POINT ( 'NONE', #1422 ) ;
#4485 = AXIS2_PLACEMENT_3D ( 'NONE', #1536, #3275, #4530 ) ;
#4486 = FACE_OUTER_BOUND ( 'NONE', #4831, .T. ) ;
#4487 = LINE ( 'NONE', #3144, #3729 ) ;
#4488 = ORIENTED_EDGE ( 'NONE', *, *, #967, .F. ) ;
#4489 = DIRECTION ( 'NONE',  ( -0.000000000000000000, -0.000000000000000000, -1.000000000000000000 ) ) ;
#4490 = ORIENTED_EDGE ( 'NONE', *, *, #4105, .F. ) ;
#4491 = DIRECTION ( 'NONE',  ( -0.7081034065937691357, -0.7061087491104320879, 0.000000000000000000 ) ) ;
#4492 = ORIENTED_EDGE ( 'NONE', *, *, #918, .T. ) ;
#4493 = ORIENTED_EDGE ( 'NONE', *, *, #2856, .F. ) ;
#4494 = CARTESIAN_POINT ( 'NONE',  ( 12.79133858267716484, 0.04817716535433071157, 0.000000000000000000 ) ) ;
#4495 = CARTESIAN_POINT ( 'NONE',  ( 4.278425196850394130, 4.822874015748031873, 0.000000000000000000 ) ) ;
#4496 = ORIENTED_EDGE ( 'NONE', *, *, #946, .F. ) ;
#4497 = ORIENTED_EDGE ( 'NONE', *, *, #2952, .T. ) ;
#4498 = LINE ( 'NONE', #2723, #3462 ) ;
#4499 = DIRECTION ( 'NONE',  ( 0.000000000000000000, 0.000000000000000000, 1.000000000000000000 ) ) ;
#4500 = ORIENTED_EDGE ( 'NONE', *, *, #2383, .T. ) ;
#4501 = CARTESIAN_POINT ( 'NONE',  ( 12.83027559055118338, 0.1679137795275590928, 0.000000000000000000 ) ) ;
#4502 = DIRECTION ( 'NONE',  ( -0.7072565443460422374, -0.7069569863009309563, 0.000000000000000000 ) ) ;
#4503 = DIRECTION ( 'NONE',  ( -0.000000000000000000, -0.000000000000000000, -1.000000000000000000 ) ) ;
#4504 = DIRECTION ( 'NONE',  ( -0.9870883714087316241, -0.1601766119933176469, 0.000000000000000000 ) ) ;
#4505 = DIRECTION ( 'NONE',  ( 0.9872124837542692877, -0.1594098865181407254, 0.000000000000000000 ) ) ;
#4506 = LINE ( 'NONE', #1912, #1003 ) ;
#4507 = ORIENTED_EDGE ( 'NONE', *, *, #954, .T. ) ;
#4508 = LINE ( 'NONE', #4994, #4480 ) ;
#4509 = CARTESIAN_POINT ( 'NONE',  ( 0.06510433070866142313, 0.05712874015748031775, 0.000000000000000000 ) ) ;
#4510 = EDGE_CURVE ( 'NONE', #912, #971, #489, .T. ) ;
#4511 = ORIENTED_EDGE ( 'NONE', *, *, #503, .T. ) ;
#4512 = DIRECTION ( 'NONE',  ( -0.000000000000000000, -0.000000000000000000, -1.000000000000000000 ) ) ;
#4513 = EDGE_CURVE ( 'NONE', #1415, #4453, #4850, .T. ) ;
#4514 = ORIENTED_EDGE ( 'NONE', *, *, #1671, .T. ) ;
#4515 = DIRECTION ( 'NONE',  ( 0.4543735275849316024, -0.8908112580283352733, 0.000000000000000000 ) ) ;
#4516 = ORIENTED_EDGE ( 'NONE', *, *, #1026, .T. ) ;
#4517 = ORIENTED_EDGE ( 'NONE', *, *, #252, .F. ) ;
#4518 = ADVANCED_FACE ( 'NONE', ( #3188 ), #4933, .T. ) ;
#4519 = FACE_OUTER_BOUND ( 'NONE', #2859, .T. ) ;
#4520 = EDGE_CURVE ( 'NONE', #5550, #1591, #1767, .T. ) ;
#4521 = DIRECTION ( 'NONE',  ( -0.000000000000000000, -0.000000000000000000, -1.000000000000000000 ) ) ;
#4522 = VERTEX_POINT ( 'NONE', #3962 ) ;
#4523 = ADVANCED_FACE ( 'NONE', ( #57 ), #229, .T. ) ;
#4524 = PRODUCT ( 'bezelfinal', 'bezelfinal', '', ( #2177 ) ) ;
#4525 = ORIENTED_EDGE ( 'NONE', *, *, #3041, .T. ) ;
#4526 = CARTESIAN_POINT ( 'NONE',  ( 4.278425196850394130, 4.861771653543307536, 0.000000000000000000 ) ) ;
#4527 = DIRECTION ( 'NONE',  ( -0.9872598878091026764, -0.1591160391763127013, 0.000000000000000000 ) ) ;
#4528 = ORIENTED_EDGE ( 'NONE', *, *, #3572, .T. ) ;
#4529 = CARTESIAN_POINT ( 'NONE',  ( 4.389330708661417724, 0.1450736220472441107, 0.1968503937007874127 ) ) ;
#4530 = DIRECTION ( 'NONE',  ( -0.9871058195297818250, 0.1600690508825414748, 0.000000000000000000 ) ) ;
#4531 = DIRECTION ( 'NONE',  ( -0.4512020778594382220, -0.8924218088635693658, 0.000000000000000000 ) ) ;
#4532 = CARTESIAN_POINT ( 'NONE',  ( 12.83027559055118338, 0.1679137795275590928, 0.1968503937007874127 ) ) ;
#4533 = LINE ( 'NONE', #2056, #2646 ) ;
#4534 = CARTESIAN_POINT ( 'NONE',  ( 8.594055118110235369, 4.782440944881890310, 0.000000000000000000 ) ) ;
#4535 = ORIENTED_EDGE ( 'NONE', *, *, #225, .F. ) ;
#4536 = LINE ( 'NONE', #3623, #1928 ) ;
#4537 = EDGE_LOOP ( 'NONE', ( #5004, #2319, #2160, #5047 ) ) ;
#4538 = LINE ( 'NONE', #212, #3997 ) ;
#4539 = ADVANCED_FACE ( 'NONE', ( #4154 ), #1569, .T. ) ;
#4540 = ORIENTED_EDGE ( 'NONE', *, *, #3880, .F. ) ;
#4541 = CARTESIAN_POINT ( 'NONE',  ( 8.555118110236222151, 4.902244094488189319, 0.000000000000000000 ) ) ;
#4542 = VERTEX_POINT ( 'NONE', #2879 ) ;
#4543 = DIRECTION ( 'NONE',  ( 0.7070967981032558747, -0.7071167641288979011, 0.000000000000000000 ) ) ;
#4544 = VECTOR ( 'NONE', #2077, 39.37007874015748143 ) ;
#4545 = EDGE_CURVE ( 'NONE', #4446, #5554, #704, .T. ) ;
#4546 = ORIENTED_EDGE ( 'NONE', *, *, #3819, .T. ) ;
#4547 = VERTEX_POINT ( 'NONE', #3645 ) ;
#4548 = VECTOR ( 'NONE', #1347, 39.37007874015748854 ) ;
#4549 = CARTESIAN_POINT ( 'NONE',  ( 0.08268228346456693578, 0.1679137795275590928, 0.1968503937007874127 ) ) ;
#4550 = DIRECTION ( 'NONE',  ( -0.4511861774294279037, -0.8924298478292962411, 0.000000000000000000 ) ) ;
#4551 = EDGE_LOOP ( 'NONE', ( #3389, #1053, #3653, #279 ) ) ;
#4552 = CARTESIAN_POINT ( 'NONE',  ( 0.1651472440944882214, 0.1080728346456693023, 0.1968503937007874127 ) ) ;
#4553 = VECTOR ( 'NONE', #4990, 39.37007874015748143 ) ;
#4554 = VECTOR ( 'NONE', #4275, 39.37007874015748143 ) ;
#4555 = SURFACE_SIDE_STYLE ('',( #700 ) ) ;
#4556 = ORIENTED_EDGE ( 'NONE', *, *, #338, .F. ) ;
#4557 = CARTESIAN_POINT ( 'NONE',  ( 4.318897637795275912, 0.1679137795275590928, 0.1968503937007874127 ) ) ;
#4558 = LINE ( 'NONE', #653, #2657 ) ;
#4559 = VECTOR ( 'NONE', #3512, 39.37007874015748143 ) ;
#4560 = VECTOR ( 'NONE', #2878, 39.37007874015748143 ) ;
#4561 = DIRECTION ( 'NONE',  ( -0.4516681659875570465, 0.8921860051768558675, 0.000000000000000000 ) ) ;
#4562 = PLANE ( 'NONE',  #3641 ) ;
#4563 = VECTOR ( 'NONE', #324, 39.37007874015748854 ) ;
#4564 = PLANE ( 'NONE',  #1373 ) ;
#4565 = VECTOR ( 'NONE', #3971, 39.37007874015748143 ) ;
#4566 = FACE_OUTER_BOUND ( 'NONE', #3836, .T. ) ;
#4567 = VERTEX_POINT ( 'NONE', #2446 ) ;
#4568 = LINE ( 'NONE', #4051, #4383 ) ;
#4569 = ORIENTED_EDGE ( 'NONE', *, *, #4545, .T. ) ;
#4570 = ADVANCED_FACE ( 'NONE', ( #1904 ), #200, .T. ) ;
#4571 = AXIS2_PLACEMENT_3D ( 'NONE', #955, #4471, #2271 ) ;
#4572 = VECTOR ( 'NONE', #2366, 39.37007874015748143 ) ;
#4573 = LINE ( 'NONE', #599, #2270 ) ;
#4574 = VECTOR ( 'NONE', #4064, 39.37007874015748854 ) ;
#4575 = ORIENTED_EDGE ( 'NONE', *, *, #4086, .F. ) ;
#4576 = DIRECTION ( 'NONE',  ( 0.7071067811865335839, 0.7071067811865613395, 0.000000000000000000 ) ) ;
#4577 = ORIENTED_EDGE ( 'NONE', *, *, #786, .T. ) ;
#4578 = DIRECTION ( 'NONE',  ( 0.000000000000000000, -1.000000000000000000, 0.000000000000000000 ) ) ;
#4579 = ORIENTED_EDGE ( 'NONE', *, *, #600, .T. ) ;
#4580 = ORIENTED_EDGE ( 'NONE', *, *, #5036, .F. ) ;
#4581 = CARTESIAN_POINT ( 'NONE',  ( 12.87385826771653541, 0.1080728346456693023, 0.1968503937007874127 ) ) ;
#4582 = ADVANCED_FACE ( 'NONE', ( #3248 ), #736, .T. ) ;
#4583 = DIRECTION ( 'NONE',  ( -0.9871242698175233254, 0.1599552310405054356, 0.000000000000000000 ) ) ;
#4584 = ORIENTED_EDGE ( 'NONE', *, *, #22, .F. ) ;
#4585 = PLANE ( 'NONE',  #2476 ) ;
#4586 = ORIENTED_EDGE ( 'NONE', *, *, #256, .F. ) ;
#4587 = DIRECTION ( 'NONE',  ( -0.4535964786212107192, -0.8912071782601603820, 0.000000000000000000 ) ) ;
#4588 = CARTESIAN_POINT ( 'NONE',  ( 4.287362204724409764, 0.1450736220472441107, 0.1968503937007874127 ) ) ;
#4589 = VECTOR ( 'NONE', #2363, 39.37007874015748143 ) ;
#4590 = DIRECTION ( 'NONE',  ( -0.8924298478292961301, 0.4511861774294279592, 0.000000000000000000 ) ) ;
#4591 = ORIENTED_EDGE ( 'NONE', *, *, #804, .F. ) ;
#4592 = PLANE ( 'NONE',  #546 ) ;
#4593 = CARTESIAN_POINT ( 'NONE',  ( 8.634488188976378709, 0.08854173228346456925, 0.000000000000000000 ) ) ;
#4594 = CARTESIAN_POINT ( 'NONE',  ( 8.594055118110235369, 4.782440944881890310, 0.1968503937007874127 ) ) ;
#4595 = DIRECTION ( 'NONE',  ( -0.000000000000000000, -0.000000000000000000, -1.000000000000000000 ) ) ;
#4596 = CARTESIAN_POINT ( 'NONE',  ( 0.1651472440944882214, 4.842283464566929929, 0.1968503937007874127 ) ) ;
#4597 = ADVANCED_FACE ( 'NONE', ( #255 ), #4615, .T. ) ;
#4598 = VERTEX_POINT ( 'NONE', #167 ) ;
#4599 = DIRECTION ( 'NONE',  ( -0.000000000000000000, -0.000000000000000000, -1.000000000000000000 ) ) ;
#4600 = EDGE_CURVE ( 'NONE', #2688, #4405, #1991, .T. ) ;
#4601 = ORIENTED_EDGE ( 'NONE', *, *, #2969, .T. ) ;
#4602 = DIRECTION ( 'NONE',  ( -0.8924218088635805790, -0.4512020778594162951, 0.000000000000000000 ) ) ;
#4603 = ORIENTED_EDGE ( 'NONE', *, *, #830, .T. ) ;
#4604 = CARTESIAN_POINT ( 'NONE',  ( 0.06510433070866142313, 4.791338582677165725, 0.000000000000000000 ) ) ;
#4605 = VERTEX_POINT ( 'NONE', #1045 ) ;
#4606 = ORIENTED_EDGE ( 'NONE', *, *, #722, .T. ) ;
#4607 = CARTESIAN_POINT ( 'NONE',  ( 12.79133858267716484, 0.1679137795275590928, 0.1968503937007874127 ) ) ;
#4608 = LINE ( 'NONE', #1180, #4204 ) ;
#4609 = ORIENTED_EDGE ( 'NONE', *, *, #4312, .T. ) ;
#4610 = EDGE_CURVE ( 'NONE', #2532, #975, #1512, .T. ) ;
#4611 = LINE ( 'NONE', #1156, #1927 ) ;
#4612 = VERTEX_POINT ( 'NONE', #4588 ) ;
#4613 = ORIENTED_EDGE ( 'NONE', *, *, #3537, .F. ) ;
#4614 = FACE_OUTER_BOUND ( 'NONE', #4802, .T. ) ;
#4615 = PLANE ( 'NONE',  #1202 ) ;
#4616 = DIRECTION ( 'NONE',  ( -0.1599552310405054634, -0.9871242698175233254, 0.000000000000000000 ) ) ;
#4617 = CARTESIAN_POINT ( 'NONE',  ( 0.04220905511811023220, 4.822874015748031873, 0.1968503937007874127 ) ) ;
#4618 = FACE_OUTER_BOUND ( 'NONE', #4680, .T. ) ;
#4619 = CARTESIAN_POINT ( 'NONE',  ( 12.75090551181102505, 4.822874015748031873, 0.1968503937007874127 ) ) ;
#4620 = FACE_OUTER_BOUND ( 'NONE', #3571, .T. ) ;
#4621 = PLANE ( 'NONE',  #300 ) ;
#4622 = ORIENTED_EDGE ( 'NONE', *, *, #2881, .F. ) ;
#4623 = LINE ( 'NONE', #2002, #1907 ) ;
#4624 = EDGE_LOOP ( 'NONE', ( #2327, #597, #2615, #3170 ) ) ;
#4625 = EDGE_CURVE ( 'NONE', #3256, #5157, #4558, .T. ) ;
#4626 = LINE ( 'NONE', #5576, #743 ) ;
#4627 = ORIENTED_EDGE ( 'NONE', *, *, #4032, .T. ) ;
#4628 = DIRECTION ( 'NONE',  ( -0.000000000000000000, 1.000000000000000000, -0.000000000000000000 ) ) ;
#4629 = VECTOR ( 'NONE', #455, 39.37007874015748143 ) ;
#4630 = ORIENTED_EDGE ( 'NONE', *, *, #3345, .F. ) ;
#4631 = ORIENTED_EDGE ( 'NONE', *, *, #1716, .T. ) ;
#4632 = FACE_OUTER_BOUND ( 'NONE', #3429, .T. ) ;
#4633 = VECTOR ( 'NONE', #3322, 39.37007874015748143 ) ;
#4634 = DIRECTION ( 'NONE',  ( -0.000000000000000000, -0.000000000000000000, -1.000000000000000000 ) ) ;
#4635 = ORIENTED_EDGE ( 'NONE', *, *, #2923, .F. ) ;
#4636 = DIRECTION ( 'NONE',  ( 0.9881164689548840308, -0.1537070062818597649, 0.000000000000000000 ) ) ;
#4637 = VECTOR ( 'NONE', #3747, 39.37007874015748143 ) ;
#4638 = ORIENTED_EDGE ( 'NONE', *, *, #4411, .F. ) ;
#4639 = VERTEX_POINT ( 'NONE', #2358 ) ;
#4640 = CARTESIAN_POINT ( 'NONE',  ( 0.06510433070866142313, 0.05712874015748031775, 0.1968503937007874127 ) ) ;
#4641 = CARTESIAN_POINT ( 'NONE',  ( 4.301338582677165512, 4.791338582677165725, 0.1968503937007874127 ) ) ;
#4642 = LINE ( 'NONE', #5447, #3272 ) ;
#4643 = ORIENTED_EDGE ( 'NONE', *, *, #4402, .T. ) ;
#4644 = VECTOR ( 'NONE', #3907, 39.37007874015748143 ) ;
#4645 = LINE ( 'NONE', #2394, #1087 ) ;
#4646 = DIRECTION ( 'NONE',  ( -0.8905970137628030914, -0.4547933146790720804, 0.000000000000000000 ) ) ;
#4647 = DIRECTION ( 'NONE',  ( -0.7069569863009588229, -0.7072565443460144818, 0.000000000000000000 ) ) ;
#4648 = AXIS2_PLACEMENT_3D ( 'NONE', #572, #2333, #4877 ) ;
#4649 = DIRECTION ( 'NONE',  ( 0.9880373179045875975, -0.1542149747200597942, 0.000000000000000000 ) ) ;
#4650 = CARTESIAN_POINT ( 'NONE',  ( 4.287362204724409764, 4.805275590551181253, 0.000000000000000000 ) ) ;
#4651 = ORIENTED_EDGE ( 'NONE', *, *, #1248, .F. ) ;
#4652 = EDGE_CURVE ( 'NONE', #1241, #2206, #1965, .T. ) ;
#4653 = PLANE ( 'NONE',  #5640 ) ;
#4654 = VECTOR ( 'NONE', #2162, 39.37007874015748143 ) ;
#4655 = VECTOR ( 'NONE', #4576, 39.37007874015748854 ) ;
#4656 = ADVANCED_FACE ( 'NONE', ( #1484 ), #3219, .T. ) ;
#4657 = ADVANCED_FACE ( 'NONE', ( #5507 ), #5446, .T. ) ;
#4658 = AXIS2_PLACEMENT_3D ( 'NONE', #3878, #3078, #2188 ) ;
#4659 = ORIENTED_EDGE ( 'NONE', *, *, #2501, .F. ) ;
#4660 = VECTOR ( 'NONE', #5046, 39.37007874015748143 ) ;
#4661 = VECTOR ( 'NONE', #2228, 39.37007874015748143 ) ;
#4662 = DIRECTION ( 'NONE',  ( 0.7048854254397458607, 0.7093211804271944976, -0.000000000000000000 ) ) ;
#4663 = VERTEX_POINT ( 'NONE', #1594 ) ;
#4664 = LINE ( 'NONE', #755, #4174 ) ;
#4665 = VECTOR ( 'NONE', #4132, 39.37007874015748143 ) ;
#4666 = ORIENTED_EDGE ( 'NONE', *, *, #267, .T. ) ;
#4667 = VERTEX_POINT ( 'NONE', #5075 ) ;
#4668 = DIRECTION ( 'NONE',  ( -0.1563763198671320742, 0.9876975481314167471, 0.000000000000000000 ) ) ;
#4669 = VECTOR ( 'NONE', #4108, 39.37007874015748854 ) ;
#4670 = LINE ( 'NONE', #311, #2844 ) ;
#4671 = ORIENTED_EDGE ( 'NONE', *, *, #4986, .F. ) ;
#4672 = EDGE_CURVE ( 'NONE', #2206, #1665, #2850, .T. ) ;
#4673 = PLANE ( 'NONE',  #919 ) ;
#4674 = VECTOR ( 'NONE', #4247, 39.37007874015747433 ) ;
#4675 = ORIENTED_EDGE ( 'NONE', *, *, #913, .T. ) ;
#4676 = ORIENTED_EDGE ( 'NONE', *, *, #2592, .F. ) ;
#4677 = CARTESIAN_POINT ( 'NONE',  ( 8.537598425196851082, 0.05712874015748031775, 0.1968503937007874127 ) ) ;
#4678 = LINE ( 'NONE', #5103, #2830 ) ;
#4679 = CARTESIAN_POINT ( 'NONE',  ( 8.625590551181103294, 4.805275590551181253, 0.000000000000000000 ) ) ;
#4680 = EDGE_LOOP ( 'NONE', ( #3414, #3683, #305, #5306 ) ) ;
#4681 = LINE ( 'NONE', #1135, #1913 ) ;
#4682 = DIRECTION ( 'NONE',  ( -0.9871374159439407769, -0.1598740818379245920, 0.000000000000000000 ) ) ;
#4683 = CARTESIAN_POINT ( 'NONE',  ( 8.594055118110235369, 0.1679137795275590928, 0.000000000000000000 ) ) ;
#4684 = LINE ( 'NONE', #772, #1184 ) ;
#4685 = EDGE_LOOP ( 'NONE', ( #2409, #4797, #671, #3989 ) ) ;
#4686 = LINE ( 'NONE', #3286, #4089 ) ;
#4687 = EDGE_CURVE ( 'NONE', #4062, #2100, #618, .T. ) ;
#4688 = DIRECTION ( 'NONE',  ( -0.8922182138893376413, -0.4516045380685628219, 0.000000000000000000 ) ) ;
#4689 = VERTEX_POINT ( 'NONE', #4283 ) ;
#4690 = DIRECTION ( 'NONE',  ( -0.000000000000000000, -0.000000000000000000, -1.000000000000000000 ) ) ;
#4691 = EDGE_CURVE ( 'NONE', #5155, #4728, #4738, .T. ) ;
#4692 = EDGE_LOOP ( 'NONE', ( #1276, #1675, #25, #4631 ) ) ;
#4693 = CARTESIAN_POINT ( 'NONE',  ( 4.275393700787401663, 4.842283464566929929, 0.1968503937007874127 ) ) ;
#4694 = VERTEX_POINT ( 'NONE', #5572 ) ;
#4695 = VERTEX_POINT ( 'NONE', #1261 ) ;
#4696 = CARTESIAN_POINT ( 'NONE',  ( 12.75090551181102505, 4.861771653543307536, 0.000000000000000000 ) ) ;
#4697 = ORIENTED_EDGE ( 'NONE', *, *, #5623, .F. ) ;
#4698 = EDGE_CURVE ( 'NONE', #2436, #5431, #3859, .T. ) ;
#4699 = CARTESIAN_POINT ( 'NONE',  ( 8.634488188976378709, 0.08854173228346456925, 0.000000000000000000 ) ) ;
#4700 = ORIENTED_EDGE ( 'NONE', *, *, #5537, .T. ) ;
#4701 = ORIENTED_EDGE ( 'NONE', *, *, #4245, .T. ) ;
#4702 = EDGE_CURVE ( 'NONE', #5071, #2841, #5252, .T. ) ;
#4703 = DIRECTION ( 'NONE',  ( -0.000000000000000000, -0.000000000000000000, -1.000000000000000000 ) ) ;
#4704 = CARTESIAN_POINT ( 'NONE',  ( 12.81086614173228710, 0.1710610236220464486, 0.000000000000000000 ) ) ;
#4705 = EDGE_CURVE ( 'NONE', #5219, #3229, #3514, .T. ) ;
#4706 = LINE ( 'NONE', #793, #2546 ) ;
#4707 = CARTESIAN_POINT ( 'NONE',  ( 0.04220905511811023220, 4.861771653543307536, 0.1968503937007874127 ) ) ;
#4708 = CARTESIAN_POINT ( 'NONE',  ( 12.86181102362204598, 0.07101771653543308138, 0.1968503937007874127 ) ) ;
#4709 = DIRECTION ( 'NONE',  ( -0.7072665251725597235, -0.7069470011042785496, 0.000000000000000000 ) ) ;
#4710 = CARTESIAN_POINT ( 'NONE',  ( 8.634488188976378709, 4.822874015748031873, 0.000000000000000000 ) ) ;
#4711 = ORIENTED_EDGE ( 'NONE', *, *, #5635, .T. ) ;
#4712 = DIRECTION ( 'NONE',  ( -0.000000000000000000, -0.000000000000000000, -1.000000000000000000 ) ) ;
#4713 = CARTESIAN_POINT ( 'NONE',  ( 0.06510433070866142313, 0.05712874015748031775, 0.1968503937007874127 ) ) ;
#4714 = LINE ( 'NONE', #3406, #1648 ) ;
#4715 = EDGE_LOOP ( 'NONE', ( #419, #3973, #4777, #3981 ) ) ;
#4716 = PLANE ( 'NONE',  #1296 ) ;
#4717 = CARTESIAN_POINT ( 'NONE',  ( 0.1215818897637795243, 0.04817716535433071157, 0.1968503937007874127 ) ) ;
#4718 = EDGE_CURVE ( 'NONE', #4122, #2760, #836, .T. ) ;
#4719 = VERTEX_POINT ( 'NONE', #1746 ) ;
#4720 = CARTESIAN_POINT ( 'NONE',  ( 8.555118110236222151, 4.902244094488189319, 0.1968503937007874127 ) ) ;
#4721 = ORIENTED_EDGE ( 'NONE', *, *, #1117, .T. ) ;
#4722 = EDGE_CURVE ( 'NONE', #975, #4605, #2578, .T. ) ;
#4723 = CARTESIAN_POINT ( 'NONE',  ( 0.1531027559055118115, 4.805275590551181253, 0.000000000000000000 ) ) ;
#4724 = ORIENTED_EDGE ( 'NONE', *, *, #2430, .F. ) ;
#4725 = ORIENTED_EDGE ( 'NONE', *, *, #4450, .T. ) ;
#4726 = DIRECTION ( 'NONE',  ( -0.7072565443460144818, -0.7069569863009588229, 0.000000000000000000 ) ) ;
#4727 = CARTESIAN_POINT ( 'NONE',  ( 8.555118110236222151, 4.902244094488189319, 0.1968503937007874127 ) ) ;
#4728 = VERTEX_POINT ( 'NONE', #2603 ) ;
#4729 = DIRECTION ( 'NONE',  ( 0.8905970137628033134, -0.4547933146790715808, 0.000000000000000000 ) ) ;
#4730 = AXIS2_PLACEMENT_3D ( 'NONE', #4203, #332, #3410 ) ;
#4731 = DIRECTION ( 'NONE',  ( -0.8924298478293074544, 0.4511861774294056437, 0.000000000000000000 ) ) ;
#4732 = LINE ( 'NONE', #4358, #4629 ) ;
#4733 = CARTESIAN_POINT ( 'NONE',  ( 0.003743488188976378059, 4.940708661417322567, 0.1968503937007874127 ) ) ;
#4734 = VECTOR ( 'NONE', #4943, 39.37007874015748854 ) ;
#4735 = ORIENTED_EDGE ( 'NONE', *, *, #1581, .T. ) ;
#4736 = DIRECTION ( 'NONE',  ( 0.9880215842932855708, -0.1543157444027860592, 0.000000000000000000 ) ) ;
#4737 = CARTESIAN_POINT ( 'NONE',  ( 12.77381889763779554, 0.05712874015748031775, 0.1968503937007874127 ) ) ;
#4738 = LINE ( 'NONE', #5198, #5034 ) ;
#4739 = VECTOR ( 'NONE', #1705, 39.37007874015748143 ) ;
#4740 = VECTOR ( 'NONE', #4311, 39.37007874015748143 ) ;
#4741 = EDGE_CURVE ( 'NONE', #3813, #1758, #385, .T. ) ;
#4742 = DIRECTION ( 'NONE',  ( 0.000000000000000000, -1.000000000000000000, 0.000000000000000000 ) ) ;
#4743 = VECTOR ( 'NONE', #4360, 39.37007874015748854 ) ;
#4744 = VECTOR ( 'NONE', #3621, 39.37007874015748143 ) ;
#4745 = LINE ( 'NONE', #917, #5099 ) ;
#4746 = VECTOR ( 'NONE', #499, 39.37007874015748143 ) ;
#4747 = VECTOR ( 'NONE', #3325, 39.37007874015748143 ) ;
#4748 = ORIENTED_EDGE ( 'NONE', *, *, #4353, .T. ) ;
#4749 = CARTESIAN_POINT ( 'NONE',  ( 4.301338582677165512, 4.791338582677165725, 0.1968503937007874127 ) ) ;
#4750 = VERTEX_POINT ( 'NONE', #5227 ) ;
#4751 = VECTOR ( 'NONE', #4118, 39.37007874015748143 ) ;
#4752 = LINE ( 'NONE', #2072, #293 ) ;
#4753 = ORIENTED_EDGE ( 'NONE', *, *, #1495, .F. ) ;
#4754 = ORIENTED_EDGE ( 'NONE', *, *, #5026, .T. ) ;
#4755 = EDGE_CURVE ( 'NONE', #2587, #2180, #2950, .T. ) ;
#4756 = VECTOR ( 'NONE', #2896, 39.37007874015748143 ) ;
#4757 = CARTESIAN_POINT ( 'NONE',  ( 4.338385826771653520, 0.04503031496062991773, 0.1968503937007874127 ) ) ;
#4758 = DIRECTION ( 'NONE',  ( -0.000000000000000000, -0.000000000000000000, -1.000000000000000000 ) ) ;
#4759 = DIRECTION ( 'NONE',  ( 0.4512020778594382775, 0.8924218088635693658, 0.000000000000000000 ) ) ;
#4760 = ORIENTED_EDGE ( 'NONE', *, *, #1027, .F. ) ;
#4761 = DIRECTION ( 'NONE',  ( 0.1595459401863189020, 0.9871905049027079881, -0.000000000000000000 ) ) ;
#4762 = CARTESIAN_POINT ( 'NONE',  ( 4.375393700787402196, 0.1590165354330708714, 0.1968503937007874127 ) ) ;
#4763 = CARTESIAN_POINT ( 'NONE',  ( 12.86181102362204598, 0.07101771653543308138, 0.000000000000000000 ) ) ;
#4764 = DIRECTION ( 'NONE',  ( -0.000000000000000000, -0.000000000000000000, -1.000000000000000000 ) ) ;
#4765 = EDGE_CURVE ( 'NONE', #1889, #4694, #2123, .T. ) ;
#4766 = ORIENTED_EDGE ( 'NONE', *, *, #2870, .F. ) ;
#4767 = CARTESIAN_POINT ( 'NONE',  ( 0.08268228346456693578, 4.782440944881890310, 0.1968503937007874127 ) ) ;
#4768 = CARTESIAN_POINT ( 'NONE',  ( 12.83027559055118161, 0.1679137795275593148, 0.1968503937007874127 ) ) ;
#4769 = LINE ( 'NONE', #4316, #3739 ) ;
#4770 = EDGE_CURVE ( 'NONE', #912, #3693, #3457, .T. ) ;
#4771 = CARTESIAN_POINT ( 'NONE',  ( 12.77381889763779554, 4.893267716535433465, 0.1968503937007874127 ) ) ;
#4772 = EDGE_CURVE ( 'NONE', #2561, #790, #5599, .T. ) ;
#4773 = DIRECTION ( 'NONE',  ( 0.4527899509762593477, 0.8916172162396351908, 0.000000000000000000 ) ) ;
#4774 = EDGE_LOOP ( 'NONE', ( #2537, #2437, #1877, #3182 ) ) ;
#4775 = EDGE_CURVE ( 'NONE', #2951, #1843, #5171, .T. ) ;
#4776 = DIRECTION ( 'NONE',  ( 0.1599815188204922189, 0.9871200097434396081, 0.000000000000000000 ) ) ;
#4777 = ORIENTED_EDGE ( 'NONE', *, *, #3915, .T. ) ;
#4778 = DIRECTION ( 'NONE',  ( -0.9881634915692752985, -0.1534044130056855804, 0.000000000000000000 ) ) ;
#4779 = ORIENTED_EDGE ( 'NONE', *, *, #4032, .F. ) ;
#4780 = ORIENTED_EDGE ( 'NONE', *, *, #394, .F. ) ;
#4781 = CARTESIAN_POINT ( 'NONE',  ( 12.47618110236220446, 0.6001496062992126568, 0.1968503937007874127 ) ) ;
#4782 = EDGE_CURVE ( 'NONE', #217, #1651, #4769, .T. ) ;
#4783 = DIRECTION ( 'NONE',  ( 0.7093211804271943866, -0.7048854254397457497, 0.000000000000000000 ) ) ;
#4784 = CARTESIAN_POINT ( 'NONE',  ( 0.1620015748031496117, 0.1274956692913385703, 0.1968503937007874127 ) ) ;
#4785 = VERTEX_POINT ( 'NONE', #4252 ) ;
#4786 = DIRECTION ( 'NONE',  ( 0.7072665251725597235, 0.7069470011042785496, 0.000000000000000000 ) ) ;
#4787 = EDGE_CURVE ( 'NONE', #5040, #2035, #4714, .T. ) ;
#4788 = LINE ( 'NONE', #856, #4654 ) ;
#4789 = PLANE ( 'NONE',  #4058 ) ;
#4790 = CARTESIAN_POINT ( 'NONE',  ( 0.06510433070866142313, 4.791338582677165725, 0.1968503937007874127 ) ) ;
#4791 = PLANE ( 'NONE',  #3556 ) ;
#4792 = DIRECTION ( 'NONE',  ( 0.8922101619186267873, 0.4516204456943214707, 0.000000000000000000 ) ) ;
#4793 = CARTESIAN_POINT ( 'NONE',  ( 0.03911681102362205009, 0.1080728346456693023, 0.1968503937007874127 ) ) ;
#4794 = ORIENTED_EDGE ( 'NONE', *, *, #1388, .F. ) ;
#4795 = CARTESIAN_POINT ( 'NONE',  ( 4.275393700787401663, 4.842283464566929929, 0.000000000000000000 ) ) ;
#4796 = FACE_OUTER_BOUND ( 'NONE', #890, .T. ) ;
#4797 = ORIENTED_EDGE ( 'NONE', *, *, #1439, .F. ) ;
#4798 = DIRECTION ( 'NONE',  ( -0.000000000000000000, -0.000000000000000000, -1.000000000000000000 ) ) ;
#4799 = EDGE_LOOP ( 'NONE', ( #2699, #4912, #246, #2795 ) ) ;
#4800 = CARTESIAN_POINT ( 'NONE',  ( 12.90929133858267797, 0.009602874015748032177, 0.1968503937007874127 ) ) ;
#4801 = ORIENTED_EDGE ( 'NONE', *, *, #133, .T. ) ;
#4802 = EDGE_LOOP ( 'NONE', ( #976, #3661, #158, #3085 ) ) ;
#4803 = FACE_OUTER_BOUND ( 'NONE', #3839, .T. ) ;
#4804 = ADVANCED_FACE ( 'NONE', ( #5147 ), #1770, .T. ) ;
#4805 = FACE_OUTER_BOUND ( 'NONE', #4895, .T. ) ;
#4806 = PLANE ( 'NONE',  #2813 ) ;
#4807 = ORIENTED_EDGE ( 'NONE', *, *, #484, .T. ) ;
#4808 = LINE ( 'NONE', #452, #632 ) ;
#4809 = CARTESIAN_POINT ( 'NONE',  ( 8.634488188976378709, 4.861771653543307536, 0.000000000000000000 ) ) ;
#4810 = FACE_OUTER_BOUND ( 'NONE', #3352, .T. ) ;
#4811 = CARTESIAN_POINT ( 'NONE',  ( 4.301338582677165512, 4.893267716535433465, 0.000000000000000000 ) ) ;
#4812 = DIRECTION ( 'NONE',  ( 0.7069569863009309563, 0.7072565443460422374, 0.000000000000000000 ) ) ;
#4813 = PLANE ( 'NONE',  #551 ) ;
#4814 = VECTOR ( 'NONE', #202, 39.37007874015748143 ) ;
#4815 = DIRECTION ( 'NONE',  ( 0.9875457255875114138, 0.1573322594823948206, -0.000000000000000000 ) ) ;
#4816 = CARTESIAN_POINT ( 'NONE',  ( 8.611653543307086878, 4.791338582677165725, 0.000000000000000000 ) ) ;
#4817 = VECTOR ( 'NONE', #4424, 39.37007874015748143 ) ;
#4818 = ORIENTED_EDGE ( 'NONE', *, *, #1752, .T. ) ;
#4819 = ADVANCED_FACE ( 'NONE', ( #413 ), #351, .T. ) ;
#4820 = DIRECTION ( 'NONE',  ( 0.7071067811865890951, -0.7071067811865059394, 0.000000000000000000 ) ) ;
#4821 = CARTESIAN_POINT ( 'NONE',  ( 8.574606299212598870, 4.779291338582677184, 0.1968503937007874127 ) ) ;
#4822 = EDGE_CURVE ( 'NONE', #2836, #4198, #3908, .T. ) ;
#4823 = EDGE_CURVE ( 'NONE', #3463, #3813, #2088, .T. ) ;
#4824 = VECTOR ( 'NONE', #5480, 39.37007874015748143 ) ;
#4825 = VERTEX_POINT ( 'NONE', #574 ) ;
#4826 = AXIS2_PLACEMENT_3D ( 'NONE', #168, #936, #1880 ) ;
#4827 = VECTOR ( 'NONE', #1339, 39.37007874015748143 ) ;
#4828 = LINE ( 'NONE', #922, #3920 ) ;
#4829 = EDGE_CURVE ( 'NONE', #4066, #2887, #991, .T. ) ;
#4830 = EDGE_CURVE ( 'NONE', #2474, #5219, #3538, .T. ) ;
#4831 = EDGE_LOOP ( 'NONE', ( #3089, #3889, #4978, #821 ) ) ;
#4832 = VECTOR ( 'NONE', #4688, 39.37007874015748854 ) ;
#4833 = VECTOR ( 'NONE', #1696, 39.37007874015748143 ) ;
#4834 = FACE_OUTER_BOUND ( 'NONE', #2296, .T. ) ;
#4835 = EDGE_LOOP ( 'NONE', ( #4701, #307, #155, #3576, #4725, #3382, #1897, #4059, #445, #3042, #3788, #2049, #2092, #3607, #3071, #3409, #2284, #1258, #4516, #5504 ) ) ;
#4836 = EDGE_LOOP ( 'NONE', ( #2400, #623, #4087, #4493 ) ) ;
#4837 = DIRECTION ( 'NONE',  ( -0.000000000000000000, -1.000000000000000000, -0.000000000000000000 ) ) ;
#4838 = EDGE_CURVE ( 'NONE', #2499, #5629, #2655, .T. ) ;
#4839 = VECTOR ( 'NONE', #532, 39.37007874015748143 ) ;
#4840 = VECTOR ( 'NONE', #5427, 39.37007874015748854 ) ;
#4841 = FACE_OUTER_BOUND ( 'NONE', #3870, .T. ) ;
#4842 = EDGE_CURVE ( 'NONE', #1954, #581, #3165, .T. ) ;
#4843 = ORIENTED_EDGE ( 'NONE', *, *, #436, .F. ) ;
#4844 = CARTESIAN_POINT ( 'NONE',  ( 0.1531027559055118115, 0.1450736220472441107, 0.1968503937007874127 ) ) ;
#4845 = LINE ( 'NONE', #2674, #3567 ) ;
#4846 = VECTOR ( 'NONE', #4876, 39.37007874015748143 ) ;
#4847 = ORIENTED_EDGE ( 'NONE', *, *, #3530, .F. ) ;
#4848 = DIRECTION ( 'NONE',  ( -0.000000000000000000, -0.000000000000000000, -1.000000000000000000 ) ) ;
#4849 = ADVANCED_FACE ( 'NONE', ( #4879 ), #1426, .T. ) ;
#4850 = LINE ( 'NONE', #571, #3753 ) ;
#4851 = FACE_OUTER_BOUND ( 'NONE', #629, .T. ) ;
#4852 = CARTESIAN_POINT ( 'NONE',  ( 12.81086614173228533, 0.04503031496062991773, 0.000000000000000000 ) ) ;
#4853 = PLANE ( 'NONE',  #1920 ) ;
#4854 = ORIENTED_EDGE ( 'NONE', *, *, #3340, .T. ) ;
#4855 = CARTESIAN_POINT ( 'NONE',  ( 4.278425196850394130, 0.1274956692913385703, 0.1968503937007874127 ) ) ;
#4856 = ADVANCED_FACE ( 'NONE', ( #4481 ), #4853, .T. ) ;
#4857 = CARTESIAN_POINT ( 'NONE',  ( 4.338385826771653520, 4.905275590551180898, 0.1968503937007874127 ) ) ;
#4858 = VERTEX_POINT ( 'NONE', #492 ) ;
#4859 = DIRECTION ( 'NONE',  ( -0.1542119231227464249, -0.9880377941995862612, 0.000000000000000000 ) ) ;
#4860 = EDGE_CURVE ( 'NONE', #112, #1677, #1911, .T. ) ;
#4861 = ORIENTED_EDGE ( 'NONE', *, *, #1271, .T. ) ;
#4862 = CARTESIAN_POINT ( 'NONE',  ( 0.000000000000000000, 0.000000000000000000, 0.000000000000000000 ) ) ;
#4863 = VERTEX_POINT ( 'NONE', #117 ) ;
#4864 = ORIENTED_EDGE ( 'NONE', *, *, #913, .F. ) ;
#4865 = CARTESIAN_POINT ( 'NONE',  ( 4.318897637795275912, 4.782440944881890310, 0.000000000000000000 ) ) ;
#4866 = CARTESIAN_POINT ( 'NONE',  ( 0.1215818897637795243, 4.782440944881890310, 0.000000000000000000 ) ) ;
#4867 = EDGE_LOOP ( 'NONE', ( #4042, #2710, #605, #4146 ) ) ;
#4868 = ORIENTED_EDGE ( 'NONE', *, *, #1975, .F. ) ;
#4869 = PLANE ( 'NONE',  #3 ) ;
#4870 = EDGE_CURVE ( 'NONE', #422, #3721, #2279, .T. ) ;
#4871 = EDGE_CURVE ( 'NONE', #789, #3239, #3650, .T. ) ;
#4872 = DIRECTION ( 'NONE',  ( 0.4574843287324161234, -0.8892176836772029969, 0.000000000000000000 ) ) ;
#4873 = VERTEX_POINT ( 'NONE', #2734 ) ;
#4874 = ADVANCED_FACE ( 'NONE', ( #4420 ), #5312, .T. ) ;
#4875 = DIRECTION ( 'NONE',  ( -0.000000000000000000, -0.000000000000000000, -1.000000000000000000 ) ) ;
#4876 = DIRECTION ( 'NONE',  ( -0.000000000000000000, -0.000000000000000000, -1.000000000000000000 ) ) ;
#4877 = DIRECTION ( 'NONE',  ( -0.9871395892538341599, -0.1598606622273645861, 0.000000000000000000 ) ) ;
#4878 = DIRECTION ( 'NONE',  ( -0.4563732901630923600, -0.8897884130655522306, 0.000000000000000000 ) ) ;
#4879 = FACE_OUTER_BOUND ( 'NONE', #4867, .T. ) ;
#4880 = DIRECTION ( 'NONE',  ( -0.000000000000000000, -0.000000000000000000, -1.000000000000000000 ) ) ;
#4881 = ORIENTED_EDGE ( 'NONE', *, *, #5249, .F. ) ;
#4882 = CARTESIAN_POINT ( 'NONE',  ( 8.625590551181103294, 0.1450736220472441107, 0.000000000000000000 ) ) ;
#4883 = DIRECTION ( 'NONE',  ( -0.1592042833370856114, -0.9872456615083831100, 0.000000000000000000 ) ) ;
#4884 = EDGE_CURVE ( 'NONE', #3585, #5105, #3193, .T. ) ;
#4885 = ORIENTED_EDGE ( 'NONE', *, *, #194, .T. ) ;
#4887 = ADVANCED_FACE ( 'NONE', ( #1344 ), #5337, .T. ) ;
#4886 = DIRECTION ( 'NONE',  ( -0.8916126378921279683, -0.4527989663758532068, 0.000000000000000000 ) ) ;
#4888 = ORIENTED_EDGE ( 'NONE', *, *, #1621, .T. ) ;
#4889 = ORIENTED_EDGE ( 'NONE', *, *, #1995, .F. ) ;
#4890 = ORIENTED_EDGE ( 'NONE', *, *, #2744, .F. ) ;
#4891 = CARTESIAN_POINT ( 'NONE',  ( 0.003743488188976378059, 4.940708661417322567, 0.1968503937007874127 ) ) ;
#4892 = ADVANCED_FACE ( 'NONE', ( #1400 ), #1793, .T. ) ;
#4893 = FACE_OUTER_BOUND ( 'NONE', #4092, .T. ) ;
#4894 = ORIENTED_EDGE ( 'NONE', *, *, #2823, .F. ) ;
#4895 = EDGE_LOOP ( 'NONE', ( #3703, #1131, #3771, #860 ) ) ;
#4896 = CARTESIAN_POINT ( 'NONE',  ( 0.08268228346456693578, 0.04817716535433071157, 0.1968503937007874127 ) ) ;
#4897 = EDGE_CURVE ( 'NONE', #4198, #2973, #3595, .T. ) ;
#4898 = CARTESIAN_POINT ( 'NONE',  ( 12.75988188976378090, 4.879330708661417937, 0.000000000000000000 ) ) ;
#4899 = ORIENTED_EDGE ( 'NONE', *, *, #2042, .F. ) ;
#4900 = DIRECTION ( 'NONE',  ( -0.000000000000000000, -0.000000000000000000, -1.000000000000000000 ) ) ;
#4901 = DIRECTION ( 'NONE',  ( -0.7083262900088974634, -0.7058851655065652153, 0.000000000000000000 ) ) ;
#4902 = DIRECTION ( 'NONE',  ( 0.8913191698506689464, 0.4533763750535687587, 0.000000000000000000 ) ) ;
#4903 = DIRECTION ( 'NONE',  ( -0.4516204456943435086, 0.8922101619186156851, 0.000000000000000000 ) ) ;
#4904 = DIRECTION ( 'NONE',  ( 0.7061087491104321989, -0.7081034065937692468, 0.000000000000000000 ) ) ;
#4905 = FACE_OUTER_BOUND ( 'NONE', #5632, .T. ) ;
#4906 = ORIENTED_EDGE ( 'NONE', *, *, #3317, .F. ) ;
#4907 = VECTOR ( 'NONE', #4256, 39.37007874015748143 ) ;
#4908 = DIRECTION ( 'NONE',  ( -0.8920142723425347198, -0.4520072321735773557, 0.000000000000000000 ) ) ;
#4909 = DIRECTION ( 'NONE',  ( -0.7058851655066208375, 0.7083262900088422853, 0.000000000000000000 ) ) ;
#4910 = VECTOR ( 'NONE', #627, 39.37007874015748143 ) ;
#4911 = EDGE_CURVE ( 'NONE', #2428, #1386, #3986, .T. ) ;
#4912 = ORIENTED_EDGE ( 'NONE', *, *, #3035, .T. ) ;
#4913 = DIRECTION ( 'NONE',  ( 0.4527259285258880550, 0.8916497258679400018, 0.000000000000000000 ) ) ;
#4914 = AXIS2_PLACEMENT_3D ( 'NONE', #2268, #4010, #953 ) ;
#4915 = ORIENTED_EDGE ( 'NONE', *, *, #4450, .F. ) ;
#4916 = LINE ( 'NONE', #1006, #5003 ) ;
#4917 = VECTOR ( 'NONE', #2811, 39.37007874015748143 ) ;
#4918 = ORIENTED_EDGE ( 'NONE', *, *, #1891, .F. ) ;
#4919 = ORIENTED_EDGE ( 'NONE', *, *, #2087, .T. ) ;
#4920 = PLANE ( 'NONE',  #2647 ) ;
#4921 = DIRECTION ( 'NONE',  ( -0.000000000000000000, -0.000000000000000000, -1.000000000000000000 ) ) ;
#4922 = VERTEX_POINT ( 'NONE', #2226 ) ;
#4923 = AXIS2_PLACEMENT_3D ( 'NONE', #2487, #3765, #4159 ) ;
#4924 = VERTEX_POINT ( 'NONE', #3117 ) ;
#4925 = AXIS2_PLACEMENT_3D ( 'NONE', #5467, #3633, #641 ) ;
#4926 = VECTOR ( 'NONE', #3360, 39.37007874015748143 ) ;
#4927 = CARTESIAN_POINT ( 'NONE',  ( 8.611653543307086878, 0.05712874015748031775, 0.1968503937007874127 ) ) ;
#4928 = LINE ( 'NONE', #4809, #3199 ) ;
#4929 = ORIENTED_EDGE ( 'NONE', *, *, #1521, .T. ) ;
#4930 = PRESENTATION_LAYER_ASSIGNMENT (  '', '', ( #2286 ) ) ;
#4931 = VECTOR ( 'NONE', #1140, 39.37007874015748143 ) ;
#4932 = LINE ( 'NONE', #4557, #5387 ) ;
#4933 = PLANE ( 'NONE',  #1748 ) ;
#4934 = LINE ( 'NONE', #3190, #3740 ) ;
#4935 = PLANE ( 'NONE',  #3281 ) ;
#4936 = VECTOR ( 'NONE', #2221, 39.37007874015748143 ) ;
#4937 = DIRECTION ( 'NONE',  ( 0.8920223363405500594, 0.4519913179139025683, 0.000000000000000000 ) ) ;
#4938 = CARTESIAN_POINT ( 'NONE',  ( 4.338385826771653520, 0.04503031496062991773, 0.000000000000000000 ) ) ;
#4939 = ORIENTED_EDGE ( 'NONE', *, *, #3701, .F. ) ;
#4940 = EDGE_CURVE ( 'NONE', #275, #3131, #939, .T. ) ;
#4941 = AXIS2_PLACEMENT_3D ( 'NONE', #1856, #4904, #3965 ) ;
#4942 = CARTESIAN_POINT ( 'NONE',  ( 4.318897637795275912, 4.782440944881890310, 0.1968503937007874127 ) ) ;
#4943 = DIRECTION ( 'NONE',  ( 0.8904950446498629546, -0.4549929400046101025, 0.000000000000000000 ) ) ;
#4944 = ADVANCED_FACE ( 'NONE', ( #4618 ), #4564, .T. ) ;
#4945 = ADVANCED_FACE ( 'NONE', ( #4135 ), #1996, .T. ) ;
#4946 = VERTEX_POINT ( 'NONE', #5054 ) ;
#4947 = EDGE_CURVE ( 'NONE', #3150, #4431, #3705, .T. ) ;
#4948 = DIRECTION ( 'NONE',  ( -0.9871105220788048973, -0.1600400487418979223, 0.000000000000000000 ) ) ;
#4949 = ORIENTED_EDGE ( 'NONE', *, *, #136, .F. ) ;
#4950 = FACE_OUTER_BOUND ( 'NONE', #2012, .T. ) ;
#4951 = ADVANCED_FACE ( 'NONE', ( #1164 ), #2395, .T. ) ;
#4952 = VERTEX_POINT ( 'NONE', #294 ) ;
#4953 = ORIENTED_EDGE ( 'NONE', *, *, #1067, .T. ) ;
#4954 = CARTESIAN_POINT ( 'NONE',  ( 4.278425196850394130, 4.822874015748031873, 0.1968503937007874127 ) ) ;
#4955 = LINE ( 'NONE', #2780, #2294 ) ;
#4956 = VERTEX_POINT ( 'NONE', #1112 ) ;
#4957 = ORIENTED_EDGE ( 'NONE', *, *, #2252, .F. ) ;
#4958 = CARTESIAN_POINT ( 'NONE',  ( 4.389330708661417724, 0.07101771653543308138, 0.1968503937007874127 ) ) ;
#4959 = EDGE_LOOP ( 'NONE', ( #4584, #3124, #5437, #361 ) ) ;
#4960 = CARTESIAN_POINT ( 'NONE',  ( 0.05116102362204725390, 4.879330708661417937, 0.000000000000000000 ) ) ;
#4961 = DIRECTION ( 'NONE',  ( -0.7083262900088422853, 0.7058851655066208375, 0.000000000000000000 ) ) ;
#4962 = DIRECTION ( 'NONE',  ( -0.000000000000000000, -0.000000000000000000, -1.000000000000000000 ) ) ;
#4963 = EDGE_CURVE ( 'NONE', #1807, #4975, #4219, .T. ) ;
#4964 = FACE_OUTER_BOUND ( 'NONE', #2987, .T. ) ;
#4965 = DIRECTION ( 'NONE',  ( 0.1592042833370856114, 0.9872456615083831100, 0.000000000000000000 ) ) ;
#4966 = LINE ( 'NONE', #4110, #1951 ) ;
#4967 = ORIENTED_EDGE ( 'NONE', *, *, #1804, .T. ) ;
#4968 = CARTESIAN_POINT ( 'NONE',  ( 4.287362204724409764, 0.07101771653543308138, 0.1968503937007874127 ) ) ;
#4969 = ORIENTED_EDGE ( 'NONE', *, *, #3056, .T. ) ;
#4970 = EDGE_CURVE ( 'NONE', #776, #4065, #4991, .T. ) ;
#4971 = DIRECTION ( 'NONE',  ( 0.8922101619186266763, -0.4516204456943217482, 0.000000000000000000 ) ) ;
#4972 = ORIENTED_EDGE ( 'NONE', *, *, #2442, .T. ) ;
#4973 = CARTESIAN_POINT ( 'NONE',  ( 4.357795275590551576, 4.782440944881890310, 0.1968503937007874127 ) ) ;
#4974 = AXIS2_PLACEMENT_3D ( 'NONE', #1708, #826, #33 ) ;
#4975 = VERTEX_POINT ( 'NONE', #2822 ) ;
#4976 = CARTESIAN_POINT ( 'NONE',  ( 4.389330708661417724, 4.805275590551181253, 0.1968503937007874127 ) ) ;
#4977 = ORIENTED_EDGE ( 'NONE', *, *, #3772, .F. ) ;
#4978 = ORIENTED_EDGE ( 'NONE', *, *, #4940, .T. ) ;
#4979 = DIRECTION ( 'NONE',  ( -0.7071067811865890951, 0.7071067811865059394, 0.000000000000000000 ) ) ;
#4980 = LINE ( 'NONE', #3695, #4388 ) ;
#4981 = ORIENTED_EDGE ( 'NONE', *, *, #1621, .F. ) ;
#4982 = ORIENTED_EDGE ( 'NONE', *, *, #213, .F. ) ;
#4983 = CARTESIAN_POINT ( 'NONE',  ( 0.1620015748031496117, 0.08854173228346456925, 0.000000000000000000 ) ) ;
#4984 = PLANE ( 'NONE',  #2569 ) ;
#4985 = VERTEX_POINT ( 'NONE', #4593 ) ;
#4986 = EDGE_CURVE ( 'NONE', #2084, #3019, #660, .T. ) ;
#4987 = LINE ( 'NONE', #4098, #3557 ) ;
#4988 = DIRECTION ( 'NONE',  ( -0.4543735275849096755, -0.8908112580283464865, 0.000000000000000000 ) ) ;
#4989 = DIRECTION ( 'NONE',  ( -0.7071067811865614505, -0.7071067811865336949, 0.000000000000000000 ) ) ;
#4990 = DIRECTION ( 'NONE',  ( -0.000000000000000000, -0.000000000000000000, -1.000000000000000000 ) ) ;
#4991 = LINE ( 'NONE', #1076, #2108 ) ;
#4992 = FACE_OUTER_BOUND ( 'NONE', #1041, .T. ) ;
#4993 = ORIENTED_EDGE ( 'NONE', *, *, #4053, .F. ) ;
#4994 = CARTESIAN_POINT ( 'NONE',  ( 12.84787401574803312, 4.791338582677165725, 0.000000000000000000 ) ) ;
#4995 = VERTEX_POINT ( 'NONE', #3279 ) ;
#4996 = DIRECTION ( 'NONE',  ( 0.8911057429423655529, -0.4537957193442161419, 0.000000000000000000 ) ) ;
#4997 = ADVANCED_FACE ( 'NONE', ( #2450 ), #4188, .T. ) ;
#4998 = EDGE_LOOP ( 'NONE', ( #5413, #3656, #1243, #2033 ) ) ;
#4999 = CARTESIAN_POINT ( 'NONE',  ( 0.05116102362204725390, 4.805275590551181253, 0.1968503937007874127 ) ) ;
#5000 = EDGE_CURVE ( 'NONE', #725, #316, #4533, .T. ) ;
#5001 = ORIENTED_EDGE ( 'NONE', *, *, #5442, .T. ) ;
#5002 = DIRECTION ( 'NONE',  ( -0.8924298478293074544, 0.4511861774294056437, 0.000000000000000000 ) ) ;
#5003 = VECTOR ( 'NONE', #582, 39.37007874015748143 ) ;
#5004 = ORIENTED_EDGE ( 'NONE', *, *, #1211, .F. ) ;
#5005 = ORIENTED_EDGE ( 'NONE', *, *, #3837, .F. ) ;
#5006 = EDGE_CURVE ( 'NONE', #3238, #4956, #2362, .T. ) ;
#5007 = VECTOR ( 'NONE', #3490, 39.37007874015748854 ) ;
#5008 = CARTESIAN_POINT ( 'NONE',  ( 4.275393700787401663, 4.842283464566929929, 0.1968503937007874127 ) ) ;
#5009 = DIRECTION ( 'NONE',  ( -0.000000000000000000, -0.000000000000000000, -1.000000000000000000 ) ) ;
#5010 = VERTEX_POINT ( 'NONE', #1049 ) ;
#5011 = VECTOR ( 'NONE', #4307, 39.37007874015748143 ) ;
#5012 = VECTOR ( 'NONE', #34, 39.37007874015748143 ) ;
#5013 = DIRECTION ( 'NONE',  ( 0.9880691672626488176, -0.1540107811320215458, 0.000000000000000000 ) ) ;
#5014 = ORIENTED_EDGE ( 'NONE', *, *, #4672, .F. ) ;
#5015 = ADVANCED_FACE ( 'NONE', ( #3223 ), #1598, .T. ) ;
#5016 = CARTESIAN_POINT ( 'NONE',  ( 0.1021594488188976163, 4.905275590551180898, 0.000000000000000000 ) ) ;
#5017 = DIRECTION ( 'NONE',  ( -0.1562712096204883216, 0.9877141838830448828, 0.000000000000000000 ) ) ;
#5018 = EDGE_CURVE ( 'NONE', #4467, #4924, #233, .T. ) ;
#5019 = VECTOR ( 'NONE', #3672, 39.37007874015748854 ) ;
#5020 = LINE ( 'NONE', #3728, #715 ) ;
#5021 = EDGE_LOOP ( 'NONE', ( #107, #558, #4253, #2802 ) ) ;
#5022 = CARTESIAN_POINT ( 'NONE',  ( 8.625590551181103294, 4.805275590551181253, 0.1968503937007874127 ) ) ;
#5023 = AXIS2_PLACEMENT_3D ( 'NONE', #1318, #2145, #2169 ) ;
#5024 = LINE ( 'NONE', #2424, #5384 ) ;
#5025 = VECTOR ( 'NONE', #970, 39.37007874015748854 ) ;
#5026 = EDGE_CURVE ( 'NONE', #5586, #1386, #1945, .T. ) ;
#5027 = CARTESIAN_POINT ( 'NONE',  ( 0.06510433070866142313, 4.893267716535433465, 0.000000000000000000 ) ) ;
#5028 = CARTESIAN_POINT ( 'NONE',  ( 12.75090551181102505, 0.1274956692913385703, 0.000000000000000000 ) ) ;
#5029 = DIRECTION ( 'NONE',  ( -0.1533772373344898243, 0.9881677099903839467, 0.000000000000000000 ) ) ;
#5030 = ORIENTED_EDGE ( 'NONE', *, *, #1734, .T. ) ;
#5031 = VECTOR ( 'NONE', #3245, 39.37007874015748854 ) ;
#5032 = VECTOR ( 'NONE', #2625, 39.37007874015748143 ) ;
#5033 = LINE ( 'NONE', #5146, #1999 ) ;
#5034 = VECTOR ( 'NONE', #4338, 39.37007874015749564 ) ;
#5035 = ORIENTED_EDGE ( 'NONE', *, *, #2250, .F. ) ;
#5036 = EDGE_CURVE ( 'NONE', #2493, #2372, #5024, .T. ) ;
#5037 = DIRECTION ( 'NONE',  ( 0.9871105220788041201, 0.1600400487419023077, 0.000000000000000000 ) ) ;
#5038 = ORIENTED_EDGE ( 'NONE', *, *, #428, .T. ) ;
#5039 = DIRECTION ( 'NONE',  ( -0.8916126378921507278, -0.4527989663758081873, 0.000000000000000000 ) ) ;
#5040 = VERTEX_POINT ( 'NONE', #3731 ) ;
#5041 = ORIENTED_EDGE ( 'NONE', *, *, #4070, .F. ) ;
#5042 = EDGE_CURVE ( 'NONE', #4694, #1173, #5482, .T. ) ;
#5043 = CARTESIAN_POINT ( 'NONE',  ( 8.611653543307086878, 4.791338582677165725, 0.1968503937007874127 ) ) ;
#5044 = CARTESIAN_POINT ( 'NONE',  ( 8.634488188976378709, 4.861771653543307536, 0.1968503937007874127 ) ) ;
#5045 = ORIENTED_EDGE ( 'NONE', *, *, #5291, .F. ) ;
#5046 = DIRECTION ( 'NONE',  ( -0.000000000000000000, -0.000000000000000000, -1.000000000000000000 ) ) ;
#5047 = ORIENTED_EDGE ( 'NONE', *, *, #2113, .T. ) ;
#5048 = PLANE ( 'NONE',  #1369 ) ;
#5049 = DIRECTION ( 'NONE',  ( 0.7058851655066208375, 0.7083262900088422853, -0.000000000000000000 ) ) ;
#5050 = VECTOR ( 'NONE', #541, 39.37007874015748143 ) ;
#5051 = CARTESIAN_POINT ( 'NONE',  ( 12.81086614173228533, 4.779291338582677184, 0.000000000000000000 ) ) ;
#5052 = FACE_OUTER_BOUND ( 'NONE', #1442, .T. ) ;
#5053 = ADVANCED_FACE ( 'NONE', ( #2539 ), #5189, .T. ) ;
#5054 = CARTESIAN_POINT ( 'NONE',  ( 4.338385826771653520, 0.04503031496062991773, 0.1968503937007874127 ) ) ;
#5055 = FACE_OUTER_BOUND ( 'NONE', #2610, .T. ) ;
#5056 = DIRECTION ( 'NONE',  ( 0.8924298478293073433, -0.4511861774294056993, 0.000000000000000000 ) ) ;
#5057 = CARTESIAN_POINT ( 'NONE',  ( 12.86181102362204598, 4.879330708661417937, 0.1968503937007874127 ) ) ;
#5058 = ORIENTED_EDGE ( 'NONE', *, *, #846, .F. ) ;
#5059 = CARTESIAN_POINT ( 'NONE',  ( 12.90929133858267797, 4.940708661417322567, 0.000000000000000000 ) ) ;
#5060 = ORIENTED_EDGE ( 'NONE', *, *, #1117, .F. ) ;
#5061 = CARTESIAN_POINT ( 'NONE',  ( 0.4761299212598425479, 0.6001496062992126568, 0.1968503937007874127 ) ) ;
#5062 = ORIENTED_EDGE ( 'NONE', *, *, #1854, .T. ) ;
#5063 = LINE ( 'NONE', #4857, #1720 ) ;
#5064 = EDGE_CURVE ( 'NONE', #943, #4261, #876, .T. ) ;
#5065 = ORIENTED_EDGE ( 'NONE', *, *, #967, .T. ) ;
#5066 = ORIENTED_EDGE ( 'NONE', *, *, #4963, .F. ) ;
#5067 = FACE_BOUND ( 'NONE', #4835, .T. ) ;
#5068 = CARTESIAN_POINT ( 'NONE',  ( 0.4761299212598425479, 0.6001496062992126568, 0.1968503937007874127 ) ) ;
#5069 = ORIENTED_EDGE ( 'NONE', *, *, #1909, .T. ) ;
#5070 = CARTESIAN_POINT ( 'NONE',  ( 0.1620015748031496117, 4.822874015748031873, 0.1968503937007874127 ) ) ;
#5071 = VERTEX_POINT ( 'NONE', #797 ) ;
#5072 = ORIENTED_EDGE ( 'NONE', *, *, #4510, .F. ) ;
#5073 = EDGE_CURVE ( 'NONE', #5284, #2507, #2115, .T. ) ;
#5074 = LINE ( 'NONE', #1222, #3831 ) ;
#5075 = CARTESIAN_POINT ( 'NONE',  ( 8.574606299212598870, 4.905275590551181786, 0.000000000000000000 ) ) ;
#5076 = EDGE_CURVE ( 'NONE', #4167, #2292, #3053, .T. ) ;
#5077 = CARTESIAN_POINT ( 'NONE',  ( 12.83027559055118338, 0.04817716535433071157, 0.1968503937007874127 ) ) ;
#5078 = EDGE_CURVE ( 'NONE', #3119, #5079, #5592, .T. ) ;
#5079 = VERTEX_POINT ( 'NONE', #1227 ) ;
#5080 = DIRECTION ( 'NONE',  ( 0.9871395892538341599, 0.1598606622273645861, 0.000000000000000000 ) ) ;
#5081 = CARTESIAN_POINT ( 'NONE',  ( 4.278425196850394130, 4.822874015748031873, 0.1968503937007874127 ) ) ;
#5082 = LINE ( 'NONE', #5511, #3048 ) ;
#5083 = ORIENTED_EDGE ( 'NONE', *, *, #1204, .F. ) ;
#5084 = DIRECTION ( 'NONE',  ( 0.7071067811865614505, -0.7071067811865336949, 0.000000000000000000 ) ) ;
#5085 = VERTEX_POINT ( 'NONE', #2617 ) ;
#5086 = FACE_OUTER_BOUND ( 'NONE', #3351, .T. ) ;
#5087 = EDGE_LOOP ( 'NONE', ( #3952, #322, #1636, #5179 ) ) ;
#5088 = EDGE_CURVE ( 'NONE', #1989, #4863, #4273, .T. ) ;
#5089 = PLANE ( 'NONE',  #3298 ) ;
#5090 = ORIENTED_EDGE ( 'NONE', *, *, #5188, .T. ) ;
#5091 = DIRECTION ( 'NONE',  ( 0.1542119231227193077, 0.9880377941995905910, 0.000000000000000000 ) ) ;
#5092 = VERTEX_POINT ( 'NONE', #3027 ) ;
#5093 = ORIENTED_EDGE ( 'NONE', *, *, #2921, .F. ) ;
#5094 = LINE ( 'NONE', #2044, #2467 ) ;
#5095 = VECTOR ( 'NONE', #1501, 39.37007874015748143 ) ;
#5096 = DIRECTION ( 'NONE',  ( 0.4512020778594382775, 0.8924218088635693658, 0.000000000000000000 ) ) ;
#5097 = ORIENTED_EDGE ( 'NONE', *, *, #4687, .F. ) ;
#5098 = CARTESIAN_POINT ( 'NONE',  ( 4.301338582677165512, 4.791338582677165725, 0.000000000000000000 ) ) ;
#5099 = VECTOR ( 'NONE', #4773, 39.37007874015748854 ) ;
#5100 = ORIENTED_EDGE ( 'NONE', *, *, #2298, .T. ) ;
#5101 = VERTEX_POINT ( 'NONE', #825 ) ;
#5102 = DIRECTION ( 'NONE',  ( -0.8908112580283464865, 0.4543735275849096755, 0.000000000000000000 ) ) ;
#5103 = CARTESIAN_POINT ( 'NONE',  ( 4.301338582677165512, 0.1590165354330708714, 0.000000000000000000 ) ) ;
#5104 = DIRECTION ( 'NONE',  ( -0.7069569863009588229, -0.7072565443460144818, 0.000000000000000000 ) ) ;
#5105 = VERTEX_POINT ( 'NONE', #4246 ) ;
#5106 = AXIS2_PLACEMENT_3D ( 'NONE', #2137, #3875, #4786 ) ;
#5107 = FACE_OUTER_BOUND ( 'NONE', #1013, .T. ) ;
#5108 = LINE ( 'NONE', #4331, #1830 ) ;
#5109 = DIRECTION ( 'NONE',  ( -0.000000000000000000, -0.000000000000000000, -1.000000000000000000 ) ) ;
#5110 = EDGE_CURVE ( 'NONE', #5085, #4612, #5108, .T. ) ;
#5111 = VECTOR ( 'NONE', #36, 39.37007874015748143 ) ;
#5112 = CARTESIAN_POINT ( 'NONE',  ( 0.1215818897637795243, 4.902244094488189319, 0.1968503937007874127 ) ) ;
#5113 = AXIS2_PLACEMENT_3D ( 'NONE', #2191, #2997, #4390 ) ;
#5114 = VERTEX_POINT ( 'NONE', #2944 ) ;
#5115 = LINE ( 'NONE', #1627, #2453 ) ;
#5116 = VECTOR ( 'NONE', #3620, 39.37007874015748143 ) ;
#5117 = VECTOR ( 'NONE', #784, 39.37007874015748143 ) ;
#5118 = VECTOR ( 'NONE', #1535, 39.37007874015748854 ) ;
#5119 = ORIENTED_EDGE ( 'NONE', *, *, #5561, .T. ) ;
#5120 = VECTOR ( 'NONE', #5416, 39.37007874015748143 ) ;
#5121 = AXIS2_PLACEMENT_3D ( 'NONE', #424, #4352, #2911 ) ;
#5122 = CARTESIAN_POINT ( 'NONE',  ( 8.637598425196850727, 0.1080728346456693023, 0.1968503937007874127 ) ) ;
#5123 = ORIENTED_EDGE ( 'NONE', *, *, #4483, .T. ) ;
#5124 = CARTESIAN_POINT ( 'NONE',  ( 12.90929133858267797, 4.940708661417322567, 0.1968503937007874127 ) ) ;
#5125 = EDGE_CURVE ( 'NONE', #3349, #4547, #2597, .T. ) ;
#5126 = EDGE_CURVE ( 'NONE', #2664, #5331, #429, .T. ) ;
#5127 = AXIS2_PLACEMENT_3D ( 'NONE', #1942, #2419, #5419 ) ;
#5128 = ADVANCED_FACE ( 'NONE', ( #5534 ), #2138, .T. ) ;
#5129 = ORIENTED_EDGE ( 'NONE', *, *, #1968, .F. ) ;
#5130 = ORIENTED_EDGE ( 'NONE', *, *, #5280, .F. ) ;
#5131 = DIRECTION ( 'NONE',  ( 0.000000000000000000, 0.000000000000000000, -1.000000000000000000 ) ) ;
#5132 = ORIENTED_EDGE ( 'NONE', *, *, #996, .F. ) ;
#5133 = LINE ( 'NONE', #4262, #3297 ) ;
#5134 = ORIENTED_EDGE ( 'NONE', *, *, #3710, .F. ) ;
#5135 = ORIENTED_EDGE ( 'NONE', *, *, #3057, .T. ) ;
#5136 = CARTESIAN_POINT ( 'NONE',  ( 4.278425196850394130, 4.861771653543307536, 0.1968503937007874127 ) ) ;
#5137 = DIRECTION ( 'NONE',  ( -0.000000000000000000, -0.000000000000000000, -1.000000000000000000 ) ) ;
#5138 = PLANE ( 'NONE',  #2089 ) ;
#5139 = VERTEX_POINT ( 'NONE', #1196 ) ;
#5140 = CARTESIAN_POINT ( 'NONE',  ( 4.398267716535433358, 4.861771653543307536, 0.1968503937007874127 ) ) ;
#5141 = CARTESIAN_POINT ( 'NONE',  ( 12.87385826771653541, 0.1080728346456693023, 0.1968503937007874127 ) ) ;
#5142 = PLANE ( 'NONE',  #2583 ) ;
#5143 = CARTESIAN_POINT ( 'NONE',  ( 12.83027559055118338, 4.782440944881890310, 0.1968503937007874127 ) ) ;
#5144 = ORIENTED_EDGE ( 'NONE', *, *, #531, .F. ) ;
#5145 = CARTESIAN_POINT ( 'NONE',  ( 8.523661417322834666, 4.805275590551181253, 0.000000000000000000 ) ) ;
#5146 = CARTESIAN_POINT ( 'NONE',  ( 12.87070866141732317, 0.08854173228346456925, 0.1968503937007874127 ) ) ;
#5147 = FACE_OUTER_BOUND ( 'NONE', #3018, .T. ) ;
#5148 = ORIENTED_EDGE ( 'NONE', *, *, #4483, .F. ) ;
#5149 = EDGE_CURVE ( 'NONE', #5514, #3854, #4788, .T. ) ;
#5150 = DIRECTION ( 'NONE',  ( -0.1581185208565652756, 0.9874201402453425258, 0.000000000000000000 ) ) ;
#5151 = ORIENTED_EDGE ( 'NONE', *, *, #889, .F. ) ;
#5152 = LINE ( 'NONE', #1174, #2262 ) ;
#5153 = ORIENTED_EDGE ( 'NONE', *, *, #5253, .T. ) ;
#5154 = FACE_OUTER_BOUND ( 'NONE', #4774, .T. ) ;
#5155 = VERTEX_POINT ( 'NONE', #5641 ) ;
#5156 = LINE ( 'NONE', #814, #834 ) ;
#5157 = VERTEX_POINT ( 'NONE', #1623 ) ;
#5158 = ORIENTED_EDGE ( 'NONE', *, *, #1445, .T. ) ;
#5159 = DIRECTION ( 'NONE',  ( 0.1562712096204883216, -0.9877141838830448828, 0.000000000000000000 ) ) ;
#5160 = CARTESIAN_POINT ( 'NONE',  ( 4.357795275590551576, 0.04817716535433071157, 0.1968503937007874127 ) ) ;
#5161 = FACE_OUTER_BOUND ( 'NONE', #1018, .T. ) ;
#5162 = ORIENTED_EDGE ( 'NONE', *, *, #4765, .T. ) ;
#5163 = LINE ( 'NONE', #1254, #2635 ) ;
#5164 = EDGE_CURVE ( 'NONE', #848, #4122, #1255, .T. ) ;
#5165 = DIRECTION ( 'NONE',  ( 0.1561661380789901576, 0.9877308020495736418, 0.000000000000000000 ) ) ;
#5166 = CARTESIAN_POINT ( 'NONE',  ( 4.278425196850394130, 4.822874015748031873, 0.000000000000000000 ) ) ;
#5167 = CARTESIAN_POINT ( 'NONE',  ( 4.398267716535433358, 4.861771653543307536, 0.1968503937007874127 ) ) ;
#5168 = ORIENTED_EDGE ( 'NONE', *, *, #3504, .F. ) ;
#5169 = DIRECTION ( 'NONE',  ( 0.8899839804325453407, 0.4559917922215735442, 0.000000000000000000 ) ) ;
#5170 = LINE ( 'NONE', #862, #4277 ) ;
#5171 = LINE ( 'NONE', #3003, #737 ) ;
#5172 = DIRECTION ( 'NONE',  ( -0.000000000000000000, -1.000000000000000000, -0.000000000000000000 ) ) ;
#5173 = DIRECTION ( 'NONE',  ( 0.9875625673210124411, -0.1572265105709937660, 0.000000000000000000 ) ) ;
#5174 = ADVANCED_FACE ( 'NONE', ( #2570 ), #3366, .T. ) ;
#5175 = ORIENTED_EDGE ( 'NONE', *, *, #3472, .F. ) ;
#5176 = LINE ( 'NONE', #1610, #557 ) ;
#5177 = ORIENTED_EDGE ( 'NONE', *, *, #3443, .T. ) ;
#5178 = LINE ( 'NONE', #4300, #3657 ) ;
#5179 = ORIENTED_EDGE ( 'NONE', *, *, #5354, .T. ) ;
#5180 = ORIENTED_EDGE ( 'NONE', *, *, #4600, .T. ) ;
#5181 = VECTOR ( 'NONE', #4628, 39.37007874015748143 ) ;
#5182 = DIRECTION ( 'NONE',  ( -0.000000000000000000, -0.000000000000000000, -1.000000000000000000 ) ) ;
#5183 = LINE ( 'NONE', #3479, #2839 ) ;
#5184 = DIRECTION ( 'NONE',  ( -0.000000000000000000, -0.000000000000000000, -1.000000000000000000 ) ) ;
#5185 = ORIENTED_EDGE ( 'NONE', *, *, #3615, .F. ) ;
#5186 = DIRECTION ( 'NONE',  ( -0.9872411207126463584, 0.1592324388246248168, 0.000000000000000000 ) ) ;
#5187 = AXIS2_PLACEMENT_3D ( 'NONE', #3344, #1118, #2492 ) ;
#5188 = EDGE_CURVE ( 'NONE', #3970, #971, #2515, .T. ) ;
#5189 = PLANE ( 'NONE',  #2466 ) ;
#5190 = LINE ( 'NONE', #4310, #3365 ) ;
#5191 = EDGE_CURVE ( 'NONE', #4995, #4093, #3450, .T. ) ;
#5192 = CARTESIAN_POINT ( 'NONE',  ( 8.537598425196851082, 4.791338582677165725, 0.1968503937007874127 ) ) ;
#5193 = VECTOR ( 'NONE', #3051, 39.37007874015748143 ) ;
#5194 = ORIENTED_EDGE ( 'NONE', *, *, #4911, .F. ) ;
#5195 = CARTESIAN_POINT ( 'NONE',  ( 4.318897637795275912, 0.1679137795275590928, 0.000000000000000000 ) ) ;
#5196 = LINE ( 'NONE', #3942, #363 ) ;
#5197 = ADVANCED_FACE ( 'NONE', ( #5562 ), #2970, .T. ) ;
#5198 = CARTESIAN_POINT ( 'NONE',  ( 8.514645669291338592, 4.822874015748031873, 0.000000000000000000 ) ) ;
#5199 = VECTOR ( 'NONE', #5182, 39.37007874015748143 ) ;
#5200 = DIRECTION ( 'NONE',  ( 0.1556551389296265686, 0.9878114585915668266, 0.000000000000000000 ) ) ;
#5201 = VECTOR ( 'NONE', #1454, 39.37007874015748143 ) ;
#5202 = VECTOR ( 'NONE', #4503, 39.37007874015748143 ) ;
#5203 = VECTOR ( 'NONE', #4022, 39.37007874015748143 ) ;
#5204 = CARTESIAN_POINT ( 'NONE',  ( 8.514645669291338592, 0.08854173228346456925, 0.1968503937007874127 ) ) ;
#5205 = ADVANCED_FACE ( 'NONE', ( #2218 ), #2759, .T. ) ;
#5206 = AXIS2_PLACEMENT_3D ( 'NONE', #397, #339, #2531 ) ;
#5207 = VECTOR ( 'NONE', #4142, 39.37007874015748854 ) ;
#5208 = VERTEX_POINT ( 'NONE', #1786 ) ;
#5209 = CARTESIAN_POINT ( 'NONE',  ( 4.375393700787402196, 4.893267716535433465, 0.000000000000000000 ) ) ;
#5210 = ORIENTED_EDGE ( 'NONE', *, *, #3517, .T. ) ;
#5211 = VECTOR ( 'NONE', #64, 39.37007874015748854 ) ;
#5212 = CARTESIAN_POINT ( 'NONE',  ( 12.86181102362204598, 4.805275590551181253, 0.1968503937007874127 ) ) ;
#5213 = ORIENTED_EDGE ( 'NONE', *, *, #3094, .T. ) ;
#5214 = ORIENTED_EDGE ( 'NONE', *, *, #3950, .F. ) ;
#5215 = VECTOR ( 'NONE', #143, 39.37007874015748854 ) ;
#5216 = PLANE ( 'NONE',  #1640 ) ;
#5217 = PLANE ( 'NONE',  #4200 ) ;
#5218 = DIRECTION ( 'NONE',  ( 0.4559025274266882977, -0.8900297104512623347, 0.000000000000000000 ) ) ;
#5219 = VERTEX_POINT ( 'NONE', #3157 ) ;
#5220 = FACE_OUTER_BOUND ( 'NONE', #2235, .T. ) ;
#5221 = DIRECTION ( 'NONE',  ( -0.000000000000000000, -0.000000000000000000, -1.000000000000000000 ) ) ;
#5222 = CARTESIAN_POINT ( 'NONE',  ( 0.08268228346456693578, 4.782440944881890310, 0.1968503937007874127 ) ) ;
#5223 = DIRECTION ( 'NONE',  ( -0.1572637512810519389, -0.9875566376330076057, 0.000000000000000000 ) ) ;
#5224 = ORIENTED_EDGE ( 'NONE', *, *, #4394, .F. ) ;
#5225 = DIRECTION ( 'NONE',  ( -0.7069569863009863564, 0.7072565443459867263, 0.000000000000000000 ) ) ;
#5226 = LINE ( 'NONE', #4737, #2820 ) ;
#5227 = CARTESIAN_POINT ( 'NONE',  ( 8.537598425196851082, 0.05712874015748031775, 0.1968503937007874127 ) ) ;
#5228 = VECTOR ( 'NONE', #4647, 39.37007874015748143 ) ;
#5229 = EDGE_LOOP ( 'NONE', ( #5321, #4535, #5573, #3213 ) ) ;
#5230 = LINE ( 'NONE', #3574, #3928 ) ;
#5231 = CARTESIAN_POINT ( 'NONE',  ( 8.611653543307086878, 4.791338582677165725, 0.1968503937007874127 ) ) ;
#5232 = ADVANCED_FACE ( 'NONE', ( #2303 ), #3935, .F. ) ;
#5233 = EDGE_LOOP ( 'NONE', ( #5485, #1884, #3197, #3181 ) ) ;
#5234 = CARTESIAN_POINT ( 'NONE',  ( 0.1620015748031496117, 4.822874015748031873, 0.1968503937007874127 ) ) ;
#5235 = EDGE_LOOP ( 'NONE', ( #4206, #71, #2814, #5323 ) ) ;
#5236 = EDGE_LOOP ( 'NONE', ( #2529, #3134, #2630, #3102 ) ) ;
#5237 = ORIENTED_EDGE ( 'NONE', *, *, #1141, .F. ) ;
#5238 = CARTESIAN_POINT ( 'NONE',  ( 4.301338582677165512, 0.05712874015748031775, 0.000000000000000000 ) ) ;
#5239 = CARTESIAN_POINT ( 'NONE',  ( 8.634488188976378709, 0.08854173228346456925, 0.1968503937007874127 ) ) ;
#5240 = CARTESIAN_POINT ( 'NONE',  ( 4.275393700787401663, 0.1080728346456693023, 0.000000000000000000 ) ) ;
#5241 = ORIENTED_EDGE ( 'NONE', *, *, #1146, .T. ) ;
#5242 = DIRECTION ( 'NONE',  ( -0.9872598878091026764, -0.1591160391763127013, 0.000000000000000000 ) ) ;
#5243 = ADVANCED_FACE ( 'NONE', ( #5304 ), #4438, .T. ) ;
#5244 = DIRECTION ( 'NONE',  ( -0.000000000000000000, -0.000000000000000000, -1.000000000000000000 ) ) ;
#5245 = FACE_OUTER_BOUND ( 'NONE', #2899, .T. ) ;
#5246 = LINE ( 'NONE', #5594, #911 ) ;
#5247 = DIRECTION ( 'NONE',  ( 0.7072565443460422374, -0.7069569863009309563, 0.000000000000000000 ) ) ;
#5248 = ADVANCED_FACE ( 'NONE', ( #5268 ), #3185, .T. ) ;
#5249 = EDGE_CURVE ( 'NONE', #3025, #5302, #1360, .T. ) ;
#5250 = LINE ( 'NONE', #3905, #1092 ) ;
#5251 = FACE_OUTER_BOUND ( 'NONE', #3881, .T. ) ;
#5252 = LINE ( 'NONE', #39, #2373 ) ;
#5253 = EDGE_CURVE ( 'NONE', #778, #3127, #4845, .T. ) ;
#5254 = ORIENTED_EDGE ( 'NONE', *, *, #1716, .F. ) ;
#5255 = LINE ( 'NONE', #5625, #837 ) ;
#5256 = DIRECTION ( 'NONE',  ( -0.000000000000000000, -0.000000000000000000, -1.000000000000000000 ) ) ;
#5257 = EDGE_CURVE ( 'NONE', #2664, #2325, #77, .T. ) ;
#5258 = ORIENTED_EDGE ( 'NONE', *, *, #1377, .F. ) ;
#5259 = DIRECTION ( 'NONE',  ( 0.9871616537672035507, 0.1597243542218899914, 0.000000000000000000 ) ) ;
#5260 = ORIENTED_EDGE ( 'NONE', *, *, #2934, .T. ) ;
#5261 = CARTESIAN_POINT ( 'NONE',  ( 12.75988188976378090, 4.879330708661417937, 0.1968503937007874127 ) ) ;
#5262 = ORIENTED_EDGE ( 'NONE', *, *, #3863, .F. ) ;
#5263 = EDGE_LOOP ( 'NONE', ( #5505, #1142, #1982, #2526 ) ) ;
#5264 = LINE ( 'NONE', #4004, #1731 ) ;
#5265 = LINE ( 'NONE', #4408, #4303 ) ;
#5266 = VERTEX_POINT ( 'NONE', #3077 ) ;
#5267 = CARTESIAN_POINT ( 'NONE',  ( 12.77381889763779554, 0.05712874015748031775, 0.000000000000000000 ) ) ;
#5268 = FACE_OUTER_BOUND ( 'NONE', #498, .T. ) ;
#5269 = DIRECTION ( 'NONE',  ( -0.9871757703368737591, -0.1596370835983917935, 0.000000000000000000 ) ) ;
#5270 = EDGE_CURVE ( 'NONE', #2986, #2066, #2187, .T. ) ;
#5271 = LINE ( 'NONE', #1288, #5012 ) ;
#5272 = CARTESIAN_POINT ( 'NONE',  ( 4.338385826771653520, 0.1710610236220472535, 0.1968503937007874127 ) ) ;
#5273 = LINE ( 'NONE', #959, #5377 ) ;
#5274 = VECTOR ( 'NONE', #4759, 39.37007874015748854 ) ;
#5275 = CARTESIAN_POINT ( 'NONE',  ( 8.511614173228347013, 0.1080728346456693023, 0.000000000000000000 ) ) ;
#5276 = ADVANCED_FACE ( 'NONE', ( #139 ), #32, .T. ) ;
#5277 = DIRECTION ( 'NONE',  ( 0.7071067811865613395, 0.7071067811865335839, 0.000000000000000000 ) ) ;
#5278 = AXIS2_PLACEMENT_3D ( 'NONE', #880, #4315, #2144 ) ;
#5279 = ORIENTED_EDGE ( 'NONE', *, *, #256, .T. ) ;
#5280 = EDGE_CURVE ( 'NONE', #2690, #4946, #1876, .T. ) ;
#5281 = DIRECTION ( 'NONE',  ( -0.9872093450064359788, -0.1594293233127574150, 0.000000000000000000 ) ) ;
#5282 = LINE ( 'NONE', #3122, #4548 ) ;
#5283 = VECTOR ( 'NONE', #2334, 39.37007874015748143 ) ;
#5284 = VERTEX_POINT ( 'NONE', #110 ) ;
#5285 = VECTOR ( 'NONE', #3488, 39.37007874015748854 ) ;
#5286 = AXIS2_PLACEMENT_3D ( 'NONE', #5357, #4043, #1817 ) ;
#5287 = LINE ( 'NONE', #472, #3562 ) ;
#5288 = EDGE_CURVE ( 'NONE', #3850, #3019, #3613, .T. ) ;
#5289 = ORIENTED_EDGE ( 'NONE', *, *, #3955, .F. ) ;
#5290 = EDGE_CURVE ( 'NONE', #1128, #696, #3589, .T. ) ;
#5291 = EDGE_CURVE ( 'NONE', #2973, #451, #1016, .T. ) ;
#5292 = VECTOR ( 'NONE', #1488, 39.37007874015748854 ) ;
#5293 = VECTOR ( 'NONE', #68, 39.37007874015748143 ) ;
#5294 =( NAMED_UNIT ( * ) SI_UNIT ( $, .STERADIAN. ) SOLID_ANGLE_UNIT ( ) );
#5295 = ORIENTED_EDGE ( 'NONE', *, *, #783, .F. ) ;
#5296 = ORIENTED_EDGE ( 'NONE', *, *, #1431, .T. ) ;
#5297 = VECTOR ( 'NONE', #3732, 39.37007874015748854 ) ;
#5298 = LINE ( 'NONE', #3608, #4190 ) ;
#5299 = COLOUR_RGB ( '',0.7921568627450980005, 0.8196078431372548767, 0.9333333333333333481 ) ;
#5300 = VECTOR ( 'NONE', #2032, 39.37007874015748143 ) ;
#5301 = CARTESIAN_POINT ( 'NONE',  ( 12.87385826771653541, 4.842283464566929929, 0.1968503937007874127 ) ) ;
#5302 = VERTEX_POINT ( 'NONE', #4898 ) ;
#5303 = FACE_OUTER_BOUND ( 'NONE', #74, .T. ) ;
#5304 = FACE_OUTER_BOUND ( 'NONE', #4380, .T. ) ;
#5305 = VECTOR ( 'NONE', #3780, 39.37007874015748143 ) ;
#5306 = ORIENTED_EDGE ( 'NONE', *, *, #2042, .T. ) ;
#5307 = CARTESIAN_POINT ( 'NONE',  ( 4.401377952755906264, 4.842283464566929929, 0.000000000000000000 ) ) ;
#5308 = CARTESIAN_POINT ( 'NONE',  ( 4.301338582677165512, 4.791338582677165725, 0.1968503937007874127 ) ) ;
#5309 = DIRECTION ( 'NONE',  ( 0.8903987221554818809, 0.4551814095323809539, 0.000000000000000000 ) ) ;
#5310 = EDGE_CURVE ( 'NONE', #3256, #4342, #983, .T. ) ;
#5311 = LINE ( 'NONE', #1822, #5559 ) ;
#5312 = PLANE ( 'NONE',  #4941 ) ;
#5313 = CARTESIAN_POINT ( 'NONE',  ( 8.634488188976378709, 4.861771653543307536, 0.000000000000000000 ) ) ;
#5314 = ORIENTED_EDGE ( 'NONE', *, *, #5539, .F. ) ;
#5315 = DIRECTION ( 'NONE',  ( 0.1543157444027945524, -0.9880215842932842385, 0.000000000000000000 ) ) ;
#5316 = LINE ( 'NONE', #968, #5552 ) ;
#5317 = EDGE_CURVE ( 'NONE', #615, #2014, #4928, .T. ) ;
#5318 = EDGE_LOOP ( 'NONE', ( #756, #3899, #2805, #4278 ) ) ;
#5319 = CARTESIAN_POINT ( 'NONE',  ( 4.278425196850394130, 0.1274956692913385703, 0.1968503937007874127 ) ) ;
#5320 = EDGE_CURVE ( 'NONE', #716, #2682, #2644, .T. ) ;
#5321 = ORIENTED_EDGE ( 'NONE', *, *, #1669, .F. ) ;
#5322 = CARTESIAN_POINT ( 'NONE',  ( 8.625590551181103294, 4.805275590551181253, 0.1968503937007874127 ) ) ;
#5323 = ORIENTED_EDGE ( 'NONE', *, *, #5363, .T. ) ;
#5324 = EDGE_LOOP ( 'NONE', ( #4088, #2912, #1846, #3627 ) ) ;
#5325 = DIRECTION ( 'NONE',  ( -0.1572265105709937383, -0.9875625673210124411, 0.000000000000000000 ) ) ;
#5326 = PLANE ( 'NONE',  #924 ) ;
#5327 = ORIENTED_EDGE ( 'NONE', *, *, #4237, .F. ) ;
#5328 = ORIENTED_EDGE ( 'NONE', *, *, #5486, .F. ) ;
#5329 = CARTESIAN_POINT ( 'NONE',  ( 12.87070866141732317, 4.822874015748031873, 0.1968503937007874127 ) ) ;
#5330 = CARTESIAN_POINT ( 'NONE',  ( 12.75988188976378090, 4.805275590551181253, 0.1968503937007874127 ) ) ;
#5331 = VERTEX_POINT ( 'NONE', #5473 ) ;
#5332 = CARTESIAN_POINT ( 'NONE',  ( 12.77381889763779554, 0.1590165354330708714, 0.000000000000000000 ) ) ;
#5333 = DIRECTION ( 'NONE',  ( -0.7071067811865335839, 0.7071067811865613395, 0.000000000000000000 ) ) ;
#5334 = DIRECTION ( 'NONE',  ( 0.4512497765713583409, 0.8923976911356836794, 0.000000000000000000 ) ) ;
#5335 = DIRECTION ( 'NONE',  ( -0.000000000000000000, -0.000000000000000000, -1.000000000000000000 ) ) ;
#5336 = EDGE_CURVE ( 'NONE', #2937, #2641, #4611, .T. ) ;
#5337 = PLANE ( 'NONE',  #288 ) ;
#5338 = LINE ( 'NONE', #515, #5203 ) ;
#5339 = ORIENTED_EDGE ( 'NONE', *, *, #804, .T. ) ;
#5340 = CARTESIAN_POINT ( 'NONE',  ( 8.594055118110235369, 4.782440944881890310, 0.000000000000000000 ) ) ;
#5341 = CARTESIAN_POINT ( 'NONE',  ( 0.1620015748031496117, 0.08854173228346456925, 0.1968503937007874127 ) ) ;
#5342 = ORIENTED_EDGE ( 'NONE', *, *, #4741, .T. ) ;
#5343 = LINE ( 'NONE', #1433, #2190 ) ;
#5344 = ORIENTED_EDGE ( 'NONE', *, *, #1794, .F. ) ;
#5345 = LINE ( 'NONE', #2377, #5095 ) ;
#5346 = DIRECTION ( 'NONE',  ( 0.000000000000000000, 1.000000000000000000, -0.000000000000000000 ) ) ;
#5347 = ORIENTED_EDGE ( 'NONE', *, *, #2207, .T. ) ;
#5348 = ORIENTED_EDGE ( 'NONE', *, *, #2142, .T. ) ;
#5349 = DIRECTION ( 'NONE',  ( -0.000000000000000000, -0.000000000000000000, -1.000000000000000000 ) ) ;
#5350 = PLANE ( 'NONE',  #3303 ) ;
#5351 = ORIENTED_EDGE ( 'NONE', *, *, #1265, .T. ) ;
#5352 = VERTEX_POINT ( 'NONE', #2874 ) ;
#5353 = CARTESIAN_POINT ( 'NONE',  ( 0.06510433070866142313, 4.791338582677165725, 0.000000000000000000 ) ) ;
#5354 = EDGE_CURVE ( 'NONE', #5010, #2491, #4178, .T. ) ;
#5355 = CARTESIAN_POINT ( 'NONE',  ( 0.05116102362204725390, 0.07101771653543308138, 0.1968503937007874127 ) ) ;
#5356 = ORIENTED_EDGE ( 'NONE', *, *, #844, .F. ) ;
#5357 = CARTESIAN_POINT ( 'NONE',  ( 8.574606299212598870, 4.905275590551180898, 0.1968503937007874127 ) ) ;
#5358 = CARTESIAN_POINT ( 'NONE',  ( 4.389330708661417724, 0.07101771653543308138, 0.1968503937007874127 ) ) ;
#5359 = MANIFOLD_SOLID_BREP ( 'Boss-Extrude1', #634 ) ;
#5360 = FACE_OUTER_BOUND ( 'NONE', #2199, .T. ) ;
#5361 = EDGE_CURVE ( 'NONE', #3099, #1983, #2416, .T. ) ;
#5362 = PLANE ( 'NONE',  #5374 ) ;
#5363 = EDGE_CURVE ( 'NONE', #5139, #4542, #3328, .T. ) ;
#5364 = ADVANCED_FACE ( 'NONE', ( #3216 ), #4984, .T. ) ;
#5365 = CARTESIAN_POINT ( 'NONE',  ( 12.83027559055118338, 4.782440944881890310, 0.1968503937007874127 ) ) ;
#5366 = FACE_OUTER_BOUND ( 'NONE', #2885, .T. ) ;
#5367 = ORIENTED_EDGE ( 'NONE', *, *, #2639, .F. ) ;
#5368 = VECTOR ( 'NONE', #3664, 39.37007874015748854 ) ;
#5369 = PLANE ( 'NONE',  #3387 ) ;
#5370 = LINE ( 'NONE', #1522, #4364 ) ;
#5371 = AXIS2_PLACEMENT_3D ( 'NONE', #3947, #5173, #2605 ) ;
#5372 = ORIENTED_EDGE ( 'NONE', *, *, #3237, .F. ) ;
#5373 = CARTESIAN_POINT ( 'NONE',  ( 4.338385826771653520, 0.1710610236220472535, 0.1968503937007874127 ) ) ;
#5374 = AXIS2_PLACEMENT_3D ( 'NONE', #4478, #2277, #3648 ) ;
#5375 = ORIENTED_EDGE ( 'NONE', *, *, #4782, .T. ) ;
#5376 = CARTESIAN_POINT ( 'NONE',  ( 0.05116102362204725390, 4.805275590551181253, 0.000000000000000000 ) ) ;
#5377 = VECTOR ( 'NONE', #3618, 39.37007874015748143 ) ;
#5378 = ORIENTED_EDGE ( 'NONE', *, *, #4829, .F. ) ;
#5379 = EDGE_LOOP ( 'NONE', ( #4843, #4881, #3107, #2290 ) ) ;
#5380 = EDGE_CURVE ( 'NONE', #528, #5631, #1070, .T. ) ;
#5381 = LINE ( 'NONE', #4063, #2109 ) ;
#5382 = FACE_OUTER_BOUND ( 'NONE', #1741, .T. ) ;
#5383 = ORIENTED_EDGE ( 'NONE', *, *, #769, .F. ) ;
#5384 = VECTOR ( 'NONE', #5423, 39.37007874015748143 ) ;
#5385 = EDGE_LOOP ( 'NONE', ( #1412, #4735, #601, #1154, #1225, #271, #3924, #1660, #2311, #951, #4434, #4929, #5499, #2670, #3493, #806, #2600, #1157, #3467, #3539 ) ) ;
#5386 = AXIS2_PLACEMENT_3D ( 'NONE', #5604, #5131, #4260 ) ;
#5387 = VECTOR ( 'NONE', #1903, 39.37007874015748143 ) ;
#5388 = DIRECTION ( 'NONE',  ( 0.4516204456943435086, -0.8922101619186156851, 0.000000000000000000 ) ) ;
#5389 = LINE ( 'NONE', #1480, #1833 ) ;
#5390 = EDGE_LOOP ( 'NONE', ( #2712, #3918, #2239, #4028 ) ) ;
#5391 = MECHANICAL_DESIGN_GEOMETRIC_PRESENTATION_REPRESENTATION (  '', ( #2286 ), #4199 ) ;
#5392 = AXIS2_PLACEMENT_3D ( 'NONE', #3598, #1492, #625 ) ;
#5393 = CARTESIAN_POINT ( 'NONE',  ( 8.537598425196851082, 0.05712874015748031775, 0.1968503937007874127 ) ) ;
#5394 = CARTESIAN_POINT ( 'NONE',  ( 8.611653543307086878, 4.893267716535433465, 0.1968503937007874127 ) ) ;
#5395 = DIRECTION ( 'NONE',  ( 0.8913191698506689464, 0.4533763750535687587, 0.000000000000000000 ) ) ;
#5396 = CARTESIAN_POINT ( 'NONE',  ( 0.4761299212598425479, 4.350196850393701631, 0.1968503937007874127 ) ) ;
#5397 = AXIS2_PLACEMENT_3D ( 'NONE', #3073, #2640, #3101 ) ;
#5398 = DIRECTION ( 'NONE',  ( -0.1600595583406320133, -0.9871073587932580606, 0.000000000000000000 ) ) ;
#5399 = CARTESIAN_POINT ( 'NONE',  ( 0.1620015748031496117, 0.08854173228346456925, 0.1968503937007874127 ) ) ;
#5400 = ORIENTED_EDGE ( 'NONE', *, *, #4770, .F. ) ;
#5401 = CARTESIAN_POINT ( 'NONE',  ( 12.90929133858267797, 4.940708661417322567, 0.1968503937007874127 ) ) ;
#5402 = ORIENTED_EDGE ( 'NONE', *, *, #1035, .T. ) ;
#5403 = DIRECTION ( 'NONE',  ( -0.9872456615083831100, 0.1592042833370856114, 0.000000000000000000 ) ) ;
#5404 = ORIENTED_EDGE ( 'NONE', *, *, #659, .T. ) ;
#5405 = LINE ( 'NONE', #2375, #15 ) ;
#5406 = ORIENTED_EDGE ( 'NONE', *, *, #231, .F. ) ;
#5407 = CARTESIAN_POINT ( 'NONE',  ( 8.555118110236222151, 0.04817716535433071157, 0.000000000000000000 ) ) ;
#5408 = EDGE_CURVE ( 'NONE', #4261, #211, #5389, .T. ) ;
#5409 = VERTEX_POINT ( 'NONE', #4128 ) ;
#5410 = ORIENTED_EDGE ( 'NONE', *, *, #2442, .F. ) ;
#5411 = DIRECTION ( 'NONE',  ( -0.4533763750535688142, 0.8913191698506690575, 0.000000000000000000 ) ) ;
#5412 = CARTESIAN_POINT ( 'NONE',  ( 8.574606299212598870, 4.779291338582677184, 0.1968503937007874127 ) ) ;
#5413 = ORIENTED_EDGE ( 'NONE', *, *, #3432, .F. ) ;
#5414 = ORIENTED_EDGE ( 'NONE', *, *, #471, .F. ) ;
#5415 = LINE ( 'NONE', #647, #5019 ) ;
#5416 = DIRECTION ( 'NONE',  ( -0.000000000000000000, -0.000000000000000000, -1.000000000000000000 ) ) ;
#5417 = ORIENTED_EDGE ( 'NONE', *, *, #483, .F. ) ;
#5418 = FACE_OUTER_BOUND ( 'NONE', #4258, .T. ) ;
#5419 = DIRECTION ( 'NONE',  ( -0.4549196351979302166, 0.8905324954831136397, 0.000000000000000000 ) ) ;
#5420 = CARTESIAN_POINT ( 'NONE',  ( 0.1651472440944882214, 0.1080728346456693023, 0.000000000000000000 ) ) ;
#5421 = LINE ( 'NONE', #2308, #5283 ) ;
#5422 = ADVANCED_FACE ( 'NONE', ( #251 ), #4585, .T. ) ;
#5423 = DIRECTION ( 'NONE',  ( -0.000000000000000000, -0.000000000000000000, -1.000000000000000000 ) ) ;
#5424 = PLANE ( 'NONE',  #2281 ) ;
#5425 = EDGE_CURVE ( 'NONE', #3777, #4143, #4096, .T. ) ;
#5426 = ORIENTED_EDGE ( 'NONE', *, *, #4838, .T. ) ;
#5427 = DIRECTION ( 'NONE',  ( 0.1582248390206102140, 0.9874031093311899099, 0.000000000000000000 ) ) ;
#5428 = ORIENTED_EDGE ( 'NONE', *, *, #3148, .F. ) ;
#5429 = DIRECTION ( 'NONE',  ( -0.000000000000000000, -0.000000000000000000, -1.000000000000000000 ) ) ;
#5430 = ADVANCED_FACE ( 'NONE', ( #648 ), #226, .T. ) ;
#5431 = VERTEX_POINT ( 'NONE', #1988 ) ;
#5432 = LINE ( 'NONE', #216, #2019 ) ;
#5433 = ORIENTED_EDGE ( 'NONE', *, *, #1126, .T. ) ;
#5434 = CARTESIAN_POINT ( 'NONE',  ( 0.4761299212598425479, 4.350196850393701631, 0.1968503937007874127 ) ) ;
#5435 = EDGE_CURVE ( 'NONE', #3597, #4542, #1101, .T. ) ;
#5436 = EDGE_CURVE ( 'NONE', #1869, #196, #5609, .T. ) ;
#5437 = ORIENTED_EDGE ( 'NONE', *, *, #1566, .T. ) ;
#5438 = ORIENTED_EDGE ( 'NONE', *, *, #2662, .F. ) ;
#5439 = CARTESIAN_POINT ( 'NONE',  ( 4.401377952755906264, 0.1080728346456693023, 0.000000000000000000 ) ) ;
#5440 = FACE_OUTER_BOUND ( 'NONE', #2431, .T. ) ;
#5441 = ORIENTED_EDGE ( 'NONE', *, *, #2368, .F. ) ;
#5442 = EDGE_CURVE ( 'NONE', #2410, #548, #4752, .T. ) ;
#5443 = DIRECTION ( 'NONE',  ( -0.1540107811320215736, -0.9880691672626489286, 0.000000000000000000 ) ) ;
#5444 = ORIENTED_EDGE ( 'NONE', *, *, #1067, .F. ) ;
#5445 = CARTESIAN_POINT ( 'NONE',  ( 4.375393700787402196, 4.893267716535433465, 0.1968503937007874127 ) ) ;
#5446 = PLANE ( 'NONE',  #4485 ) ;
#5447 = CARTESIAN_POINT ( 'NONE',  ( 12.75090551181102505, 0.08854173228346456925, 0.1968503937007874127 ) ) ;
#5448 = EDGE_LOOP ( 'NONE', ( #3209, #3424, #5453, #4265 ) ) ;
#5449 = PLANE ( 'NONE',  #92 ) ;
#5450 = EDGE_CURVE ( 'NONE', #2173, #2493, #3016, .T. ) ;
#5451 = CARTESIAN_POINT ( 'NONE',  ( 4.357795275590551576, 4.782440944881890310, 0.1968503937007874127 ) ) ;
#5452 = LINE ( 'NONE', #5027, #5607 ) ;
#5453 = ORIENTED_EDGE ( 'NONE', *, *, #4782, .F. ) ;
#5454 = DIRECTION ( 'NONE',  ( 0.8920142723425459330, -0.4520072321735552068, 0.000000000000000000 ) ) ;
#5455 = ORIENTED_EDGE ( 'NONE', *, *, #1126, .F. ) ;
#5456 = CARTESIAN_POINT ( 'NONE',  ( 0.1215818897637795243, 4.782440944881890310, 0.1968503937007874127 ) ) ;
#5457 = ADVANCED_FACE ( 'NONE', ( #1185 ), #3804, .T. ) ;
#5458 = VECTOR ( 'NONE', #1585, 39.37007874015748854 ) ;
#5459 = VERTEX_POINT ( 'NONE', #3842 ) ;
#5460 = LINE ( 'NONE', #1499, #5207 ) ;
#5461 = ORIENTED_EDGE ( 'NONE', *, *, #5006, .T. ) ;
#5462 = LINE ( 'NONE', #606, #1628 ) ;
#5463 = VECTOR ( 'NONE', #1308, 39.37007874015748143 ) ;
#5464 = ORIENTED_EDGE ( 'NONE', *, *, #1321, .T. ) ;
#5465 = ORIENTED_EDGE ( 'NONE', *, *, #3888, .F. ) ;
#5466 = VECTOR ( 'NONE', #518, 39.37007874015748854 ) ;
#5467 = CARTESIAN_POINT ( 'NONE',  ( 0.000000000000000000, 0.000000000000000000, 0.1968503937007874127 ) ) ;
#5468 = ADVANCED_FACE ( 'NONE', ( #1273 ), #4673, .T. ) ;
#5469 = LINE ( 'NONE', #1127, #4025 ) ;
#5470 = ORIENTED_EDGE ( 'NONE', *, *, #5164, .T. ) ;
#5471 = EDGE_CURVE ( 'NONE', #47, #5219, #5133, .T. ) ;
#5472 = VECTOR ( 'NONE', #5335, 39.37007874015748143 ) ;
#5473 = CARTESIAN_POINT ( 'NONE',  ( 4.357795275590551576, 0.1679137795275593148, 0.1968503937007874127 ) ) ;
#5474 = VERTEX_POINT ( 'NONE', #4323 ) ;
#5475 = CARTESIAN_POINT ( 'NONE',  ( 0.1215818897637795104, 4.902244094488189319, 0.1968503937007874127 ) ) ;
#5476 = DIRECTION ( 'NONE',  ( -0.7072565443460006041, 0.7069569863009725896, 0.000000000000000000 ) ) ;
#5477 = VECTOR ( 'NONE', #1311, 39.37007874015748143 ) ;
#5478 = VECTOR ( 'NONE', #138, 39.37007874015748143 ) ;
#5479 = CARTESIAN_POINT ( 'NONE',  ( 4.357795275590551576, 4.902244094488189319, 0.000000000000000000 ) ) ;
#5480 = DIRECTION ( 'NONE',  ( -0.000000000000000000, -0.000000000000000000, -1.000000000000000000 ) ) ;
#5481 = VECTOR ( 'NONE', #1410, 39.37007874015748854 ) ;
#5482 = LINE ( 'NONE', #1574, #2203 ) ;
#5483 = VECTOR ( 'NONE', #3266, 39.37007874015748143 ) ;
#5484 = DIRECTION ( 'NONE',  ( -0.8924218088635805790, -0.4512020778594162951, 0.000000000000000000 ) ) ;
#5485 = ORIENTED_EDGE ( 'NONE', *, *, #1144, .F. ) ;
#5486 = EDGE_CURVE ( 'NONE', #3158, #5555, #1303, .T. ) ;
#5487 = DIRECTION ( 'NONE',  ( 0.4535964786211886812, -0.8912071782601715952, 0.000000000000000000 ) ) ;
#5488 = EDGE_LOOP ( 'NONE', ( #250, #626, #5132, #52, #3070, #3324, #3227, #842, #2376, #1614, #4038, #3614, #2073, #4050, #4488, #5328, #4575, #3269, #757, #4630 ) ) ;
#5489 = VECTOR ( 'NONE', #3005, 39.37007874015748854 ) ;
#5490 = CARTESIAN_POINT ( 'NONE',  ( 0.08268228346456693578, 4.902244094488189319, 0.000000000000000000 ) ) ;
#5491 = ADVANCED_FACE ( 'NONE', ( #1219 ), #4238, .T. ) ;
#5492 = VECTOR ( 'NONE', #3635, 39.37007874015748143 ) ;
#5493 = ORIENTED_EDGE ( 'NONE', *, *, #946, .T. ) ;
#5494 = CARTESIAN_POINT ( 'NONE',  ( 12.75090551181102505, 4.861771653543307536, 0.000000000000000000 ) ) ;
#5495 = ORIENTED_EDGE ( 'NONE', *, *, #1724, .T. ) ;
#5496 = CARTESIAN_POINT ( 'NONE',  ( 12.77381889763779554, 4.791338582677165725, 0.000000000000000000 ) ) ;
#5497 = ADVANCED_FACE ( 'NONE', ( #362 ), #1613, .T. ) ;
#5498 = EDGE_LOOP ( 'NONE', ( #785, #4223, #764, #638 ) ) ;
#5499 = ORIENTED_EDGE ( 'NONE', *, *, #5471, .T. ) ;
#5500 = EDGE_CURVE ( 'NONE', #3012, #2848, #5551, .T. ) ;
#5501 = LINE ( 'NONE', #2808, #4292 ) ;
#5502 = DIRECTION ( 'NONE',  ( 0.4520072321735773557, -0.8920142723425347198, 0.000000000000000000 ) ) ;
#5503 = ORIENTED_EDGE ( 'NONE', *, *, #2326, .T. ) ;
#5504 = ORIENTED_EDGE ( 'NONE', *, *, #2432, .T. ) ;
#5505 = ORIENTED_EDGE ( 'NONE', *, *, #4218, .F. ) ;
#5506 = CARTESIAN_POINT ( 'NONE',  ( 0.06510433070866142313, 0.05712874015748031775, 0.1968503937007874127 ) ) ;
#5507 = FACE_OUTER_BOUND ( 'NONE', #4235, .T. ) ;
#5508 = LINE ( 'NONE', #2851, #624 ) ;
#5509 = LINE ( 'NONE', #2485, #2724 ) ;
#5510 = DIRECTION ( 'NONE',  ( -0.000000000000000000, -0.000000000000000000, -1.000000000000000000 ) ) ;
#5511 = CARTESIAN_POINT ( 'NONE',  ( 12.86181102362204598, 0.07101771653543308138, 0.1968503937007874127 ) ) ;
#5512 = CARTESIAN_POINT ( 'NONE',  ( 0.4761299212598425479, 4.350196850393701631, 0.1968503937007874127 ) ) ;
#5513 = DIRECTION ( 'NONE',  ( -0.000000000000000000, -0.000000000000000000, -1.000000000000000000 ) ) ;
#5514 = VERTEX_POINT ( 'NONE', #1642 ) ;
#5515 = CARTESIAN_POINT ( 'NONE',  ( 8.634488188976378709, 0.1274956692913385703, 0.000000000000000000 ) ) ;
#5516 = ORIENTED_EDGE ( 'NONE', *, *, #370, .F. ) ;
#5517 = CARTESIAN_POINT ( 'NONE',  ( 12.81086614173228533, 4.905275590551180898, 0.1968503937007874127 ) ) ;
#5518 = ORIENTED_EDGE ( 'NONE', *, *, #5026, .F. ) ;
#5519 = CARTESIAN_POINT ( 'NONE',  ( 8.511614173228347013, 4.842283464566929929, 0.1968503937007874127 ) ) ;
#5520 = ORIENTED_EDGE ( 'NONE', *, *, #5336, .T. ) ;
#5521 = ORIENTED_EDGE ( 'NONE', *, *, #5623, .T. ) ;
#5522 = FACE_BOUND ( 'NONE', #4799, .T. ) ;
#5523 = DIRECTION ( 'NONE',  ( -0.7071067811865059394, 0.7071067811865890951, 0.000000000000000000 ) ) ;
#5524 = ORIENTED_EDGE ( 'NONE', *, *, #38, .T. ) ;
#5525 = EDGE_CURVE ( 'NONE', #4985, #1503, #3356, .T. ) ;
#5526 = DIRECTION ( 'NONE',  ( 0.1537070062818597371, 0.9881164689548839197, 0.000000000000000000 ) ) ;
#5527 = ORIENTED_EDGE ( 'NONE', *, *, #3002, .T. ) ;
#5528 = ORIENTED_EDGE ( 'NONE', *, *, #2980, .T. ) ;
#5529 = FACE_OUTER_BOUND ( 'NONE', #4002, .T. ) ;
#5530 = CARTESIAN_POINT ( 'NONE',  ( 4.301338582677165512, 0.05712874015748031775, 0.1968503937007874127 ) ) ;
#5531 = CARTESIAN_POINT ( 'NONE',  ( 4.318897637795275912, 4.902244094488189319, 0.1968503937007874127 ) ) ;
#5532 = EDGE_CURVE ( 'NONE', #3637, #1919, #420, .T. ) ;
#5533 = CARTESIAN_POINT ( 'NONE',  ( 12.79133858267716484, 0.04817716535433071157, 0.1968503937007874127 ) ) ;
#5534 = FACE_OUTER_BOUND ( 'NONE', #2095, .T. ) ;
#5535 = DIRECTION ( 'NONE',  ( 0.7057251110012997541, 0.7084857568802659378, -0.000000000000000000 ) ) ;
#5536 = ORIENTED_EDGE ( 'NONE', *, *, #21, .F. ) ;
#5537 = EDGE_CURVE ( 'NONE', #773, #4180, #732, .T. ) ;
#5538 = ORIENTED_EDGE ( 'NONE', *, *, #4418, .F. ) ;
#5539 = EDGE_CURVE ( 'NONE', #3784, #2957, #5156, .T. ) ;
#5540 = PLANE ( 'NONE',  #5187 ) ;
#5541 = EDGE_CURVE ( 'NONE', #3974, #112, #5178, .T. ) ;
#5542 = ORIENTED_EDGE ( 'NONE', *, *, #5064, .T. ) ;
#5543 = DIRECTION ( 'NONE',  ( -0.000000000000000000, -0.000000000000000000, -1.000000000000000000 ) ) ;
#5544 = ORIENTED_EDGE ( 'NONE', *, *, #3343, .T. ) ;
#5545 = DIRECTION ( 'NONE',  ( 0.4527737055417302980, 0.8916254659721257747, 0.000000000000000000 ) ) ;
#5546 = ORIENTED_EDGE ( 'NONE', *, *, #187, .F. ) ;
#5547 = ORIENTED_EDGE ( 'NONE', *, *, #4187, .T. ) ;
#5548 = LINE ( 'NONE', #5319, #4109 ) ;
#5549 = VECTOR ( 'NONE', #3309, 39.37007874015748143 ) ;
#5550 = VERTEX_POINT ( 'NONE', #5630 ) ;
#5551 = LINE ( 'NONE', #2961, #3927 ) ;
#5552 = VECTOR ( 'NONE', #2708, 39.37007874015748143 ) ;
#5553 = EDGE_CURVE ( 'NONE', #1123, #4066, #2130, .T. ) ;
#5554 = VERTEX_POINT ( 'NONE', #5098 ) ;
#5555 = VERTEX_POINT ( 'NONE', #3473 ) ;
#5556 = DIRECTION ( 'NONE',  ( 0.8911057429423655529, -0.4537957193442161419, 0.000000000000000000 ) ) ;
#5557 = PLANE ( 'NONE',  #2730 ) ;
#5558 = CARTESIAN_POINT ( 'NONE',  ( 12.81086614173228533, 0.1710610236220472535, 0.1968503937007874127 ) ) ;
#5559 = VECTOR ( 'NONE', #1399, 39.37007874015748854 ) ;
#5560 = FACE_OUTER_BOUND ( 'NONE', #4685, .T. ) ;
#5561 = EDGE_CURVE ( 'NONE', #2365, #422, #1778, .T. ) ;
#5562 = FACE_OUTER_BOUND ( 'NONE', #2090, .T. ) ;
#5563 = CARTESIAN_POINT ( 'NONE',  ( 8.537598425196851082, 4.893267716535433465, 0.1968503937007874127 ) ) ;
#5564 = AXIS2_PLACEMENT_3D ( 'NONE', #1875, #3612, #1443 ) ;
#5565 = ORIENTED_EDGE ( 'NONE', *, *, #2404, .F. ) ;
#5566 = AXIS2_PLACEMENT_3D ( 'NONE', #4334, #1257, #1788 ) ;
#5567 = EDGE_LOOP ( 'NONE', ( #4613, #4409, #24, #2266 ) ) ;
#5568 = DIRECTION ( 'NONE',  ( 1.000000000000000000, 0.000000000000000000, 0.000000000000000000 ) ) ;
#5569 = VECTOR ( 'NONE', #4444, 39.37007874015748854 ) ;
#5570 = VECTOR ( 'NONE', #1125, 39.37007874015748854 ) ;
#5571 = VECTOR ( 'NONE', #2700, 39.37007874015748854 ) ;
#5572 = CARTESIAN_POINT ( 'NONE',  ( 0.06510433070866142313, 0.1590165354330708714, 0.000000000000000000 ) ) ;
#5573 = ORIENTED_EDGE ( 'NONE', *, *, #2743, .T. ) ;
#5574 = AXIS2_PLACEMENT_3D ( 'NONE', #507, #4412, #4499 ) ;
#5575 = VECTOR ( 'NONE', #5281, 39.37007874015748143 ) ;
#5576 = CARTESIAN_POINT ( 'NONE',  ( 4.287362204724409764, 4.879330708661417937, 0.1968503937007874127 ) ) ;
#5577 = ORIENTED_EDGE ( 'NONE', *, *, #1265, .F. ) ;
#5578 = CARTESIAN_POINT ( 'NONE',  ( 12.74783464566929148, 0.1080728346456693023, 0.1968503937007874127 ) ) ;
#5579 = AXIS2_PLACEMENT_3D ( 'NONE', #987, #1789, #2245 ) ;
#5580 = EDGE_LOOP ( 'NONE', ( #2756, #1457, #3259, #3306 ) ) ;
#5581 = FACE_BOUND ( 'NONE', #4205, .T. ) ;
#5582 = EDGE_LOOP ( 'NONE', ( #781, #2105, #1538, #2962 ) ) ;
#5583 = ADVANCED_FACE ( 'NONE', ( #4834 ), #4348, .F. ) ;
#5584 = DIRECTION ( 'NONE',  ( -0.1556551389296265686, -0.9878114585915668266, 0.000000000000000000 ) ) ;
#5585 = ORIENTED_EDGE ( 'NONE', *, *, #1023, .T. ) ;
#5586 = VERTEX_POINT ( 'NONE', #5322 ) ;
#5587 = CARTESIAN_POINT ( 'NONE',  ( 0.1021594488188976441, 0.1710610236220472535, 0.1968503937007874127 ) ) ;
#5588 = PLANE ( 'NONE',  #8 ) ;
#5589 = FACE_OUTER_BOUND ( 'NONE', #18, .T. ) ;
#5590 = ORIENTED_EDGE ( 'NONE', *, *, #600, .F. ) ;
#5591 = LINE ( 'NONE', #1683, #5193 ) ;
#5592 = LINE ( 'NONE', #3901, #383 ) ;
#5593 = DIRECTION ( 'NONE',  ( 1.000000000000000000, -0.000000000000000000, -0.000000000000000000 ) ) ;
#5594 = CARTESIAN_POINT ( 'NONE',  ( 4.275393700787401663, 0.1080728346456693023, 0.1968503937007874127 ) ) ;
#5595 = ORIENTED_EDGE ( 'NONE', *, *, #2842, .F. ) ;
#5596 = EDGE_CURVE ( 'NONE', #4639, #3546, #523, .T. ) ;
#5597 = DIRECTION ( 'NONE',  ( 0.1590966385896566970, 0.9872630143935668956, -0.000000000000000000 ) ) ;
#5598 = DIRECTION ( 'NONE',  ( 0.1533772373344628182, -0.9881677099903881656, 0.000000000000000000 ) ) ;
#5599 = LINE ( 'NONE', #3433, #4832 ) ;
#5600 = LINE ( 'NONE', #807, #1011 ) ;
#5601 = FACE_OUTER_BOUND ( 'NONE', #3910, .T. ) ;
#5602 = EDGE_CURVE ( 'NONE', #3131, #4873, #4429, .T. ) ;
#5603 = EDGE_LOOP ( 'NONE', ( #3442, #4259, #3610, #426 ) ) ;
#5604 = CARTESIAN_POINT ( 'NONE',  ( 0.000000000000000000, 0.000000000000000000, 0.000000000000000000 ) ) ;
#5605 = ORIENTED_EDGE ( 'NONE', *, *, #1420, .T. ) ;
#5606 = EDGE_CURVE ( 'NONE', #3025, #3012, #2715, .T. ) ;
#5607 = VECTOR ( 'NONE', #1113, 39.37007874015748854 ) ;
#5608 = EDGE_CURVE ( 'NONE', #2957, #716, #23, .T. ) ;
#5609 = LINE ( 'NONE', #3868, #104 ) ;
#5610 = ORIENTED_EDGE ( 'NONE', *, *, #2233, .T. ) ;
#5611 = VERTEX_POINT ( 'NONE', #2234 ) ;
#5612 = DIRECTION ( 'NONE',  ( -0.9871073587932579496, 0.1600595583406319855, 0.000000000000000000 ) ) ;
#5613 = CARTESIAN_POINT ( 'NONE',  ( 4.287362204724409764, 0.07101771653543308138, 0.1968503937007874127 ) ) ;
#5614 = CARTESIAN_POINT ( 'NONE',  ( 0.1021594488188976441, 0.1710610236220472813, 0.000000000000000000 ) ) ;
#5615 = EDGE_LOOP ( 'NONE', ( #4889, #1040, #5119, #2873 ) ) ;
#5616 = CARTESIAN_POINT ( 'NONE',  ( 4.375393700787402196, 0.1590165354330708714, 0.000000000000000000 ) ) ;
#5617 = CARTESIAN_POINT ( 'NONE',  ( 12.75090551181102505, 4.822874015748031873, 0.1968503937007874127 ) ) ;
#5618 = LINE ( 'NONE', #3485, #1924 ) ;
#5619 = DIRECTION ( 'NONE',  ( 0.8924218088635693658, 0.4512020778594384440, 0.000000000000000000 ) ) ;
#5620 = ORIENTED_EDGE ( 'NONE', *, *, #4419, .T. ) ;
#5621 = CARTESIAN_POINT ( 'NONE',  ( 8.514645669291338592, 4.861771653543307536, 0.1968503937007874127 ) ) ;
#5622 = DIRECTION ( 'NONE',  ( -0.000000000000000000, -0.000000000000000000, -1.000000000000000000 ) ) ;
#5623 = EDGE_CURVE ( 'NONE', #3349, #2721, #974, .T. ) ;
#5624 = CARTESIAN_POINT ( 'NONE',  ( 8.555118110236222151, 0.1679137795275590928, 0.1968503937007874127 ) ) ;
#5625 = CARTESIAN_POINT ( 'NONE',  ( 12.87385826771653541, 0.1080728346456693023, 0.000000000000000000 ) ) ;
#5626 = CARTESIAN_POINT ( 'NONE',  ( 8.537598425196851082, 0.05712874015748031775, 0.1968503937007874127 ) ) ;
#5627 = ORIENTED_EDGE ( 'NONE', *, *, #2562, .F. ) ;
#5628 = LINE ( 'NONE', #4720, #1921 ) ;
#5629 = VERTEX_POINT ( 'NONE', #3605 ) ;
#5630 = CARTESIAN_POINT ( 'NONE',  ( 12.75988188976378090, 0.1450736220472441107, 0.1968503937007874127 ) ) ;
#5631 = VERTEX_POINT ( 'NONE', #2689 ) ;
#5632 = EDGE_LOOP ( 'NONE', ( #2350, #1780, #2155, #3254 ) ) ;
#5633 = VECTOR ( 'NONE', #245, 39.37007874015748143 ) ;
#5634 = CARTESIAN_POINT ( 'NONE',  ( 12.77381889763779554, 4.893267716535433465, 0.1968503937007874127 ) ) ;
#5635 = EDGE_CURVE ( 'NONE', #1986, #3666, #2259, .T. ) ;
#5636 = CARTESIAN_POINT ( 'NONE',  ( 12.86181102362204598, 0.07101771653543308138, 0.000000000000000000 ) ) ;
#5637 = DIRECTION ( 'NONE',  ( 0.7058851655065930819, 0.7083262900088699299, -0.000000000000000000 ) ) ;
#5638 = ORIENTED_EDGE ( 'NONE', *, *, #4822, .F. ) ;
#5639 = DIRECTION ( 'NONE',  ( 0.1576014570290419081, -0.9875028003718889780, 0.000000000000000000 ) ) ;
#5640 = AXIS2_PLACEMENT_3D ( 'NONE', #750, #4224, #328 ) ;
#5641 = CARTESIAN_POINT ( 'NONE',  ( 8.514645669291338592, 4.822874015748031873, 0.000000000000000000 ) ) ;
ENDSEC;
END-ISO-10303-21;
