ISO-10303-21;
HEADER;
FILE_DESCRIPTION (( 'STEP AP203' ),
    '1' );
FILE_NAME ('openfinal.STEP',
    '2026-09-25T21:34:58',
    ( '' ),
    ( '' ),
    'SwSTEP 2.0',
    'SolidWorks 2025',
    '' );
FILE_SCHEMA (( 'CONFIG_CONTROL_DESIGN' ));
ENDSEC;

DATA;
#1 = VECTOR ( 'NONE', #3964, 1000.000000000000114 ) ;
#2 = EDGE_LOOP ( 'NONE', ( #5347, #64, #4085, #299 ) ) ;
#3 = DIRECTION ( 'NONE',  ( 0.7061087491104321989, 0.7081034065937692468, -0.000000000000000000 ) ) ;
#4 = ORIENTED_EDGE ( 'NONE', *, *, #294, .F. ) ;
#5 = EDGE_CURVE ( 'NONE', #3006, #2761, #2457, .T. ) ;
#6 = CARTESIAN_POINT ( 'NONE',  ( 0.9935670000000000890, 122.9939999999999998, 5.099999999999999645 ) ) ;
#7 = LINE ( 'NONE', #4986, #2947 ) ;
#8 = VECTOR ( 'NONE', #495, 1000.000000000000000 ) ;
#9 = VERTEX_POINT ( 'NONE', #5072 ) ;
#10 = DIRECTION ( 'NONE',  ( -0.7071067811865614505, 0.7071067811865336949, 0.000000000000000000 ) ) ;
#11 = CARTESIAN_POINT ( 'NONE',  ( 218.2889999999999873, 124.5169999999999959, 0.000000000000000000 ) ) ;
#12 = VECTOR ( 'NONE', #4737, 1000.000000000000000 ) ;
#13 = EDGE_CURVE ( 'NONE', #3123, #5010, #5567, .T. ) ;
#14 = ADVANCED_FACE ( 'NONE', ( #4154 ), #4237, .T. ) ;
#15 = LINE ( 'NONE', #2588, #5703 ) ;
#16 = ORIENTED_EDGE ( 'NONE', *, *, #994, .F. ) ;
#17 = ORIENTED_EDGE ( 'NONE', *, *, #3419, .F. ) ;
#18 = ADVANCED_FACE ( 'NONE', ( #543 ), #4630, .T. ) ;
#19 = ORIENTED_EDGE ( 'NONE', *, *, #279, .T. ) ;
#20 = CARTESIAN_POINT ( 'NONE',  ( 324.8999999999999773, 4.265010000000000190, 5.099999999999999645 ) ) ;
#21 = ORIENTED_EDGE ( 'NONE', *, *, #5508, .T. ) ;
#22 = ADVANCED_FACE ( 'NONE', ( #133 ), #5491, .T. ) ;
#23 = PLANE ( 'NONE',  #816 ) ;
#24 = ORIENTED_EDGE ( 'NONE', *, *, #5024, .T. ) ;
#25 = FACE_OUTER_BOUND ( 'NONE', #5267, .T. ) ;
#26 = VERTEX_POINT ( 'NONE', #3296 ) ;
#27 = DIRECTION ( 'NONE',  ( 0.9871905049027066559, -0.1595459401863275894, 0.000000000000000000 ) ) ;
#28 = VERTEX_POINT ( 'NONE', #3272 ) ;
#29 = ADVANCED_FACE ( 'NONE', ( #2424 ), #4182, .T. ) ;
#30 = CARTESIAN_POINT ( 'NONE',  ( 111.7950000000000017, 122.9939999999999998, 0.000000000000000000 ) ) ;
#31 = AXIS2_PLACEMENT_3D ( 'NONE', #5640, #2495, #4197 ) ;
#32 = ORIENTED_EDGE ( 'NONE', *, *, #183, .T. ) ;
#33 = FACE_OUTER_BOUND ( 'NONE', #4108, .T. ) ;
#34 = LINE ( 'NONE', #881, #2645 ) ;
#35 = ORIENTED_EDGE ( 'NONE', *, *, #606, .T. ) ;
#36 = FACE_OUTER_BOUND ( 'NONE', #3440, .T. ) ;
#37 = VECTOR ( 'NONE', #1219, 1000.000000000000114 ) ;
#38 = LINE ( 'NONE', #3596, #284 ) ;
#39 = DIRECTION ( 'NONE',  ( 0.1542119231227464249, 0.9880377941995862612, 0.000000000000000000 ) ) ;
#40 = CARTESIAN_POINT ( 'NONE',  ( 109.7000000000000028, 4.265010000000000190, 5.099999999999999645 ) ) ;
#41 = VECTOR ( 'NONE', #193, 1000.000000000000114 ) ;
#42 = ORIENTED_EDGE ( 'NONE', *, *, #2802, .F. ) ;
#43 = ORIENTED_EDGE ( 'NONE', *, *, #3162, .F. ) ;
#44 = ADVANCED_FACE ( 'NONE', ( #2831 ), #157, .T. ) ;
#45 = ADVANCED_FACE ( 'NONE', ( #5100 ), #4659, .T. ) ;
#46 = ORIENTED_EDGE ( 'NONE', *, *, #5229, .T. ) ;
#47 = PLANE ( 'NONE',  #5542 ) ;
#48 = EDGE_CURVE ( 'NONE', #3120, #2074, #1419, .T. ) ;
#49 = DIRECTION ( 'NONE',  ( -0.1542119231227192799, -0.9880377941995904800, 0.000000000000000000 ) ) ;
#50 = VERTEX_POINT ( 'NONE', #5023 ) ;
#51 = CARTESIAN_POINT ( 'NONE',  ( 219.3160000000000025, 122.5010000000000190, 5.099999999999999645 ) ) ;
#52 = ORIENTED_EDGE ( 'NONE', *, *, #5290, .F. ) ;
#53 = ORIENTED_EDGE ( 'NONE', *, *, #5224, .F. ) ;
#54 = LINE ( 'NONE', #3641, #3878 ) ;
#55 = EDGE_LOOP ( 'NONE', ( #1366, #4819, #5472, #1851, #4015, #3926, #2340, #1605, #2271, #1635, #4613, #691, #2535, #4413, #3886, #4938, #3175, #2777, #2470, #792 ) ) ;
#56 = EDGE_CURVE ( 'NONE', #807, #1735, #5127, .T. ) ;
#57 = LINE ( 'NONE', #1456, #746 ) ;
#58 = LINE ( 'NONE', #5085, #4039 ) ;
#59 = ORIENTED_EDGE ( 'NONE', *, *, #2116, .T. ) ;
#60 = LINE ( 'NONE', #931, #2806 ) ;
#61 = EDGE_LOOP ( 'NONE', ( #5392, #2291, #5398, #3148 ) ) ;
#62 = CARTESIAN_POINT ( 'NONE',  ( 218.2889999999999873, 1.223700000000000010, 5.099999999999999645 ) ) ;
#63 = DIRECTION ( 'NONE',  ( 0.8916045487671567793, -0.4528148944300691148, 0.000000000000000000 ) ) ;
#64 = ORIENTED_EDGE ( 'NONE', *, *, #3204, .F. ) ;
#65 = LINE ( 'NONE', #4038, #918 ) ;
#66 = AXIS2_PLACEMENT_3D ( 'NONE', #3856, #5704, #4361 ) ;
#67 = DIRECTION ( 'NONE',  ( -0.7069569863009588229, -0.7072565443460143708, 0.000000000000000000 ) ) ;
#68 = ORIENTED_EDGE ( 'NONE', *, *, #2484, .F. ) ;
#69 = VERTEX_POINT ( 'NONE', #652 ) ;
#70 = ADVANCED_FACE ( 'NONE', ( #4571 ), #1447, .T. ) ;
#71 = EDGE_CURVE ( 'NONE', #3778, #3139, #5161, .T. ) ;
#72 = LINE ( 'NONE', #575, #2843 ) ;
#73 = CARTESIAN_POINT ( 'NONE',  ( 108.6720000000000113, 122.5010000000000190, 5.099999999999999645 ) ) ;
#74 = VECTOR ( 'NONE', #4716, 1000.000000000000114 ) ;
#75 = LINE ( 'NONE', #3633, #3468 ) ;
#76 = ORIENTED_EDGE ( 'NONE', *, *, #5712, .F. ) ;
#77 = VECTOR ( 'NONE', #1322, 1000.000000000000114 ) ;
#78 = ORIENTED_EDGE ( 'NONE', *, *, #4240, .T. ) ;
#79 = ADVANCED_FACE ( 'NONE', ( #3481 ), #2102, .T. ) ;
#80 = EDGE_CURVE ( 'NONE', #323, #4759, #2558, .T. ) ;
#81 = ORIENTED_EDGE ( 'NONE', *, *, #1866, .F. ) ;
#82 = CARTESIAN_POINT ( 'NONE',  ( 3.088179999999999925, 4.265010000000000190, 0.000000000000000000 ) ) ;
#83 = ORIENTED_EDGE ( 'NONE', *, *, #5042, .F. ) ;
#84 = VECTOR ( 'NONE', #2439, 1000.000000000000114 ) ;
#85 = DIRECTION ( 'NONE',  ( -0.000000000000000000, -0.000000000000000000, -1.000000000000000000 ) ) ;
#86 = FACE_OUTER_BOUND ( 'NONE', #913, .T. ) ;
#87 = EDGE_LOOP ( 'NONE', ( #3670, #5742, #3002, #1963 ) ) ;
#88 = VECTOR ( 'NONE', #4707, 1000.000000000000000 ) ;
#89 = LINE ( 'NONE', #5452, #276 ) ;
#90 = VERTEX_POINT ( 'NONE', #4746 ) ;
#91 = CARTESIAN_POINT ( 'NONE',  ( 324.8999999999999773, 121.4740000000000180, 5.099999999999999645 ) ) ;
#92 = CARTESIAN_POINT ( 'NONE',  ( 218.7359999999999900, 1.451070000000000082, 0.000000000000000000 ) ) ;
#93 = DIRECTION ( 'NONE',  ( 0.4559917922216185637, -0.8899839804325223591, 0.000000000000000000 ) ) ;
#94 = CARTESIAN_POINT ( 'NONE',  ( 216.2719999999999914, 2.248959999999999848, 5.099999999999999645 ) ) ;
#95 = VERTEX_POINT ( 'NONE', #739 ) ;
#96 = VECTOR ( 'NONE', #4311, 1000.000000000000000 ) ;
#97 = PLANE ( 'NONE',  #2630 ) ;
#98 = VECTOR ( 'NONE', #4878, 1000.000000000000114 ) ;
#99 = CARTESIAN_POINT ( 'NONE',  ( 216.5010000000000048, 3.684870000000000090, 5.099999999999999645 ) ) ;
#100 = DIRECTION ( 'NONE',  ( -0.000000000000000000, -1.000000000000000000, -0.000000000000000000 ) ) ;
#101 = EDGE_LOOP ( 'NONE', ( #1667, #5304, #4147, #3855, #5709, #3533, #3278, #3698, #3594, #4384, #981, #1330, #1232, #838, #4771, #1926, #4936, #1365, #2362, #2302 ) ) ;
#102 = AXIS2_PLACEMENT_3D ( 'NONE', #103, #5490, #993 ) ;
#103 = CARTESIAN_POINT ( 'NONE',  ( 5.094599999999999795, 120.4939999999999998, 5.099999999999999645 ) ) ;
#104 = DIRECTION ( 'NONE',  ( 0.7079538235943337865, 0.7062587228899639413, 0.000000000000000000 ) ) ;
#105 = CARTESIAN_POINT ( 'NONE',  ( 325.3960000000000719, 4.344949999999979440, 0.000000000000000000 ) ) ;
#106 = LINE ( 'NONE', #5492, #5074 ) ;
#107 = EDGE_CURVE ( 'NONE', #4556, #996, #3828, .T. ) ;
#108 = LINE ( 'NONE', #2805, #5533 ) ;
#109 = VERTEX_POINT ( 'NONE', #5654 ) ;
#110 = ORIENTED_EDGE ( 'NONE', *, *, #1145, .T. ) ;
#111 = ORIENTED_EDGE ( 'NONE', *, *, #5273, .T. ) ;
#112 = PLANE ( 'NONE',  #2566 ) ;
#113 = EDGE_LOOP ( 'NONE', ( #4160, #2321, #212, #1739 ) ) ;
#114 = EDGE_CURVE ( 'NONE', #1839, #4741, #5623, .T. ) ;
#115 = PLANE ( 'NONE',  #4798 ) ;
#116 = EDGE_CURVE ( 'NONE', #581, #1999, #244, .T. ) ;
#117 = DIRECTION ( 'NONE',  ( -0.1576014570290419081, 0.9875028003718890890, 0.000000000000000000 ) ) ;
#118 = VERTEX_POINT ( 'NONE', #4808 ) ;
#119 = CARTESIAN_POINT ( 'NONE',  ( 108.8990000000000151, 122.0540000000000163, 5.099999999999999645 ) ) ;
#120 = ORIENTED_EDGE ( 'NONE', *, *, #4131, .F. ) ;
#121 = DIRECTION ( 'NONE',  ( -0.8908112580283464865, 0.4543735275849096200, 0.000000000000000000 ) ) ;
#122 = CARTESIAN_POINT ( 'NONE',  ( 219.3950000000000102, 122.9939999999999998, 5.099999999999999645 ) ) ;
#123 = VECTOR ( 'NONE', #329, 1000.000000000000000 ) ;
#124 = DIRECTION ( 'NONE',  ( -0.9871374159439407769, -0.1598740818379245920, 0.000000000000000000 ) ) ;
#125 = AXIS2_PLACEMENT_3D ( 'NONE', #1945, #1026, #3743 ) ;
#126 = EDGE_LOOP ( 'NONE', ( #4479, #1643, #4208, #2158 ) ) ;
#127 = VECTOR ( 'NONE', #5063, 1000.000000000000000 ) ;
#128 = LINE ( 'NONE', #515, #4497 ) ;
#129 = ORIENTED_EDGE ( 'NONE', *, *, #3275, .T. ) ;
#130 = VECTOR ( 'NONE', #4410, 1000.000000000000114 ) ;
#131 = LINE ( 'NONE', #2061, #5546 ) ;
#132 = EDGE_CURVE ( 'NONE', #90, #1737, #3891, .T. ) ;
#133 = FACE_OUTER_BOUND ( 'NONE', #3474, .T. ) ;
#134 = CARTESIAN_POINT ( 'NONE',  ( 2.593469999999999942, 1.143769999999999953, 5.099999999999999645 ) ) ;
#135 = CARTESIAN_POINT ( 'NONE',  ( 216.2719999999999914, 123.4890000000000043, 5.099999999999999645 ) ) ;
#136 = ORIENTED_EDGE ( 'NONE', *, *, #4945, .F. ) ;
#137 = ORIENTED_EDGE ( 'NONE', *, *, #3693, .F. ) ;
#138 = ORIENTED_EDGE ( 'NONE', *, *, #1539, .F. ) ;
#139 = CARTESIAN_POINT ( 'NONE',  ( 110.6880000000000024, 124.5169999999999959, 0.000000000000000000 ) ) ;
#140 = LINE ( 'NONE', #1953, #2273 ) ;
#141 = CARTESIAN_POINT ( 'NONE',  ( 216.2719999999999914, 3.238389999999999880, 5.099999999999999645 ) ) ;
#142 = EDGE_LOOP ( 'NONE', ( #3573, #1697, #5774, #1085 ) ) ;
#143 = DIRECTION ( 'NONE',  ( -0.1590103127589196086, -0.9872769218594702467, 0.000000000000000000 ) ) ;
#144 = PLANE ( 'NONE',  #5621 ) ;
#145 = LINE ( 'NONE', #1577, #1896 ) ;
#146 = DIRECTION ( 'NONE',  ( -0.000000000000000000, -0.000000000000000000, -1.000000000000000000 ) ) ;
#147 = EDGE_CURVE ( 'NONE', #4377, #2307, #5191, .T. ) ;
#148 = PLANE ( 'NONE',  #315 ) ;
#149 = EDGE_CURVE ( 'NONE', #4949, #4800, #1147, .T. ) ;
#150 = ORIENTED_EDGE ( 'NONE', *, *, #3078, .T. ) ;
#151 = CARTESIAN_POINT ( 'NONE',  ( 110.1950000000000074, 124.5939999999999941, 5.099999999999999645 ) ) ;
#152 = LINE ( 'NONE', #1417, #5250 ) ;
#153 = EDGE_CURVE ( 'NONE', #4987, #1432, #2534, .T. ) ;
#154 = ORIENTED_EDGE ( 'NONE', *, *, #1787, .F. ) ;
#155 = CARTESIAN_POINT ( 'NONE',  ( 216.1949999999999932, 2.745049999999999990, 5.099999999999999645 ) ) ;
#156 = VECTOR ( 'NONE', #940, 999.9999999999998863 ) ;
#157 = PLANE ( 'NONE',  #2375 ) ;
#158 = DIRECTION ( 'NONE',  ( 0.4520549723629646022, -0.8919900795199009469, 0.000000000000000000 ) ) ;
#159 = CARTESIAN_POINT ( 'NONE',  ( 324.8999999999999773, 121.4740000000000180, 5.099999999999999645 ) ) ;
#160 = ORIENTED_EDGE ( 'NONE', *, *, #2317, .T. ) ;
#161 = VECTOR ( 'NONE', #3432, 1000.000000000000000 ) ;
#162 = ORIENTED_EDGE ( 'NONE', *, *, #1915, .T. ) ;
#163 = FACE_BOUND ( 'NONE', #4130, .T. ) ;
#164 = FACE_OUTER_BOUND ( 'NONE', #1415, .T. ) ;
#165 = DIRECTION ( 'NONE',  ( -0.000000000000000000, -0.000000000000000000, -1.000000000000000000 ) ) ;
#166 = LINE ( 'NONE', #631, #3193 ) ;
#167 = VECTOR ( 'NONE', #2794, 1000.000000000000000 ) ;
#168 = EDGE_LOOP ( 'NONE', ( #4370, #1660, #502, #4284 ) ) ;
#169 = DIRECTION ( 'NONE',  ( -0.000000000000000000, -0.000000000000000000, -1.000000000000000000 ) ) ;
#170 = DIRECTION ( 'NONE',  ( -0.1556551389296265409, -0.9878114585915667156, 0.000000000000000000 ) ) ;
#171 = DIRECTION ( 'NONE',  ( -0.7069569863009727007, 0.7072565443460006041, 0.000000000000000000 ) ) ;
#172 = ORIENTED_EDGE ( 'NONE', *, *, #116, .T. ) ;
#173 = VECTOR ( 'NONE', #479, 1000.000000000000114 ) ;
#174 = FACE_OUTER_BOUND ( 'NONE', #5793, .T. ) ;
#175 = EDGE_CURVE ( 'NONE', #50, #1324, #307, .T. ) ;
#176 = DIRECTION ( 'NONE',  ( 0.1537070062818597926, -0.9881164689548841418, 0.000000000000000000 ) ) ;
#177 = LINE ( 'NONE', #1587, #5801 ) ;
#178 = VECTOR ( 'NONE', #1424, 1000.000000000000000 ) ;
#179 = VERTEX_POINT ( 'NONE', #5280 ) ;
#180 = PLANE ( 'NONE',  #4422 ) ;
#181 = AXIS2_PLACEMENT_3D ( 'NONE', #4524, #303, #5650 ) ;
#182 = ADVANCED_FACE ( 'NONE', ( #3860 ), #1626, .T. ) ;
#183 = EDGE_CURVE ( 'NONE', #1869, #2287, #5222, .T. ) ;
#184 = DIRECTION ( 'NONE',  ( -0.8916126378921508389, -0.4527989663758082428, 0.000000000000000000 ) ) ;
#185 = DIRECTION ( 'NONE',  ( -0.4516204456943435641, 0.8922101619186156851, 0.000000000000000000 ) ) ;
#186 = DIRECTION ( 'NONE',  ( -0.7072565443460006041, 0.7069569863009727007, 0.000000000000000000 ) ) ;
#187 = VECTOR ( 'NONE', #3857, 999.9999999999998863 ) ;
#188 = LINE ( 'NONE', #1504, #481 ) ;
#189 = ADVANCED_FACE ( 'NONE', ( #3353 ), #3448, .T. ) ;
#190 = VECTOR ( 'NONE', #742, 1000.000000000000114 ) ;
#191 = VERTEX_POINT ( 'NONE', #4393 ) ;
#192 = ORIENTED_EDGE ( 'NONE', *, *, #1971, .T. ) ;
#193 = DIRECTION ( 'NONE',  ( 0.7071067811865335839, 0.7071067811865613395, 0.000000000000000000 ) ) ;
#194 = CARTESIAN_POINT ( 'NONE',  ( 1.299490000000000256, 123.9350000000000023, 5.099999999999999645 ) ) ;
#195 = DIRECTION ( 'NONE',  ( -0.4512497765713582853, -0.8923976911356837904, 0.000000000000000000 ) ) ;
#196 = VERTEX_POINT ( 'NONE', #365 ) ;
#197 = FACE_OUTER_BOUND ( 'NONE', #4732, .T. ) ;
#198 = DIRECTION ( 'NONE',  ( 0.1599815188204922467, 0.9871200097434397192, 0.000000000000000000 ) ) ;
#199 = CARTESIAN_POINT ( 'NONE',  ( 216.5010000000000048, 123.9350000000000023, 5.099999999999999645 ) ) ;
#200 = LINE ( 'NONE', #5145, #2747 ) ;
#201 = LINE ( 'NONE', #1991, #3694 ) ;
#202 = ORIENTED_EDGE ( 'NONE', *, *, #3021, .F. ) ;
#203 = PLANE ( 'NONE',  #3665 ) ;
#204 = EDGE_CURVE ( 'NONE', #848, #4104, #3799, .T. ) ;
#205 = LINE ( 'NONE', #1997, #2651 ) ;
#206 = AXIS2_PLACEMENT_3D ( 'NONE', #986, #1743, #3650 ) ;
#207 = DIRECTION ( 'NONE',  ( 0.4543163942505794028, 0.8908403975545517994, 0.000000000000000000 ) ) ;
#208 = ORIENTED_EDGE ( 'NONE', *, *, #490, .F. ) ;
#209 = APPROVAL ( #2603, 'UNSPECIFIED' ) ;
#210 = VECTOR ( 'NONE', #4648, 1000.000000000000227 ) ;
#211 = FACE_OUTER_BOUND ( 'NONE', #1510, .T. ) ;
#212 = ORIENTED_EDGE ( 'NONE', *, *, #4705, .T. ) ;
#213 = VECTOR ( 'NONE', #4103, 1000.000000000000227 ) ;
#214 = CARTESIAN_POINT ( 'NONE',  ( 216.8549999999999898, 4.039019999999999833, 5.099999999999999645 ) ) ;
#215 = EDGE_CURVE ( 'NONE', #4271, #5246, #2917, .T. ) ;
#216 = ADVANCED_FACE ( 'NONE', ( #1850 ), #1462, .T. ) ;
#217 = LINE ( 'NONE', #5595, #5079 ) ;
#218 = LINE ( 'NONE', #2485, #2729 ) ;
#219 = ORIENTED_EDGE ( 'NONE', *, *, #2174, .F. ) ;
#220 = FACE_OUTER_BOUND ( 'NONE', #3247, .T. ) ;
#221 = DIRECTION ( 'NONE',  ( -1.000000000000000000, 0.000000000000000000, -0.000000000000000000 ) ) ;
#222 = ORIENTED_EDGE ( 'NONE', *, *, #5212, .F. ) ;
#223 = LINE ( 'NONE', #4191, #1966 ) ;
#224 = DIRECTION ( 'NONE',  ( -0.000000000000000000, -0.000000000000000000, -1.000000000000000000 ) ) ;
#225 = ORIENTED_EDGE ( 'NONE', *, *, #1766, .F. ) ;
#226 = PLANE ( 'NONE',  #4713 ) ;
#227 = CARTESIAN_POINT ( 'NONE',  ( 111.7159999999999940, 122.5010000000000190, 5.099999999999999645 ) ) ;
#228 = LINE ( 'NONE', #1549, #5713 ) ;
#229 = FACE_OUTER_BOUND ( 'NONE', #799, .T. ) ;
#230 = DIRECTION ( 'NONE',  ( -0.000000000000000000, -0.000000000000000000, -1.000000000000000000 ) ) ;
#231 = ORIENTED_EDGE ( 'NONE', *, *, #2186, .F. ) ;
#232 = ADVANCED_FACE ( 'NONE', ( #824 ), #3708, .T. ) ;
#233 = CARTESIAN_POINT ( 'NONE',  ( 216.8549999999999898, 124.2890000000000157, 5.099999999999999645 ) ) ;
#234 = ORIENTED_EDGE ( 'NONE', *, *, #5544, .T. ) ;
#235 = CARTESIAN_POINT ( 'NONE',  ( 217.3000000000000114, 124.5169999999999959, 5.099999999999999645 ) ) ;
#236 = DIRECTION ( 'NONE',  ( 0.000000000000000000, 0.000000000000000000, -1.000000000000000000 ) ) ;
#237 = CARTESIAN_POINT ( 'NONE',  ( 323.8730000000000473, 123.4890000000000043, 0.000000000000000000 ) ) ;
#238 = CARTESIAN_POINT ( 'NONE',  ( 1.299490000000000256, 3.684870000000000090, 5.099999999999999645 ) ) ;
#239 = ORIENTED_EDGE ( 'NONE', *, *, #435, .T. ) ;
#240 = DIRECTION ( 'NONE',  ( 0.4537957193442161419, 0.8911057429423656639, -0.000000000000000000 ) ) ;
#241 = CARTESIAN_POINT ( 'NONE',  ( 216.8549999999999898, 121.7000000000000028, 0.000000000000000000 ) ) ;
#242 = CARTESIAN_POINT ( 'NONE',  ( 327.8960000000000150, 125.4939999999999998, 0.000000000000000000 ) ) ;
#243 = LINE ( 'NONE', #1650, #5150 ) ;
#244 = LINE ( 'NONE', #3387, #1709 ) ;
#245 = LINE ( 'NONE', #3829, #2103 ) ;
#246 = LINE ( 'NONE', #5594, #1782 ) ;
#247 = CARTESIAN_POINT ( 'NONE',  ( 4.114840000000000053, 123.4890000000000043, 5.099999999999999645 ) ) ;
#248 = AXIS2_PLACEMENT_3D ( 'NONE', #2478, #4263, #271 ) ;
#249 = EDGE_CURVE ( 'NONE', #4199, #3123, #1975, .T. ) ;
#250 = EDGE_CURVE ( 'NONE', #527, #1354, #5456, .T. ) ;
#251 = ORIENTED_EDGE ( 'NONE', *, *, #2317, .F. ) ;
#252 = CARTESIAN_POINT ( 'NONE',  ( 326.9159999999999968, 3.238389999999999880, 5.099999999999999645 ) ) ;
#253 = LINE ( 'NONE', #4758, #2435 ) ;
#254 = ORIENTED_EDGE ( 'NONE', *, *, #2205, .F. ) ;
#255 = ADVANCED_FACE ( 'NONE', ( #3540 ), #564, .T. ) ;
#256 = EDGE_CURVE ( 'NONE', #509, #2125, #4454, .T. ) ;
#257 = PLANE ( 'NONE',  #2192 ) ;
#258 = VECTOR ( 'NONE', #2423, 1000.000000000000000 ) ;
#259 = CARTESIAN_POINT ( 'NONE',  ( 320.7790795951257792, 105.1244291827815971, 8.418240729305537684 ) ) ;
#260 = CARTESIAN_POINT ( 'NONE',  ( 3.088179999999999925, 121.4740000000000180, 5.099999999999999645 ) ) ;
#261 = ORIENTED_EDGE ( 'NONE', *, *, #3243, .F. ) ;
#262 = DIRECTION ( 'NONE',  ( -0.000000000000000000, -0.000000000000000000, -1.000000000000000000 ) ) ;
#263 = LINE ( 'NONE', #3845, #3409 ) ;
#264 = ORIENTED_EDGE ( 'NONE', *, *, #1538, .T. ) ;
#265 = VECTOR ( 'NONE', #298, 1000.000000000000000 ) ;
#266 = ORIENTED_EDGE ( 'NONE', *, *, #5290, .T. ) ;
#267 = EDGE_CURVE ( 'NONE', #5202, #3629, #3105, .T. ) ;
#268 = LINE ( 'NONE', #5733, #1336 ) ;
#269 = DIRECTION ( 'NONE',  ( -0.000000000000000000, -0.000000000000000000, -1.000000000000000000 ) ) ;
#270 = EDGE_LOOP ( 'NONE', ( #3254, #2703, #4994, #5032 ) ) ;
#271 = DIRECTION ( 'NONE',  ( -0.8916045487671796499, 0.4528148944300242618, 0.000000000000000000 ) ) ;
#272 = DIRECTION ( 'NONE',  ( -0.1581185208565652756, 0.9874201402453425258, 0.000000000000000000 ) ) ;
#273 = ADVANCED_FACE ( 'NONE', ( #3513 ), #5311, .T. ) ;
#274 = LINE ( 'NONE', #1974, #258 ) ;
#275 = DIRECTION ( 'NONE',  ( -0.000000000000000000, -0.000000000000000000, -1.000000000000000000 ) ) ;
#276 = VECTOR ( 'NONE', #3151, 1000.000000000000000 ) ;
#277 = LINE ( 'NONE', #3325, #570 ) ;
#278 = AXIS2_PLACEMENT_3D ( 'NONE', #5353, #4941, #1305 ) ;
#279 = EDGE_CURVE ( 'NONE', #1558, #5081, #5013, .T. ) ;
#280 = VECTOR ( 'NONE', #1238, 1000.000000000000000 ) ;
#281 = EDGE_LOOP ( 'NONE', ( #5179, #4286, #4052, #5314, #4053, #5689, #4704, #3169, #1135, #5727, #2155, #3122, #2335, #5230, #5255, #81, #76, #3515, #5155, #5092 ) ) ;
#282 = FACE_OUTER_BOUND ( 'NONE', #5736, .T. ) ;
#283 = ORIENTED_EDGE ( 'NONE', *, *, #1943, .T. ) ;
#284 = VECTOR ( 'NONE', #1017, 1000.000000000000000 ) ;
#285 = CARTESIAN_POINT ( 'NONE',  ( 2.100130000000000052, 1.223700000000000010, 5.099999999999999645 ) ) ;
#286 = VERTEX_POINT ( 'NONE', #1880 ) ;
#287 = FACE_OUTER_BOUND ( 'NONE', #168, .T. ) ;
#288 = CARTESIAN_POINT ( 'NONE',  ( 326.9159999999999968, 3.238389999999999880, 5.099999999999999645 ) ) ;
#289 = APPROVAL_DATE_TIME ( #5781, #4635 ) ;
#290 = CARTESIAN_POINT ( 'NONE',  ( 3.088179999999999925, 4.265010000000000190, 5.099999999999999645 ) ) ;
#291 = DIRECTION ( 'NONE',  ( 0.9871395892538341599, 0.1598606622273645861, 0.000000000000000000 ) ) ;
#292 = CARTESIAN_POINT ( 'NONE',  ( 325.8890000000000668, 4.265010000000000190, 5.099999999999999645 ) ) ;
#293 = ADVANCED_FACE ( 'NONE', ( #4589 ), #1438, .T. ) ;
#294 = EDGE_CURVE ( 'NONE', #2812, #2573, #5064, .T. ) ;
#295 = EDGE_LOOP ( 'NONE', ( #889, #4738, #2461, #5384 ) ) ;
#296 = DIRECTION ( 'NONE',  ( -0.4533763750535688142, 0.8913191698506689464, 0.000000000000000000 ) ) ;
#297 = VERTEX_POINT ( 'NONE', #5505 ) ;
#298 = DIRECTION ( 'NONE',  ( -0.000000000000000000, -0.000000000000000000, -1.000000000000000000 ) ) ;
#299 = ORIENTED_EDGE ( 'NONE', *, *, #4715, .T. ) ;
#300 = DIRECTION ( 'NONE',  ( -0.4533763750535688142, 0.8913191698506689464, 0.000000000000000000 ) ) ;
#301 = ORIENTED_EDGE ( 'NONE', *, *, #3135, .F. ) ;
#302 = EDGE_CURVE ( 'NONE', #3014, #1796, #3263, .T. ) ;
#303 = DIRECTION ( 'NONE',  ( -0.4516204456943215817, 0.8922101619186268984, 0.000000000000000000 ) ) ;
#304 = DIRECTION ( 'NONE',  ( 0.7069569863009865784, -0.7072565443459868373, 0.000000000000000000 ) ) ;
#305 = CARTESIAN_POINT ( 'NONE',  ( 216.2719999999999914, 122.5010000000000190, 0.000000000000000000 ) ) ;
#306 = CARTESIAN_POINT ( 'NONE',  ( 110.6880000000000024, 121.4740000000000180, 5.099999999999999645 ) ) ;
#307 = LINE ( 'NONE', #709, #1229 ) ;
#308 = AXIS2_PLACEMENT_3D ( 'NONE', #4856, #1762, #760 ) ;
#309 = VECTOR ( 'NONE', #1080, 1000.000000000000227 ) ;
#310 = EDGE_CURVE ( 'NONE', #1803, #1513, #2166, .T. ) ;
#311 = CARTESIAN_POINT ( 'NONE',  ( 324.4549999999999841, 1.451070000000000082, 5.099999999999999645 ) ) ;
#312 = VECTOR ( 'NONE', #4601, 1000.000000000000000 ) ;
#313 = EDGE_LOOP ( 'NONE', ( #4002, #1845, #4258, #1871, #251, #2451, #4022, #2778, #2846, #1685, #1280, #5513 ) ) ;
#314 = DIRECTION ( 'NONE',  ( -0.7079538235943338975, -0.7062587228899639413, 0.000000000000000000 ) ) ;
#315 = AXIS2_PLACEMENT_3D ( 'NONE', #5585, #1580, #4650 ) ;
#316 = EDGE_LOOP ( 'NONE', ( #2167, #1168, #686, #1814 ) ) ;
#317 = CARTESIAN_POINT ( 'NONE',  ( 2.594850000000000101, 4.344949999999999868, 5.099999999999999645 ) ) ;
#318 = ORIENTED_EDGE ( 'NONE', *, *, #2272, .T. ) ;
#319 = DIRECTION ( 'NONE',  ( -0.9871951394668211366, -0.1595172611759729797, 0.000000000000000000 ) ) ;
#320 = DIRECTION ( 'NONE',  ( -0.7072565443460422374, -0.7069569863009310673, 0.000000000000000000 ) ) ;
#321 = DATE_TIME_ROLE ( 'creation_date' ) ;
#322 = CARTESIAN_POINT ( 'NONE',  ( 218.7359999999999900, 124.2890000000000157, 5.099999999999999645 ) ) ;
#323 = VERTEX_POINT ( 'NONE', #4010 ) ;
#324 = FACE_BOUND ( 'NONE', #55, .T. ) ;
#325 = PLANE ( 'NONE',  #3979 ) ;
#326 = VERTEX_POINT ( 'NONE', #5741 ) ;
#327 = AXIS2_PLACEMENT_3D ( 'NONE', #1454, #4164, #5497 ) ;
#328 = EDGE_LOOP ( 'NONE', ( #1398, #903, #3874, #5389 ) ) ;
#329 = DIRECTION ( 'NONE',  ( -0.000000000000000000, -0.000000000000000000, -1.000000000000000000 ) ) ;
#330 = EDGE_LOOP ( 'NONE', ( #208, #516, #5331, #3896 ) ) ;
#331 = ADVANCED_FACE ( 'NONE', ( #1014 ), #4870, .F. ) ;
#332 = EDGE_CURVE ( 'NONE', #523, #5787, #5207, .T. ) ;
#333 = DIRECTION ( 'NONE',  ( 0.9880377941995905910, -0.1542119231227193077, 0.000000000000000000 ) ) ;
#334 = ORIENTED_EDGE ( 'NONE', *, *, #2647, .T. ) ;
#335 = PLANE ( 'NONE',  #1271 ) ;
#336 = CARTESIAN_POINT ( 'NONE',  ( 109.7000000000000028, 1.223700000000000010, 5.099999999999999645 ) ) ;
#337 = EDGE_CURVE ( 'NONE', #1817, #4233, #3339, .T. ) ;
#338 = LINE ( 'NONE', #3918, #2250 ) ;
#339 = DIRECTION ( 'NONE',  ( -0.9880215842932855708, 0.1543157444027860870, 0.000000000000000000 ) ) ;
#340 = ORIENTED_EDGE ( 'NONE', *, *, #1407, .T. ) ;
#341 = CARTESIAN_POINT ( 'NONE',  ( 218.2889999999999873, 4.265010000000000190, 5.099999999999999645 ) ) ;
#342 = ORIENTED_EDGE ( 'NONE', *, *, #1183, .T. ) ;
#343 = DIRECTION ( 'NONE',  ( -0.000000000000000000, -0.000000000000000000, -1.000000000000000000 ) ) ;
#344 = ORIENTED_EDGE ( 'NONE', *, *, #267, .F. ) ;
#345 = DIRECTION ( 'NONE',  ( -0.000000000000000000, -0.000000000000000000, -1.000000000000000000 ) ) ;
#346 = DIRECTION ( 'NONE',  ( -0.7083262900088422853, 0.7058851655066208375, 0.000000000000000000 ) ) ;
#347 = PERSON_AND_ORGANIZATION_ROLE ( 'design_owner' ) ;
#348 = ORIENTED_EDGE ( 'NONE', *, *, #4175, .T. ) ;
#349 = LINE ( 'NONE', #2150, #2300 ) ;
#350 = ORIENTED_EDGE ( 'NONE', *, *, #2343, .T. ) ;
#351 = ORIENTED_EDGE ( 'NONE', *, *, #738, .T. ) ;
#352 = EDGE_CURVE ( 'NONE', #1817, #1900, #5177, .T. ) ;
#353 = DIRECTION ( 'NONE',  ( 0.000000000000000000, 0.000000000000000000, -1.000000000000000000 ) ) ;
#354 = ORIENTED_EDGE ( 'NONE', *, *, #1583, .F. ) ;
#355 = FACE_OUTER_BOUND ( 'NONE', #2655, .T. ) ;
#356 = ORIENTED_EDGE ( 'NONE', *, *, #1466, .F. ) ;
#357 = ORIENTED_EDGE ( 'NONE', *, *, #2044, .T. ) ;
#358 = VECTOR ( 'NONE', #5061, 1000.000000000000000 ) ;
#359 = CARTESIAN_POINT ( 'NONE',  ( 3.888809999999999878, 123.9350000000000023, 5.099999999999999645 ) ) ;
#360 = EDGE_CURVE ( 'NONE', #405, #69, #3759, .T. ) ;
#361 = CARTESIAN_POINT ( 'NONE',  ( 216.8549999999999898, 1.451070000000000082, 0.000000000000000000 ) ) ;
#362 = CARTESIAN_POINT ( 'NONE',  ( 324.8999999999999773, 121.4740000000000180, 0.000000000000000000 ) ) ;
#363 = VECTOR ( 'NONE', #5589, 1000.000000000000114 ) ;
#364 = LINE ( 'NONE', #2197, #4583 ) ;
#365 = CARTESIAN_POINT ( 'NONE',  ( 1.299490000000000256, 123.9350000000000023, 0.000000000000000000 ) ) ;
#366 = ORIENTED_EDGE ( 'NONE', *, *, #2633, .T. ) ;
#367 = DIRECTION ( 'NONE',  ( 0.7083262900088698188, -0.7058851655065930819, 0.000000000000000000 ) ) ;
#368 = VECTOR ( 'NONE', #984, 1000.000000000000000 ) ;
#369 = ORIENTED_EDGE ( 'NONE', *, *, #5406, .F. ) ;
#370 = EDGE_CURVE ( 'NONE', #5407, #5356, #3814, .T. ) ;
#371 = DIRECTION ( 'NONE',  ( -0.8922101619186266763, 0.4516204456943218593, 0.000000000000000000 ) ) ;
#372 = EDGE_CURVE ( 'NONE', #2489, #4429, #5608, .T. ) ;
#373 = VECTOR ( 'NONE', #3795, 1000.000000000000114 ) ;
#374 = ORIENTED_EDGE ( 'NONE', *, *, #4017, .F. ) ;
#375 = VECTOR ( 'NONE', #4582, 1000.000000000000114 ) ;
#376 = DIRECTION ( 'NONE',  ( -0.000000000000000000, -0.000000000000000000, -1.000000000000000000 ) ) ;
#377 = ADVANCED_FACE ( 'NONE', ( #3788 ), #1069, .T. ) ;
#378 = ORIENTED_EDGE ( 'NONE', *, *, #5406, .T. ) ;
#379 = PLANE ( 'NONE',  #3942 ) ;
#380 = VECTOR ( 'NONE', #774, 1000.000000000000000 ) ;
#381 = ORIENTED_EDGE ( 'NONE', *, *, #992, .T. ) ;
#382 = PLANE ( 'NONE',  #1511 ) ;
#383 = DIRECTION ( 'NONE',  ( -0.4527737055417303536, -0.8916254659721258857, 0.000000000000000000 ) ) ;
#384 = CARTESIAN_POINT ( 'NONE',  ( 3.088179999999999925, 1.223700000000000010, 5.099999999999999645 ) ) ;
#385 = ORIENTED_EDGE ( 'NONE', *, *, #5163, .T. ) ;
#386 = DIRECTION ( 'NONE',  ( 0.4567620255206142899, 0.8895889230663259761, 0.000000000000000000 ) ) ;
#387 = ORIENTED_EDGE ( 'NONE', *, *, #2285, .F. ) ;
#388 = AXIS2_PLACEMENT_3D ( 'NONE', #3478, #766, #1260 ) ;
#389 = LINE ( 'NONE', #844, #1211 ) ;
#390 = ORIENTED_EDGE ( 'NONE', *, *, #4503, .T. ) ;
#391 = CARTESIAN_POINT ( 'NONE',  ( 322.8949999999999818, 120.4939999999999998, 5.099999999999999645 ) ) ;
#392 = ORIENTED_EDGE ( 'NONE', *, *, #2895, .F. ) ;
#393 = CARTESIAN_POINT ( 'NONE',  ( 218.7359999999999900, 4.039019999999999833, 0.000000000000000000 ) ) ;
#394 = ORIENTED_EDGE ( 'NONE', *, *, #3419, .T. ) ;
#395 = ORIENTED_EDGE ( 'NONE', *, *, #1915, .F. ) ;
#396 = EDGE_CURVE ( 'NONE', #4324, #3014, #1161, .T. ) ;
#397 = PLANE ( 'NONE',  #3722 ) ;
#398 = CARTESIAN_POINT ( 'NONE',  ( 3.888809999999999878, 123.9350000000000023, 5.099999999999999645 ) ) ;
#399 = DIRECTION ( 'NONE',  ( -0.1543157444027945524, 0.9880215842932841275, 0.000000000000000000 ) ) ;
#400 = DIRECTION ( 'NONE',  ( -0.7071067811865336949, -0.7071067811865614505, 0.000000000000000000 ) ) ;
#401 = DIRECTION ( 'NONE',  ( 0.9871058195297819360, -0.1600690508825414748, 0.000000000000000000 ) ) ;
#402 = EDGE_LOOP ( 'NONE', ( #5173, #461, #1832, #334 ) ) ;
#403 = VERTEX_POINT ( 'NONE', #5090 ) ;
#404 = VECTOR ( 'NONE', #2218, 1000.000000000000000 ) ;
#405 = VERTEX_POINT ( 'NONE', #5584 ) ;
#406 = EDGE_CURVE ( 'NONE', #1669, #4669, #1551, .T. ) ;
#407 = ADVANCED_FACE ( 'NONE', ( #666 ), #697, .T. ) ;
#408 = AXIS2_PLACEMENT_3D ( 'NONE', #3844, #2964, #591 ) ;
#409 = LINE ( 'NONE', #2207, #1 ) ;
#410 = ORIENTED_EDGE ( 'NONE', *, *, #107, .T. ) ;
#411 = LINE ( 'NONE', #1753, #3024 ) ;
#412 = PLANE ( 'NONE',  #2242 ) ;
#413 = ORIENTED_EDGE ( 'NONE', *, *, #3140, .F. ) ;
#414 = ADVANCED_FACE ( 'NONE', ( #4281 ), #4227, .T. ) ;
#415 = PERSON_AND_ORGANIZATION_ROLE ( 'creator' ) ;
#416 = ORIENTED_EDGE ( 'NONE', *, *, #5502, .F. ) ;
#417 = AXIS2_PLACEMENT_3D ( 'NONE', #5313, #797, #857 ) ;
#418 = CARTESIAN_POINT ( 'NONE',  ( 219.0900000000000034, 122.0540000000000163, 5.099999999999999645 ) ) ;
#419 = ORIENTED_EDGE ( 'NONE', *, *, #2240, .F. ) ;
#420 = CARTESIAN_POINT ( 'NONE',  ( 1.299490000000000256, 122.0540000000000163, 5.099999999999999645 ) ) ;
#421 = ORIENTED_EDGE ( 'NONE', *, *, #5536, .T. ) ;
#422 = LINE ( 'NONE', #1224, #3185 ) ;
#423 = CARTESIAN_POINT ( 'NONE',  ( 110.6880000000000024, 4.265010000000000190, 5.099999999999999645 ) ) ;
#424 = EDGE_LOOP ( 'NONE', ( #3106, #2583, #1345, #1270 ) ) ;
#425 = VECTOR ( 'NONE', #3155, 1000.000000000000000 ) ;
#426 = CARTESIAN_POINT ( 'NONE',  ( 325.8890000000000668, 121.4740000000000180, 0.000000000000000000 ) ) ;
#427 = CARTESIAN_POINT ( 'NONE',  ( 322.8949999999999818, 120.4939999999999998, 5.099999999999999645 ) ) ;
#428 = CARTESIAN_POINT ( 'NONE',  ( 2.100130000000000052, 121.4740000000000180, 5.099999999999999645 ) ) ;
#429 = CARTESIAN_POINT ( 'NONE',  ( 217.7949999999999875, 1.143769999999999953, 0.000000000000000000 ) ) ;
#430 = ORIENTED_EDGE ( 'NONE', *, *, #5131, .T. ) ;
#431 = CARTESIAN_POINT ( 'NONE',  ( 326.3360000000000127, 124.2890000000000157, 5.099999999999999645 ) ) ;
#432 = ORIENTED_EDGE ( 'NONE', *, *, #4466, .F. ) ;
#433 = ORIENTED_EDGE ( 'NONE', *, *, #360, .F. ) ;
#434 = LINE ( 'NONE', #3928, #1491 ) ;
#435 = EDGE_CURVE ( 'NONE', #3933, #4093, #200, .T. ) ;
#436 = CARTESIAN_POINT ( 'NONE',  ( 110.1950000000000074, 121.3940000000000055, 5.099999999999999645 ) ) ;
#437 = ORIENTED_EDGE ( 'NONE', *, *, #5335, .T. ) ;
#438 = DIRECTION ( 'NONE',  ( -0.9870883714087258509, 0.1601766119933535903, 0.000000000000000000 ) ) ;
#439 = ORIENTED_EDGE ( 'NONE', *, *, #2240, .T. ) ;
#440 = ORIENTED_EDGE ( 'NONE', *, *, #1055, .T. ) ;
#441 = CARTESIAN_POINT ( 'NONE',  ( 326.9959999999999809, 122.9939999999999998, 5.099999999999999645 ) ) ;
#442 = ORIENTED_EDGE ( 'NONE', *, *, #147, .T. ) ;
#443 = ADVANCED_FACE ( 'NONE', ( #2852, #2389, #3729, #4172, #1096, #1931, #324, #1248, #2115 ), #1727, .F. ) ;
#444 = FACE_OUTER_BOUND ( 'NONE', #5312, .T. ) ;
#445 = ADVANCED_FACE ( 'NONE', ( #2881 ), #5583, .T. ) ;
#446 = DIRECTION ( 'NONE',  ( 0.9871951394668211366, 0.1595172611759729797, 0.000000000000000000 ) ) ;
#447 = ORIENTED_EDGE ( 'NONE', *, *, #1063, .F. ) ;
#448 = CARTESIAN_POINT ( 'NONE',  ( 325.8890000000000668, 121.4740000000000180, 5.099999999999999645 ) ) ;
#449 = VECTOR ( 'NONE', #1647, 1000.000000000000000 ) ;
#450 = ORIENTED_EDGE ( 'NONE', *, *, #2580, .T. ) ;
#451 = CARTESIAN_POINT ( 'NONE',  ( 324.8999999999999773, 4.265010000000000190, 5.099999999999999645 ) ) ;
#452 = CARTESIAN_POINT ( 'NONE',  ( 218.2889999999999873, 4.265010000000000190, 0.000000000000000000 ) ) ;
#453 = DIRECTION ( 'NONE',  ( 0.1543157444028216974, -0.9880215842932799086, 0.000000000000000000 ) ) ;
#454 = ORIENTED_EDGE ( 'NONE', *, *, #1584, .T. ) ;
#455 = CARTESIAN_POINT ( 'NONE',  ( 326.6899999999999977, 122.0540000000000163, 0.000000000000000000 ) ) ;
#456 = CARTESIAN_POINT ( 'NONE',  ( 216.1949999999999932, 122.9939999999999998, 5.099999999999999645 ) ) ;
#457 = DIRECTION ( 'NONE',  ( 0.9877141838830448828, 0.1562712096204883216, -0.000000000000000000 ) ) ;
#458 = VECTOR ( 'NONE', #1039, 1000.000000000000114 ) ;
#459 = ORIENTED_EDGE ( 'NONE', *, *, #3618, .T. ) ;
#460 = VECTOR ( 'NONE', #4770, 1000.000000000000000 ) ;
#461 = ORIENTED_EDGE ( 'NONE', *, *, #1928, .F. ) ;
#462 = APPROVAL_PERSON_ORGANIZATION ( #3903, #4635, #1312 ) ;
#463 = LINE ( 'NONE', #4462, #1594 ) ;
#464 = EDGE_CURVE ( 'NONE', #2139, #4377, #2930, .T. ) ;
#465 = DIRECTION ( 'NONE',  ( 0.000000000000000000, 1.000000000000000000, -0.000000000000000000 ) ) ;
#466 = ORIENTED_EDGE ( 'NONE', *, *, #4483, .T. ) ;
#467 = VECTOR ( 'NONE', #49, 1000.000000000000114 ) ;
#468 = FACE_OUTER_BOUND ( 'NONE', #2528, .T. ) ;
#469 = ORIENTED_EDGE ( 'NONE', *, *, #513, .T. ) ;
#470 = ORIENTED_EDGE ( 'NONE', *, *, #3205, .F. ) ;
#471 = FACE_OUTER_BOUND ( 'NONE', #3804, .T. ) ;
#472 = CARTESIAN_POINT ( 'NONE',  ( 109.7000000000000028, 124.5169999999999959, 0.000000000000000000 ) ) ;
#473 = ORIENTED_EDGE ( 'NONE', *, *, #4205, .T. ) ;
#474 = VECTOR ( 'NONE', #5737, 1000.000000000000000 ) ;
#475 = CARTESIAN_POINT ( 'NONE',  ( 2.100130000000000052, 4.265010000000000190, 5.099999999999999645 ) ) ;
#476 = ORIENTED_EDGE ( 'NONE', *, *, #3709, .T. ) ;
#477 = LINE ( 'NONE', #4028, #4597 ) ;
#478 = ORIENTED_EDGE ( 'NONE', *, *, #3033, .F. ) ;
#479 = DIRECTION ( 'NONE',  ( -0.8922182138893376413, -0.4516045380685628219, 0.000000000000000000 ) ) ;
#480 = LINE ( 'NONE', #535, #1252 ) ;
#481 = VECTOR ( 'NONE', #655, 1000.000000000000000 ) ;
#482 = CARTESIAN_POINT ( 'NONE',  ( 4.194740000000000357, 122.9939999999999998, 0.000000000000000000 ) ) ;
#483 = ADVANCED_FACE ( 'NONE', ( #1013 ), #2902, .T. ) ;
#484 = EDGE_CURVE ( 'NONE', #3069, #1380, #665, .T. ) ;
#485 = ORIENTED_EDGE ( 'NONE', *, *, #4066, .F. ) ;
#486 = CARTESIAN_POINT ( 'NONE',  ( 219.0900000000000034, 123.9350000000000023, 0.000000000000000000 ) ) ;
#487 = DIRECTION ( 'NONE',  ( -0.000000000000000000, -0.000000000000000000, -1.000000000000000000 ) ) ;
#488 = VECTOR ( 'NONE', #1464, 1000.000000000000114 ) ;
#489 = DIRECTION ( 'NONE',  ( -0.4520072321735773557, 0.8920142723425347198, 0.000000000000000000 ) ) ;
#490 = EDGE_CURVE ( 'NONE', #4245, #2486, #2468, .T. ) ;
#491 = ORIENTED_EDGE ( 'NONE', *, *, #5360, .T. ) ;
#492 = ORIENTED_EDGE ( 'NONE', *, *, #5344, .T. ) ;
#493 = VERTEX_POINT ( 'NONE', #3756 ) ;
#494 = EDGE_CURVE ( 'NONE', #2144, #3166, #3728, .T. ) ;
#495 = DIRECTION ( 'NONE',  ( -0.000000000000000000, -0.000000000000000000, -1.000000000000000000 ) ) ;
#496 = LINE ( 'NONE', #603, #2621 ) ;
#497 = ORIENTED_EDGE ( 'NONE', *, *, #1583, .T. ) ;
#498 = CARTESIAN_POINT ( 'NONE',  ( 323.7950000000000159, 122.9939999999999998, 5.099999999999999645 ) ) ;
#499 = VERTEX_POINT ( 'NONE', #1130 ) ;
#500 = EDGE_LOOP ( 'NONE', ( #3228, #2688, #4308, #2296 ) ) ;
#501 = CARTESIAN_POINT ( 'NONE',  ( 326.6899999999999977, 1.803850000000000176, 5.099999999999999645 ) ) ;
#502 = ORIENTED_EDGE ( 'NONE', *, *, #4628, .T. ) ;
#503 = ORIENTED_EDGE ( 'NONE', *, *, #4641, .T. ) ;
#504 = CARTESIAN_POINT ( 'NONE',  ( 327.8960000000000150, 0.2439130000000000187, 5.099999999999999645 ) ) ;
#505 = VECTOR ( 'NONE', #1988, 1000.000000000000000 ) ;
#506 = VERTEX_POINT ( 'NONE', #2364 ) ;
#507 = CARTESIAN_POINT ( 'NONE',  ( 111.1350000000000051, 124.2890000000000157, 5.099999999999999645 ) ) ;
#508 = DIRECTION ( 'NONE',  ( -0.4547933146790936743, -0.8905970137627921002, 0.000000000000000000 ) ) ;
#509 = VERTEX_POINT ( 'NONE', #2873 ) ;
#510 = DIRECTION ( 'NONE',  ( 0.9871585027858535977, -0.1597438273536472275, 0.000000000000000000 ) ) ;
#511 = VECTOR ( 'NONE', #3030, 1000.000000000000227 ) ;
#512 = LINE ( 'NONE', #2650, #2894 ) ;
#513 = EDGE_CURVE ( 'NONE', #4997, #3062, #3786, .T. ) ;
#514 = EDGE_CURVE ( 'NONE', #1065, #3714, #3338, .T. ) ;
#515 = CARTESIAN_POINT ( 'NONE',  ( 324.1010000000000559, 123.9350000000000023, 5.099999999999999645 ) ) ;
#516 = ORIENTED_EDGE ( 'NONE', *, *, #1937, .F. ) ;
#517 = ADVANCED_FACE ( 'NONE', ( #229 ), #1041, .T. ) ;
#518 = EDGE_CURVE ( 'NONE', #1186, #5366, #1517, .T. ) ;
#519 = ORIENTED_EDGE ( 'NONE', *, *, #3693, .T. ) ;
#520 = LINE ( 'NONE', #3691, #8 ) ;
#521 = PRODUCT_DEFINITION_SHAPE ( 'NONE', 'NONE',  #5365 ) ;
#522 = CARTESIAN_POINT ( 'NONE',  ( 1.299490000000000256, 123.9350000000000023, 0.000000000000000000 ) ) ;
#523 = VERTEX_POINT ( 'NONE', #199 ) ;
#524 = EDGE_LOOP ( 'NONE', ( #1645, #4291, #812, #804 ) ) ;
#525 = LINE ( 'NONE', #4579, #4042 ) ;
#526 = LINE ( 'NONE', #441, #1815 ) ;
#527 = VERTEX_POINT ( 'NONE', #1095 ) ;
#528 = LINE ( 'NONE', #5006, #5633 ) ;
#530 = EDGE_CURVE ( 'NONE', #2515, #405, #1905, .T. ) ;
#529 = CARTESIAN_POINT ( 'NONE',  ( 0.9935670000000000890, 2.745049999999999990, 0.000000000000000000 ) ) ;
#531 = ORIENTED_EDGE ( 'NONE', *, *, #3848, .T. ) ;
#532 = DIRECTION ( 'NONE',  ( -0.9871616537672034397, -0.1597243542218899914, 0.000000000000000000 ) ) ;
#533 = EDGE_LOOP ( 'NONE', ( #943, #2114, #4359, #3461 ) ) ;
#534 = DIRECTION ( 'NONE',  ( -0.4543163942505793473, -0.8908403975545517994, 0.000000000000000000 ) ) ;
#535 = CARTESIAN_POINT ( 'NONE',  ( 324.8999999999999773, 4.265010000000000190, 5.099999999999999645 ) ) ;
#536 = ORIENTED_EDGE ( 'NONE', *, *, #3692, .T. ) ;
#537 = CARTESIAN_POINT ( 'NONE',  ( 219.3160000000000025, 3.238389999999999880, 0.000000000000000000 ) ) ;
#538 = VECTOR ( 'NONE', #5187, 1000.000000000000114 ) ;
#539 = CARTESIAN_POINT ( 'NONE',  ( 323.8730000000000473, 3.238389999999999880, 5.099999999999999645 ) ) ;
#540 = ORIENTED_EDGE ( 'NONE', *, *, #2609, .T. ) ;
#541 = EDGE_CURVE ( 'NONE', #731, #3790, #4619, .T. ) ;
#542 = VECTOR ( 'NONE', #3841, 1000.000000000000000 ) ;
#543 = FACE_OUTER_BOUND ( 'NONE', #4168, .T. ) ;
#544 = LINE ( 'NONE', #1449, #867 ) ;
#545 = EDGE_CURVE ( 'NONE', #3434, #5300, #2411, .T. ) ;
#546 = EDGE_CURVE ( 'NONE', #2009, #5366, #2850, .T. ) ;
#547 = LINE ( 'NONE', #5413, #2905 ) ;
#548 = VECTOR ( 'NONE', #5797, 1000.000000000000000 ) ;
#549 = CARTESIAN_POINT ( 'NONE',  ( 326.3360000000000127, 124.2890000000000157, 5.099999999999999645 ) ) ;
#550 = ORIENTED_EDGE ( 'NONE', *, *, #3410, .F. ) ;
#551 = ORIENTED_EDGE ( 'NONE', *, *, #2953, .F. ) ;
#552 = ORIENTED_EDGE ( 'NONE', *, *, #370, .T. ) ;
#553 = DIRECTION ( 'NONE',  ( -0.000000000000000000, -0.000000000000000000, -1.000000000000000000 ) ) ;
#554 = ORIENTED_EDGE ( 'NONE', *, *, #5248, .T. ) ;
#555 = EDGE_CURVE ( 'NONE', #2555, #1051, #4145, .T. ) ;
#556 = LINE ( 'NONE', #1377, #4695 ) ;
#557 = CARTESIAN_POINT ( 'NONE',  ( 2.100130000000000052, 1.223700000000000010, 5.099999999999999645 ) ) ;
#558 = VERTEX_POINT ( 'NONE', #4171 ) ;
#559 = CARTESIAN_POINT ( 'NONE',  ( 325.8890000000000668, 124.5169999999999959, 0.000000000000000000 ) ) ;
#560 = ORIENTED_EDGE ( 'NONE', *, *, #267, .T. ) ;
#561 = AXIS2_PLACEMENT_3D ( 'NONE', #448, #2760, #2306 ) ;
#562 = DIRECTION ( 'NONE',  ( -0.7084857568802658268, 0.7057251110012997541, 0.000000000000000000 ) ) ;
#563 = CARTESIAN_POINT ( 'NONE',  ( 0.09508460000000000523, 0.2439130000000000187, 0.000000000000000000 ) ) ;
#564 = PLANE ( 'NONE',  #5486 ) ;
#565 = ORIENTED_EDGE ( 'NONE', *, *, #2143, .T. ) ;
#566 = EDGE_CURVE ( 'NONE', #877, #4800, #3813, .T. ) ;
#567 = VECTOR ( 'NONE', #919, 1000.000000000000000 ) ;
#568 = DIRECTION ( 'NONE',  ( 0.7072565443460422374, -0.7069569863009310673, 0.000000000000000000 ) ) ;
#569 = ADVANCED_BREP_SHAPE_REPRESENTATION ( 'openfinal', ( #4378, #5351 ), #5803 ) ;
#570 = VECTOR ( 'NONE', #2459, 1000.000000000000000 ) ;
#571 = DIRECTION ( 'NONE',  ( -0.8916045487671568903, 0.4528148944300692258, 0.000000000000000000 ) ) ;
#572 = ORIENTED_EDGE ( 'NONE', *, *, #352, .F. ) ;
#573 = AXIS2_PLACEMENT_3D ( 'NONE', #5714, #2594, #3923 ) ;
#574 = CARTESIAN_POINT ( 'NONE',  ( 219.0900000000000034, 1.803850000000000176, 5.099999999999999645 ) ) ;
#575 = CARTESIAN_POINT ( 'NONE',  ( 3.888809999999999878, 123.9350000000000023, 0.000000000000000000 ) ) ;
#576 = DIRECTION ( 'NONE',  ( 0.7093211804271944976, -0.7048854254397458607, 0.000000000000000000 ) ) ;
#577 = ORIENTED_EDGE ( 'NONE', *, *, #3382, .F. ) ;
#578 = EDGE_CURVE ( 'NONE', #5535, #5010, #145, .T. ) ;
#579 = ADVANCED_FACE ( 'NONE', ( #1485 ), #2995, .T. ) ;
#580 = VERTEX_POINT ( 'NONE', #322 ) ;
#581 = VERTEX_POINT ( 'NONE', #384 ) ;
#582 = CARTESIAN_POINT ( 'NONE',  ( 3.088180000000003034, 124.5169999999999959, 5.099999999999999645 ) ) ;
#583 = AXIS2_PLACEMENT_3D ( 'NONE', #2518, #2408, #4314 ) ;
#584 = PLANE ( 'NONE',  #4123 ) ;
#585 = ORIENTED_EDGE ( 'NONE', *, *, #3631, .F. ) ;
#586 = EDGE_CURVE ( 'NONE', #2724, #661, #2182, .T. ) ;
#587 = CARTESIAN_POINT ( 'NONE',  ( 322.8949999999999818, 105.1244291827815971, 5.099999999999999645 ) ) ;
#588 = LINE ( 'NONE', #4667, #2429 ) ;
#589 = CARTESIAN_POINT ( 'NONE',  ( 111.1350000000000051, 4.039019999999999833, 0.000000000000000000 ) ) ;
#590 = AXIS2_PLACEMENT_3D ( 'NONE', #4287, #1586, #3379 ) ;
#591 = DIRECTION ( 'NONE',  ( -0.8904950446498628436, 0.4549929400046100469, 0.000000000000000000 ) ) ;
#592 = AXIS2_PLACEMENT_3D ( 'NONE', #4331, #4266, #4837 ) ;
#593 = LINE ( 'NONE', #3730, #1148 ) ;
#594 = ORIENTED_EDGE ( 'NONE', *, *, #546, .F. ) ;
#595 = VECTOR ( 'NONE', #4196, 1000.000000000000114 ) ;
#596 = DIRECTION ( 'NONE',  ( 0.9881164689548841418, 0.1537070062818597926, 0.000000000000000000 ) ) ;
#597 = LINE ( 'NONE', #4566, #1475 ) ;
#598 = DIRECTION ( 'NONE',  ( -0.000000000000000000, -0.000000000000000000, -1.000000000000000000 ) ) ;
#599 = EDGE_LOOP ( 'NONE', ( #970, #3586, #476, #3836 ) ) ;
#600 = VECTOR ( 'NONE', #2656, 1000.000000000000114 ) ;
#601 = CARTESIAN_POINT ( 'NONE',  ( 216.2719999999999914, 3.238389999999999880, 5.099999999999999645 ) ) ;
#602 = DIRECTION ( 'NONE',  ( -0.8916497258679400018, 0.4527259285258880550, 0.000000000000000000 ) ) ;
#603 = CARTESIAN_POINT ( 'NONE',  ( 219.0900000000000034, 1.803850000000000176, 5.099999999999999645 ) ) ;
#604 = ORIENTED_EDGE ( 'NONE', *, *, #621, .T. ) ;
#605 = CARTESIAN_POINT ( 'NONE',  ( 217.3000000000000114, 1.223700000000000010, 5.099999999999999645 ) ) ;
#606 = EDGE_CURVE ( 'NONE', #4607, #506, #695, .T. ) ;
#607 = CARTESIAN_POINT ( 'NONE',  ( 0.9935670000000000890, 122.9939999999999998, 5.099999999999999645 ) ) ;
#608 = ORIENTED_EDGE ( 'NONE', *, *, #1240, .F. ) ;
#609 = DIRECTION ( 'NONE',  ( -0.000000000000000000, 1.000000000000000000, 0.000000000000000000 ) ) ;
#610 = CARTESIAN_POINT ( 'NONE',  ( 1.299490000000000256, 123.9350000000000023, 5.099999999999999645 ) ) ;
#611 = CARTESIAN_POINT ( 'NONE',  ( 324.1010000000000559, 123.9350000000000023, 0.000000000000000000 ) ) ;
#612 = CARTESIAN_POINT ( 'NONE',  ( 324.4549999999999841, 4.039019999999999833, 5.099999999999999645 ) ) ;
#613 = CARTESIAN_POINT ( 'NONE',  ( 4.194740000000000357, 2.745049999999999990, 0.000000000000000000 ) ) ;
#614 = ORIENTED_EDGE ( 'NONE', *, *, #2736, .T. ) ;
#615 = EDGE_CURVE ( 'NONE', #991, #4271, #3904, .T. ) ;
#616 = EDGE_CURVE ( 'NONE', #3118, #5276, #2887, .T. ) ;
#617 = LINE ( 'NONE', #3290, #843 ) ;
#618 = DIRECTION ( 'NONE',  ( -0.4532090333824528305, -0.8914042697118647052, 0.000000000000000000 ) ) ;
#619 = LINE ( 'NONE', #2418, #2795 ) ;
#620 = ORIENTED_EDGE ( 'NONE', *, *, #4674, .F. ) ;
#621 = EDGE_CURVE ( 'NONE', #4852, #4199, #5102, .T. ) ;
#622 = CARTESIAN_POINT ( 'NONE',  ( 327.8960000000000150, 105.1244291827815971, 0.000000000000000000 ) ) ;
#623 = CARTESIAN_POINT ( 'NONE',  ( 109.2540000000000049, 4.039019999999999833, 5.099999999999999645 ) ) ;
#624 = DIRECTION ( 'NONE',  ( -0.000000000000000000, -0.000000000000000000, -1.000000000000000000 ) ) ;
#625 = DIRECTION ( 'NONE',  ( -0.7071067811865613395, 0.7071067811865335839, 0.000000000000000000 ) ) ;
#626 = ORIENTED_EDGE ( 'NONE', *, *, #3791, .T. ) ;
#627 = VECTOR ( 'NONE', #3145, 1000.000000000000114 ) ;
#628 = VERTEX_POINT ( 'NONE', #105 ) ;
#629 = PLANE ( 'NONE',  #327 ) ;
#630 = EDGE_CURVE ( 'NONE', #1715, #3912, #2801, .T. ) ;
#631 = CARTESIAN_POINT ( 'NONE',  ( 323.8730000000000473, 122.5010000000000190, 5.099999999999999645 ) ) ;
#632 = VECTOR ( 'NONE', #269, 1000.000000000000000 ) ;
#633 = ORIENTED_EDGE ( 'NONE', *, *, #2537, .F. ) ;
#634 = FACE_OUTER_BOUND ( 'NONE', #1221, .T. ) ;
#635 = DIRECTION ( 'NONE',  ( -0.4543735275849316024, 0.8908112580283352733, 0.000000000000000000 ) ) ;
#636 = CARTESIAN_POINT ( 'NONE',  ( 108.6720000000000113, 2.248959999999999848, 5.099999999999999645 ) ) ;
#637 = CARTESIAN_POINT ( 'NONE',  ( 325.3960000000000150, 121.3940000000000055, 5.099999999999999645 ) ) ;
#638 = LINE ( 'NONE', #1962, #5489 ) ;
#639 = EDGE_LOOP ( 'NONE', ( #4830, #2746, #4567, #3968 ) ) ;
#640 = VECTOR ( 'NONE', #4179, 1000.000000000000000 ) ;
#641 = CARTESIAN_POINT ( 'NONE',  ( 217.3000000000000114, 1.223700000000000010, 0.000000000000000000 ) ) ;
#642 = EDGE_CURVE ( 'NONE', #2476, #3794, #4688, .T. ) ;
#643 = EDGE_CURVE ( 'NONE', #2886, #2812, #72, .T. ) ;
#644 = DIRECTION ( 'NONE',  ( -0.7069569863009727007, -0.7072565443460006041, 0.000000000000000000 ) ) ;
#645 = VECTOR ( 'NONE', #1811, 1000.000000000000114 ) ;
#646 = DIRECTION ( 'NONE',  ( -0.4535964786211886812, 0.8912071782601717063, 0.000000000000000000 ) ) ;
#647 = ORIENTED_EDGE ( 'NONE', *, *, #5717, .T. ) ;
#648 = DIRECTION ( 'NONE',  ( 0.8909082072302801913, -0.4541834060043675181, 0.000000000000000000 ) ) ;
#649 = AXIS2_PLACEMENT_3D ( 'NONE', #3201, #950, #2755 ) ;
#650 = ADVANCED_FACE ( 'NONE', ( #1976 ), #653, .T. ) ;
#651 = DIRECTION ( 'NONE',  ( 0.9880373179045878196, -0.1542149747200597942, 0.000000000000000000 ) ) ;
#652 = CARTESIAN_POINT ( 'NONE',  ( 110.1949999999999932, 4.344950000000006973, 0.000000000000000000 ) ) ;
#653 = PLANE ( 'NONE',  #3406 ) ;
#654 = VECTOR ( 'NONE', #5651, 1000.000000000000000 ) ;
#655 = DIRECTION ( 'NONE',  ( -0.000000000000000000, -0.000000000000000000, -1.000000000000000000 ) ) ;
#656 = DIRECTION ( 'NONE',  ( 0.000000000000000000, 0.000000000000000000, 1.000000000000000000 ) ) ;
#657 = EDGE_CURVE ( 'NONE', #1318, #996, #5025, .T. ) ;
#658 = ORIENTED_EDGE ( 'NONE', *, *, #3300, .T. ) ;
#659 = DIRECTION ( 'NONE',  ( -0.9872124837542678444, 0.1594098865181494407, 0.000000000000000000 ) ) ;
#660 = LINE ( 'NONE', #4340, #4598 ) ;
#661 = VERTEX_POINT ( 'NONE', #3716 ) ;
#662 = PLANE ( 'NONE',  #583 ) ;
#663 = PLANE ( 'NONE',  #1187 ) ;
#664 = CARTESIAN_POINT ( 'NONE',  ( 325.3960000000000150, 1.143769999999999953, 0.000000000000000000 ) ) ;
#665 = LINE ( 'NONE', #5504, #5659 ) ;
#666 = FACE_OUTER_BOUND ( 'NONE', #3414, .T. ) ;
#667 = CARTESIAN_POINT ( 'NONE',  ( 111.4890000000000043, 122.0540000000000163, 0.000000000000000000 ) ) ;
#668 = ORIENTED_EDGE ( 'NONE', *, *, #1973, .F. ) ;
#669 = CARTESIAN_POINT ( 'NONE',  ( 1.072109999999999896, 2.248959999999999848, 5.099999999999999645 ) ) ;
#670 = VERTEX_POINT ( 'NONE', #134 ) ;
#671 = CARTESIAN_POINT ( 'NONE',  ( 109.7000000000000028, 124.5169999999999959, 0.000000000000000000 ) ) ;
#672 = FACE_OUTER_BOUND ( 'NONE', #3943, .T. ) ;
#673 = ORIENTED_EDGE ( 'NONE', *, *, #5148, .F. ) ;
#674 = DIRECTION ( 'NONE',  ( 0.9871105220788042311, 0.1600400487419023077, 0.000000000000000000 ) ) ;
#675 = VECTOR ( 'NONE', #2918, 1000.000000000000000 ) ;
#676 = EDGE_CURVE ( 'NONE', #3714, #893, #1917, .T. ) ;
#677 = LINE ( 'NONE', #4743, #654 ) ;
#678 = EDGE_CURVE ( 'NONE', #3762, #4578, #1501, .T. ) ;
#679 = CARTESIAN_POINT ( 'NONE',  ( 110.1950000000000074, 121.3940000000000055, 0.000000000000000000 ) ) ;
#680 = DIRECTION ( 'NONE',  ( -0.000000000000000000, -0.000000000000000000, -1.000000000000000000 ) ) ;
#681 = VECTOR ( 'NONE', #2227, 1000.000000000000000 ) ;
#682 = CARTESIAN_POINT ( 'NONE',  ( 109.2540000000000049, 1.451070000000000082, 5.099999999999999645 ) ) ;
#683 = EDGE_CURVE ( 'NONE', #4841, #4973, #4572, .T. ) ;
#684 = PLANE ( 'NONE',  #5268 ) ;
#685 = EDGE_CURVE ( 'NONE', #5010, #661, #544, .T. ) ;
#686 = ORIENTED_EDGE ( 'NONE', *, *, #132, .T. ) ;
#687 = VECTOR ( 'NONE', #4031, 999.9999999999998863 ) ;
#688 = FACE_OUTER_BOUND ( 'NONE', #2913, .T. ) ;
#689 = PLANE ( 'NONE',  #3847 ) ;
#690 = PLANE ( 'NONE',  #2351 ) ;
#691 = ORIENTED_EDGE ( 'NONE', *, *, #5182, .F. ) ;
#692 = PLANE ( 'NONE',  #4062 ) ;
#693 = DIRECTION ( 'NONE',  ( 0.9871616537672034397, 0.1597243542218899914, 0.000000000000000000 ) ) ;
#694 = DIRECTION ( 'NONE',  ( -0.000000000000000000, -0.000000000000000000, -1.000000000000000000 ) ) ;
#695 = LINE ( 'NONE', #2051, #4631 ) ;
#696 = ORIENTED_EDGE ( 'NONE', *, *, #3988, .F. ) ;
#697 = PLANE ( 'NONE',  #31 ) ;
#698 = DIRECTION ( 'NONE',  ( -0.000000000000000000, -0.000000000000000000, -1.000000000000000000 ) ) ;
#699 = VERTEX_POINT ( 'NONE', #997 ) ;
#700 = VERTEX_POINT ( 'NONE', #3690 ) ;
#701 = CARTESIAN_POINT ( 'NONE',  ( 4.194740000000000357, 122.9939999999999998, 5.099999999999999645 ) ) ;
#702 = LINE ( 'NONE', #2882, #915 ) ;
#703 = FACE_OUTER_BOUND ( 'NONE', #3246, .T. ) ;
#704 = ORIENTED_EDGE ( 'NONE', *, *, #4545, .T. ) ;
#705 = LINE ( 'NONE', #2530, #4961 ) ;
#706 = CARTESIAN_POINT ( 'NONE',  ( 2.594850000000000101, 124.5939999999999941, 5.099999999999999645 ) ) ;
#707 = DIRECTION ( 'NONE',  ( -0.4512020778594382220, -0.8924218088635694768, 0.000000000000000000 ) ) ;
#708 = CARTESIAN_POINT ( 'NONE',  ( 324.8999999999999773, 1.223700000000000010, 0.000000000000000000 ) ) ;
#709 = CARTESIAN_POINT ( 'NONE',  ( 110.1950000000000074, 124.5939999999999941, 0.000000000000000000 ) ) ;
#710 = EDGE_CURVE ( 'NONE', #5759, #2486, #2345, .T. ) ;
#711 = CARTESIAN_POINT ( 'NONE',  ( 109.2540000000000049, 4.039019999999999833, 0.000000000000000000 ) ) ;
#712 = CARTESIAN_POINT ( 'NONE',  ( 1.653650000000000064, 4.039019999999999833, 5.099999999999999645 ) ) ;
#713 = AXIS2_PLACEMENT_3D ( 'NONE', #4515, #3566, #5428 ) ;
#714 = EDGE_LOOP ( 'NONE', ( #2110, #1268, #1200, #744 ) ) ;
#715 = EDGE_CURVE ( 'NONE', #5702, #875, #1473, .T. ) ;
#716 = EDGE_CURVE ( 'NONE', #5523, #3488, #2832, .T. ) ;
#717 = CARTESIAN_POINT ( 'NONE',  ( 1.653650000000000064, 121.7000000000000028, 5.099999999999999645 ) ) ;
#718 = FACE_BOUND ( 'NONE', #4174, .T. ) ;
#719 = CARTESIAN_POINT ( 'NONE',  ( 110.1950000000000074, 124.5939999999999941, 5.099999999999999645 ) ) ;
#720 = ORIENTED_EDGE ( 'NONE', *, *, #5299, .T. ) ;
#721 = DIRECTION ( 'NONE',  ( -0.4559025274266881866, 0.8900297104512622237, 0.000000000000000000 ) ) ;
#722 = AXIS2_PLACEMENT_3D ( 'NONE', #51, #4498, #3553 ) ;
#723 = CARTESIAN_POINT ( 'NONE',  ( 108.5949999999999989, 2.745049999999999990, 5.099999999999999645 ) ) ;
#724 = EDGE_CURVE ( 'NONE', #5673, #3491, #1205, .T. ) ;
#725 = PERSON_AND_ORGANIZATION ( #4494, #1102 ) ;
#726 = ORIENTED_EDGE ( 'NONE', *, *, #4789, .F. ) ;
#727 = DIRECTION ( 'NONE',  ( 0.000000000000000000, 0.000000000000000000, -1.000000000000000000 ) ) ;
#728 = VECTOR ( 'NONE', #2028, 1000.000000000000000 ) ;
#729 = ORIENTED_EDGE ( 'NONE', *, *, #1909, .T. ) ;
#730 = DIRECTION ( 'NONE',  ( 1.000000000000000000, 0.000000000000000000, 0.000000000000000000 ) ) ;
#731 = VERTEX_POINT ( 'NONE', #3484 ) ;
#732 = ADVANCED_FACE ( 'NONE', ( #2066 ), #4366, .T. ) ;
#733 = CARTESIAN_POINT ( 'NONE',  ( 218.2889999999999873, 121.4740000000000180, 0.000000000000000000 ) ) ;
#734 = VECTOR ( 'NONE', #198, 1000.000000000000114 ) ;
#735 = ORIENTED_EDGE ( 'NONE', *, *, #1117, .T. ) ;
#736 = DIRECTION ( 'NONE',  ( -0.000000000000000000, 1.000000000000000000, -0.000000000000000000 ) ) ;
#737 = DIRECTION ( 'NONE',  ( -0.000000000000000000, -0.000000000000000000, -1.000000000000000000 ) ) ;
#738 = EDGE_CURVE ( 'NONE', #3601, #5702, #4747, .T. ) ;
#739 = CARTESIAN_POINT ( 'NONE',  ( 110.6880000000000024, 124.5169999999999959, 5.099999999999999645 ) ) ;
#740 = VECTOR ( 'NONE', #2758, 1000.000000000000000 ) ;
#741 = CARTESIAN_POINT ( 'NONE',  ( 327.8960000000000150, 105.1244291827815971, 5.099999999999999645 ) ) ;
#742 = DIRECTION ( 'NONE',  ( 0.8911057429423657750, 0.4537957193442158643, 0.000000000000000000 ) ) ;
#743 = VECTOR ( 'NONE', #3113, 1000.000000000000000 ) ;
#744 = ORIENTED_EDGE ( 'NONE', *, *, #5226, .T. ) ;
#745 = CARTESIAN_POINT ( 'NONE',  ( 216.5010000000000048, 122.0540000000000163, 5.099999999999999645 ) ) ;
#746 = VECTOR ( 'NONE', #4505, 1000.000000000000114 ) ;
#747 = EDGE_CURVE ( 'NONE', #882, #5415, #3388, .T. ) ;
#748 = EDGE_CURVE ( 'NONE', #5587, #3425, #3450, .T. ) ;
#749 = DIRECTION ( 'NONE',  ( -0.8923976911356837904, 0.4512497765713582853, 0.000000000000000000 ) ) ;
#750 = VERTEX_POINT ( 'NONE', #3423 ) ;
#751 = CARTESIAN_POINT ( 'NONE',  ( 325.3960000000000150, 4.344949999999999868, 5.099999999999999645 ) ) ;
#752 = CARTESIAN_POINT ( 'NONE',  ( 325.3960000000000150, 121.3940000000000055, 0.000000000000000000 ) ) ;
#753 =( NAMED_UNIT ( * ) PLANE_ANGLE_UNIT ( ) SI_UNIT ( $, .RADIAN. ) );
#754 = ORIENTED_EDGE ( 'NONE', *, *, #2944, .T. ) ;
#755 = DIRECTION ( 'NONE',  ( -0.000000000000000000, -0.000000000000000000, -1.000000000000000000 ) ) ;
#756 = DIRECTION ( 'NONE',  ( 0.7071067811865059394, 0.7071067811865890951, 0.000000000000000000 ) ) ;
#757 = ORIENTED_EDGE ( 'NONE', *, *, #2454, .T. ) ;
#758 = EDGE_CURVE ( 'NONE', #3442, #509, #3893, .T. ) ;
#759 = ORIENTED_EDGE ( 'NONE', *, *, #4789, .T. ) ;
#760 = DIRECTION ( 'NONE',  ( 0.1561661380789901576, 0.9877308020495735308, 0.000000000000000000 ) ) ;
#761 = ORIENTED_EDGE ( 'NONE', *, *, #1215, .T. ) ;
#762 = FACE_OUTER_BOUND ( 'NONE', #5460, .T. ) ;
#763 = VERTEX_POINT ( 'NONE', #771 ) ;
#764 = ORIENTED_EDGE ( 'NONE', *, *, #3043, .T. ) ;
#765 = DIRECTION ( 'NONE',  ( -0.7071067811865059394, 0.7071067811865890951, 0.000000000000000000 ) ) ;
#766 = DIRECTION ( 'NONE',  ( 0.8912071782601604930, -0.4535964786212107192, 0.000000000000000000 ) ) ;
#767 = AXIS2_PLACEMENT_3D ( 'NONE', #985, #4588, #4004 ) ;
#768 = DIRECTION ( 'NONE',  ( 0.7071067811865613395, -0.7071067811865335839, 0.000000000000000000 ) ) ;
#769 = DIRECTION ( 'NONE',  ( -0.8905970137628033134, 0.4547933146790716918, 0.000000000000000000 ) ) ;
#770 = ORIENTED_EDGE ( 'NONE', *, *, #738, .F. ) ;
#771 = CARTESIAN_POINT ( 'NONE',  ( 219.0900000000000034, 1.803850000000000176, 0.000000000000000000 ) ) ;
#772 = AXIS2_PLACEMENT_3D ( 'NONE', #3262, #1930, #2388 ) ;
#773 = EDGE_LOOP ( 'NONE', ( #4550, #1174, #5516, #720 ) ) ;
#774 = DIRECTION ( 'NONE',  ( -0.7069569863009310673, 0.7072565443460422374, 0.000000000000000000 ) ) ;
#775 = VECTOR ( 'NONE', #5004, 1000.000000000000227 ) ;
#776 = ORIENTED_EDGE ( 'NONE', *, *, #2797, .F. ) ;
#777 = CARTESIAN_POINT ( 'NONE',  ( 4.114840000000000053, 3.238389999999999880, 5.099999999999999645 ) ) ;
#778 = ORIENTED_EDGE ( 'NONE', *, *, #2010, .T. ) ;
#779 = DIRECTION ( 'NONE',  ( 0.1593515750220751981, -0.9872218978213478380, 0.000000000000000000 ) ) ;
#780 = LINE ( 'NONE', #5755, #1086 ) ;
#781 = APPLICATION_PROTOCOL_DEFINITION ( 'international standard', 'config_control_design', 1994, #3916 ) ;
#782 = EDGE_CURVE ( 'NONE', #1578, #991, #2561, .T. ) ;
#783 = LINE ( 'NONE', #418, #1902 ) ;
#784 = EDGE_LOOP ( 'NONE', ( #5269, #5630, #658, #4162 ) ) ;
#785 = ORIENTED_EDGE ( 'NONE', *, *, #3929, .F. ) ;
#786 = CARTESIAN_POINT ( 'NONE',  ( 111.4890000000000043, 122.0540000000000163, 5.099999999999999645 ) ) ;
#787 = VERTEX_POINT ( 'NONE', #711 ) ;
#788 = DIRECTION ( 'NONE',  ( 0.8913191698506576222, 0.4533763750535911297, 0.000000000000000000 ) ) ;
#789 = ORIENTED_EDGE ( 'NONE', *, *, #4347, .F. ) ;
#790 = EDGE_CURVE ( 'NONE', #3933, #5731, #4839, .T. ) ;
#791 = EDGE_CURVE ( 'NONE', #1726, #5285, #2136, .T. ) ;
#792 = ORIENTED_EDGE ( 'NONE', *, *, #484, .F. ) ;
#793 = CARTESIAN_POINT ( 'NONE',  ( 216.1949999999999932, 122.9939999999999998, 5.099999999999999645 ) ) ;
#794 = DIRECTION ( 'NONE',  ( -0.9881164689548826985, -0.1537070062818681471, 0.000000000000000000 ) ) ;
#795 = CARTESIAN_POINT ( 'NONE',  ( 325.8890000000000668, 124.5169999999999959, 0.000000000000000000 ) ) ;
#796 = VERTEX_POINT ( 'NONE', #1682 ) ;
#797 = DIRECTION ( 'NONE',  ( 0.8916172162396241996, 0.4527899509762813857, -0.000000000000000000 ) ) ;
#798 = ORIENTED_EDGE ( 'NONE', *, *, #3059, .F. ) ;
#799 = EDGE_LOOP ( 'NONE', ( #3636, #1554, #469, #3476 ) ) ;
#800 = CARTESIAN_POINT ( 'NONE',  ( 1.653650000000000064, 121.7000000000000028, 5.099999999999999645 ) ) ;
#801 = VERTEX_POINT ( 'NONE', #4238 ) ;
#802 = VECTOR ( 'NONE', #4482, 1000.000000000000227 ) ;
#803 = DIRECTION ( 'NONE',  ( -0.8921860051768558675, -0.4516681659875569910, 0.000000000000000000 ) ) ;
#804 = ORIENTED_EDGE ( 'NONE', *, *, #2285, .T. ) ;
#805 = LINE ( 'NONE', #1216, #5562 ) ;
#806 = DIRECTION ( 'NONE',  ( -0.9872598878091026764, -0.1591160391763127013, 0.000000000000000000 ) ) ;
#807 = VERTEX_POINT ( 'NONE', #2979 ) ;
#808 = DIRECTION ( 'NONE',  ( -0.9875028003718890890, -0.1576014570290419081, 0.000000000000000000 ) ) ;
#810 = ORIENTED_EDGE ( 'NONE', *, *, #2044, .F. ) ;
#809 = APPROVAL ( #2669, 'UNSPECIFIED' ) ;
#811 = CARTESIAN_POINT ( 'NONE',  ( 0.9935670000000000890, 2.745049999999999990, 5.099999999999999645 ) ) ;
#812 = ORIENTED_EDGE ( 'NONE', *, *, #2586, .T. ) ;
#813 = CARTESIAN_POINT ( 'NONE',  ( 111.1350000000000051, 124.2890000000000157, 0.000000000000000000 ) ) ;
#814 = VERTEX_POINT ( 'NONE', #214 ) ;
#815 = ORIENTED_EDGE ( 'NONE', *, *, #3809, .T. ) ;
#816 = AXIS2_PLACEMENT_3D ( 'NONE', #5807, #438, #2236 ) ;
#817 = DIRECTION ( 'NONE',  ( 0.8924218088635693658, 0.4512020778594384995, 0.000000000000000000 ) ) ;
#818 = DIRECTION ( 'NONE',  ( 0.8904950446498858252, -0.4549929400045650274, 0.000000000000000000 ) ) ;
#819 = CARTESIAN_POINT ( 'NONE',  ( 111.4890000000000043, 123.9350000000000023, 0.000000000000000000 ) ) ;
#820 = EDGE_CURVE ( 'NONE', #95, #5410, #2006, .T. ) ;
#821 = EDGE_CURVE ( 'NONE', #5008, #4960, #245, .T. ) ;
#822 = VECTOR ( 'NONE', #4587, 1000.000000000000114 ) ;
#823 = CARTESIAN_POINT ( 'NONE',  ( 217.7949999999999875, 124.5939999999999941, 5.099999999999999645 ) ) ;
#824 = FACE_OUTER_BOUND ( 'NONE', #1891, .T. ) ;
#825 = ORIENTED_EDGE ( 'NONE', *, *, #4364, .T. ) ;
#826 = CARTESIAN_POINT ( 'NONE',  ( 1.072109999999999896, 123.4890000000000043, 5.099999999999999645 ) ) ;
#827 = VECTOR ( 'NONE', #1159, 1000.000000000000114 ) ;
#828 = ORIENTED_EDGE ( 'NONE', *, *, #2278, .T. ) ;
#829 = CARTESIAN_POINT ( 'NONE',  ( 325.3960000000000150, 1.143769999999999953, 5.099999999999999645 ) ) ;
#830 = EDGE_CURVE ( 'NONE', #3666, #1401, #4718, .T. ) ;
#831 = AXIS2_PLACEMENT_3D ( 'NONE', #151, #176, #596 ) ;
#832 = ORIENTED_EDGE ( 'NONE', *, *, #5377, .T. ) ;
#833 = AXIS2_PLACEMENT_3D ( 'NONE', #1408, #1008, #5521 ) ;
#834 = CARTESIAN_POINT ( 'NONE',  ( 327.8960000000000150, 125.4939999999999998, 5.099999999999999645 ) ) ;
#836 = EDGE_CURVE ( 'NONE', #4218, #2160, #4268, .T. ) ;
#835 = CARTESIAN_POINT ( 'NONE',  ( 326.9159999999999968, 2.248959999999999848, 0.000000000000000000 ) ) ;
#837 = AXIS2_PLACEMENT_3D ( 'NONE', #5110, #2956, #2987 ) ;
#838 = ORIENTED_EDGE ( 'NONE', *, *, #3171, .T. ) ;
#839 = LINE ( 'NONE', #3902, #161 ) ;
#840 = ORIENTED_EDGE ( 'NONE', *, *, #1616, .T. ) ;
#841 = CARTESIAN_POINT ( 'NONE',  ( 218.7359999999999900, 1.451070000000000082, 5.099999999999999645 ) ) ;
#842 = ORIENTED_EDGE ( 'NONE', *, *, #4273, .F. ) ;
#843 = VECTOR ( 'NONE', #4201, 1000.000000000000000 ) ;
#844 = CARTESIAN_POINT ( 'NONE',  ( 324.8999999999999773, 4.265010000000000190, 0.000000000000000000 ) ) ;
#845 = ORIENTED_EDGE ( 'NONE', *, *, #876, .T. ) ;
#846 = LINE ( 'NONE', #5271, #123 ) ;
#847 = LINE ( 'NONE', #3004, #2985 ) ;
#848 = VERTEX_POINT ( 'NONE', #1597 ) ;
#849 = DIRECTION ( 'NONE',  ( 0.7072565443460006041, 0.7069569863009727007, 0.000000000000000000 ) ) ;
#850 = EDGE_LOOP ( 'NONE', ( #5066, #1842, #4921, #1152, #2552, #1585, #3843, #2391, #5692, #1263, #5386, #4560 ) ) ;
#851 = DIRECTION ( 'NONE',  ( -0.4533922161898035208, 0.8913111119572662000, 0.000000000000000000 ) ) ;
#852 = CARTESIAN_POINT ( 'NONE',  ( 323.8730000000000473, 2.248959999999999848, 0.000000000000000000 ) ) ;
#853 = LINE ( 'NONE', #1328, #4095 ) ;
#854 = CARTESIAN_POINT ( 'NONE',  ( 4.114840000000000053, 123.4890000000000043, 0.000000000000000000 ) ) ;
#855 = DIRECTION ( 'NONE',  ( -0.000000000000000000, -0.000000000000000000, -1.000000000000000000 ) ) ;
#856 = VERTEX_POINT ( 'NONE', #431 ) ;
#857 = DIRECTION ( 'NONE',  ( -0.4527899509762813302, 0.8916172162396240886, 0.000000000000000000 ) ) ;
#858 = EDGE_CURVE ( 'NONE', #2039, #1036, #1331, .T. ) ;
#859 = ORIENTED_EDGE ( 'NONE', *, *, #821, .F. ) ;
#860 = VECTOR ( 'NONE', #2069, 1000.000000000000227 ) ;
#861 = PLANE ( 'NONE',  #1790 ) ;
#862 = ORIENTED_EDGE ( 'NONE', *, *, #4034, .T. ) ;
#863 = VECTOR ( 'NONE', #1886, 1000.000000000000114 ) ;
#864 = EDGE_CURVE ( 'NONE', #5048, #906, #5379, .T. ) ;
#865 = EDGE_CURVE ( 'NONE', #523, #4895, #4935, .T. ) ;
#866 = DIRECTION ( 'NONE',  ( -0.9872093450064345355, -0.1594293233127661302, 0.000000000000000000 ) ) ;
#867 = VECTOR ( 'NONE', #1946, 1000.000000000000000 ) ;
#868 = FACE_OUTER_BOUND ( 'NONE', #87, .T. ) ;
#869 = ORIENTED_EDGE ( 'NONE', *, *, #758, .T. ) ;
#870 = CARTESIAN_POINT ( 'NONE',  ( 326.3360000000000127, 4.039019999999999833, 5.099999999999999645 ) ) ;
#871 = VERTEX_POINT ( 'NONE', #3542 ) ;
#872 = EDGE_LOOP ( 'NONE', ( #5649, #842, #4625, #2121 ) ) ;
#873 = VECTOR ( 'NONE', #1099, 999.9999999999998863 ) ;
#874 = FACE_OUTER_BOUND ( 'NONE', #61, .T. ) ;
#875 = VERTEX_POINT ( 'NONE', #826 ) ;
#876 = EDGE_CURVE ( 'NONE', #2724, #2635, #888, .T. ) ;
#877 = VERTEX_POINT ( 'NONE', #3984 ) ;
#878 = CARTESIAN_POINT ( 'NONE',  ( 110.6880000000000024, 121.4740000000000180, 5.099999999999999645 ) ) ;
#879 = ORIENTED_EDGE ( 'NONE', *, *, #2983, .T. ) ;
#880 = DIRECTION ( 'NONE',  ( -0.8920142723425347198, -0.4520072321735774112, 0.000000000000000000 ) ) ;
#881 = CARTESIAN_POINT ( 'NONE',  ( 326.9959999999999809, 122.9939999999999998, 0.000000000000000000 ) ) ;
#882 = VERTEX_POINT ( 'NONE', #5346 ) ;
#883 = DIRECTION ( 'NONE',  ( -0.8899839804325453407, -0.4559917922215735442, 0.000000000000000000 ) ) ;
#884 = FACE_OUTER_BOUND ( 'NONE', #330, .T. ) ;
#885 = LINE ( 'NONE', #5429, #802 ) ;
#886 = PLANE ( 'NONE',  #1948 ) ;
#887 = ORIENTED_EDGE ( 'NONE', *, *, #1720, .F. ) ;
#888 = LINE ( 'NONE', #5744, #5021 ) ;
#889 = ORIENTED_EDGE ( 'NONE', *, *, #5046, .F. ) ;
#890 = ORIENTED_EDGE ( 'NONE', *, *, #927, .F. ) ;
#891 = CARTESIAN_POINT ( 'NONE',  ( 1.653650000000000064, 4.039019999999999833, 5.099999999999999645 ) ) ;
#892 = CARTESIAN_POINT ( 'NONE',  ( 216.5010000000000048, 122.0540000000000163, 0.000000000000000000 ) ) ;
#893 = VERTEX_POINT ( 'NONE', #5799 ) ;
#894 = EDGE_CURVE ( 'NONE', #3283, #4471, #3710, .T. ) ;
#895 = EDGE_CURVE ( 'NONE', #3660, #5133, #4114, .T. ) ;
#896 = CARTESIAN_POINT ( 'NONE',  ( 2.100130000000000052, 121.4740000000000180, 5.099999999999999645 ) ) ;
#897 = EDGE_LOOP ( 'NONE', ( #5500, #5243, #5700, #266 ) ) ;
#898 = DIRECTION ( 'NONE',  ( -0.7071067811865335839, 0.7071067811865613395, 0.000000000000000000 ) ) ;
#899 = VERTEX_POINT ( 'NONE', #1713 ) ;
#900 = EDGE_LOOP ( 'NONE', ( #3983, #5433, #21, #437 ) ) ;
#901 = CARTESIAN_POINT ( 'NONE',  ( 111.1350000000000051, 1.451070000000000082, 0.000000000000000000 ) ) ;
#902 = VECTOR ( 'NONE', #2313, 999.9999999999998863 ) ;
#903 = ORIENTED_EDGE ( 'NONE', *, *, #2663, .F. ) ;
#904 = LINE ( 'NONE', #4111, #4592 ) ;
#905 = LINE ( 'NONE', #2788, #687 ) ;
#906 = VERTEX_POINT ( 'NONE', #2366 ) ;
#907 = CARTESIAN_POINT ( 'NONE',  ( 325.8890000000000668, 4.265010000000000190, 0.000000000000000000 ) ) ;
#908 = LINE ( 'NONE', #4991, #5789 ) ;
#909 = ADVANCED_FACE ( 'NONE', ( #5482 ), #2334, .T. ) ;
#910 = CARTESIAN_POINT ( 'NONE',  ( 324.4549999999999841, 121.7000000000000028, 5.099999999999999645 ) ) ;
#911 = VECTOR ( 'NONE', #3421, 1000.000000000000114 ) ;
#912 = ORIENTED_EDGE ( 'NONE', *, *, #1866, .T. ) ;
#913 = EDGE_LOOP ( 'NONE', ( #4, #2624, #1729, #4259 ) ) ;
#914 = CARTESIAN_POINT ( 'NONE',  ( 110.1950000000000074, 4.344949999999999868, 5.099999999999999645 ) ) ;
#915 = VECTOR ( 'NONE', #4740, 1000.000000000000114 ) ;
#916 = ORIENTED_EDGE ( 'NONE', *, *, #4998, .T. ) ;
#917 = FACE_OUTER_BOUND ( 'NONE', #1908, .T. ) ;
#918 = VECTOR ( 'NONE', #1361, 1000.000000000000227 ) ;
#919 = DIRECTION ( 'NONE',  ( -0.000000000000000000, -0.000000000000000000, -1.000000000000000000 ) ) ;
#920 = VERTEX_POINT ( 'NONE', #4903 ) ;
#921 = VECTOR ( 'NONE', #117, 1000.000000000000114 ) ;
#922 = PLANE ( 'NONE',  #4869 ) ;
#923 = VERTEX_POINT ( 'NONE', #94 ) ;
#924 = DIRECTION ( 'NONE',  ( -0.000000000000000000, -0.000000000000000000, -1.000000000000000000 ) ) ;
#925 = VERTEX_POINT ( 'NONE', #3516 ) ;
#926 = EDGE_CURVE ( 'NONE', #3656, #628, #3240, .T. ) ;
#927 = EDGE_CURVE ( 'NONE', #1352, #1402, #3074, .T. ) ;
#928 = VECTOR ( 'NONE', #5178, 1000.000000000000114 ) ;
#929 = DIRECTION ( 'NONE',  ( -0.1600595583406320133, -0.9871073587932580606, 0.000000000000000000 ) ) ;
#930 = ORIENTED_EDGE ( 'NONE', *, *, #3834, .T. ) ;
#931 = CARTESIAN_POINT ( 'NONE',  ( 5.094599999999999795, 5.244819999999999816, 5.099999999999999645 ) ) ;
#932 = ORIENTED_EDGE ( 'NONE', *, *, #546, .T. ) ;
#933 = DIRECTION ( 'NONE',  ( 0.7057251110012997541, 0.7084857568802658268, -0.000000000000000000 ) ) ;
#934 = CARTESIAN_POINT ( 'NONE',  ( 111.7159999999999940, 123.4890000000000043, 5.099999999999999645 ) ) ;
#935 = VECTOR ( 'NONE', #818, 1000.000000000000227 ) ;
#936 = ORIENTED_EDGE ( 'NONE', *, *, #5813, .F. ) ;
#937 = EDGE_CURVE ( 'NONE', #4669, #4491, #4457, .T. ) ;
#938 = ADVANCED_FACE ( 'NONE', ( #5039 ), #987, .T. ) ;
#939 = CARTESIAN_POINT ( 'NONE',  ( 109.2540000000000049, 1.451070000000000082, 5.099999999999999645 ) ) ;
#940 = DIRECTION ( 'NONE',  ( -0.1576014570290689421, 0.9875028003718848701, 0.000000000000000000 ) ) ;
#941 = VECTOR ( 'NONE', #5058, 1000.000000000000000 ) ;
#942 = PLANE ( 'NONE',  #1090 ) ;
#943 = ORIENTED_EDGE ( 'NONE', *, *, #3102, .F. ) ;
#944 = ORIENTED_EDGE ( 'NONE', *, *, #3162, .T. ) ;
#945 = DIRECTION ( 'NONE',  ( 0.8911057429423656639, -0.4537957193442161974, 0.000000000000000000 ) ) ;
#946 = EDGE_CURVE ( 'NONE', #4584, #1352, #4872, .T. ) ;
#947 = FACE_OUTER_BOUND ( 'NONE', #2614, .T. ) ;
#948 = ORIENTED_EDGE ( 'NONE', *, *, #3922, .F. ) ;
#949 = ORIENTED_EDGE ( 'NONE', *, *, #3410, .T. ) ;
#950 = DIRECTION ( 'NONE',  ( -0.7071067811865890951, -0.7071067811865059394, 0.000000000000000000 ) ) ;
#951 = DIRECTION ( 'NONE',  ( 0.8908112580283464865, -0.4543735275849095645, 0.000000000000000000 ) ) ;
#952 = ORIENTED_EDGE ( 'NONE', *, *, #5015, .F. ) ;
#953 = EDGE_CURVE ( 'NONE', #3519, #4324, #1070, .T. ) ;
#954 = VECTOR ( 'NONE', #972, 1000.000000000000000 ) ;
#955 = DIRECTION ( 'NONE',  ( -0.1599552310405054634, -0.9871242698175233254, 0.000000000000000000 ) ) ;
#956 = DIRECTION ( 'NONE',  ( -0.9871105220788042311, -0.1600400487419023077, 0.000000000000000000 ) ) ;
#957 = DIRECTION ( 'NONE',  ( -0.9872093450064358677, -0.1594293233127573872, 0.000000000000000000 ) ) ;
#958 = VERTEX_POINT ( 'NONE', #4673 ) ;
#959 = LINE ( 'NONE', #1792, #5624 ) ;
#960 = VECTOR ( 'NONE', #2270, 1000.000000000000000 ) ;
#961 = VERTEX_POINT ( 'NONE', #2853 ) ;
#962 = EDGE_CURVE ( 'NONE', #3014, #5498, #638, .T. ) ;
#963 = DIRECTION ( 'NONE',  ( -0.8908403975545519105, 0.4543163942505794028, 0.000000000000000000 ) ) ;
#964 = CARTESIAN_POINT ( 'NONE',  ( 219.0900000000000034, 3.684870000000000090, 5.099999999999999645 ) ) ;
#965 = ORIENTED_EDGE ( 'NONE', *, *, #1293, .F. ) ;
#966 = CARTESIAN_POINT ( 'NONE',  ( 2.100130000000000052, 1.223700000000000010, 0.000000000000000000 ) ) ;
#967 = EDGE_CURVE ( 'NONE', #4984, #5477, #4257, .T. ) ;
#968 = EDGE_CURVE ( 'NONE', #4471, #9, #3816, .T. ) ;
#969 = CARTESIAN_POINT ( 'NONE',  ( 217.3000000000000114, 4.265010000000000190, 0.000000000000000000 ) ) ;
#970 = ORIENTED_EDGE ( 'NONE', *, *, #5084, .F. ) ;
#971 = DIRECTION ( 'NONE',  ( -0.9870883714087316241, -0.1601766119933176469, 0.000000000000000000 ) ) ;
#972 = DIRECTION ( 'NONE',  ( -0.000000000000000000, 1.000000000000000000, -0.000000000000000000 ) ) ;
#973 = CARTESIAN_POINT ( 'NONE',  ( 217.3000000000000114, 121.4740000000000180, 0.000000000000000000 ) ) ;
#974 = ORIENTED_EDGE ( 'NONE', *, *, #5149, .F. ) ;
#975 = ORIENTED_EDGE ( 'NONE', *, *, #4279, .F. ) ;
#976 = ORIENTED_EDGE ( 'NONE', *, *, #2797, .T. ) ;
#977 = PLANE ( 'NONE',  #1434 ) ;
#978 = ORIENTED_EDGE ( 'NONE', *, *, #3382, .T. ) ;
#979 = DIRECTION ( 'NONE',  ( -0.9880373179045877086, 0.1542149747200597942, 0.000000000000000000 ) ) ;
#980 = CARTESIAN_POINT ( 'NONE',  ( 324.8999999999999773, 1.223700000000000010, 5.099999999999999645 ) ) ;
#981 = ORIENTED_EDGE ( 'NONE', *, *, #2748, .T. ) ;
#982 = CARTESIAN_POINT ( 'NONE',  ( 4.194740000000000357, 2.745049999999999990, 0.000000000000000000 ) ) ;
#983 = ORIENTED_EDGE ( 'NONE', *, *, #2239, .T. ) ;
#984 = DIRECTION ( 'NONE',  ( -0.000000000000000000, -0.000000000000000000, -1.000000000000000000 ) ) ;
#985 = CARTESIAN_POINT ( 'NONE',  ( 326.9959999999999809, 2.745049999999999990, 5.099999999999999645 ) ) ;
#986 = CARTESIAN_POINT ( 'NONE',  ( 2.594850000000000101, 124.5939999999999941, 5.099999999999999645 ) ) ;
#987 = PLANE ( 'NONE',  #1347 ) ;
#988 = ORIENTED_EDGE ( 'NONE', *, *, #927, .T. ) ;
#989 = VECTOR ( 'NONE', #1623, 1000.000000000000114 ) ;
#990 = DIRECTION ( 'NONE',  ( 0.1581185208565652756, -0.9874201402453425258, 0.000000000000000000 ) ) ;
#991 = VERTEX_POINT ( 'NONE', #4735 ) ;
#992 = EDGE_CURVE ( 'NONE', #1226, #5415, #263, .T. ) ;
#993 = DIRECTION ( 'NONE',  ( 0.000000000000000000, -0.000000000000000000, -1.000000000000000000 ) ) ;
#994 = EDGE_CURVE ( 'NONE', #4475, #750, #4229, .T. ) ;
#995 = AXIS2_PLACEMENT_3D ( 'NONE', #3085, #4436, #2180 ) ;
#996 = VERTEX_POINT ( 'NONE', #2875 ) ;
#997 = CARTESIAN_POINT ( 'NONE',  ( 108.8990000000000151, 3.684870000000000090, 5.099999999999999645 ) ) ;
#998 = DIRECTION ( 'NONE',  ( 0.1556551389296265409, 0.9878114585915667156, 0.000000000000000000 ) ) ;
#999 = AXIS2_PLACEMENT_3D ( 'NONE', #910, #3654, #571 ) ;
#1000 = EDGE_CURVE ( 'NONE', #5574, #1343, #1521, .T. ) ;
#1001 = DIRECTION ( 'NONE',  ( 0.8922182138893378633, -0.4516045380685624333, 0.000000000000000000 ) ) ;
#1002 = ORIENTED_EDGE ( 'NONE', *, *, #1335, .F. ) ;
#1003 = VECTOR ( 'NONE', #1012, 1000.000000000000114 ) ;
#1004 = ORIENTED_EDGE ( 'NONE', *, *, #3420, .T. ) ;
#1005 = CARTESIAN_POINT ( 'NONE',  ( 324.1010000000000559, 1.803850000000000176, 5.099999999999999645 ) ) ;
#1006 = ORIENTED_EDGE ( 'NONE', *, *, #1294, .F. ) ;
#1007 = DIRECTION ( 'NONE',  ( -0.000000000000000000, -0.000000000000000000, -1.000000000000000000 ) ) ;
#1008 = DIRECTION ( 'NONE',  ( -0.8914042697118759184, -0.4532090333824308481, 0.000000000000000000 ) ) ;
#1009 = ORIENTED_EDGE ( 'NONE', *, *, #2984, .T. ) ;
#1010 = CARTESIAN_POINT ( 'NONE',  ( 3.088179999999999925, 121.4740000000000180, 5.099999999999999645 ) ) ;
#1011 = VECTOR ( 'NONE', #4058, 1000.000000000000114 ) ;
#1012 = DIRECTION ( 'NONE',  ( -0.8924298478293074544, 0.4511861774294056437, 0.000000000000000000 ) ) ;
#1013 = FACE_OUTER_BOUND ( 'NONE', #1631, .T. ) ;
#1014 = FACE_OUTER_BOUND ( 'NONE', #1802, .T. ) ;
#1015 = ORIENTED_EDGE ( 'NONE', *, *, #1833, .F. ) ;
#1016 = VECTOR ( 'NONE', #4846, 1000.000000000000000 ) ;
#1017 = DIRECTION ( 'NONE',  ( -0.4567620255206142899, -0.8895889230663259761, 0.000000000000000000 ) ) ;
#1018 = VECTOR ( 'NONE', #5719, 1000.000000000000000 ) ;
#1019 = DIRECTION ( 'NONE',  ( -0.000000000000000000, -0.000000000000000000, -1.000000000000000000 ) ) ;
#1020 = DIRECTION ( 'NONE',  ( -0.9871951394668211366, -0.1595172611759729797, 0.000000000000000000 ) ) ;
#1021 = CARTESIAN_POINT ( 'NONE',  ( 109.7000000000000028, 121.4740000000000180, 5.099999999999999645 ) ) ;
#1022 = ORIENTED_EDGE ( 'NONE', *, *, #5525, .T. ) ;
#1023 = EDGE_CURVE ( 'NONE', #2761, #1226, #201, .T. ) ;
#1024 = AXIS2_PLACEMENT_3D ( 'NONE', #1873, #929, #5475 ) ;
#1025 = DIRECTION ( 'NONE',  ( 0.8903987221554817699, 0.4551814095323809539, 0.000000000000000000 ) ) ;
#1026 = DIRECTION ( 'NONE',  ( -0.7057351133366430718, 0.7084757933787967366, 0.000000000000000000 ) ) ;
#1027 = EDGE_CURVE ( 'NONE', #923, #5108, #593, .T. ) ;
#1028 = CARTESIAN_POINT ( 'NONE',  ( 324.1010000000000559, 122.0540000000000163, 5.099999999999999645 ) ) ;
#1029 = FACE_OUTER_BOUND ( 'NONE', #5245, .T. ) ;
#1030 = DIRECTION ( 'NONE',  ( 0.1562712096204883216, -0.9877141838830447718, 0.000000000000000000 ) ) ;
#1031 = ORIENTED_EDGE ( 'NONE', *, *, #4072, .F. ) ;
#1032 = EDGE_CURVE ( 'NONE', #893, #3575, #2390, .T. ) ;
#1033 = ADVANCED_FACE ( 'NONE', ( #2935 ), #148, .T. ) ;
#1034 = ORIENTED_EDGE ( 'NONE', *, *, #2174, .T. ) ;
#1035 = CARTESIAN_POINT ( 'NONE',  ( 325.3960000000000150, 124.5939999999999941, 5.099999999999999645 ) ) ;
#1036 = VERTEX_POINT ( 'NONE', #4283 ) ;
#1037 = CARTESIAN_POINT ( 'NONE',  ( 111.7159999999999940, 2.248959999999999848, 0.000000000000000000 ) ) ;
#1038 = ORIENTED_EDGE ( 'NONE', *, *, #4250, .F. ) ;
#1039 = DIRECTION ( 'NONE',  ( 0.9872630143935667846, -0.1590966385896566693, 0.000000000000000000 ) ) ;
#1040 = LINE ( 'NONE', #1516, #4881 ) ;
#1041 = PLANE ( 'NONE',  #772 ) ;
#1042 = ORIENTED_EDGE ( 'NONE', *, *, #3802, .F. ) ;
#1043 = AXIS2_PLACEMENT_3D ( 'NONE', #5252, #1203, #1173 ) ;
#1044 = CARTESIAN_POINT ( 'NONE',  ( 323.7950000000000159, 2.745049999999999990, 5.099999999999999645 ) ) ;
#1045 = ORIENTED_EDGE ( 'NONE', *, *, #2210, .T. ) ;
#1046 = VECTOR ( 'NONE', #401, 1000.000000000000114 ) ;
#1047 = DIRECTION ( 'NONE',  ( 0.9872124837542678444, -0.1594098865181494407, 0.000000000000000000 ) ) ;
#1048 = LINE ( 'NONE', #4206, #4020 ) ;
#1049 = LINE ( 'NONE', #2826, #4417 ) ;
#1050 = DIRECTION ( 'NONE',  ( -0.000000000000000000, -0.000000000000000000, -1.000000000000000000 ) ) ;
#1051 = VERTEX_POINT ( 'NONE', #613 ) ;
#1052 = VECTOR ( 'NONE', #367, 1000.000000000000114 ) ;
#1053 = PLANE ( 'NONE',  #3852 ) ;
#1054 = CARTESIAN_POINT ( 'NONE',  ( 1.653650000000000064, 124.2890000000000157, 0.000000000000000000 ) ) ;
#1055 = EDGE_CURVE ( 'NONE', #2257, #1590, #1553, .T. ) ;
#1056 = ORIENTED_EDGE ( 'NONE', *, *, #4047, .T. ) ;
#1057 = EDGE_LOOP ( 'NONE', ( #1555, #5530, #5262, #1763 ) ) ;
#1058 = VERTEX_POINT ( 'NONE', #2414 ) ;
#1059 = DIRECTION ( 'NONE',  ( -0.000000000000000000, 1.000000000000000000, -0.000000000000000000 ) ) ;
#1060 = LINE ( 'NONE', #194, #4894 ) ;
#1061 = EDGE_CURVE ( 'NONE', #1036, #4056, #1486, .T. ) ;
#1062 = CARTESIAN_POINT ( 'NONE',  ( 325.3960000000001287, 124.5939999999999941, 0.000000000000000000 ) ) ;
#1063 = EDGE_CURVE ( 'NONE', #118, #2489, #2903, .T. ) ;
#1064 = DIRECTION ( 'NONE',  ( 0.8905970137627921002, -0.4547933146790936187, 0.000000000000000000 ) ) ;
#1065 = VERTEX_POINT ( 'NONE', #3373 ) ;
#1066 = CARTESIAN_POINT ( 'NONE',  ( 325.3960000000000150, 4.344949999999999868, 5.099999999999999645 ) ) ;
#1067 = LINE ( 'NONE', #5115, #84 ) ;
#1068 = DIRECTION ( 'NONE',  ( 0.1590103127589195808, 0.9872769218594702467, 0.000000000000000000 ) ) ;
#1069 = PLANE ( 'NONE',  #1810 ) ;
#1070 = LINE ( 'NONE', #3789, #2848 ) ;
#1071 = ORIENTED_EDGE ( 'NONE', *, *, #5326, .F. ) ;
#1072 = DIRECTION ( 'NONE',  ( 0.000000000000000000, 0.000000000000000000, 1.000000000000000000 ) ) ;
#1073 = EDGE_CURVE ( 'NONE', #4827, #3269, #2496, .T. ) ;
#1074 = LINE ( 'NONE', #2499, #2616 ) ;
#1075 = DIRECTION ( 'NONE',  ( -1.000000000000000000, 0.000000000000000000, -0.000000000000000000 ) ) ;
#1076 = LINE ( 'NONE', #2941, #3927 ) ;
#1077 = ORIENTED_EDGE ( 'NONE', *, *, #4905, .F. ) ;
#1078 = ADVANCED_FACE ( 'NONE', ( #2545 ), #3497, .T. ) ;
#1079 = LINE ( 'NONE', #5566, #4577 ) ;
#1080 = DIRECTION ( 'NONE',  ( 0.8913191698506689464, 0.4533763750535688142, 0.000000000000000000 ) ) ;
#1081 = CARTESIAN_POINT ( 'NONE',  ( 4.114840000000000053, 3.238389999999999880, 5.099999999999999645 ) ) ;
#1082 = DIRECTION ( 'NONE',  ( -0.000000000000000000, -0.000000000000000000, -1.000000000000000000 ) ) ;
#1083 = CARTESIAN_POINT ( 'NONE',  ( 217.7949999999999875, 121.3940000000000055, 0.000000000000000000 ) ) ;
#1084 = PLANE ( 'NONE',  #4522 ) ;
#1085 = ORIENTED_EDGE ( 'NONE', *, *, #5298, .T. ) ;
#1086 = VECTOR ( 'NONE', #2961, 1000.000000000000000 ) ;
#1087 = LINE ( 'NONE', #3303, #41 ) ;
#1088 = DIRECTION ( 'NONE',  ( -0.000000000000000000, -0.000000000000000000, -1.000000000000000000 ) ) ;
#1089 = DIRECTION ( 'NONE',  ( 0.4512020778594382775, 0.8924218088635694768, 0.000000000000000000 ) ) ;
#1090 = AXIS2_PLACEMENT_3D ( 'NONE', #2393, #1363, #990 ) ;
#1091 = ORIENTED_EDGE ( 'NONE', *, *, #3882, .F. ) ;
#1092 = DIRECTION ( 'NONE',  ( 0.7071067811865474617, -0.7071067811865474617, 0.000000000000000000 ) ) ;
#1093 = CARTESIAN_POINT ( 'NONE',  ( 1.299490000000000256, 1.803850000000000176, 5.099999999999999645 ) ) ;
#1094 = DIRECTION ( 'NONE',  ( -0.4527259285258880550, -0.8916497258679400018, 0.000000000000000000 ) ) ;
#1095 = CARTESIAN_POINT ( 'NONE',  ( 217.7949999999999875, 1.143769999999999953, 0.000000000000000000 ) ) ;
#1096 = FACE_BOUND ( 'NONE', #3191, .T. ) ;
#1097 = CARTESIAN_POINT ( 'NONE',  ( 216.8549999999999898, 124.2890000000000157, 5.099999999999999645 ) ) ;
#1098 = EDGE_CURVE ( 'NONE', #3425, #1058, #783, .T. ) ;
#1099 = DIRECTION ( 'NONE',  ( -0.1576014570290689421, 0.9875028003718848701, 0.000000000000000000 ) ) ;
#1100 = EDGE_CURVE ( 'NONE', #69, #493, #4765, .T. ) ;
#1101 = EDGE_LOOP ( 'NONE', ( #1038, #2757, #1004, #2356 ) ) ;
#1102 = ORGANIZATION ( 'UNSPECIFIED', 'UNSPECIFIED', '' ) ;
#1103 = VECTOR ( 'NONE', #4623, 1000.000000000000000 ) ;
#1104 = ORIENTED_EDGE ( 'NONE', *, *, #2618, .F. ) ;
#1105 = PLANE ( 'NONE',  #590 ) ;
#1106 = CARTESIAN_POINT ( 'NONE',  ( 0.000000000000000000, 0.000000000000000000, 5.099999999999999645 ) ) ;
#1107 = DIRECTION ( 'NONE',  ( 0.7083262900088976854, 0.7058851655065653263, 0.000000000000000000 ) ) ;
#1108 = VECTOR ( 'NONE', #5805, 1000.000000000000114 ) ;
#1109 = CARTESIAN_POINT ( 'NONE',  ( 108.8990000000000151, 1.803850000000000176, 5.099999999999999645 ) ) ;
#1110 = EDGE_CURVE ( 'NONE', #3125, #920, #4318, .T. ) ;
#1111 = ADVANCED_FACE ( 'NONE', ( #1665 ), #325, .T. ) ;
#1112 = ORIENTED_EDGE ( 'NONE', *, *, #2230, .F. ) ;
#1113 = FACE_OUTER_BOUND ( 'NONE', #897, .T. ) ;
#1114 = AXIS2_PLACEMENT_3D ( 'NONE', #1178, #5103, #2863 ) ;
#1115 = CARTESIAN_POINT ( 'NONE',  ( 326.6899999999999977, 122.0540000000000163, 5.099999999999999645 ) ) ;
#1116 = DIRECTION ( 'NONE',  ( 0.1543157444027945246, -0.9880215842932841275, 0.000000000000000000 ) ) ;
#1117 = EDGE_CURVE ( 'NONE', #4475, #3120, #4821, .T. ) ;
#1118 = CARTESIAN_POINT ( 'NONE',  ( 216.5010000000000048, 3.684870000000000090, 5.099999999999999645 ) ) ;
#1119 = AXIS2_PLACEMENT_3D ( 'NONE', #914, #4367, #2659 ) ;
#1120 = FACE_OUTER_BOUND ( 'NONE', #2153, .T. ) ;
#1121 = ORIENTED_EDGE ( 'NONE', *, *, #3606, .T. ) ;
#1122 = CARTESIAN_POINT ( 'NONE',  ( 109.7000000000000028, 1.223700000000000010, 5.099999999999999645 ) ) ;
#1123 = FACE_OUTER_BOUND ( 'NONE', #850, .T. ) ;
#1124 = DIRECTION ( 'NONE',  ( -0.000000000000000000, -0.000000000000000000, -1.000000000000000000 ) ) ;
#1125 = ORIENTED_EDGE ( 'NONE', *, *, #2701, .F. ) ;
#1126 = CARTESIAN_POINT ( 'NONE',  ( 108.8990000000000151, 123.9350000000000023, 5.099999999999999645 ) ) ;
#1127 = CARTESIAN_POINT ( 'NONE',  ( 1.299490000000000256, 3.684870000000000090, 5.099999999999999645 ) ) ;
#1128 = ADVANCED_FACE ( 'NONE', ( #4376 ), #4438, .T. ) ;
#1129 = DIRECTION ( 'NONE',  ( -0.4551814095324029918, -0.8903987221554705567, 0.000000000000000000 ) ) ;
#1130 = CARTESIAN_POINT ( 'NONE',  ( 2.594850000000000101, 124.5939999999999941, 5.099999999999999645 ) ) ;
#1131 = DIRECTION ( 'NONE',  ( -0.7071067811865335839, -0.7071067811865613395, 0.000000000000000000 ) ) ;
#1132 = ORIENTED_EDGE ( 'NONE', *, *, #2075, .F. ) ;
#1133 = CARTESIAN_POINT ( 'NONE',  ( 326.9159999999999968, 3.238389999999999880, 0.000000000000000000 ) ) ;
#1135 = ORIENTED_EDGE ( 'NONE', *, *, #1144, .F. ) ;
#1134 = ADVANCED_FACE ( 'NONE', ( #5669 ), #2184, .T. ) ;
#1136 = AXIS2_PLACEMENT_3D ( 'NONE', #420, #4352, #4444 ) ;
#1137 = DIRECTION ( 'NONE',  ( -0.4532090333824528305, -0.8914042697118647052, 0.000000000000000000 ) ) ;
#1138 = LINE ( 'NONE', #5184, #460 ) ;
#1139 = ORIENTED_EDGE ( 'NONE', *, *, #2909, .T. ) ;
#1140 = PLANE ( 'NONE',  #3473 ) ;
#1141 = AXIS2_PLACEMENT_3D ( 'NONE', #2932, #4733, #2021 ) ;
#1142 = LINE ( 'NONE', #241, #4605 ) ;
#1143 = CARTESIAN_POINT ( 'NONE',  ( 3.534660000000000135, 121.7000000000000028, 5.099999999999999645 ) ) ;
#1144 = EDGE_CURVE ( 'NONE', #28, #3522, #349, .T. ) ;
#1145 = EDGE_CURVE ( 'NONE', #4063, #2151, #5296, .T. ) ;
#1146 = CARTESIAN_POINT ( 'NONE',  ( 0.09508460000000000523, 125.4939999999999998, 5.099999999999999645 ) ) ;
#1147 = LINE ( 'NONE', #3919, #1338 ) ;
#1148 = VECTOR ( 'NONE', #4621, 1000.000000000000000 ) ;
#1149 = DIRECTION ( 'NONE',  ( -0.000000000000000000, -0.000000000000000000, -1.000000000000000000 ) ) ;
#1150 = LINE ( 'NONE', #4750, #4602 ) ;
#1151 = EDGE_CURVE ( 'NONE', #9, #2515, #3940, .T. ) ;
#1152 = ORIENTED_EDGE ( 'NONE', *, *, #3374, .F. ) ;
#1153 = DIRECTION ( 'NONE',  ( -0.8922101619186157961, -0.4516204456943436196, 0.000000000000000000 ) ) ;
#1154 = FACE_BOUND ( 'NONE', #101, .T. ) ;
#1156 = EDGE_CURVE ( 'NONE', #4556, #3877, #1696, .T. ) ;
#1155 = FACE_OUTER_BOUND ( 'NONE', #2231, .T. ) ;
#1157 = ORIENTED_EDGE ( 'NONE', *, *, #657, .F. ) ;
#1158 = LINE ( 'NONE', #3871, #542 ) ;
#1159 = DIRECTION ( 'NONE',  ( -0.8924298478292961301, 0.4511861774294280147, 0.000000000000000000 ) ) ;
#1160 = EDGE_LOOP ( 'NONE', ( #1077, #5002, #2473, #342 ) ) ;
#1161 = LINE ( 'NONE', #2441, #2379 ) ;
#1162 = DIRECTION ( 'NONE',  ( -0.7083262900088976854, -0.7058851655065653263, 0.000000000000000000 ) ) ;
#1163 = EDGE_CURVE ( 'NONE', #4962, #5483, #1276, .T. ) ;
#1164 = ORIENTED_EDGE ( 'NONE', *, *, #2326, .F. ) ;
#1165 = CARTESIAN_POINT ( 'NONE',  ( 216.8549999999999898, 4.039019999999999833, 5.099999999999999645 ) ) ;
#1166 = ORIENTED_EDGE ( 'NONE', *, *, #5596, .T. ) ;
#1167 = FACE_OUTER_BOUND ( 'NONE', #142, .T. ) ;
#1168 = ORIENTED_EDGE ( 'NONE', *, *, #1183, .F. ) ;
#1169 = PLANE ( 'NONE',  #2444 ) ;
#1170 = ORIENTED_EDGE ( 'NONE', *, *, #5041, .T. ) ;
#1171 = CARTESIAN_POINT ( 'NONE',  ( 3.088179999999999925, 1.223700000000000010, 0.000000000000000000 ) ) ;
#1172 = DIRECTION ( 'NONE',  ( -0.1600595583406276001, -0.9871073587932587268, 0.000000000000000000 ) ) ;
#1173 = DIRECTION ( 'NONE',  ( 0.4551814095324030474, 0.8903987221554706677, 0.000000000000000000 ) ) ;
#1174 = ORIENTED_EDGE ( 'NONE', *, *, #116, .F. ) ;
#1175 = CARTESIAN_POINT ( 'NONE',  ( 3.888809999999999878, 122.0540000000000163, 5.099999999999999645 ) ) ;
#1176 = EDGE_CURVE ( 'NONE', #5300, #1435, #2965, .T. ) ;
#1177 = ADVANCED_FACE ( 'NONE', ( #3087 ), #4886, .T. ) ;
#1178 = CARTESIAN_POINT ( 'NONE',  ( 108.6720000000000113, 123.4890000000000043, 5.099999999999999645 ) ) ;
#1179 = CARTESIAN_POINT ( 'NONE',  ( 3.088179999999999925, 1.223700000000000010, 0.000000000000000000 ) ) ;
#1180 = AXIS2_PLACEMENT_3D ( 'NONE', #4834, #5189, #707 ) ;
#1181 = ORIENTED_EDGE ( 'NONE', *, *, #5681, .T. ) ;
#1182 = CARTESIAN_POINT ( 'NONE',  ( 216.8549999999999898, 1.451070000000000082, 5.099999999999999645 ) ) ;
#1183 = EDGE_CURVE ( 'NONE', #90, #3656, #2522, .T. ) ;
#1184 = ORIENTED_EDGE ( 'NONE', *, *, #5412, .F. ) ;
#1185 = CARTESIAN_POINT ( 'NONE',  ( 218.2889999999999873, 4.265010000000000190, 0.000000000000000000 ) ) ;
#1186 = VERTEX_POINT ( 'NONE', #3876 ) ;
#1187 = AXIS2_PLACEMENT_3D ( 'NONE', #259, #609, #5174 ) ;
#1188 = LINE ( 'NONE', #2993, #4292 ) ;
#1189 = COORDINATED_UNIVERSAL_TIME_OFFSET ( 5, 0, .BEHIND. ) ;
#1190 = ORIENTED_EDGE ( 'NONE', *, *, #3271, .T. ) ;
#1191 = LINE ( 'NONE', #4793, #2170 ) ;
#1192 = CARTESIAN_POINT ( 'NONE',  ( 219.3950000000000102, 2.745049999999999990, 0.000000000000000000 ) ) ;
#1193 = VECTOR ( 'NONE', #4178, 1000.000000000000227 ) ;
#1194 = VERTEX_POINT ( 'NONE', #3435 ) ;
#1195 = LINE ( 'NONE', #5672, #4151 ) ;
#1196 = EDGE_LOOP ( 'NONE', ( #4074, #3029, #554, #2020 ) ) ;
#1197 = CARTESIAN_POINT ( 'NONE',  ( 320.7790795951257792, 105.1244291827815971, 0.000000000000000000 ) ) ;
#1198 = VECTOR ( 'NONE', #5037, 1000.000000000000227 ) ;
#1199 = VERTEX_POINT ( 'NONE', #1639 ) ;
#1200 = ORIENTED_EDGE ( 'NONE', *, *, #1539, .T. ) ;
#1201 = VECTOR ( 'NONE', #5007, 1000.000000000000227 ) ;
#1202 = LINE ( 'NONE', #4236, #911 ) ;
#1203 = DIRECTION ( 'NONE',  ( 0.8903987221554706677, -0.4551814095324030474, 0.000000000000000000 ) ) ;
#1204 = VERTEX_POINT ( 'NONE', #5239 ) ;
#1205 = LINE ( 'NONE', #1118, #3780 ) ;
#1206 = VECTOR ( 'NONE', #2804, 1000.000000000000000 ) ;
#1207 = DIRECTION ( 'NONE',  ( 0.4541992607073437882, 0.8909001243533992698, 0.000000000000000000 ) ) ;
#1208 = ADVANCED_FACE ( 'NONE', ( #874 ), #3616, .T. ) ;
#1209 = AXIS2_PLACEMENT_3D ( 'NONE', #5080, #2836, #3298 ) ;
#1210 = ORIENTED_EDGE ( 'NONE', *, *, #4391, .F. ) ;
#1211 = VECTOR ( 'NONE', #4379, 999.9999999999998863 ) ;
#1212 = LINE ( 'NONE', #2958, #4215 ) ;
#1213 = VERTEX_POINT ( 'NONE', #3121 ) ;
#1214 = EDGE_CURVE ( 'NONE', #1578, #3575, #526, .T. ) ;
#1215 = EDGE_CURVE ( 'NONE', #5670, #1791, #2237, .T. ) ;
#1216 = CARTESIAN_POINT ( 'NONE',  ( 110.6880000000000024, 4.265010000000000190, 5.099999999999999645 ) ) ;
#1217 = CARTESIAN_POINT ( 'NONE',  ( 218.2889999999999873, 124.5169999999999959, 0.000000000000000000 ) ) ;
#1218 = CARTESIAN_POINT ( 'NONE',  ( 216.5010000000000048, 123.9350000000000023, 0.000000000000000000 ) ) ;
#1219 = DIRECTION ( 'NONE',  ( -0.8899839804325453407, -0.4559917922215735442, 0.000000000000000000 ) ) ;
#1220 = VERTEX_POINT ( 'NONE', #4055 ) ;
#1221 = EDGE_LOOP ( 'NONE', ( #3040, #4622, #3077, #1247 ) ) ;
#1222 = LINE ( 'NONE', #1734, #5192 ) ;
#1223 = EDGE_LOOP ( 'NONE', ( #2261, #2807, #2310, #5070, #2786, #2672, #1989, #5107, #5559, #3612, #560, #2465, #4138, #4387, #390, #1980, #4025, #2988, #1258, #2565 ) ) ;
#1224 = CARTESIAN_POINT ( 'NONE',  ( 1.072109999999999896, 122.5010000000000190, 5.099999999999999645 ) ) ;
#1225 = ORIENTED_EDGE ( 'NONE', *, *, #494, .T. ) ;
#1226 = VERTEX_POINT ( 'NONE', #4975 ) ;
#1227 = CARTESIAN_POINT ( 'NONE',  ( 2.593469999999999942, 1.143769999999999953, 5.099999999999999645 ) ) ;
#1228 = CARTESIAN_POINT ( 'NONE',  ( 324.1010000000000559, 122.0540000000000163, 5.099999999999999645 ) ) ;
#1229 = VECTOR ( 'NONE', #2507, 999.9999999999998863 ) ;
#1230 = PLANE ( 'NONE',  #1572 ) ;
#1231 = CARTESIAN_POINT ( 'NONE',  ( 325.3960000000000150, 1.143769999999999953, 5.099999999999999645 ) ) ;
#1232 = ORIENTED_EDGE ( 'NONE', *, *, #2353, .T. ) ;
#1233 = VECTOR ( 'NONE', #3370, 1000.000000000000000 ) ;
#1234 = FACE_OUTER_BOUND ( 'NONE', #1253, .T. ) ;
#1235 = EDGE_CURVE ( 'NONE', #3790, #3877, #2697, .T. ) ;
#1236 = AXIS2_PLACEMENT_3D ( 'NONE', #3015, #4781, #2950 ) ;
#1237 = VERTEX_POINT ( 'NONE', #4136 ) ;
#1238 = DIRECTION ( 'NONE',  ( -0.000000000000000000, -0.000000000000000000, -1.000000000000000000 ) ) ;
#1239 = VECTOR ( 'NONE', #5625, 1000.000000000000114 ) ;
#1240 = EDGE_CURVE ( 'NONE', #1266, #5523, #2727, .T. ) ;
#1241 = FACE_OUTER_BOUND ( 'NONE', #2096, .T. ) ;
#1242 = ORIENTED_EDGE ( 'NONE', *, *, #5517, .F. ) ;
#1243 = CARTESIAN_POINT ( 'NONE',  ( 111.4890000000000043, 1.803850000000000176, 5.099999999999999645 ) ) ;
#1244 = LINE ( 'NONE', #5666, #1279 ) ;
#1245 = CARTESIAN_POINT ( 'NONE',  ( 1.072109999999999896, 3.238389999999999880, 0.000000000000000000 ) ) ;
#1246 = DIRECTION ( 'NONE',  ( 0.8905970137628030914, 0.4547933146790720804, 0.000000000000000000 ) ) ;
#1247 = ORIENTED_EDGE ( 'NONE', *, *, #2957, .T. ) ;
#1248 = FACE_BOUND ( 'NONE', #281, .T. ) ;
#1249 = DIRECTION ( 'NONE',  ( -0.1581185208565652756, 0.9874201402453425258, 0.000000000000000000 ) ) ;
#1250 = EDGE_CURVE ( 'NONE', #661, #4080, #1816, .T. ) ;
#1251 = ADVANCED_FACE ( 'NONE', ( #1758 ), #977, .T. ) ;
#1252 = VECTOR ( 'NONE', #3239, 999.9999999999998863 ) ;
#1253 = EDGE_LOOP ( 'NONE', ( #4876, #577, #2324, #3218 ) ) ;
#1254 = DIRECTION ( 'NONE',  ( 0.7071067811865335839, -0.7071067811865613395, 0.000000000000000000 ) ) ;
#1255 = ORIENTED_EDGE ( 'NONE', *, *, #48, .F. ) ;
#1256 = PLANE ( 'NONE',  #4776 ) ;
#1257 = ORIENTED_EDGE ( 'NONE', *, *, #2005, .F. ) ;
#1258 = ORIENTED_EDGE ( 'NONE', *, *, #643, .T. ) ;
#1259 = DIRECTION ( 'NONE',  ( -0.1563763198671320742, 0.9876975481314167471, 0.000000000000000000 ) ) ;
#1260 = DIRECTION ( 'NONE',  ( 0.4535964786212107192, 0.8912071782601604930, 0.000000000000000000 ) ) ;
#1261 = CARTESIAN_POINT ( 'NONE',  ( 108.6720000000000113, 2.248959999999999848, 5.099999999999999645 ) ) ;
#1262 = CARTESIAN_POINT ( 'NONE',  ( 3.534660000000000135, 124.2890000000000157, 0.000000000000000000 ) ) ;
#1263 = ORIENTED_EDGE ( 'NONE', *, *, #2396, .T. ) ;
#1264 = CARTESIAN_POINT ( 'NONE',  ( 325.8890000000000668, 4.265010000000000190, 0.000000000000000000 ) ) ;
#1265 = EDGE_CURVE ( 'NONE', #3289, #5548, #5810, .T. ) ;
#1266 = VERTEX_POINT ( 'NONE', #2671 ) ;
#1267 = LINE ( 'NONE', #1805, #2721 ) ;
#1268 = ORIENTED_EDGE ( 'NONE', *, *, #4968, .F. ) ;
#1269 = CARTESIAN_POINT ( 'NONE',  ( 109.2540000000000049, 4.039019999999999833, 0.000000000000000000 ) ) ;
#1270 = ORIENTED_EDGE ( 'NONE', *, *, #1546, .T. ) ;
#1271 = AXIS2_PLACEMENT_3D ( 'NONE', #3477, #240, #4293 ) ;
#1272 = CARTESIAN_POINT ( 'NONE',  ( 216.5010000000000048, 1.803850000000000176, 0.000000000000000000 ) ) ;
#1273 = ORIENTED_EDGE ( 'NONE', *, *, #1497, .F. ) ;
#1274 = FACE_OUTER_BOUND ( 'NONE', #4458, .T. ) ;
#1275 = DIRECTION ( 'NONE',  ( 0.9871105220788042311, 0.1600400487419023077, 0.000000000000000000 ) ) ;
#1276 = LINE ( 'NONE', #1192, #2938 ) ;
#1277 = ORIENTED_EDGE ( 'NONE', *, *, #5484, .F. ) ;
#1278 = CARTESIAN_POINT ( 'NONE',  ( 217.3000000000000114, 121.4740000000000180, 5.099999999999999645 ) ) ;
#1279 = VECTOR ( 'NONE', #1609, 1000.000000000000114 ) ;
#1280 = ORIENTED_EDGE ( 'NONE', *, *, #4279, .T. ) ;
#1281 = CARTESIAN_POINT ( 'NONE',  ( 322.8949999999999818, 120.4939999999999998, 0.000000000000000000 ) ) ;
#1282 = ORIENTED_EDGE ( 'NONE', *, *, #5576, .T. ) ;
#1283 = EDGE_CURVE ( 'NONE', #1478, #3123, #54, .T. ) ;
#1284 = EDGE_CURVE ( 'NONE', #1669, #3963, #2355, .T. ) ;
#1285 = PLANE ( 'NONE',  #5440 ) ;
#1286 = LINE ( 'NONE', #3096, #474 ) ;
#1287 = VERTEX_POINT ( 'NONE', #5445 ) ;
#1288 = AXIS2_PLACEMENT_3D ( 'NONE', #5463, #3267, #1912 ) ;
#1289 = FACE_OUTER_BOUND ( 'NONE', #3066, .T. ) ;
#1290 = CARTESIAN_POINT ( 'NONE',  ( 109.7000000000000028, 1.223700000000000010, 5.099999999999999645 ) ) ;
#1291 = FACE_OUTER_BOUND ( 'NONE', #3715, .T. ) ;
#1292 = VECTOR ( 'NONE', #1436, 1000.000000000000227 ) ;
#1293 = EDGE_CURVE ( 'NONE', #3907, #4475, #5031, .T. ) ;
#1294 = EDGE_CURVE ( 'NONE', #4827, #796, #1403, .T. ) ;
#1295 = DIRECTION ( 'NONE',  ( -0.000000000000000000, -0.000000000000000000, -1.000000000000000000 ) ) ;
#1296 = DIRECTION ( 'NONE',  ( -0.4516681659875569910, 0.8921860051768558675, 0.000000000000000000 ) ) ;
#1297 = ORIENTED_EDGE ( 'NONE', *, *, #5273, .F. ) ;
#1298 = DIRECTION ( 'NONE',  ( -0.8920223363405501704, -0.4519913179139026238, 0.000000000000000000 ) ) ;
#1299 = ORIENTED_EDGE ( 'NONE', *, *, #2701, .T. ) ;
#1300 = PLANE ( 'NONE',  #573 ) ;
#1301 = VECTOR ( 'NONE', #4559, 1000.000000000000227 ) ;
#1302 = ORIENTED_EDGE ( 'NONE', *, *, #3570, .T. ) ;
#1303 = VECTOR ( 'NONE', #3197, 1000.000000000000114 ) ;
#1304 = DIRECTION ( 'NONE',  ( -0.000000000000000000, 1.000000000000000000, -0.000000000000000000 ) ) ;
#1305 = DIRECTION ( 'NONE',  ( 0.4516204456943435641, -0.8922101619186156851, 0.000000000000000000 ) ) ;
#1306 = VECTOR ( 'NONE', #4228, 1000.000000000000000 ) ;
#1307 = ORIENTED_EDGE ( 'NONE', *, *, #1826, .F. ) ;
#1308 = EDGE_CURVE ( 'NONE', #3963, #4491, #3202, .T. ) ;
#1309 = LINE ( 'NONE', #3116, #3683 ) ;
#1310 = DIRECTION ( 'NONE',  ( 0.8905324954831137507, 0.4549196351979304387, -0.000000000000000000 ) ) ;
#1311 = VERTEX_POINT ( 'NONE', #1788 ) ;
#1312 = APPROVAL_ROLE ( '' ) ;
#1313 = VERTEX_POINT ( 'NONE', #2323 ) ;
#1314 = CARTESIAN_POINT ( 'NONE',  ( 324.4549999999999841, 124.2890000000000157, 5.099999999999999645 ) ) ;
#1315 = ORIENTED_EDGE ( 'NONE', *, *, #5226, .F. ) ;
#1316 = VECTOR ( 'NONE', #2952, 1000.000000000000000 ) ;
#1317 = LINE ( 'NONE', #4442, #4995 ) ;
#1318 = VERTEX_POINT ( 'NONE', #4948 ) ;
#1319 = EDGE_CURVE ( 'NONE', #3092, #1287, #5419, .T. ) ;
#1320 = DIRECTION ( 'NONE',  ( 1.000000000000000000, -0.000000000000000000, -0.000000000000000000 ) ) ;
#1321 = EDGE_LOOP ( 'NONE', ( #4411, #3000, #3438, #3619, #550, #3685, #1472, #1658, #1002, #4612, #5518, #4615, #5381, #859, #2759, #4427, #936, #1638, #770, #4862 ) ) ;
#1322 = DIRECTION ( 'NONE',  ( 0.4559025274266881866, -0.8900297104512622237, 0.000000000000000000 ) ) ;
#1323 = LINE ( 'NONE', #4061, #2108 ) ;
#1324 = VERTEX_POINT ( 'NONE', #472 ) ;
#1325 = LINE ( 'NONE', #4929, #4570 ) ;
#1326 = ADVANCED_FACE ( 'NONE', ( #25 ), #1428, .T. ) ;
#1327 = DIRECTION ( 'NONE',  ( 0.1533772373344897966, -0.9881677099903839467, 0.000000000000000000 ) ) ;
#1328 = CARTESIAN_POINT ( 'NONE',  ( 216.8549999999999898, 121.7000000000000028, 5.099999999999999645 ) ) ;
#1329 = DIRECTION ( 'NONE',  ( -0.000000000000000000, -1.000000000000000000, -0.000000000000000000 ) ) ;
#1330 = ORIENTED_EDGE ( 'NONE', *, *, #2312, .T. ) ;
#1331 = LINE ( 'NONE', #1745, #3047 ) ;
#1332 = ORIENTED_EDGE ( 'NONE', *, *, #821, .T. ) ;
#1333 = VECTOR ( 'NONE', #5233, 1000.000000000000114 ) ;
#1334 = EDGE_CURVE ( 'NONE', #4006, #3092, #5388, .T. ) ;
#1335 = EDGE_CURVE ( 'NONE', #3778, #3933, #4663, .T. ) ;
#1336 = VECTOR ( 'NONE', #1668, 1000.000000000000114 ) ;
#1337 = ORIENTED_EDGE ( 'NONE', *, *, #1799, .F. ) ;
#1338 = VECTOR ( 'NONE', #1680, 999.9999999999998863 ) ;
#1339 = CARTESIAN_POINT ( 'NONE',  ( 109.2540000000000049, 1.451070000000000082, 5.099999999999999645 ) ) ;
#1340 = EDGE_CURVE ( 'NONE', #1796, #118, #1087, .T. ) ;
#1341 = VECTOR ( 'NONE', #1663, 1000.000000000000000 ) ;
#1342 = DIRECTION ( 'NONE',  ( -0.9870883714087309579, -0.1601766119933220878, 0.000000000000000000 ) ) ;
#1343 = VERTEX_POINT ( 'NONE', #4187 ) ;
#1344 = LINE ( 'NONE', #1813, #2509 ) ;
#1345 = ORIENTED_EDGE ( 'NONE', *, *, #4897, .T. ) ;
#1346 = ORIENTED_EDGE ( 'NONE', *, *, #1407, .F. ) ;
#1347 = AXIS2_PLACEMENT_3D ( 'NONE', #2790, #4590, #4146 ) ;
#1348 = CARTESIAN_POINT ( 'NONE',  ( 324.8999999999999773, 124.5169999999999959, 5.099999999999999645 ) ) ;
#1349 = ORIENTED_EDGE ( 'NONE', *, *, #3297, .T. ) ;
#1350 = ADVANCED_FACE ( 'NONE', ( #5578 ), #2462, .T. ) ;
#1351 = DIRECTION ( 'NONE',  ( 0.4559025274266881866, -0.8900297104512622237, 0.000000000000000000 ) ) ;
#1352 = VERTEX_POINT ( 'NONE', #2923 ) ;
#1353 = FACE_OUTER_BOUND ( 'NONE', #4809, .T. ) ;
#1354 = VERTEX_POINT ( 'NONE', #4247 ) ;
#1355 = DIRECTION ( 'NONE',  ( -0.000000000000000000, -0.000000000000000000, -1.000000000000000000 ) ) ;
#1356 = LINE ( 'NONE', #3127, #425 ) ;
#1357 = ORIENTED_EDGE ( 'NONE', *, *, #4426, .F. ) ;
#1358 = AXIS2_PLACEMENT_3D ( 'NONE', #1182, #4305, #2041 ) ;
#1359 = EDGE_CURVE ( 'NONE', #2112, #50, #2378, .T. ) ;
#1360 = LINE ( 'NONE', #3070, #5597 ) ;
#1361 = DIRECTION ( 'NONE',  ( -0.8908112580283464865, 0.4543735275849096200, 0.000000000000000000 ) ) ;
#1362 = UNCERTAINTY_MEASURE_WITH_UNIT (LENGTH_MEASURE( 1.000000000000000082E-05 ), #2213, 'distance_accuracy_value', 'NONE');
#1363 = DIRECTION ( 'NONE',  ( -0.9874201402453425258, -0.1581185208565652756, 0.000000000000000000 ) ) ;
#1364 = VERTEX_POINT ( 'NONE', #3279 ) ;
#1365 = ORIENTED_EDGE ( 'NONE', *, *, #249, .T. ) ;
#1366 = ORIENTED_EDGE ( 'NONE', *, *, #2579, .F. ) ;
#1367 = ADVANCED_FACE ( 'NONE', ( #5083 ), #4694, .T. ) ;
#1368 = EDGE_CURVE ( 'NONE', #2160, #2318, #2487, .T. ) ;
#1369 = DIRECTION ( 'NONE',  ( -0.000000000000000000, -0.000000000000000000, -1.000000000000000000 ) ) ;
#1370 = ORIENTED_EDGE ( 'NONE', *, *, #4657, .T. ) ;
#1371 = CARTESIAN_POINT ( 'NONE',  ( 108.6720000000000113, 123.4890000000000043, 0.000000000000000000 ) ) ;
#1372 = ORIENTED_EDGE ( 'NONE', *, *, #337, .T. ) ;
#1373 = EDGE_CURVE ( 'NONE', #670, #581, #1952, .T. ) ;
#1374 = ORIENTED_EDGE ( 'NONE', *, *, #80, .T. ) ;
#1375 = CARTESIAN_POINT ( 'NONE',  ( 216.1949999999999932, 2.745049999999999990, 5.099999999999999645 ) ) ;
#1376 = VERTEX_POINT ( 'NONE', #5055 ) ;
#1377 = CARTESIAN_POINT ( 'NONE',  ( 325.3960000000000150, 124.5939999999999941, 5.099999999999999645 ) ) ;
#1378 = ORIENTED_EDGE ( 'NONE', *, *, #2900, .T. ) ;
#1379 = DIRECTION ( 'NONE',  ( 0.9880691672626490396, -0.1540107811320215736, 0.000000000000000000 ) ) ;
#1380 = VERTEX_POINT ( 'NONE', #2893 ) ;
#1381 = LINE ( 'NONE', #1460, #173 ) ;
#1382 = DIRECTION ( 'NONE',  ( -0.1595459401863458804, 0.9871905049027036583, 0.000000000000000000 ) ) ;
#1383 = ORIENTED_EDGE ( 'NONE', *, *, #820, .T. ) ;
#1384 = CARTESIAN_POINT ( 'NONE',  ( 217.3000000000000114, 124.5169999999999959, 5.099999999999999645 ) ) ;
#1385 = LINE ( 'NONE', #4542, #4857 ) ;
#1386 = DIRECTION ( 'NONE',  ( -1.000000000000000000, -0.000000000000000000, -0.000000000000000000 ) ) ;
#1387 = AXIS2_PLACEMENT_3D ( 'NONE', #428, #3981, #2225 ) ;
#1388 = ORIENTED_EDGE ( 'NONE', *, *, #4490, .F. ) ;
#1389 = ORIENTED_EDGE ( 'NONE', *, *, #3141, .F. ) ;
#1390 = VECTOR ( 'NONE', #5124, 1000.000000000000000 ) ;
#1391 = ADVANCED_FACE ( 'NONE', ( #220 ), #3779, .T. ) ;
#1392 = ORIENTED_EDGE ( 'NONE', *, *, #1265, .T. ) ;
#1393 = CC_DESIGN_APPROVAL ( #209, ( #5365 ) ) ;
#1394 = DIRECTION ( 'NONE',  ( -0.000000000000000000, -0.000000000000000000, -1.000000000000000000 ) ) ;
#1395 = VECTOR ( 'NONE', #3653, 1000.000000000000114 ) ;
#1396 = ADVANCED_FACE ( 'NONE', ( #1480 ), #629, .T. ) ;
#1397 = CARTESIAN_POINT ( 'NONE',  ( 4.114840000000000053, 122.5010000000000190, 5.099999999999999645 ) ) ;
#1398 = ORIENTED_EDGE ( 'NONE', *, *, #4642, .F. ) ;
#1399 = VECTOR ( 'NONE', #1722, 1000.000000000000227 ) ;
#1400 = CARTESIAN_POINT ( 'NONE',  ( 4.114840000000000053, 3.238389999999999880, 5.099999999999999645 ) ) ;
#1401 = VERTEX_POINT ( 'NONE', #2432 ) ;
#1402 = VERTEX_POINT ( 'NONE', #1982 ) ;
#1403 = LINE ( 'NONE', #2756, #960 ) ;
#1404 = ORIENTED_EDGE ( 'NONE', *, *, #865, .F. ) ;
#1405 = AXIS2_PLACEMENT_3D ( 'NONE', #1673, #1619, #3007 ) ;
#1406 = ADVANCED_FACE ( 'NONE', ( #164 ), #3805, .T. ) ;
#1407 = EDGE_CURVE ( 'NONE', #2939, #1807, #1569, .T. ) ;
#1408 = CARTESIAN_POINT ( 'NONE',  ( 111.7159999999999940, 3.238389999999999880, 5.099999999999999645 ) ) ;
#1409 = ORIENTED_EDGE ( 'NONE', *, *, #3604, .T. ) ;
#1410 = PLANE ( 'NONE',  #4307 ) ;
#1411 = EDGE_LOOP ( 'NONE', ( #385, #4710, #83, #2921 ) ) ;
#1412 = DIRECTION ( 'NONE',  ( -0.8924218088635695878, 0.4512020778594382775, 0.000000000000000000 ) ) ;
#1413 = CARTESIAN_POINT ( 'NONE',  ( 326.9959999999999809, 2.745049999999999990, 5.099999999999999645 ) ) ;
#1414 = AXIS2_PLACEMENT_3D ( 'NONE', #5210, #2523, #1934 ) ;
#1415 = EDGE_LOOP ( 'NONE', ( #394, #565, #154, #1337 ) ) ;
#1416 = CARTESIAN_POINT ( 'NONE',  ( 217.7949999999999875, 4.344949999999999868, 0.000000000000000000 ) ) ;
#1417 = CARTESIAN_POINT ( 'NONE',  ( 2.100130000000000052, 124.5169999999999959, 5.099999999999999645 ) ) ;
#1418 = ORIENTED_EDGE ( 'NONE', *, *, #5015, .T. ) ;
#1419 = LINE ( 'NONE', #2861, #863 ) ;
#1420 = CARTESIAN_POINT ( 'NONE',  ( 3.888809999999999878, 1.803850000000000176, 5.099999999999999645 ) ) ;
#1421 = VECTOR ( 'NONE', #3564, 1000.000000000000114 ) ;
#1422 = CARTESIAN_POINT ( 'NONE',  ( 111.1350000000000051, 1.451070000000000082, 5.099999999999999645 ) ) ;
#1423 = EDGE_CURVE ( 'NONE', #5285, #4006, #2810, .T. ) ;
#1424 = DIRECTION ( 'NONE',  ( -0.000000000000000000, -0.000000000000000000, -1.000000000000000000 ) ) ;
#1425 = ORIENTED_EDGE ( 'NONE', *, *, #1284, .T. ) ;
#1426 = ORIENTED_EDGE ( 'NONE', *, *, #3746, .T. ) ;
#1427 = ADVANCED_FACE ( 'NONE', ( #688 ), #112, .T. ) ;
#1428 = PLANE ( 'NONE',  #4163 ) ;
#1429 = ORIENTED_EDGE ( 'NONE', *, *, #4320, .F. ) ;
#1430 = AXIS2_PLACEMENT_3D ( 'NONE', #1106, #236, #1075 ) ;
#1431 = DIRECTION ( 'NONE',  ( 0.8905970137628034244, -0.4547933146790717474, 0.000000000000000000 ) ) ;
#1432 = VERTEX_POINT ( 'NONE', #582 ) ;
#1433 = LINE ( 'NONE', #4142, #3835 ) ;
#1434 = AXIS2_PLACEMENT_3D ( 'NONE', #2301, #5471, #951 ) ;
#1435 = VERTEX_POINT ( 'NONE', #3721 ) ;
#1436 = DIRECTION ( 'NONE',  ( 0.4543735275849316024, -0.8908112580283352733, 0.000000000000000000 ) ) ;
#1437 = LINE ( 'NONE', #1823, #4336 ) ;
#1438 = PLANE ( 'NONE',  #4923 ) ;
#1439 = EDGE_CURVE ( 'NONE', #4469, #4222, #5520, .T. ) ;
#1440 = CARTESIAN_POINT ( 'NONE',  ( 216.8549999999999898, 1.451070000000000082, 5.099999999999999645 ) ) ;
#1441 = EDGE_CURVE ( 'NONE', #4960, #4736, #2955, .T. ) ;
#1442 = ORIENTED_EDGE ( 'NONE', *, *, #3429, .T. ) ;
#1443 = CARTESIAN_POINT ( 'NONE',  ( 324.4549999999999841, 4.039019999999999833, 5.099999999999999645 ) ) ;
#1444 = LINE ( 'NONE', #5069, #2710 ) ;
#1445 = VECTOR ( 'NONE', #1923, 1000.000000000000114 ) ;
#1446 = ORIENTED_EDGE ( 'NONE', *, *, #2131, .F. ) ;
#1447 = PLANE ( 'NONE',  #1983 ) ;
#1448 = ADVANCED_FACE ( 'NONE', ( #4274 ), #4754, .T. ) ;
#1449 = CARTESIAN_POINT ( 'NONE',  ( 3.534660000000000135, 4.039019999999999833, 0.000000000000000000 ) ) ;
#1450 = LINE ( 'NONE', #5467, #2625 ) ;
#1451 = CARTESIAN_POINT ( 'NONE',  ( 3.534660000000000135, 124.2890000000000157, 0.000000000000000000 ) ) ;
#1452 = ORIENTED_EDGE ( 'NONE', *, *, #676, .T. ) ;
#1453 = ORIENTED_EDGE ( 'NONE', *, *, #71, .F. ) ;
#1454 = CARTESIAN_POINT ( 'NONE',  ( 111.1350000000000051, 1.451070000000000082, 5.099999999999999645 ) ) ;
#1455 = VERTEX_POINT ( 'NONE', #5198 ) ;
#1456 = CARTESIAN_POINT ( 'NONE',  ( 216.8549999999999898, 124.2890000000000157, 0.000000000000000000 ) ) ;
#1457 = CARTESIAN_POINT ( 'NONE',  ( 218.7359999999999900, 124.2890000000000157, 0.000000000000000000 ) ) ;
#1458 = ORIENTED_EDGE ( 'NONE', *, *, #5596, .F. ) ;
#1459 = CARTESIAN_POINT ( 'NONE',  ( 217.3000000000000114, 1.223700000000000010, 5.099999999999999645 ) ) ;
#1460 = CARTESIAN_POINT ( 'NONE',  ( 2.100130000000000052, 4.265010000000000190, 0.000000000000000000 ) ) ;
#1461 = DIRECTION ( 'NONE',  ( -0.000000000000000000, -0.000000000000000000, -1.000000000000000000 ) ) ;
#1462 = PLANE ( 'NONE',  #2745 ) ;
#1463 = EDGE_LOOP ( 'NONE', ( #1255, #4890, #5511, #3039 ) ) ;
#1464 = DIRECTION ( 'NONE',  ( -0.4516204456943435641, 0.8922101619186156851, 0.000000000000000000 ) ) ;
#1465 = VECTOR ( 'NONE', #5309, 999.9999999999998863 ) ;
#1466 = EDGE_CURVE ( 'NONE', #26, #2779, #2513, .T. ) ;
#1467 = LINE ( 'NONE', #3190, #2338 ) ;
#1468 = ORIENTED_EDGE ( 'NONE', *, *, #2548, .T. ) ;
#1469 = ADVANCED_FACE ( 'NONE', ( #3426 ), #3394, .T. ) ;
#1470 = ADVANCED_FACE ( 'NONE', ( #282 ), #3456, .T. ) ;
#1471 = VECTOR ( 'NONE', #5636, 1000.000000000000000 ) ;
#1472 = ORIENTED_EDGE ( 'NONE', *, *, #2951, .F. ) ;
#1473 = LINE ( 'NONE', #3273, #5749 ) ;
#1474 = CARTESIAN_POINT ( 'NONE',  ( 326.3360000000000127, 1.451070000000000082, 5.099999999999999645 ) ) ;
#1475 = VECTOR ( 'NONE', #67, 1000.000000000000114 ) ;
#1476 = LINE ( 'NONE', #522, #5626 ) ;
#1477 = AXIS2_PLACEMENT_3D ( 'NONE', #2901, #1576, #2410 ) ;
#1478 = VERTEX_POINT ( 'NONE', #5661 ) ;
#1479 = ORIENTED_EDGE ( 'NONE', *, *, #2953, .T. ) ;
#1480 = FACE_OUTER_BOUND ( 'NONE', #2322, .T. ) ;
#1481 = DIRECTION ( 'NONE',  ( -0.000000000000000000, -0.000000000000000000, -1.000000000000000000 ) ) ;
#1482 = VERTEX_POINT ( 'NONE', #4337 ) ;
#1483 = LINE ( 'NONE', #1958, #3548 ) ;
#1484 = DIRECTION ( 'NONE',  ( -0.4512020778594382220, -0.8924218088635694768, 0.000000000000000000 ) ) ;
#1485 = FACE_OUTER_BOUND ( 'NONE', #1057, .T. ) ;
#1486 = LINE ( 'NONE', #5119, #873 ) ;
#1487 = VERTEX_POINT ( 'NONE', #1632 ) ;
#1488 = VECTOR ( 'NONE', #1124, 1000.000000000000000 ) ;
#1489 = CARTESIAN_POINT ( 'NONE',  ( 326.3360000000000127, 124.2890000000000157, 0.000000000000000000 ) ) ;
#1490 = EDGE_CURVE ( 'NONE', #1432, #2573, #2109, .T. ) ;
#1491 = VECTOR ( 'NONE', #1749, 1000.000000000000000 ) ;
#1492 = LINE ( 'NONE', #2908, #4212 ) ;
#1493 = LINE ( 'NONE', #4289, #265 ) ;
#1494 = LINE ( 'NONE', #1856, #3005 ) ;
#1495 = CARTESIAN_POINT ( 'NONE',  ( 0.09508460000000000523, 0.2439130000000000187, 5.099999999999999645 ) ) ;
#1496 = ORIENTED_EDGE ( 'NONE', *, *, #175, .T. ) ;
#1497 = EDGE_CURVE ( 'NONE', #906, #699, #4785, .T. ) ;
#1498 = VECTOR ( 'NONE', #979, 1000.000000000000114 ) ;
#1499 = DIRECTION ( 'NONE',  ( 0.8908112580283464865, -0.4543735275849095645, 0.000000000000000000 ) ) ;
#1500 = DIRECTION ( 'NONE',  ( -0.7071067811865474617, 0.7071067811865474617, 0.000000000000000000 ) ) ;
#1501 = LINE ( 'NONE', #1028, #4244 ) ;
#1502 = EDGE_CURVE ( 'NONE', #796, #2498, #5687, .T. ) ;
#1503 = EDGE_CURVE ( 'NONE', #2685, #1817, #480, .T. ) ;
#1504 = CARTESIAN_POINT ( 'NONE',  ( 322.8949999999999818, 120.4939999999999998, 5.099999999999999645 ) ) ;
#1505 = DIRECTION ( 'NONE',  ( 0.9881164689548841418, -0.1537070062818597926, 0.000000000000000000 ) ) ;
#1506 = ORIENTED_EDGE ( 'NONE', *, *, #1502, .F. ) ;
#1507 = DIRECTION ( 'NONE',  ( -0.8924218088635806900, -0.4512020778594161841, 0.000000000000000000 ) ) ;
#1508 = ADVANCED_FACE ( 'NONE', ( #5397 ), #4112, .T. ) ;
#1509 = DIRECTION ( 'NONE',  ( 0.4574843287324162344, -0.8892176836772031079, 0.000000000000000000 ) ) ;
#1510 = EDGE_LOOP ( 'NONE', ( #2407, #5547, #828, #1703 ) ) ;
#1511 = AXIS2_PLACEMENT_3D ( 'NONE', #5693, #2666, #3056 ) ;
#1512 = FACE_OUTER_BOUND ( 'NONE', #872, .T. ) ;
#1513 = VERTEX_POINT ( 'NONE', #2280 ) ;
#1514 = DIRECTION ( 'NONE',  ( -0.7071067811865475727, -0.7071067811865475727, 0.000000000000000000 ) ) ;
#1515 = LINE ( 'NONE', #1459, #3925 ) ;
#1516 = CARTESIAN_POINT ( 'NONE',  ( 323.8730000000000473, 123.4890000000000043, 5.099999999999999645 ) ) ;
#1517 = LINE ( 'NONE', #611, #4070 ) ;
#1518 = ORIENTED_EDGE ( 'NONE', *, *, #406, .F. ) ;
#1519 = DIRECTION ( 'NONE',  ( -0.7069569863009310673, -0.7072565443460422374, 0.000000000000000000 ) ) ;
#1520 = AXIS2_PLACEMENT_3D ( 'NONE', #4687, #3323, #3688 ) ;
#1521 = LINE ( 'NONE', #4198, #4548 ) ;
#1522 = VERTEX_POINT ( 'NONE', #563 ) ;
#1523 = EDGE_CURVE ( 'NONE', #297, #4381, #1323, .T. ) ;
#1524 = CARTESIAN_POINT ( 'NONE',  ( 327.8960000000000150, 125.4939999999999998, 5.099999999999999645 ) ) ;
#1525 = VECTOR ( 'NONE', #5343, 1000.000000000000114 ) ;
#1526 = CARTESIAN_POINT ( 'NONE',  ( 1.653650000000000064, 121.7000000000000028, 0.000000000000000000 ) ) ;
#1527 = DIRECTION ( 'NONE',  ( -0.1537070062818597926, -0.9881164689548841418, 0.000000000000000000 ) ) ;
#1528 = DIRECTION ( 'NONE',  ( -0.000000000000000000, -0.000000000000000000, -1.000000000000000000 ) ) ;
#1529 = ORIENTED_EDGE ( 'NONE', *, *, #1073, .T. ) ;
#1530 = VECTOR ( 'NONE', #2780, 1000.000000000000000 ) ;
#1531 = CARTESIAN_POINT ( 'NONE',  ( 326.9959999999999809, 2.745049999999999990, 5.099999999999999645 ) ) ;
#1532 = CARTESIAN_POINT ( 'NONE',  ( 219.3950000000000102, 2.745049999999999990, 0.000000000000000000 ) ) ;
#1533 = CARTESIAN_POINT ( 'NONE',  ( 325.3960000000000150, 121.3940000000000055, 5.099999999999999645 ) ) ;
#1534 = DIRECTION ( 'NONE',  ( 0.7071067811865059394, -0.7071067811865890951, 0.000000000000000000 ) ) ;
#1535 = VECTOR ( 'NONE', #5228, 1000.000000000000000 ) ;
#1536 = LINE ( 'NONE', #247, #2365 ) ;
#1537 = CARTESIAN_POINT ( 'NONE',  ( 1.299490000000000256, 3.684870000000000090, 5.099999999999999645 ) ) ;
#1538 = EDGE_CURVE ( 'NONE', #856, #1726, #905, .T. ) ;
#1539 = EDGE_CURVE ( 'NONE', #4233, #3907, #2707, .T. ) ;
#1540 = ORIENTED_EDGE ( 'NONE', *, *, #3170, .F. ) ;
#1541 = ORIENTED_EDGE ( 'NONE', *, *, #4503, .F. ) ;
#1542 = DIRECTION ( 'NONE',  ( -0.8913191698506577332, -0.4533763750535910741, 0.000000000000000000 ) ) ;
#1543 = CARTESIAN_POINT ( 'NONE',  ( 1.072109999999999896, 3.238389999999999880, 5.099999999999999645 ) ) ;
#1544 = VERTEX_POINT ( 'NONE', #92 ) ;
#1545 = EDGE_CURVE ( 'NONE', #4578, #5644, #7, .T. ) ;
#1546 = EDGE_CURVE ( 'NONE', #4829, #2125, #1356, .T. ) ;
#1547 = CARTESIAN_POINT ( 'NONE',  ( 325.3960000000000150, 121.3940000000000055, 5.099999999999999645 ) ) ;
#1548 = LINE ( 'NONE', #1575, #2702 ) ;
#1549 = CARTESIAN_POINT ( 'NONE',  ( 219.3950000000000102, 2.745049999999999990, 5.099999999999999645 ) ) ;
#1550 = CARTESIAN_POINT ( 'NONE',  ( 326.3360000000000127, 121.7000000000000028, 0.000000000000000000 ) ) ;
#1551 = LINE ( 'NONE', #637, #1233 ) ;
#1552 = CARTESIAN_POINT ( 'NONE',  ( 217.7949999999999875, 4.344949999999999868, 5.099999999999999645 ) ) ;
#1553 = LINE ( 'NONE', #1932, #3225 ) ;
#1554 = ORIENTED_EDGE ( 'NONE', *, *, #2910, .F. ) ;
#1555 = ORIENTED_EDGE ( 'NONE', *, *, #114, .F. ) ;
#1556 = CARTESIAN_POINT ( 'NONE',  ( 325.8890000000000668, 1.223700000000000010, 5.099999999999999645 ) ) ;
#1557 = CARTESIAN_POINT ( 'NONE',  ( 4.114840000000000053, 123.4890000000000043, 0.000000000000000000 ) ) ;
#1558 = VERTEX_POINT ( 'NONE', #5480 ) ;
#1559 = VECTOR ( 'NONE', #1827, 1000.000000000000114 ) ;
#1560 = DIRECTION ( 'NONE',  ( 0.7071067811865890951, 0.7071067811865059394, -0.000000000000000000 ) ) ;
#1561 = LINE ( 'NONE', #1115, #4773 ) ;
#1562 = CARTESIAN_POINT ( 'NONE',  ( 216.1949999999999932, 122.9939999999999998, 5.099999999999999645 ) ) ;
#1563 = DIRECTION ( 'NONE',  ( 0.7072665251725597235, -0.7069470011042785496, 0.000000000000000000 ) ) ;
#1564 = VECTOR ( 'NONE', #806, 1000.000000000000227 ) ;
#1565 = LINE ( 'NONE', #5658, #5270 ) ;
#1566 = EDGE_CURVE ( 'NONE', #2761, #882, #3212, .T. ) ;
#1567 = ORIENTED_EDGE ( 'NONE', *, *, #4748, .T. ) ;
#1568 = VECTOR ( 'NONE', #4051, 1000.000000000000000 ) ;
#1569 = LINE ( 'NONE', #1005, #1445 ) ;
#1570 = ADVANCED_FACE ( 'NONE', ( #1879 ), #2763, .T. ) ;
#1571 = DIRECTION ( 'NONE',  ( 0.7071067811865335839, 0.7071067811865613395, 0.000000000000000000 ) ) ;
#1572 = AXIS2_PLACEMENT_3D ( 'NONE', #4868, #400, #768 ) ;
#1573 = ORIENTED_EDGE ( 'NONE', *, *, #4098, .T. ) ;
#1574 = FACE_OUTER_BOUND ( 'NONE', #900, .T. ) ;
#1575 = CARTESIAN_POINT ( 'NONE',  ( 109.7000000000000028, 1.223700000000000010, 0.000000000000000000 ) ) ;
#1576 = DIRECTION ( 'NONE',  ( 0.8892176836772031079, 0.4574843287324162344, -0.000000000000000000 ) ) ;
#1577 = CARTESIAN_POINT ( 'NONE',  ( 3.534660000000000135, 4.039019999999999833, 5.099999999999999645 ) ) ;
#1578 = VERTEX_POINT ( 'NONE', #2735 ) ;
#1579 = DIRECTION ( 'NONE',  ( 0.1582248390206373034, 0.9874031093311856910, 0.000000000000000000 ) ) ;
#1580 = DIRECTION ( 'NONE',  ( -0.9871200097434397192, 0.1599815188204922467, 0.000000000000000000 ) ) ;
#1581 = VERTEX_POINT ( 'NONE', #4089 ) ;
#1582 = AXIS2_PLACEMENT_3D ( 'NONE', #3154, #963, #534 ) ;
#1583 = EDGE_CURVE ( 'NONE', #3575, #5292, #34, .T. ) ;
#1584 = EDGE_CURVE ( 'NONE', #2318, #5590, #4510, .T. ) ;
#1585 = ORIENTED_EDGE ( 'NONE', *, *, #5163, .F. ) ;
#1586 = DIRECTION ( 'NONE',  ( 0.9878639906332435938, 0.1553213958544118756, -0.000000000000000000 ) ) ;
#1587 = CARTESIAN_POINT ( 'NONE',  ( 218.7359999999999900, 1.451070000000000082, 0.000000000000000000 ) ) ;
#1588 = VECTOR ( 'NONE', #1481, 1000.000000000000000 ) ;
#1589 = CARTESIAN_POINT ( 'NONE',  ( 324.4549999999999841, 124.2890000000000157, 5.099999999999999645 ) ) ;
#1590 = VERTEX_POINT ( 'NONE', #452 ) ;
#1591 = EDGE_CURVE ( 'NONE', #5362, #2081, #1437, .T. ) ;
#1592 = FACE_OUTER_BOUND ( 'NONE', #3550, .T. ) ;
#1593 = LINE ( 'NONE', #706, #3757 ) ;
#1594 = VECTOR ( 'NONE', #5259, 1000.000000000000000 ) ;
#1595 = CARTESIAN_POINT ( 'NONE',  ( 108.6720000000000113, 122.5010000000000190, 5.099999999999999645 ) ) ;
#1596 = DIRECTION ( 'NONE',  ( 1.000000000000000000, 0.000000000000000000, 0.000000000000000000 ) ) ;
#1597 = CARTESIAN_POINT ( 'NONE',  ( 216.1949999999999932, 122.9939999999999998, 5.099999999999999645 ) ) ;
#1598 = AXIS2_PLACEMENT_3D ( 'NONE', #1524, #5121, #1072 ) ;
#1599 = EDGE_CURVE ( 'NONE', #2029, #1482, #3649, .T. ) ;
#1600 = CARTESIAN_POINT ( 'NONE',  ( 326.6899999999999977, 123.9350000000000023, 0.000000000000000000 ) ) ;
#1601 = CARTESIAN_POINT ( 'NONE',  ( 1.299490000000000256, 1.803850000000000176, 5.099999999999999645 ) ) ;
#1602 = ORIENTED_EDGE ( 'NONE', *, *, #4866, .T. ) ;
#1603 = DIRECTION ( 'NONE',  ( 0.4516204456943435641, -0.8922101619186156851, 0.000000000000000000 ) ) ;
#1604 = CARTESIAN_POINT ( 'NONE',  ( 0.000000000000000000, 0.000000000000000000, 0.000000000000000000 ) ) ;
#1605 = ORIENTED_EDGE ( 'NONE', *, *, #4242, .F. ) ;
#1606 = LINE ( 'NONE', #5260, #3569 ) ;
#1607 = ORIENTED_EDGE ( 'NONE', *, *, #4907, .F. ) ;
#1608 = CARTESIAN_POINT ( 'NONE',  ( 323.8730000000000473, 2.248959999999999848, 5.099999999999999645 ) ) ;
#1609 = DIRECTION ( 'NONE',  ( -0.7071067811865474617, 0.7071067811865474617, 0.000000000000000000 ) ) ;
#1610 = DIRECTION ( 'NONE',  ( -0.8916497258679400018, 0.4527259285258880550, 0.000000000000000000 ) ) ;
#1611 = CARTESIAN_POINT ( 'NONE',  ( 4.114840000000000053, 2.248959999999999848, 5.099999999999999645 ) ) ;
#1612 = ORIENTED_EDGE ( 'NONE', *, *, #4165, .F. ) ;
#1613 = VECTOR ( 'NONE', #4231, 1000.000000000000000 ) ;
#1614 = FACE_OUTER_BOUND ( 'NONE', #2942, .T. ) ;
#1615 = VECTOR ( 'NONE', #2977, 1000.000000000000000 ) ;
#1616 = EDGE_CURVE ( 'NONE', #2144, #2991, #5455, .T. ) ;
#1617 = ADVANCED_FACE ( 'NONE', ( #4562 ), #5038, .T. ) ;
#1618 = CARTESIAN_POINT ( 'NONE',  ( 325.3960000000000150, 124.5939999999999941, 0.000000000000000000 ) ) ;
#1619 = DIRECTION ( 'NONE',  ( 0.7058851655065931929, 0.7083262900088699299, -0.000000000000000000 ) ) ;
#1620 = ORIENTED_EDGE ( 'NONE', *, *, #2838, .F. ) ;
#1621 = CARTESIAN_POINT ( 'NONE',  ( 324.1010000000000559, 122.0540000000000163, 5.099999999999999645 ) ) ;
#1622 = VECTOR ( 'NONE', #1068, 1000.000000000000114 ) ;
#1623 = DIRECTION ( 'NONE',  ( -0.9880373179045877086, 0.1542149747200597942, 0.000000000000000000 ) ) ;
#1624 = EDGE_CURVE ( 'NONE', #26, #2569, #5792, .T. ) ;
#1625 = LINE ( 'NONE', #4296, #1661 ) ;
#1626 = PLANE ( 'NONE',  #2292 ) ;
#1627 = VECTOR ( 'NONE', #4853, 1000.000000000000000 ) ;
#1628 = DIRECTION ( 'NONE',  ( -0.000000000000000000, -0.000000000000000000, -1.000000000000000000 ) ) ;
#1629 = LINE ( 'NONE', #3326, #2448 ) ;
#1630 = DIRECTION ( 'NONE',  ( -0.000000000000000000, -0.000000000000000000, -1.000000000000000000 ) ) ;
#1631 = EDGE_LOOP ( 'NONE', ( #1357, #620, #2998, #3554 ) ) ;
#1632 = CARTESIAN_POINT ( 'NONE',  ( 326.3360000000000127, 1.451070000000000082, 5.099999999999999645 ) ) ;
#1633 = VERTEX_POINT ( 'NONE', #4477 ) ;
#1634 = CARTESIAN_POINT ( 'NONE',  ( 111.7950000000000017, 122.9939999999999998, 5.099999999999999645 ) ) ;
#1635 = ORIENTED_EDGE ( 'NONE', *, *, #396, .F. ) ;
#1636 = PLANE ( 'NONE',  #1942 ) ;
#1637 = PERSON_AND_ORGANIZATION ( #4494, #1102 ) ;
#1638 = ORIENTED_EDGE ( 'NONE', *, *, #715, .F. ) ;
#1639 = CARTESIAN_POINT ( 'NONE',  ( 111.4890000000000043, 123.9350000000000023, 0.000000000000000000 ) ) ;
#1640 = ORIENTED_EDGE ( 'NONE', *, *, #3987, .F. ) ;
#1641 = ADVANCED_FACE ( 'NONE', ( #2247 ), #226, .T. ) ;
#1642 = CARTESIAN_POINT ( 'NONE',  ( 111.7159999999999940, 3.238389999999999880, 5.099999999999999645 ) ) ;
#1643 = ORIENTED_EDGE ( 'NONE', *, *, #3381, .F. ) ;
#1644 = DIRECTION ( 'NONE',  ( -0.4535964786211886812, 0.8912071782601717063, 0.000000000000000000 ) ) ;
#1645 = ORIENTED_EDGE ( 'NONE', *, *, #2138, .F. ) ;
#1646 = EDGE_LOOP ( 'NONE', ( #1881, #387, #1374, #2329 ) ) ;
#1647 = DIRECTION ( 'NONE',  ( -0.7071167641288979011, -0.7070967981032558747, 0.000000000000000000 ) ) ;
#1648 = ADVANCED_FACE ( 'NONE', ( #3431 ), #257, .T. ) ;
#1649 = CARTESIAN_POINT ( 'NONE',  ( 216.2719999999999914, 123.4890000000000043, 0.000000000000000000 ) ) ;
#1650 = CARTESIAN_POINT ( 'NONE',  ( 326.3360000000000127, 4.039019999999999833, 0.000000000000000000 ) ) ;
#1651 = DIRECTION ( 'NONE',  ( 0.9875625673210124411, -0.1572265105709937383, 0.000000000000000000 ) ) ;
#1652 = EDGE_CURVE ( 'NONE', #4584, #1831, #4760, .T. ) ;
#1653 = EDGE_CURVE ( 'NONE', #1380, #4448, #3810, .T. ) ;
#1654 = AXIS2_PLACEMENT_3D ( 'NONE', #2740, #4898, #5374 ) ;
#1655 = ORIENTED_EDGE ( 'NONE', *, *, #5642, .T. ) ;
#1656 = CARTESIAN_POINT ( 'NONE',  ( 108.6720000000000113, 3.238389999999999880, 0.000000000000000000 ) ) ;
#1657 = DIRECTION ( 'NONE',  ( -0.000000000000000000, -0.000000000000000000, -1.000000000000000000 ) ) ;
#1658 = ORIENTED_EDGE ( 'NONE', *, *, #790, .F. ) ;
#1659 = CARTESIAN_POINT ( 'NONE',  ( 111.7950000000000017, 122.9939999999999998, 5.099999999999999645 ) ) ;
#1660 = ORIENTED_EDGE ( 'NONE', *, *, #1283, .F. ) ;
#1661 = VECTOR ( 'NONE', #2885, 1000.000000000000000 ) ;
#1662 = FACE_OUTER_BOUND ( 'NONE', #4059, .T. ) ;
#1663 = DIRECTION ( 'NONE',  ( -0.000000000000000000, -0.000000000000000000, -1.000000000000000000 ) ) ;
#1664 = ORIENTED_EDGE ( 'NONE', *, *, #4867, .T. ) ;
#1665 = FACE_OUTER_BOUND ( 'NONE', #1196, .T. ) ;
#1666 = VECTOR ( 'NONE', #4624, 1000.000000000000114 ) ;
#1667 = ORIENTED_EDGE ( 'NONE', *, *, #1250, .T. ) ;
#1668 = DIRECTION ( 'NONE',  ( 0.7084757933787968476, 0.7057351133366430718, 0.000000000000000000 ) ) ;
#1669 = VERTEX_POINT ( 'NONE', #1547 ) ;
#1670 = DIRECTION ( 'NONE',  ( 0.7069569863009588229, 0.7072565443460143708, 0.000000000000000000 ) ) ;
#1671 = VECTOR ( 'NONE', #3311, 1000.000000000000000 ) ;
#1672 = EDGE_LOOP ( 'NONE', ( #1429, #2255, #4728, #604 ) ) ;
#1673 = CARTESIAN_POINT ( 'NONE',  ( 216.5010000000000048, 1.803850000000000176, 5.099999999999999645 ) ) ;
#1674 = ORIENTED_EDGE ( 'NONE', *, *, #791, .T. ) ;
#1675 = VECTOR ( 'NONE', #1050, 1000.000000000000000 ) ;
#1676 = CARTESIAN_POINT ( 'NONE',  ( 323.8730000000000473, 122.5010000000000190, 5.099999999999999645 ) ) ;
#1677 = LINE ( 'NONE', #2649, #3479 ) ;
#1678 = VECTOR ( 'NONE', #343, 1000.000000000000000 ) ;
#1679 = CARTESIAN_POINT ( 'NONE',  ( 1.299490000000000256, 122.0540000000000163, 5.099999999999999645 ) ) ;
#1680 = DIRECTION ( 'NONE',  ( 0.1582248390206102417, 0.9874031093311901319, 0.000000000000000000 ) ) ;
#1681 = ADVANCED_FACE ( 'NONE', ( #1574 ), #3335, .T. ) ;
#1682 = CARTESIAN_POINT ( 'NONE',  ( 108.6720000000000113, 3.238389999999999880, 0.000000000000000000 ) ) ;
#1683 = VECTOR ( 'NONE', #1020, 1000.000000000000114 ) ;
#1684 = VECTOR ( 'NONE', #2195, 1000.000000000000114 ) ;
#1685 = ORIENTED_EDGE ( 'NONE', *, *, #3998, .T. ) ;
#1686 = ADVANCED_FACE ( 'NONE', ( #2870 ), #662, .T. ) ;
#1687 = ADVANCED_FACE ( 'NONE', ( #287 ), #5665, .T. ) ;
#1688 = DIRECTION ( 'NONE',  ( -0.8909082072302801913, 0.4541834060043675181, 0.000000000000000000 ) ) ;
#1689 = VECTOR ( 'NONE', #3061, 1000.000000000000000 ) ;
#1690 = LINE ( 'NONE', #2568, #645 ) ;
#1691 = ORIENTED_EDGE ( 'NONE', *, *, #1027, .F. ) ;
#1692 = DIRECTION ( 'NONE',  ( 0.8911057429423657750, 0.4537957193442158643, 0.000000000000000000 ) ) ;
#1693 = LINE ( 'NONE', #4374, #2601 ) ;
#1694 = EDGE_CURVE ( 'NONE', #4448, #5759, #3307, .T. ) ;
#1695 = ORIENTED_EDGE ( 'NONE', *, *, #4514, .T. ) ;
#1696 = LINE ( 'NONE', #2997, #1995 ) ;
#1697 = ORIENTED_EDGE ( 'NONE', *, *, #4205, .F. ) ;
#1698 = ORIENTED_EDGE ( 'NONE', *, *, #566, .F. ) ;
#1699 = LINE ( 'NONE', #2122, #404 ) ;
#1700 = ORIENTED_EDGE ( 'NONE', *, *, #2380, .F. ) ;
#1701 = ADVANCED_FACE ( 'NONE', ( #2927 ), #692, .T. ) ;
#1702 = PLANE ( 'NONE',  #3552 ) ;
#1703 = ORIENTED_EDGE ( 'NONE', *, *, #4456, .T. ) ;
#1704 = CARTESIAN_POINT ( 'NONE',  ( 3.534660000000000135, 121.7000000000000028, 0.000000000000000000 ) ) ;
#1705 = ORIENTED_EDGE ( 'NONE', *, *, #5600, .T. ) ;
#1706 = LINE ( 'NONE', #4064, #4012 ) ;
#1707 = DIRECTION ( 'NONE',  ( 0.9872411207126464694, -0.1592324388246248446, 0.000000000000000000 ) ) ;
#1708 = LINE ( 'NONE', #4933, #3751 ) ;
#1709 = VECTOR ( 'NONE', #275, 1000.000000000000000 ) ;
#1710 = CARTESIAN_POINT ( 'NONE',  ( 324.8999999999999773, 121.4740000000000180, 0.000000000000000000 ) ) ;
#1711 = DIRECTION ( 'NONE',  ( 0.4527899509762813857, -0.8916172162396240886, 0.000000000000000000 ) ) ;
#1712 = EDGE_LOOP ( 'NONE', ( #2883, #3787, #5253, #531 ) ) ;
#1713 = CARTESIAN_POINT ( 'NONE',  ( 219.0900000000000034, 123.9350000000000023, 0.000000000000000000 ) ) ;
#1714 = VECTOR ( 'NONE', #3956, 1000.000000000000000 ) ;
#1715 = VERTEX_POINT ( 'NONE', #1243 ) ;
#1716 = DIRECTION ( 'NONE',  ( 0.9880215842932855708, -0.1543157444027860870, 0.000000000000000000 ) ) ;
#1717 = VECTOR ( 'NONE', #1870, 1000.000000000000000 ) ;
#1718 = EDGE_LOOP ( 'NONE', ( #2212, #4057, #2193, #759 ) ) ;
#1719 = DIRECTION ( 'NONE',  ( 0.4541834060043675181, 0.8909082072302801913, -0.000000000000000000 ) ) ;
#1720 = EDGE_CURVE ( 'NONE', #1482, #506, #1309, .T. ) ;
#1721 = ADVANCED_FACE ( 'NONE', ( #3026 ), #382, .T. ) ;
#1722 = DIRECTION ( 'NONE',  ( 0.8904950446498858252, -0.4549929400045650274, 0.000000000000000000 ) ) ;
#1723 = ORIENTED_EDGE ( 'NONE', *, *, #1599, .F. ) ;
#1724 = LINE ( 'NONE', #3524, #1760 ) ;
#1725 = CARTESIAN_POINT ( 'NONE',  ( 0.000000000000000000, 0.000000000000000000, 0.000000000000000000 ) ) ;
#1726 = VERTEX_POINT ( 'NONE', #3523 ) ;
#1727 = PLANE ( 'NONE',  #1430 ) ;
#1728 = DIRECTION ( 'NONE',  ( 0.1590966385896566693, 0.9872630143935668956, -0.000000000000000000 ) ) ;
#1729 = ORIENTED_EDGE ( 'NONE', *, *, #153, .T. ) ;
#1730 = EDGE_CURVE ( 'NONE', #4080, #3166, #4883, .T. ) ;
#1731 = ADVANCED_FACE ( 'NONE', ( #4848 ), #3991, .T. ) ;
#1732 = DIRECTION ( 'NONE',  ( 0.1595172611759729797, -0.9871951394668211366, 0.000000000000000000 ) ) ;
#1733 = ORIENTED_EDGE ( 'NONE', *, *, #1652, .T. ) ;
#1734 = CARTESIAN_POINT ( 'NONE',  ( 1.653650000000000064, 1.451070000000000082, 0.000000000000000000 ) ) ;
#1735 = VERTEX_POINT ( 'NONE', #3551 ) ;
#1736 = FACE_OUTER_BOUND ( 'NONE', #2055, .T. ) ;
#1737 = VERTEX_POINT ( 'NONE', #751 ) ;
#1738 = DIRECTION ( 'NONE',  ( -1.000000000000000000, 0.000000000000000000, 0.000000000000000000 ) ) ;
#1739 = ORIENTED_EDGE ( 'NONE', *, *, #3638, .T. ) ;
#1740 = FACE_OUTER_BOUND ( 'NONE', #1712, .T. ) ;
#1741 = PLANE ( 'NONE',  #4686 ) ;
#1742 = FACE_OUTER_BOUND ( 'NONE', #3712, .T. ) ;
#1743 = DIRECTION ( 'NONE',  ( 0.1537919438437471142, -0.9881032527062957316, 0.000000000000000000 ) ) ;
#1744 = ORIENTED_EDGE ( 'NONE', *, *, #215, .T. ) ;
#1745 = CARTESIAN_POINT ( 'NONE',  ( 111.7159999999999940, 122.5010000000000190, 5.099999999999999645 ) ) ;
#1746 = ORIENTED_EDGE ( 'NONE', *, *, #1591, .F. ) ;
#1747 = CARTESIAN_POINT ( 'NONE',  ( 0.09508460000000000523, 125.4939999999999998, 5.099999999999999645 ) ) ;
#1748 = ORIENTED_EDGE ( 'NONE', *, *, #642, .T. ) ;
#1749 = DIRECTION ( 'NONE',  ( -0.000000000000000000, -0.000000000000000000, -1.000000000000000000 ) ) ;
#1750 = VECTOR ( 'NONE', #883, 1000.000000000000114 ) ;
#1751 = DIRECTION ( 'NONE',  ( -0.1601766119933220878, 0.9870883714087309579, 0.000000000000000000 ) ) ;
#1752 = ORIENTED_EDGE ( 'NONE', *, *, #5376, .F. ) ;
#1753 = CARTESIAN_POINT ( 'NONE',  ( 219.3160000000000025, 2.248959999999999848, 0.000000000000000000 ) ) ;
#1754 = LINE ( 'NONE', #4914, #3266 ) ;
#1755 = DIRECTION ( 'NONE',  ( 1.000000000000000000, 0.000000000000000000, 0.000000000000000000 ) ) ;
#1756 = VERTEX_POINT ( 'NONE', #3901 ) ;
#1757 = EDGE_CURVE ( 'NONE', #2015, #2077, #805, .T. ) ;
#1758 = FACE_OUTER_BOUND ( 'NONE', #3603, .T. ) ;
#1759 = EDGE_LOOP ( 'NONE', ( #4558, #4528, #2221, #3471 ) ) ;
#1760 = VECTOR ( 'NONE', #4791, 1000.000000000000000 ) ;
#1761 = ORIENTED_EDGE ( 'NONE', *, *, #5525, .F. ) ;
#1762 = DIRECTION ( 'NONE',  ( 0.9877308020495735308, -0.1561661380789901576, 0.000000000000000000 ) ) ;
#1763 = ORIENTED_EDGE ( 'NONE', *, *, #4990, .T. ) ;
#1764 = LINE ( 'NONE', #4447, #2889 ) ;
#1765 = CARTESIAN_POINT ( 'NONE',  ( 216.5010000000000048, 122.0540000000000163, 5.099999999999999645 ) ) ;
#1766 = EDGE_CURVE ( 'NONE', #3411, #5265, #4817, .T. ) ;
#1767 = EDGE_CURVE ( 'NONE', #5265, #4962, #411, .T. ) ;
#1768 = ORIENTED_EDGE ( 'NONE', *, *, #642, .F. ) ;
#1769 = VECTOR ( 'NONE', #2337, 1000.000000000000114 ) ;
#1770 = CARTESIAN_POINT ( 'NONE',  ( 219.0900000000000034, 123.9350000000000023, 5.099999999999999645 ) ) ;
#1771 = LINE ( 'NONE', #793, #4899 ) ;
#1772 = DIRECTION ( 'NONE',  ( 0.7072665251725598345, 0.7069470011042785496, 0.000000000000000000 ) ) ;
#1773 = VECTOR ( 'NONE', #4088, 1000.000000000000114 ) ;
#1774 = DIRECTION ( 'NONE',  ( -0.000000000000000000, -0.000000000000000000, -1.000000000000000000 ) ) ;
#1775 = EDGE_CURVE ( 'NONE', #581, #1220, #3934, .T. ) ;
#1776 = EDGE_LOOP ( 'NONE', ( #413, #4071, #1865, #869 ) ) ;
#1777 = ORIENTED_EDGE ( 'NONE', *, *, #4176, .T. ) ;
#1778 = PLANE ( 'NONE',  #4045 ) ;
#1779 = VECTOR ( 'NONE', #2732, 1000.000000000000114 ) ;
#1780 = ORIENTED_EDGE ( 'NONE', *, *, #5, .T. ) ;
#1781 = EDGE_CURVE ( 'NONE', #1803, #5236, #3494, .T. ) ;
#1782 = VECTOR ( 'NONE', #3354, 1000.000000000000114 ) ;
#1783 = FACE_OUTER_BOUND ( 'NONE', #639, .T. ) ;
#1784 = VECTOR ( 'NONE', #4326, 1000.000000000000114 ) ;
#1785 = ORIENTED_EDGE ( 'NONE', *, *, #4998, .F. ) ;
#1786 = LINE ( 'NONE', #1400, #2792 ) ;
#1787 = EDGE_CURVE ( 'NONE', #4469, #4596, #3774, .T. ) ;
#1788 = CARTESIAN_POINT ( 'NONE',  ( 217.7949999999999875, 1.143769999999999953, 5.099999999999999645 ) ) ;
#1789 = ORIENTED_EDGE ( 'NONE', *, *, #4699, .F. ) ;
#1790 = AXIS2_PLACEMENT_3D ( 'NONE', #3605, #3137, #1716 ) ;
#1791 = VERTEX_POINT ( 'NONE', #3831 ) ;
#1792 = CARTESIAN_POINT ( 'NONE',  ( 111.4890000000000043, 3.684870000000000090, 5.099999999999999645 ) ) ;
#1793 = ORIENTED_EDGE ( 'NONE', *, *, #3188, .F. ) ;
#1794 = CARTESIAN_POINT ( 'NONE',  ( 110.6880000000000024, 121.4740000000000180, 0.000000000000000000 ) ) ;
#1795 = DIRECTION ( 'NONE',  ( -0.1542119231227464249, -0.9880377941995862612, 0.000000000000000000 ) ) ;
#1796 = VERTEX_POINT ( 'NONE', #5627 ) ;
#1797 = DIRECTION ( 'NONE',  ( -0.7071067811865335839, -0.7071067811865613395, 0.000000000000000000 ) ) ;
#1798 = DIRECTION ( 'NONE',  ( -0.1537070062818868266, -0.9881164689548798119, 0.000000000000000000 ) ) ;
#1799 = EDGE_CURVE ( 'NONE', #3851, #4469, #1629, .T. ) ;
#1800 = EDGE_CURVE ( 'NONE', #5246, #2139, #3863, .T. ) ;
#1801 = DIRECTION ( 'NONE',  ( -0.4520549723629646577, 0.8919900795199009469, 0.000000000000000000 ) ) ;
#1802 = EDGE_LOOP ( 'NONE', ( #1015, #1157, #3020, #2042 ) ) ;
#1803 = VERTEX_POINT ( 'NONE', #5195 ) ;
#1804 = VECTOR ( 'NONE', #3840, 1000.000000000000000 ) ;
#1805 = CARTESIAN_POINT ( 'NONE',  ( 323.8730000000000473, 122.5010000000000190, 5.099999999999999645 ) ) ;
#1806 = ADVANCED_FACE ( 'NONE', ( #5657 ), #684, .T. ) ;
#1807 = VERTEX_POINT ( 'NONE', #311 ) ;
#1808 = VECTOR ( 'NONE', #1116, 1000.000000000000227 ) ;
#1809 = LINE ( 'NONE', #3167, #2718 ) ;
#1810 = AXIS2_PLACEMENT_3D ( 'NONE', #3288, #2874, #2412 ) ;
#1811 = DIRECTION ( 'NONE',  ( -0.7081034065937691357, -0.7061087491104320879, 0.000000000000000000 ) ) ;
#1812 = EDGE_LOOP ( 'NONE', ( #369, #1184, #150, #3950 ) ) ;
#1813 = CARTESIAN_POINT ( 'NONE',  ( 326.9159999999999968, 122.5010000000000190, 5.099999999999999645 ) ) ;
#1814 = ORIENTED_EDGE ( 'NONE', *, *, #1830, .T. ) ;
#1815 = VECTOR ( 'NONE', #924, 1000.000000000000000 ) ;
#1816 = LINE ( 'NONE', #82, #2749 ) ;
#1817 = VERTEX_POINT ( 'NONE', #2980 ) ;
#1818 = CARTESIAN_POINT ( 'NONE',  ( 111.7159999999999940, 122.5010000000000190, 5.099999999999999645 ) ) ;
#1819 = ORIENTED_EDGE ( 'NONE', *, *, #2687, .T. ) ;
#1820 = LINE ( 'NONE', #4983, #1779 ) ;
#1821 = ORIENTED_EDGE ( 'NONE', *, *, #4425, .T. ) ;
#1822 = CARTESIAN_POINT ( 'NONE',  ( 1.299490000000000256, 1.803850000000000176, 5.099999999999999645 ) ) ;
#1823 = CARTESIAN_POINT ( 'NONE',  ( 1.072109999999999896, 123.4890000000000043, 0.000000000000000000 ) ) ;
#1824 = ORIENTED_EDGE ( 'NONE', *, *, #2382, .T. ) ;
#1825 = PLANE ( 'NONE',  #2030 ) ;
#1826 = EDGE_CURVE ( 'NONE', #326, #5276, #1536, .T. ) ;
#1827 = DIRECTION ( 'NONE',  ( -0.8924298478293074544, 0.4511861774294056437, 0.000000000000000000 ) ) ;
#1828 = CARTESIAN_POINT ( 'NONE',  ( 1.072109999999999896, 2.248959999999999848, 0.000000000000000000 ) ) ;
#1829 = VERTEX_POINT ( 'NONE', #1083 ) ;
#1830 = EDGE_CURVE ( 'NONE', #1737, #628, #4751, .T. ) ;
#1831 = VERTEX_POINT ( 'NONE', #4782 ) ;
#1832 = ORIENTED_EDGE ( 'NONE', *, *, #2464, .T. ) ;
#1833 = EDGE_CURVE ( 'NONE', #996, #4902, #2564, .T. ) ;
#1834 = ADVANCED_FACE ( 'NONE', ( #3017 ), #3801, .T. ) ;
#1835 = LINE ( 'NONE', #1474, #3010 ) ;
#1836 = CARTESIAN_POINT ( 'NONE',  ( 324.1010000000000559, 1.803850000000000176, 5.099999999999999645 ) ) ;
#1837 = ORIENTED_EDGE ( 'NONE', *, *, #4907, .T. ) ;
#1838 = DIRECTION ( 'NONE',  ( -0.4512020778594161841, 0.8924218088635806900, 0.000000000000000000 ) ) ;
#1839 = VERTEX_POINT ( 'NONE', #4719 ) ;
#1840 = EDGE_LOOP ( 'NONE', ( #2840, #810, #3375, #2959 ) ) ;
#1841 = CARTESIAN_POINT ( 'NONE',  ( 325.3960000000000150, 1.143769999999999953, 0.000000000000000000 ) ) ;
#1842 = ORIENTED_EDGE ( 'NONE', *, *, #5484, .T. ) ;
#1843 = VECTOR ( 'NONE', #2129, 1000.000000000000114 ) ;
#1844 = LINE ( 'NONE', #141, #740 ) ;
#1845 = ORIENTED_EDGE ( 'NONE', *, *, #4235, .F. ) ;
#1846 = LINE ( 'NONE', #2276, #1011 ) ;
#1847 = ORIENTED_EDGE ( 'NONE', *, *, #4309, .T. ) ;
#1848 = PLANE ( 'NONE',  #5447 ) ;
#1849 = DIRECTION ( 'NONE',  ( -0.1567122161024270821, -0.9876443091134916585, 0.000000000000000000 ) ) ;
#1850 = FACE_OUTER_BOUND ( 'NONE', #5450, .T. ) ;
#1851 = ORIENTED_EDGE ( 'NONE', *, *, #3604, .F. ) ;
#1852 = CARTESIAN_POINT ( 'NONE',  ( 3.888809999999999878, 122.0540000000000163, 5.099999999999999645 ) ) ;
#1853 = AXIS2_PLACEMENT_3D ( 'NONE', #4278, #4698, #143 ) ;
#1854 = LINE ( 'NONE', #539, #2512 ) ;
#1855 = AXIS2_PLACEMENT_3D ( 'NONE', #5323, #320, #2113 ) ;
#1856 = CARTESIAN_POINT ( 'NONE',  ( 218.7359999999999900, 124.2890000000000157, 5.099999999999999645 ) ) ;
#1857 = VERTEX_POINT ( 'NONE', #4241 ) ;
#1858 = VECTOR ( 'NONE', #5244, 1000.000000000000000 ) ;
#1859 = CC_DESIGN_DATE_AND_TIME_ASSIGNMENT ( #3936, #321, ( #5365 ) ) ;
#1860 = ORIENTED_EDGE ( 'NONE', *, *, #3043, .F. ) ;
#1861 = PRODUCT_DEFINITION_FORMATION_WITH_SPECIFIED_SOURCE ( 'ANY', '', #3153, .NOT_KNOWN. ) ;
#1862 = FACE_OUTER_BOUND ( 'NONE', #4802, .T. ) ;
#1863 = VECTOR ( 'NONE', #5152, 1000.000000000000000 ) ;
#1864 = LINE ( 'NONE', #3664, #5364 ) ;
#1865 = ORIENTED_EDGE ( 'NONE', *, *, #2776, .T. ) ;
#1866 = EDGE_CURVE ( 'NONE', #5598, #3544, #217, .T. ) ;
#1867 = ADVANCED_FACE ( 'NONE', ( #5165 ), #1300, .T. ) ;
#1868 = VECTOR ( 'NONE', #4574, 1000.000000000000000 ) ;
#1869 = VERTEX_POINT ( 'NONE', #829 ) ;
#1870 = DIRECTION ( 'NONE',  ( -0.7071067811865059394, -0.7071067811865890951, 0.000000000000000000 ) ) ;
#1871 = ORIENTED_EDGE ( 'NONE', *, *, #3709, .F. ) ;
#1872 = VECTOR ( 'NONE', #4909, 1000.000000000000227 ) ;
#1873 = CARTESIAN_POINT ( 'NONE',  ( 110.6880000000000024, 4.265010000000000190, 5.099999999999999645 ) ) ;
#1874 = PLANE ( 'NONE',  #2716 ) ;
#1875 = ORIENTED_EDGE ( 'NONE', *, *, #332, .T. ) ;
#1876 = FACE_OUTER_BOUND ( 'NONE', #328, .T. ) ;
#1877 = ORIENTED_EDGE ( 'NONE', *, *, #4920, .T. ) ;
#1878 = DIRECTION ( 'NONE',  ( -0.1573322594823947929, 0.9875457255875113027, 0.000000000000000000 ) ) ;
#1879 = FACE_OUTER_BOUND ( 'NONE', #1812, .T. ) ;
#1880 = CARTESIAN_POINT ( 'NONE',  ( 3.888809999999999878, 123.9350000000000023, 5.099999999999999645 ) ) ;
#1881 = ORIENTED_EDGE ( 'NONE', *, *, #3402, .F. ) ;
#1882 = ADVANCED_FACE ( 'NONE', ( #5408 ), #1778, .T. ) ;
#1883 = DIRECTION ( 'NONE',  ( 0.8920223363405501704, 0.4519913179139026238, 0.000000000000000000 ) ) ;
#1884 = ORIENTED_EDGE ( 'NONE', *, *, #2984, .F. ) ;
#1885 = APPLICATION_CONTEXT ( 'configuration controlled 3d designs of mechanical parts and assemblies' ) ;
#1886 = DIRECTION ( 'NONE',  ( 0.1553213958544118756, -0.9878639906332434828, 0.000000000000000000 ) ) ;
#1887 = CARTESIAN_POINT ( 'NONE',  ( 327.8960000000000150, 125.4939999999999998, 5.099999999999999645 ) ) ;
#1888 = CARTESIAN_POINT ( 'NONE',  ( 3.534660000000000135, 4.039019999999999833, 5.099999999999999645 ) ) ;
#1889 = VECTOR ( 'NONE', #2610, 1000.000000000000227 ) ;
#1890 = ORIENTED_EDGE ( 'NONE', *, *, #5655, .T. ) ;
#1891 = EDGE_LOOP ( 'NONE', ( #2219, #5051, #778, #1370 ) ) ;
#1892 = ORIENTED_EDGE ( 'NONE', *, *, #5248, .F. ) ;
#1893 = DIRECTION ( 'NONE',  ( 0.1592042833370855837, 0.9872456615083829989, 0.000000000000000000 ) ) ;
#1894 = CARTESIAN_POINT ( 'NONE',  ( 218.2889999999999873, 121.4740000000000180, 5.099999999999999645 ) ) ;
#1895 = ORIENTED_EDGE ( 'NONE', *, *, #3344, .T. ) ;
#1896 = VECTOR ( 'NONE', #3368, 1000.000000000000000 ) ;
#1897 = ADVANCED_FACE ( 'NONE', ( #4428 ), #861, .T. ) ;
#1898 = DIRECTION ( 'NONE',  ( 0.4516045380685628219, -0.8922182138893377523, 0.000000000000000000 ) ) ;
#1899 = CARTESIAN_POINT ( 'NONE',  ( 324.1010000000000559, 3.684870000000000090, 0.000000000000000000 ) ) ;
#1900 = VERTEX_POINT ( 'NONE', #3518 ) ;
#1901 = LINE ( 'NONE', #2330, #5363 ) ;
#1902 = VECTOR ( 'NONE', #5697, 1000.000000000000114 ) ;
#1903 = ORIENTED_EDGE ( 'NONE', *, *, #4017, .T. ) ;
#1904 = DIRECTION ( 'NONE',  ( -0.1572265105709937383, -0.9875625673210124411, 0.000000000000000000 ) ) ;
#1905 = LINE ( 'NONE', #589, #3875 ) ;
#1906 = DIRECTION ( 'NONE',  ( 0.1567122161024270821, 0.9876443091134916585, 0.000000000000000000 ) ) ;
#1907 = DIRECTION ( 'NONE',  ( 0.1582248390206373034, 0.9874031093311856910, 0.000000000000000000 ) ) ;
#1908 = EDGE_LOOP ( 'NONE', ( #673, #52, #5552, #3306 ) ) ;
#1909 = EDGE_CURVE ( 'NONE', #3526, #4927, #5284, .T. ) ;
#1910 = EDGE_CURVE ( 'NONE', #5590, #2898, #4044, .T. ) ;
#1911 = CARTESIAN_POINT ( 'NONE',  ( 108.8990000000000151, 122.0540000000000163, 0.000000000000000000 ) ) ;
#1912 = DIRECTION ( 'NONE',  ( 0.7071167641288979011, 0.7070967981032558747, 0.000000000000000000 ) ) ;
#1913 = AXIS2_PLACEMENT_3D ( 'NONE', #5599, #4611, #2842 ) ;
#1914 = ORIENTED_EDGE ( 'NONE', *, *, #2011, .T. ) ;
#1915 = EDGE_CURVE ( 'NONE', #3411, #3299, #5773, .T. ) ;
#1916 = ORIENTED_EDGE ( 'NONE', *, *, #858, .T. ) ;
#1917 = LINE ( 'NONE', #3770, #4543 ) ;
#1918 = CARTESIAN_POINT ( 'NONE',  ( 219.0900000000000034, 1.803850000000000176, 5.099999999999999645 ) ) ;
#1919 = CARTESIAN_POINT ( 'NONE',  ( 216.8549999999999898, 124.2890000000000157, 5.099999999999999645 ) ) ;
#1920 = VERTEX_POINT ( 'NONE', #1747 ) ;
#1921 = ORIENTED_EDGE ( 'NONE', *, *, #937, .F. ) ;
#1922 = ORIENTED_EDGE ( 'NONE', *, *, #2370, .F. ) ;
#1923 = DIRECTION ( 'NONE',  ( 0.7083262900088421743, -0.7058851655066208375, 0.000000000000000000 ) ) ;
#1924 = ORIENTED_EDGE ( 'NONE', *, *, #1250, .F. ) ;
#1925 = CARTESIAN_POINT ( 'NONE',  ( 108.5949999999999989, 2.745049999999999990, 0.000000000000000000 ) ) ;
#1926 = ORIENTED_EDGE ( 'NONE', *, *, #555, .T. ) ;
#1927 = CARTESIAN_POINT ( 'NONE',  ( 111.4890000000000043, 122.0540000000000163, 5.099999999999999645 ) ) ;
#1928 = EDGE_CURVE ( 'NONE', #3544, #403, #1267, .T. ) ;
#1929 = DIRECTION ( 'NONE',  ( 0.8914042697118647052, -0.4532090333824527750, 0.000000000000000000 ) ) ;
#1930 = DIRECTION ( 'NONE',  ( 0.8908403975545406972, 0.4543163942506015518, -0.000000000000000000 ) ) ;
#1931 = FACE_BOUND ( 'NONE', #5000, .T. ) ;
#1932 = CARTESIAN_POINT ( 'NONE',  ( 218.2889999999999873, 4.265010000000000190, 5.099999999999999645 ) ) ;
#1933 = ORIENTED_EDGE ( 'NONE', *, *, #2382, .F. ) ;
#1934 = DIRECTION ( 'NONE',  ( 0.000000000000000000, 0.000000000000000000, 1.000000000000000000 ) ) ;
#1935 = VECTOR ( 'NONE', #5307, 1000.000000000000000 ) ;
#1936 = LINE ( 'NONE', #5123, #5160 ) ;
#1937 = EDGE_CURVE ( 'NONE', #4448, #4245, #3164, .T. ) ;
#1938 = ADVANCED_FACE ( 'NONE', ( #1234 ), #4906, .T. ) ;
#1939 = CARTESIAN_POINT ( 'NONE',  ( 217.7949999999999875, 4.344949999999999868, 5.099999999999999645 ) ) ;
#1940 = LINE ( 'NONE', #1495, #3938 ) ;
#1941 = EDGE_LOOP ( 'NONE', ( #3704, #4913, #5751, #5734 ) ) ;
#1942 = AXIS2_PLACEMENT_3D ( 'NONE', #4315, #2519, #346 ) ;
#1943 = EDGE_CURVE ( 'NONE', #2257, #5147, #4459, .T. ) ;
#1944 = FACE_OUTER_BOUND ( 'NONE', #316, .T. ) ;
#1945 = CARTESIAN_POINT ( 'NONE',  ( 3.534660000000000135, 1.451070000000000082, 5.099999999999999645 ) ) ;
#1946 = DIRECTION ( 'NONE',  ( -0.8922182138893378633, 0.4516045380685624888, 0.000000000000000000 ) ) ;
#1947 = DIRECTION ( 'NONE',  ( -0.000000000000000000, -0.000000000000000000, -1.000000000000000000 ) ) ;
#1948 = AXIS2_PLACEMENT_3D ( 'NONE', #4484, #457, #4423 ) ;
#1949 = PLANE ( 'NONE',  #2999 ) ;
#1950 = ADVANCED_FACE ( 'NONE', ( #3050 ), #4842, .T. ) ;
#1951 = VERTEX_POINT ( 'NONE', #2798 ) ;
#1952 = LINE ( 'NONE', #5135, #5022 ) ;
#1953 = CARTESIAN_POINT ( 'NONE',  ( 1.653650000000000064, 124.2890000000000157, 0.000000000000000000 ) ) ;
#1954 = DIRECTION ( 'NONE',  ( 0.4543735275849316024, -0.8908112580283352733, 0.000000000000000000 ) ) ;
#1955 = VECTOR ( 'NONE', #2434, 1000.000000000000000 ) ;
#1956 = ORIENTED_EDGE ( 'NONE', *, *, #2895, .T. ) ;
#1957 = DIRECTION ( 'NONE',  ( -0.7081034065937691357, -0.7061087491104320879, 0.000000000000000000 ) ) ;
#1958 = CARTESIAN_POINT ( 'NONE',  ( 2.594850000000000101, 124.5939999999999941, 5.099999999999999645 ) ) ;
#1959 = CARTESIAN_POINT ( 'NONE',  ( 109.2540000000000049, 121.7000000000000028, 5.099999999999999645 ) ) ;
#1960 = DIRECTION ( 'NONE',  ( -0.8908112580283351623, 0.4543735275849321020, 0.000000000000000000 ) ) ;
#1961 = CARTESIAN_POINT ( 'NONE',  ( 111.7159999999999940, 122.5010000000000190, 0.000000000000000000 ) ) ;
#1962 = CARTESIAN_POINT ( 'NONE',  ( 111.1350000000000051, 121.7000000000000028, 5.099999999999999645 ) ) ;
#1963 = ORIENTED_EDGE ( 'NONE', *, *, #4978, .T. ) ;
#1964 = VECTOR ( 'NONE', #5077, 1000.000000000000114 ) ;
#1965 = CARTESIAN_POINT ( 'NONE',  ( 0.000000000000000000, 118.9939999999999998, 5.099999999999999645 ) ) ;
#1966 = VECTOR ( 'NONE', #165, 1000.000000000000000 ) ;
#1967 = LINE ( 'NONE', #1526, #2835 ) ;
#1968 = LINE ( 'NONE', #3796, #4117 ) ;
#1969 = ORIENTED_EDGE ( 'NONE', *, *, #5746, .T. ) ;
#1970 = VECTOR ( 'NONE', #5499, 1000.000000000000000 ) ;
#1971 = EDGE_CURVE ( 'NONE', #5446, #2112, #131, .T. ) ;
#1972 = CARTESIAN_POINT ( 'NONE',  ( 324.4549999999999841, 1.451070000000000082, 0.000000000000000000 ) ) ;
#1973 = EDGE_CURVE ( 'NONE', #5782, #3454, #3385, .T. ) ;
#1974 = CARTESIAN_POINT ( 'NONE',  ( 3.534660000000000135, 4.039019999999999833, 5.099999999999999645 ) ) ;
#1975 = LINE ( 'NONE', #3072, #3499 ) ;
#1976 = FACE_OUTER_BOUND ( 'NONE', #3230, .T. ) ;
#1977 = EDGE_CURVE ( 'NONE', #1435, #2541, #5619, .T. ) ;
#1978 = DIRECTION ( 'NONE',  ( 0.9880215842932800197, 0.1543157444028217251, -0.000000000000000000 ) ) ;
#1979 = ADVANCED_FACE ( 'NONE', ( #5219 ), #1053, .T. ) ;
#1980 = ORIENTED_EDGE ( 'NONE', *, *, #5711, .T. ) ;
#1981 = ORIENTED_EDGE ( 'NONE', *, *, #4980, .F. ) ;
#1982 = CARTESIAN_POINT ( 'NONE',  ( 216.8549999999999898, 1.451070000000000082, 0.000000000000000000 ) ) ;
#1983 = AXIS2_PLACEMENT_3D ( 'NONE', #3013, #2035, #3046 ) ;
#1984 = FACE_OUTER_BOUND ( 'NONE', #5729, .T. ) ;
#1985 = ORIENTED_EDGE ( 'NONE', *, *, #1214, .T. ) ;
#1986 = CARTESIAN_POINT ( 'NONE',  ( 3.888809999999999878, 122.0540000000000163, 0.000000000000000000 ) ) ;
#1987 = CARTESIAN_POINT ( 'NONE',  ( 326.3360000000000127, 4.039019999999999833, 5.099999999999999645 ) ) ;
#1988 = DIRECTION ( 'NONE',  ( 1.000000000000000000, -0.000000000000000000, -0.000000000000000000 ) ) ;
#1989 = ORIENTED_EDGE ( 'NONE', *, *, #4945, .T. ) ;
#1990 = VECTOR ( 'NONE', #4810, 1000.000000000000000 ) ;
#1991 = CARTESIAN_POINT ( 'NONE',  ( 219.0900000000000034, 3.684870000000000090, 5.099999999999999645 ) ) ;
#1992 = VERTEX_POINT ( 'NONE', #2975 ) ;
#1993 = EDGE_CURVE ( 'NONE', #3666, #1435, #677, .T. ) ;
#1994 = DIRECTION ( 'NONE',  ( 0.8910976720692332931, -0.4538115675396488524, 0.000000000000000000 ) ) ;
#1995 = VECTOR ( 'NONE', #727, 1000.000000000000000 ) ;
#1996 = ORIENTED_EDGE ( 'NONE', *, *, #710, .F. ) ;
#1997 = CARTESIAN_POINT ( 'NONE',  ( 111.7950000000000017, 2.745049999999999990, 5.099999999999999645 ) ) ;
#1998 = DIRECTION ( 'NONE',  ( -0.000000000000000000, -0.000000000000000000, -1.000000000000000000 ) ) ;
#1999 = VERTEX_POINT ( 'NONE', #1171 ) ;
#2000 = VECTOR ( 'NONE', #5610, 1000.000000000000227 ) ;
#2001 = ADVANCED_FACE ( 'NONE', ( #1113 ), #180, .T. ) ;
#2002 = DIRECTION ( 'NONE',  ( -0.7072565443459868373, -0.7069569863009865784, 0.000000000000000000 ) ) ;
#2003 = CARTESIAN_POINT ( 'NONE',  ( 216.2719999999999914, 123.4890000000000043, 5.099999999999999645 ) ) ;
#2004 = DIRECTION ( 'NONE',  ( -0.4527259285258880550, -0.8916497258679400018, 0.000000000000000000 ) ) ;
#2005 = EDGE_CURVE ( 'NONE', #1194, #2822, #1142, .T. ) ;
#2006 = LINE ( 'NONE', #3800, #4450 ) ;
#2007 = AXIS2_PLACEMENT_3D ( 'NONE', #2677, #2309, #3593 ) ;
#2008 = DIRECTION ( 'NONE',  ( -0.000000000000000000, -0.000000000000000000, -1.000000000000000000 ) ) ;
#2009 = VERTEX_POINT ( 'NONE', #2945 ) ;
#2010 = EDGE_CURVE ( 'NONE', #499, #2369, #1593, .T. ) ;
#2011 = EDGE_CURVE ( 'NONE', #1756, #2015, #2099, .T. ) ;
#2012 = DIRECTION ( 'NONE',  ( -0.9872124837542692877, 0.1594098865181407254, 0.000000000000000000 ) ) ;
#2013 = LINE ( 'NONE', #4844, #1872 ) ;
#2014 = CARTESIAN_POINT ( 'NONE',  ( 3.534660000000000135, 1.451070000000000082, 0.000000000000000000 ) ) ;
#2015 = VERTEX_POINT ( 'NONE', #2859 ) ;
#2016 = DIRECTION ( 'NONE',  ( -0.9875566376330076057, 0.1572637512810519667, 0.000000000000000000 ) ) ;
#2017 = DIRECTION ( 'NONE',  ( 0.1591160391763127291, -0.9872598878091027874, 0.000000000000000000 ) ) ;
#2018 = DIRECTION ( 'NONE',  ( 0.4532090333824527750, 0.8914042697118647052, 0.000000000000000000 ) ) ;
#2019 = DIRECTION ( 'NONE',  ( -0.8924298478293074544, 0.4511861774294056437, 0.000000000000000000 ) ) ;
#2020 = ORIENTED_EDGE ( 'NONE', *, *, #2484, .T. ) ;
#2021 = DIRECTION ( 'NONE',  ( 0.000000000000000000, 0.000000000000000000, 1.000000000000000000 ) ) ;
#2022 = CARTESIAN_POINT ( 'NONE',  ( 2.100130000000000052, 4.265010000000000190, 0.000000000000000000 ) ) ;
#2023 = DIRECTION ( 'NONE',  ( 0.1553213958544118756, -0.9878639906332434828, 0.000000000000000000 ) ) ;
#2024 = EDGE_LOOP ( 'NONE', ( #5698, #551, #1378, #3731 ) ) ;
#2025 = ORIENTED_EDGE ( 'NONE', *, *, #545, .T. ) ;
#2026 = LINE ( 'NONE', #671, #4409 ) ;
#2027 = EDGE_CURVE ( 'NONE', #871, #4956, #4656, .T. ) ;
#2028 = DIRECTION ( 'NONE',  ( -0.9881634915692752985, -0.1534044130056855804, 0.000000000000000000 ) ) ;
#2029 = VERTEX_POINT ( 'NONE', #1531 ) ;
#2030 = AXIS2_PLACEMENT_3D ( 'NONE', #1384, #3186, #2739 ) ;
#2031 = CARTESIAN_POINT ( 'NONE',  ( 109.7000000000000028, 121.4740000000000180, 0.000000000000000000 ) ) ;
#2032 = DIRECTION ( 'NONE',  ( 0.8916045487671797609, -0.4528148944300242618, 0.000000000000000000 ) ) ;
#2033 = CARTESIAN_POINT ( 'NONE',  ( 217.7949999999999875, 4.344949999999999868, 5.099999999999999645 ) ) ;
#2034 = DIRECTION ( 'NONE',  ( -0.1542149747200597942, -0.9880373179045878196, 0.000000000000000000 ) ) ;
#2035 = DIRECTION ( 'NONE',  ( -0.7071067811865890951, 0.7071067811865059394, 0.000000000000000000 ) ) ;
#2036 = CARTESIAN_POINT ( 'NONE',  ( 0.9935670000000000890, 2.745049999999999990, 5.099999999999999645 ) ) ;
#2037 = CARTESIAN_POINT ( 'NONE',  ( 322.8949999999999818, 5.244819999999999816, 5.099999999999999645 ) ) ;
#2038 = VECTOR ( 'NONE', #184, 1000.000000000000000 ) ;
#2039 = VERTEX_POINT ( 'NONE', #3321 ) ;
#2040 = AXIS2_PLACEMENT_3D ( 'NONE', #2500, #644, #4325 ) ;
#2041 = DIRECTION ( 'NONE',  ( -0.8904950446498859362, 0.4549929400045650274, 0.000000000000000000 ) ) ;
#2042 = ORIENTED_EDGE ( 'NONE', *, *, #3767, .T. ) ;
#2043 = EDGE_CURVE ( 'NONE', #848, #3125, #1771, .T. ) ;
#2044 = EDGE_CURVE ( 'NONE', #1401, #2541, #5339, .T. ) ;
#2045 = LINE ( 'NONE', #285, #96 ) ;
#2046 = VECTOR ( 'NONE', #1275, 1000.000000000000114 ) ;
#2047 = ORIENTED_EDGE ( 'NONE', *, *, #1977, .F. ) ;
#2048 = DIRECTION ( 'NONE',  ( -0.1572637512810519389, -0.9875566376330074947, 0.000000000000000000 ) ) ;
#2049 = CARTESIAN_POINT ( 'NONE',  ( 324.4549999999999841, 121.7000000000000028, 5.099999999999999645 ) ) ;
#2050 = CARTESIAN_POINT ( 'NONE',  ( 216.5010000000000048, 3.684870000000000090, 5.099999999999999645 ) ) ;
#2051 = CARTESIAN_POINT ( 'NONE',  ( 326.9159999999999968, 3.238389999999999880, 5.099999999999999645 ) ) ;
#2052 = DIRECTION ( 'NONE',  ( -0.9881164689548826985, -0.1537070062818681471, 0.000000000000000000 ) ) ;
#2053 = ORIENTED_EDGE ( 'NONE', *, *, #3999, .T. ) ;
#2054 = EDGE_CURVE ( 'NONE', #3794, #2555, #4805, .T. ) ;
#2055 = EDGE_LOOP ( 'NONE', ( #3651, #4649, #1914, #944 ) ) ;
#2056 = CARTESIAN_POINT ( 'NONE',  ( 111.7159999999999940, 123.4890000000000043, 5.099999999999999645 ) ) ;
#2057 = CARTESIAN_POINT ( 'NONE',  ( 326.9159999999999968, 123.4890000000000043, 0.000000000000000000 ) ) ;
#2058 = VECTOR ( 'NONE', #3226, 1000.000000000000000 ) ;
#2059 = ORIENTED_EDGE ( 'NONE', *, *, #1368, .T. ) ;
#2060 = ORIENTED_EDGE ( 'NONE', *, *, #2517, .F. ) ;
#2061 = CARTESIAN_POINT ( 'NONE',  ( 111.1350000000000051, 124.2890000000000157, 0.000000000000000000 ) ) ;
#2062 = LINE ( 'NONE', #3858, #2592 ) ;
#2063 = VECTOR ( 'NONE', #646, 1000.000000000000114 ) ;
#2064 = LINE ( 'NONE', #2506, #2981 ) ;
#2065 = CARTESIAN_POINT ( 'NONE',  ( 3.534660000000000135, 124.2890000000000157, 5.099999999999999645 ) ) ;
#2066 = FACE_OUTER_BOUND ( 'NONE', #4115, .T. ) ;
#2067 = VECTOR ( 'NONE', #5565, 1000.000000000000227 ) ;
#2068 = FACE_OUTER_BOUND ( 'NONE', #2216, .T. ) ;
#2069 = DIRECTION ( 'NONE',  ( 0.1572637512810519111, 0.9875566376330074947, 0.000000000000000000 ) ) ;
#2070 = CARTESIAN_POINT ( 'NONE',  ( 219.0900000000000034, 123.9350000000000023, 5.099999999999999645 ) ) ;
#2071 = ORIENTED_EDGE ( 'NONE', *, *, #541, .F. ) ;
#2072 = DIRECTION ( 'NONE',  ( 0.8924218088635693658, 0.4512020778594384995, 0.000000000000000000 ) ) ;
#2073 = DIRECTION ( 'NONE',  ( -0.1543157444027902780, -0.9880215842932849046, 0.000000000000000000 ) ) ;
#2075 = EDGE_CURVE ( 'NONE', #2498, #3434, #1677, .T. ) ;
#2074 = VERTEX_POINT ( 'NONE', #852 ) ;
#2076 = DIRECTION ( 'NONE',  ( -0.9871585027858535977, 0.1597438273536471998, 0.000000000000000000 ) ) ;
#2077 = VERTEX_POINT ( 'NONE', #5308 ) ;
#2078 = CARTESIAN_POINT ( 'NONE',  ( 216.5010000000000048, 1.803850000000000176, 5.099999999999999645 ) ) ;
#2079 = LINE ( 'NONE', #723, #4016 ) ;
#2080 = APPROVAL_STATUS ( 'not_yet_approved' ) ;
#2081 = VERTEX_POINT ( 'NONE', #4931 ) ;
#2082 = ADVANCED_FACE ( 'NONE', ( #884 ), #4451, .T. ) ;
#2083 = LINE ( 'NONE', #1556, #3360 ) ;
#2084 = DIRECTION ( 'NONE',  ( -0.000000000000000000, -0.000000000000000000, -1.000000000000000000 ) ) ;
#2085 = ORIENTED_EDGE ( 'NONE', *, *, #1215, .F. ) ;
#2086 = EDGE_LOOP ( 'NONE', ( #2123, #1112, #2698, #1664 ) ) ;
#2087 = VECTOR ( 'NONE', #3063, 1000.000000000000000 ) ;
#2088 = DIRECTION ( 'NONE',  ( -0.8913191698506689464, -0.4533763750535688142, 0.000000000000000000 ) ) ;
#2089 = VECTOR ( 'NONE', #1500, 1000.000000000000114 ) ;
#2090 = ORIENTED_EDGE ( 'NONE', *, *, #630, .F. ) ;
#2091 = CARTESIAN_POINT ( 'NONE',  ( 4.194740000000000357, 2.745049999999999990, 5.099999999999999645 ) ) ;
#2092 = ORIENTED_EDGE ( 'NONE', *, *, #1151, .T. ) ;
#2093 = DIRECTION ( 'NONE',  ( -0.8913191698506689464, -0.4533763750535688142, 0.000000000000000000 ) ) ;
#2094 = ADVANCED_FACE ( 'NONE', ( #2680 ), #5278, .T. ) ;
#2095 = EDGE_CURVE ( 'NONE', #1402, #1364, #2128, .T. ) ;
#2096 = EDGE_LOOP ( 'NONE', ( #2149, #3256, #975, #4908 ) ) ;
#2097 = PLANE ( 'NONE',  #66 ) ;
#2098 = VECTOR ( 'NONE', #3661, 1000.000000000000114 ) ;
#2099 = LINE ( 'NONE', #3888, #4220 ) ;
#2100 = DIRECTION ( 'NONE',  ( -0.7071067811865335839, 0.7071067811865613395, 0.000000000000000000 ) ) ;
#2101 = FACE_OUTER_BOUND ( 'NONE', #1411, .T. ) ;
#2102 = PLANE ( 'NONE',  #592 ) ;
#2103 = VECTOR ( 'NONE', #1563, 1000.000000000000114 ) ;
#2104 = VERTEX_POINT ( 'NONE', #2163 ) ;
#2105 = DIRECTION ( 'NONE',  ( 0.7071067811865613395, 0.7071067811865335839, 0.000000000000000000 ) ) ;
#2106 = LINE ( 'NONE', #3895, #4996 ) ;
#2107 = ORIENTED_EDGE ( 'NONE', *, *, #5256, .T. ) ;
#2108 = VECTOR ( 'NONE', #3623, 1000.000000000000114 ) ;
#2109 = LINE ( 'NONE', #3897, #1535 ) ;
#2110 = ORIENTED_EDGE ( 'NONE', *, *, #5041, .F. ) ;
#2111 = CARTESIAN_POINT ( 'NONE',  ( 109.7000000000000028, 1.223700000000000010, 0.000000000000000000 ) ) ;
#2112 = VERTEX_POINT ( 'NONE', #3953 ) ;
#2113 = DIRECTION ( 'NONE',  ( 0.7069569863009310673, -0.7072565443460422374, 0.000000000000000000 ) ) ;
#2114 = ORIENTED_EDGE ( 'NONE', *, *, #5183, .F. ) ;
#2115 = FACE_OUTER_BOUND ( 'NONE', #313, .T. ) ;
#2116 = EDGE_CURVE ( 'NONE', #286, #4987, #2619, .T. ) ;
#2117 = DIRECTION ( 'NONE',  ( 0.4563732901630924155, 0.8897884130655522306, 0.000000000000000000 ) ) ;
#2118 = VERTEX_POINT ( 'NONE', #966 ) ;
#2119 = VECTOR ( 'NONE', #5426, 1000.000000000000114 ) ;
#2121 = ORIENTED_EDGE ( 'NONE', *, *, #4404, .T. ) ;
#2120 = EDGE_CURVE ( 'NONE', #5787, #1204, #38, .T. ) ;
#2122 = CARTESIAN_POINT ( 'NONE',  ( 217.7949999999999875, 121.3940000000000055, 5.099999999999999645 ) ) ;
#2123 = ORIENTED_EDGE ( 'NONE', *, *, #514, .F. ) ;
#2124 = CARTESIAN_POINT ( 'NONE',  ( 216.8549999999999898, 124.2890000000000157, 0.000000000000000000 ) ) ;
#2125 = VERTEX_POINT ( 'NONE', #1911 ) ;
#2126 = VERTEX_POINT ( 'NONE', #2766 ) ;
#2127 = DIRECTION ( 'NONE',  ( -0.000000000000000000, -0.000000000000000000, -1.000000000000000000 ) ) ;
#2128 = LINE ( 'NONE', #361, #935 ) ;
#2129 = DIRECTION ( 'NONE',  ( 0.4527737055417302980, 0.8916254659721257747, 0.000000000000000000 ) ) ;
#2130 = DIRECTION ( 'NONE',  ( 0.9871977739796293783, 0.1595009562656748425, 0.000000000000000000 ) ) ;
#2131 = EDGE_CURVE ( 'NONE', #5483, #1226, #3242, .T. ) ;
#2132 = ADVANCED_FACE ( 'NONE', ( #4118 ), #97, .T. ) ;
#2133 = LINE ( 'NONE', #823, #3652 ) ;
#2134 = DIRECTION ( 'NONE',  ( -0.8905970137628030914, -0.4547933146790720804, 0.000000000000000000 ) ) ;
#2135 = ORIENTED_EDGE ( 'NONE', *, *, #5024, .F. ) ;
#2136 = LINE ( 'NONE', #3921, #4073 ) ;
#2137 = DIRECTION ( 'NONE',  ( -0.9871585027858535977, 0.1597438273536471998, 0.000000000000000000 ) ) ;
#2138 = EDGE_CURVE ( 'NONE', #506, #3210, #2446, .T. ) ;
#2139 = VERTEX_POINT ( 'NONE', #1489 ) ;
#2140 = CARTESIAN_POINT ( 'NONE',  ( 108.5949999999999989, 122.9939999999999998, 5.099999999999999645 ) ) ;
#2141 = ORIENTED_EDGE ( 'NONE', *, *, #3570, .F. ) ;
#2143 = EDGE_CURVE ( 'NONE', #1376, #4596, #4285, .T. ) ;
#2142 = LINE ( 'NONE', #436, #1678 ) ;
#2144 = VERTEX_POINT ( 'NONE', #2471 ) ;
#2145 = DIRECTION ( 'NONE',  ( 0.1572637512810249605, 0.9875566376330118246, 0.000000000000000000 ) ) ;
#2146 = VECTOR ( 'NONE', #2409, 1000.000000000000114 ) ;
#2147 = CARTESIAN_POINT ( 'NONE',  ( 216.5010000000000048, 1.803850000000000176, 5.099999999999999645 ) ) ;
#2148 = PERSON_AND_ORGANIZATION ( #4494, #1102 ) ;
#2149 = ORIENTED_EDGE ( 'NONE', *, *, #3374, .T. ) ;
#2150 = CARTESIAN_POINT ( 'NONE',  ( 326.3360000000000127, 121.7000000000000028, 5.099999999999999645 ) ) ;
#2151 = VERTEX_POINT ( 'NONE', #233 ) ;
#2152 = VECTOR ( 'NONE', #4392, 1000.000000000000000 ) ;
#2153 = EDGE_LOOP ( 'NONE', ( #53, #2969, #3675, #3152 ) ) ;
#2154 = FACE_OUTER_BOUND ( 'NONE', #5580, .T. ) ;
#2155 = ORIENTED_EDGE ( 'NONE', *, *, #1284, .F. ) ;
#2156 = DIRECTION ( 'NONE',  ( -0.000000000000000000, -0.000000000000000000, -1.000000000000000000 ) ) ;
#2157 = VECTOR ( 'NONE', #3622, 1000.000000000000000 ) ;
#2158 = ORIENTED_EDGE ( 'NONE', *, *, #3331, .T. ) ;
#2159 = CARTESIAN_POINT ( 'NONE',  ( 3.888809999999999878, 3.684870000000000090, 0.000000000000000000 ) ) ;
#2160 = VERTEX_POINT ( 'NONE', #669 ) ;
#2161 = AXIS2_PLACEMENT_3D ( 'NONE', #2879, #1994, #2793 ) ;
#2162 = CARTESIAN_POINT ( 'NONE',  ( 1.653650000000000064, 124.2890000000000157, 5.099999999999999645 ) ) ;
#2163 = CARTESIAN_POINT ( 'NONE',  ( 108.5949999999999989, 122.9939999999999998, 0.000000000000000000 ) ) ;
#2164 = AXIS2_PLACEMENT_3D ( 'NONE', #1659, #5139, #4696 ) ;
#2165 = DIRECTION ( 'NONE',  ( 0.9871757703368737591, 0.1596370835983918213, 0.000000000000000000 ) ) ;
#2166 = LINE ( 'NONE', #4901, #1714 ) ;
#2167 = ORIENTED_EDGE ( 'NONE', *, *, #926, .F. ) ;
#2168 = ADVANCED_FACE ( 'NONE', ( #3408 ), #203, .T. ) ;
#2169 = ADVANCED_FACE ( 'NONE', ( #3818 ), #5613, .T. ) ;
#2170 = VECTOR ( 'NONE', #755, 1000.000000000000000 ) ;
#2171 = EDGE_LOOP ( 'NONE', ( #1446, #219, #1780, #5464 ) ) ;
#2172 = VECTOR ( 'NONE', #5685, 1000.000000000000000 ) ;
#2173 = ORIENTED_EDGE ( 'NONE', *, *, #5045, .F. ) ;
#2174 = EDGE_CURVE ( 'NONE', #3006, #5483, #617, .T. ) ;
#2175 = ADVANCED_FACE ( 'NONE', ( #174 ), #3763, .F. ) ;
#2176 = CARTESIAN_POINT ( 'NONE',  ( 111.7950000000000017, 2.745049999999999990, 0.000000000000000000 ) ) ;
#2177 = ORIENTED_EDGE ( 'NONE', *, *, #1720, .T. ) ;
#2178 = LINE ( 'NONE', #5750, #4312 ) ;
#2179 = EDGE_LOOP ( 'NONE', ( #4341, #1698, #4638, #1022 ) ) ;
#2180 = DIRECTION ( 'NONE',  ( -0.4559528082269453386, 0.8900039531765925327, 0.000000000000000000 ) ) ;
#2181 = DATE_AND_TIME ( #4408, #5067 ) ;
#2182 = LINE ( 'NONE', #290, #1341 ) ;
#2183 = ORIENTED_EDGE ( 'NONE', *, *, #2920, .T. ) ;
#2184 = PLANE ( 'NONE',  #4350 ) ;
#2185 = EDGE_LOOP ( 'NONE', ( #5005, #952, #1903, #5227 ) ) ;
#2186 = EDGE_CURVE ( 'NONE', #4083, #1900, #389, .T. ) ;
#2187 = AXIS2_PLACEMENT_3D ( 'NONE', #934, #3183, #4955 ) ;
#2188 = ORIENTED_EDGE ( 'NONE', *, *, #3673, .T. ) ;
#2189 = LINE ( 'NONE', #4382, #3867 ) ;
#2190 = ORIENTED_EDGE ( 'NONE', *, *, #5502, .T. ) ;
#2191 = PLANE ( 'NONE',  #2607 ) ;
#2192 = AXIS2_PLACEMENT_3D ( 'NONE', #5553, #2016, #2048 ) ;
#2193 = ORIENTED_EDGE ( 'NONE', *, *, #2699, .T. ) ;
#2194 = PLANE ( 'NONE',  #2973 ) ;
#2195 = DIRECTION ( 'NONE',  ( -0.7072565443460006041, 0.7069569863009727007, 0.000000000000000000 ) ) ;
#2196 = CARTESIAN_POINT ( 'NONE',  ( 111.4890000000000043, 1.803850000000000176, 0.000000000000000000 ) ) ;
#2197 = CARTESIAN_POINT ( 'NONE',  ( 2.593469999999999942, 121.3940000000000055, 5.099999999999999645 ) ) ;
#2198 = DIRECTION ( 'NONE',  ( 0.1598740818379245643, -0.9871374159439406659, 0.000000000000000000 ) ) ;
#2199 = EDGE_LOOP ( 'NONE', ( #2578, #4418, #4180, #3194 ) ) ;
#2200 = CARTESIAN_POINT ( 'NONE',  ( 216.5010000000000048, 123.9350000000000023, 5.099999999999999645 ) ) ;
#2201 = VECTOR ( 'NONE', #5528, 1000.000000000000227 ) ;
#2202 = ORIENTED_EDGE ( 'NONE', *, *, #2837, .F. ) ;
#2203 = DIRECTION ( 'NONE',  ( 0.1572637512810249605, 0.9875566376330118246, 0.000000000000000000 ) ) ;
#2204 = VECTOR ( 'NONE', #5757, 1000.000000000000000 ) ;
#2205 = EDGE_CURVE ( 'NONE', #1354, #1544, #1317, .T. ) ;
#2206 = VERTEX_POINT ( 'NONE', #5057 ) ;
#2207 = CARTESIAN_POINT ( 'NONE',  ( 326.6899999999999977, 122.0540000000000163, 5.099999999999999645 ) ) ;
#2208 = EDGE_LOOP ( 'NONE', ( #137, #4976, #2403, #764 ) ) ;
#2209 = ADVANCED_FACE ( 'NONE', ( #4950 ), #3176, .T. ) ;
#2210 = EDGE_CURVE ( 'NONE', #3031, #1354, #528, .T. ) ;
#2211 = DIRECTION ( 'NONE',  ( -0.1537070062818868266, -0.9881164689548798119, 0.000000000000000000 ) ) ;
#2212 = ORIENTED_EDGE ( 'NONE', *, *, #676, .F. ) ;
#2213 =( LENGTH_UNIT ( ) NAMED_UNIT ( * ) SI_UNIT ( .MILLI., .METRE. ) );
#2214 = ORIENTED_EDGE ( 'NONE', *, *, #3205, .T. ) ;
#2215 = CARTESIAN_POINT ( 'NONE',  ( 216.5010000000000048, 123.9350000000000023, 5.099999999999999645 ) ) ;
#2216 = EDGE_LOOP ( 'NONE', ( #5586, #1996, #5664, #5215 ) ) ;
#2217 = ORIENTED_EDGE ( 'NONE', *, *, #3834, .F. ) ;
#2218 = DIRECTION ( 'NONE',  ( -0.000000000000000000, -0.000000000000000000, -1.000000000000000000 ) ) ;
#2219 = ORIENTED_EDGE ( 'NONE', *, *, #2966, .F. ) ;
#2220 = CARTESIAN_POINT ( 'NONE',  ( 111.1350000000000051, 4.039019999999999833, 5.099999999999999645 ) ) ;
#2221 = ORIENTED_EDGE ( 'NONE', *, *, #3215, .T. ) ;
#2222 = FACE_OUTER_BOUND ( 'NONE', #3348, .T. ) ;
#2223 = DIRECTION ( 'NONE',  ( 0.8916045487671797609, -0.4528148944300242618, 0.000000000000000000 ) ) ;
#2224 = ADVANCED_FACE ( 'NONE', ( #4139 ), #5421, .T. ) ;
#2225 = DIRECTION ( 'NONE',  ( -0.9871058195297819360, 0.1600690508825414748, 0.000000000000000000 ) ) ;
#2226 = ORIENTED_EDGE ( 'NONE', *, *, #3576, .F. ) ;
#2227 = DIRECTION ( 'NONE',  ( 0.9870883714087316241, 0.1601766119933176746, 0.000000000000000000 ) ) ;
#2228 = ORIENTED_EDGE ( 'NONE', *, *, #1466, .T. ) ;
#2229 = DIRECTION ( 'NONE',  ( 0.9871905049027079881, -0.1595459401863189020, 0.000000000000000000 ) ) ;
#2230 = EDGE_CURVE ( 'NONE', #28, #1065, #3672, .T. ) ;
#2231 = EDGE_LOOP ( 'NONE', ( #5325, #3251, #2869, #5540 ) ) ;
#2232 = CARTESIAN_POINT ( 'NONE',  ( 219.3950000000000102, 2.745049999999999990, 5.099999999999999645 ) ) ;
#2233 = VECTOR ( 'NONE', #272, 1000.000000000000114 ) ;
#2234 = LINE ( 'NONE', #835, #5716 ) ;
#2235 = ORIENTED_EDGE ( 'NONE', *, *, #4094, .F. ) ;
#2236 = DIRECTION ( 'NONE',  ( -0.1601766119933535626, -0.9870883714087257399, 0.000000000000000000 ) ) ;
#2237 = LINE ( 'NONE', #1841, #213 ) ;
#2238 = ORIENTED_EDGE ( 'NONE', *, *, #2803, .T. ) ;
#2239 = EDGE_CURVE ( 'NONE', #5422, #5787, #57, .T. ) ;
#2240 = EDGE_CURVE ( 'NONE', #5285, #2307, #556, .T. ) ;
#2241 = LINE ( 'NONE', #5391, #4322 ) ;
#2242 = AXIS2_PLACEMENT_3D ( 'NONE', #3992, #1172, #4265 ) ;
#2243 = ORIENTED_EDGE ( 'NONE', *, *, #4460, .F. ) ;
#2244 = DIRECTION ( 'NONE',  ( -0.000000000000000000, -0.000000000000000000, -1.000000000000000000 ) ) ;
#2245 = ORIENTED_EDGE ( 'NONE', *, *, #5712, .T. ) ;
#2246 = LINE ( 'NONE', #507, #4977 ) ;
#2247 = FACE_OUTER_BOUND ( 'NONE', #3939, .T. ) ;
#2248 = CARTESIAN_POINT ( 'NONE',  ( 3.534660000000000135, 121.7000000000000028, 0.000000000000000000 ) ) ;
#2249 = ORIENTED_EDGE ( 'NONE', *, *, #3606, .F. ) ;
#2250 = VECTOR ( 'NONE', #1329, 1000.000000000000000 ) ;
#2251 = DIRECTION ( 'NONE',  ( -0.000000000000000000, -0.000000000000000000, -1.000000000000000000 ) ) ;
#2252 = CARTESIAN_POINT ( 'NONE',  ( 111.7950000000000017, 122.9939999999999998, 0.000000000000000000 ) ) ;
#2253 = DESIGN_CONTEXT ( 'detailed design', #1885, 'design' ) ;
#2254 = DIRECTION ( 'NONE',  ( -1.000000000000000000, -0.000000000000000000, -0.000000000000000000 ) ) ;
#2255 = ORIENTED_EDGE ( 'NONE', *, *, #2957, .F. ) ;
#2256 = ADVANCED_FACE ( 'NONE', ( #444 ), #5448, .T. ) ;
#2257 = VERTEX_POINT ( 'NONE', #2730 ) ;
#2258 = CARTESIAN_POINT ( 'NONE',  ( 219.3160000000000025, 2.248959999999999848, 5.099999999999999645 ) ) ;
#2259 = VECTOR ( 'NONE', #2514, 1000.000000000000227 ) ;
#2260 = AXIS2_PLACEMENT_3D ( 'NONE', #3091, #296, #2088 ) ;
#2261 = ORIENTED_EDGE ( 'NONE', *, *, #3741, .T. ) ;
#2262 = AXIS2_PLACEMENT_3D ( 'NONE', #2634, #465, #3931 ) ;
#2263 = LINE ( 'NONE', #1422, #1206 ) ;
#2264 = CARTESIAN_POINT ( 'NONE',  ( 2.100130000000000052, 1.223700000000000010, 0.000000000000000000 ) ) ;
#2265 = AXIS2_PLACEMENT_3D ( 'NONE', #4099, #5434, #2774 ) ;
#2266 = ORIENTED_EDGE ( 'NONE', *, *, #643, .F. ) ;
#2267 = LINE ( 'NONE', #498, #1568 ) ;
#2268 = ORIENTED_EDGE ( 'NONE', *, *, #2455, .T. ) ;
#2269 = ORIENTED_EDGE ( 'NONE', *, *, #1909, .F. ) ;
#2270 = DIRECTION ( 'NONE',  ( -0.000000000000000000, -0.000000000000000000, -1.000000000000000000 ) ) ;
#2271 = ORIENTED_EDGE ( 'NONE', *, *, #962, .F. ) ;
#2272 = EDGE_CURVE ( 'NONE', #2074, #2864, #2241, .T. ) ;
#2273 = VECTOR ( 'NONE', #2381, 1000.000000000000114 ) ;
#2274 = CARTESIAN_POINT ( 'NONE',  ( 326.3360000000000127, 121.7000000000000028, 5.099999999999999645 ) ) ;
#2275 = ORIENTED_EDGE ( 'NONE', *, *, #2438, .T. ) ;
#2276 = CARTESIAN_POINT ( 'NONE',  ( 109.2540000000000049, 121.7000000000000028, 0.000000000000000000 ) ) ;
#2277 = ORIENTED_EDGE ( 'NONE', *, *, #4188, .T. ) ;
#2278 = EDGE_CURVE ( 'NONE', #1432, #499, #5033, .T. ) ;
#2279 = LINE ( 'NONE', #4144, #2157 ) ;
#2280 = CARTESIAN_POINT ( 'NONE',  ( 111.7159999999999940, 2.248959999999999848, 0.000000000000000000 ) ) ;
#2281 = ORIENTED_EDGE ( 'NONE', *, *, #616, .F. ) ;
#2282 = DIRECTION ( 'NONE',  ( -0.000000000000000000, -1.000000000000000000, -0.000000000000000000 ) ) ;
#2283 = DIRECTION ( 'NONE',  ( 0.9880377941995863722, -0.1542119231227464526, 0.000000000000000000 ) ) ;
#2284 = ADVANCED_FACE ( 'NONE', ( #2358 ), #115, .T. ) ;
#2285 = EDGE_CURVE ( 'NONE', #323, #3210, #223, .T. ) ;
#2286 = LINE ( 'NONE', #3735, #1666 ) ;
#2287 = VERTEX_POINT ( 'NONE', #5171 ) ;
#2288 = ORIENTED_EDGE ( 'NONE', *, *, #4097, .F. ) ;
#2289 = AXIS2_PLACEMENT_3D ( 'NONE', #3462, #2636, #779 ) ;
#2290 = EDGE_CURVE ( 'NONE', #4741, #196, #140, .T. ) ;
#2291 = ORIENTED_EDGE ( 'NONE', *, *, #683, .F. ) ;
#2292 = AXIS2_PLACEMENT_3D ( 'NONE', #5683, #1651, #4297 ) ;
#2293 = DIRECTION ( 'NONE',  ( 0.000000000000000000, 0.000000000000000000, 1.000000000000000000 ) ) ;
#2294 = AXIS2_PLACEMENT_3D ( 'NONE', #3707, #4701, #5556 ) ;
#2295 = LINE ( 'NONE', #4999, #5258 ) ;
#2296 = ORIENTED_EDGE ( 'NONE', *, *, #3467, .T. ) ;
#2297 = DIRECTION ( 'NONE',  ( -0.4549196351979303832, 0.8905324954831136397, 0.000000000000000000 ) ) ;
#2298 = EDGE_LOOP ( 'NONE', ( #1031, #4526, #2497, #5424 ) ) ;
#2299 = VERTEX_POINT ( 'NONE', #4166 ) ;
#2300 = VECTOR ( 'NONE', #756, 1000.000000000000000 ) ;
#2301 = CARTESIAN_POINT ( 'NONE',  ( 218.7359999999999900, 124.2890000000000157, 5.099999999999999645 ) ) ;
#2302 = ORIENTED_EDGE ( 'NONE', *, *, #685, .T. ) ;
#2303 = CARTESIAN_POINT ( 'NONE',  ( 1.072109999999999896, 122.5010000000000190, 5.099999999999999645 ) ) ;
#2304 = AXIS2_PLACEMENT_3D ( 'NONE', #3330, #4219, #1542 ) ;
#2305 = ORIENTED_EDGE ( 'NONE', *, *, #4990, .F. ) ;
#2306 = DIRECTION ( 'NONE',  ( -0.8924218088635693658, -0.4512020778594385551, 0.000000000000000000 ) ) ;
#2307 = VERTEX_POINT ( 'NONE', #1062 ) ;
#2308 = PLANE ( 'NONE',  #4405 ) ;
#2309 = DIRECTION ( 'NONE',  ( -0.4511861774294056437, -0.8924298478293074544, 0.000000000000000000 ) ) ;
#2310 = ORIENTED_EDGE ( 'NONE', *, *, #114, .T. ) ;
#2311 = CARTESIAN_POINT ( 'NONE',  ( 2.593469999999999942, 121.3940000000000055, 0.000000000000000000 ) ) ;
#2312 = EDGE_CURVE ( 'NONE', #1992, #1999, #1708, .T. ) ;
#2313 = DIRECTION ( 'NONE',  ( -0.9880691672626490396, 0.1540107811320215736, 0.000000000000000000 ) ) ;
#2314 = LINE ( 'NONE', #2769, #5059 ) ;
#2315 = ORIENTED_EDGE ( 'NONE', *, *, #876, .F. ) ;
#2316 = ADVANCED_FACE ( 'NONE', ( #1120 ), #4270, .T. ) ;
#2317 = EDGE_CURVE ( 'NONE', #4882, #3227, #5628, .T. ) ;
#2318 = VERTEX_POINT ( 'NONE', #1601 ) ;
#2319 = CARTESIAN_POINT ( 'NONE',  ( 219.0900000000000034, 122.0540000000000163, 5.099999999999999645 ) ) ;
#2320 = CARTESIAN_POINT ( 'NONE',  ( 324.1010000000000559, 1.803850000000000176, 0.000000000000000000 ) ) ;
#2321 = ORIENTED_EDGE ( 'NONE', *, *, #1830, .F. ) ;
#2322 = EDGE_LOOP ( 'NONE', ( #3900, #4651, #1847, #2608 ) ) ;
#2323 = CARTESIAN_POINT ( 'NONE',  ( 1.072109999999999896, 2.248959999999999848, 0.000000000000000000 ) ) ;
#2324 = ORIENTED_EDGE ( 'NONE', *, *, #2415, .T. ) ;
#2325 = VECTOR ( 'NONE', #674, 1000.000000000000114 ) ;
#2326 = EDGE_CURVE ( 'NONE', #3482, #580, #2460, .T. ) ;
#2327 = DIRECTION ( 'NONE',  ( -0.1600400487419023354, 0.9871105220788043422, 0.000000000000000000 ) ) ;
#2328 = CARTESIAN_POINT ( 'NONE',  ( 111.1350000000000051, 4.039019999999999833, 0.000000000000000000 ) ) ;
#2329 = ORIENTED_EDGE ( 'NONE', *, *, #4617, .T. ) ;
#2330 = CARTESIAN_POINT ( 'NONE',  ( 1.653650000000000064, 1.451070000000000082, 5.099999999999999645 ) ) ;
#2331 = ORIENTED_EDGE ( 'NONE', *, *, #4905, .T. ) ;
#2332 = CARTESIAN_POINT ( 'NONE',  ( 1.299490000000000256, 1.803850000000000176, 0.000000000000000000 ) ) ;
#2333 = CARTESIAN_POINT ( 'NONE',  ( 324.1010000000000559, 3.684870000000000090, 5.099999999999999645 ) ) ;
#2334 = PLANE ( 'NONE',  #417 ) ;
#2335 = ORIENTED_EDGE ( 'NONE', *, *, #1545, .F. ) ;
#2336 = AXIS2_PLACEMENT_3D ( 'NONE', #1146, #5682, #5653 ) ;
#2337 = DIRECTION ( 'NONE',  ( 0.8922101619186268984, 0.4516204456943215262, 0.000000000000000000 ) ) ;
#2338 = VECTOR ( 'NONE', #1386, 1000.000000000000000 ) ;
#2339 = CARTESIAN_POINT ( 'NONE',  ( 108.8990000000000151, 1.803850000000000176, 5.099999999999999645 ) ) ;
#2340 = ORIENTED_EDGE ( 'NONE', *, *, #858, .F. ) ;
#2341 = VECTOR ( 'NONE', #1295, 1000.000000000000000 ) ;
#2342 = CARTESIAN_POINT ( 'NONE',  ( 3.888809999999999878, 3.684870000000000090, 0.000000000000000000 ) ) ;
#2343 = EDGE_CURVE ( 'NONE', #4736, #2854, #1565, .T. ) ;
#2344 = EDGE_CURVE ( 'NONE', #814, #4096, #218, .T. ) ;
#2345 = LINE ( 'NONE', #5128, #312 ) ;
#2346 = AXIS2_PLACEMENT_3D ( 'NONE', #4647, #4224, #3785 ) ;
#2347 = CARTESIAN_POINT ( 'NONE',  ( 3.534660000000000135, 124.2890000000000157, 5.099999999999999645 ) ) ;
#2348 = DIRECTION ( 'NONE',  ( -0.4543735275849321020, -0.8908112580283350512, 0.000000000000000000 ) ) ;
#2349 = AXIS2_PLACEMENT_3D ( 'NONE', #5036, #4474, #1379 ) ;
#2350 = VERTEX_POINT ( 'NONE', #4269 ) ;
#2351 = AXIS2_PLACEMENT_3D ( 'NONE', #2989, #4221, #2542 ) ;
#2352 = ORIENTED_EDGE ( 'NONE', *, *, #5319, .T. ) ;
#2353 = EDGE_CURVE ( 'NONE', #1999, #2597, #3390, .T. ) ;
#2354 = EDGE_CURVE ( 'NONE', #4104, #26, #2106, .T. ) ;
#2355 = LINE ( 'NONE', #3557, #1530 ) ;
#2356 = ORIENTED_EDGE ( 'NONE', *, *, #2540, .T. ) ;
#2357 = VECTOR ( 'NONE', #4032, 1000.000000000000000 ) ;
#2358 = FACE_OUTER_BOUND ( 'NONE', #5715, .T. ) ;
#2359 = LINE ( 'NONE', #4140, #921 ) ;
#2360 = ORIENTED_EDGE ( 'NONE', *, *, #5717, .F. ) ;
#2361 = CARTESIAN_POINT ( 'NONE',  ( 219.0900000000000034, 122.0540000000000163, 0.000000000000000000 ) ) ;
#2362 = ORIENTED_EDGE ( 'NONE', *, *, #13, .T. ) ;
#2363 = LINE ( 'NONE', #4538, #1773 ) ;
#2364 = CARTESIAN_POINT ( 'NONE',  ( 326.9159999999999968, 3.238389999999999880, 0.000000000000000000 ) ) ;
#2365 = VECTOR ( 'NONE', #2508, 1000.000000000000000 ) ;
#2366 = CARTESIAN_POINT ( 'NONE',  ( 109.2540000000000049, 4.039019999999999833, 5.099999999999999645 ) ) ;
#2367 = EDGE_LOOP ( 'NONE', ( #4349, #5618, #4397, #1225 ) ) ;
#2368 = LINE ( 'NONE', #5487, #1769 ) ;
#2369 = VERTEX_POINT ( 'NONE', #3775 ) ;
#2370 = EDGE_CURVE ( 'NONE', #3081, #700, #5573, .T. ) ;
#2371 = DIRECTION ( 'NONE',  ( 0.7071067811865059394, 0.7071067811865890951, 0.000000000000000000 ) ) ;
#2372 = CARTESIAN_POINT ( 'NONE',  ( 111.4890000000000043, 1.803850000000000176, 5.099999999999999645 ) ) ;
#2373 = ADVANCED_FACE ( 'NONE', ( #5130 ), #1084, .T. ) ;
#2374 = CARTESIAN_POINT ( 'NONE',  ( 2.593469999999999942, 121.3940000000000055, 5.099999999999999645 ) ) ;
#2375 = AXIS2_PLACEMENT_3D ( 'NONE', #1533, #2398, #971 ) ;
#2376 = EDGE_LOOP ( 'NONE', ( #222, #2722, #348, #3508 ) ) ;
#2377 = ORIENTED_EDGE ( 'NONE', *, *, #1423, .T. ) ;
#2378 = LINE ( 'NONE', #139, #3051 ) ;
#2379 = VECTOR ( 'NONE', #4670, 1000.000000000000114 ) ;
#2380 = EDGE_CURVE ( 'NONE', #3236, #2350, #4533, .T. ) ;
#2381 = DIRECTION ( 'NONE',  ( -0.7072665251725597235, -0.7069470011042785496, 0.000000000000000000 ) ) ;
#2382 = EDGE_CURVE ( 'NONE', #3173, #558, #3177, .T. ) ;
#2383 = CARTESIAN_POINT ( 'NONE',  ( 325.3960000000000150, 1.143769999999999953, 5.099999999999999645 ) ) ;
#2384 = ORIENTED_EDGE ( 'NONE', *, *, #4242, .T. ) ;
#2385 = CARTESIAN_POINT ( 'NONE',  ( 108.8990000000000151, 123.9350000000000023, 5.099999999999999645 ) ) ;
#2386 = VECTOR ( 'NONE', #2084, 1000.000000000000000 ) ;
#2387 = LINE ( 'NONE', #4254, #1671 ) ;
#2388 = DIRECTION ( 'NONE',  ( -0.4543163942506014963, 0.8908403975545405862, 0.000000000000000000 ) ) ;
#2389 = FACE_BOUND ( 'NONE', #3535, .T. ) ;
#2390 = LINE ( 'NONE', #3316, #5756 ) ;
#2391 = ORIENTED_EDGE ( 'NONE', *, *, #1799, .T. ) ;
#2392 = CARTESIAN_POINT ( 'NONE',  ( 2.594850000000000101, 4.344950000000000756, 0.000000000000000000 ) ) ;
#2393 = CARTESIAN_POINT ( 'NONE',  ( 219.3950000000000102, 2.745049999999999990, 5.099999999999999645 ) ) ;
#2394 = LINE ( 'NONE', #1021, #3192 ) ;
#2395 = ORIENTED_EDGE ( 'NONE', *, *, #5524, .F. ) ;
#2396 = EDGE_CURVE ( 'NONE', #4222, #4437, #5758, .T. ) ;
#2397 = FACE_OUTER_BOUND ( 'NONE', #2298, .T. ) ;
#2398 = DIRECTION ( 'NONE',  ( -0.1601766119933176746, 0.9870883714087317351, 0.000000000000000000 ) ) ;
#2399 = DIRECTION ( 'NONE',  ( -0.000000000000000000, -0.000000000000000000, -1.000000000000000000 ) ) ;
#2400 = EDGE_CURVE ( 'NONE', #4218, #958, #3232, .T. ) ;
#2401 = LINE ( 'NONE', #3745, #178 ) ;
#2402 = ORIENTED_EDGE ( 'NONE', *, *, #4939, .F. ) ;
#2403 = ORIENTED_EDGE ( 'NONE', *, *, #2326, .T. ) ;
#2404 = DIRECTION ( 'NONE',  ( -0.9880215842932849046, 0.1543157444027903058, 0.000000000000000000 ) ) ;
#2405 = ORIENTED_EDGE ( 'NONE', *, *, #3929, .T. ) ;
#2406 = DIRECTION ( 'NONE',  ( 0.1599325745169778434, 0.9871279408508156772, -0.000000000000000000 ) ) ;
#2407 = ORIENTED_EDGE ( 'NONE', *, *, #3741, .F. ) ;
#2408 = DIRECTION ( 'NONE',  ( -0.4537957193442159198, 0.8911057429423658860, 0.000000000000000000 ) ) ;
#2409 = DIRECTION ( 'NONE',  ( 0.7084857568802659378, -0.7057251110012996431, 0.000000000000000000 ) ) ;
#2410 = DIRECTION ( 'NONE',  ( -0.4574843287324162344, 0.8892176836772031079, 0.000000000000000000 ) ) ;
#2411 = LINE ( 'NONE', #4668, #2201 ) ;
#2412 = DIRECTION ( 'NONE',  ( 0.9872093450064345355, 0.1594293233127661025, 0.000000000000000000 ) ) ;
#2413 = EDGE_CURVE ( 'NONE', #1869, #5670, #4643, .T. ) ;
#2414 = CARTESIAN_POINT ( 'NONE',  ( 219.3160000000000025, 122.5010000000000190, 5.099999999999999645 ) ) ;
#2415 = EDGE_CURVE ( 'NONE', #2077, #5048, #3305, .T. ) ;
#2416 = EDGE_LOOP ( 'NONE', ( #4586, #2360, #5020, #1045 ) ) ;
#2417 = CARTESIAN_POINT ( 'NONE',  ( 108.5949999999999989, 122.9939999999999998, 5.099999999999999645 ) ) ;
#2418 = CARTESIAN_POINT ( 'NONE',  ( 111.4890000000000043, 1.803850000000000176, 0.000000000000000000 ) ) ;
#2419 = CARTESIAN_POINT ( 'NONE',  ( 110.6880000000000024, 1.223700000000000010, 5.099999999999999645 ) ) ;
#2420 = ADVANCED_FACE ( 'NONE', ( #4106 ), #4614, .T. ) ;
#2421 = ORIENTED_EDGE ( 'NONE', *, *, #895, .T. ) ;
#2422 = VECTOR ( 'NONE', #4009, 1000.000000000000000 ) ;
#2423 = DIRECTION ( 'NONE',  ( -0.8922182138893378633, 0.4516045380685624888, 0.000000000000000000 ) ) ;
#2424 = FACE_OUTER_BOUND ( 'NONE', #3146, .T. ) ;
#2425 = ADVANCED_FACE ( 'NONE', ( #3207 ), #584, .T. ) ;
#2426 = CARTESIAN_POINT ( 'NONE',  ( 111.4890000000000043, 1.803850000000000176, 5.099999999999999645 ) ) ;
#2427 = AXIS2_PLACEMENT_3D ( 'NONE', #3821, #2450, #5095 ) ;
#2428 = DIRECTION ( 'NONE',  ( 0.4559528082269453386, -0.8900039531765925327, 0.000000000000000000 ) ) ;
#2429 = VECTOR ( 'NONE', #1129, 1000.000000000000114 ) ;
#2430 = ORIENTED_EDGE ( 'NONE', *, *, #2663, .T. ) ;
#2431 = ORIENTED_EDGE ( 'NONE', *, *, #1652, .F. ) ;
#2432 = CARTESIAN_POINT ( 'NONE',  ( 109.7000000000000028, 1.223700000000000010, 5.099999999999999645 ) ) ;
#2433 = AXIS2_PLACEMENT_3D ( 'NONE', #456, #4421, #399 ) ;
#2434 = DIRECTION ( 'NONE',  ( -0.000000000000000000, -0.000000000000000000, -1.000000000000000000 ) ) ;
#2435 = VECTOR ( 'NONE', #5201, 1000.000000000000000 ) ;
#2436 = ORIENTED_EDGE ( 'NONE', *, *, #1156, .T. ) ;
#2437 = PLANE ( 'NONE',  #1853 ) ;
#2438 = EDGE_CURVE ( 'NONE', #670, #1992, #2868, .T. ) ;
#2439 = DIRECTION ( 'NONE',  ( -0.4563732901630923600, -0.8897884130655523416, 0.000000000000000000 ) ) ;
#2440 = CARTESIAN_POINT ( 'NONE',  ( 326.3360000000000127, 124.2890000000000157, 0.000000000000000000 ) ) ;
#2441 = CARTESIAN_POINT ( 'NONE',  ( 110.6880000000000024, 121.4740000000000180, 5.099999999999999645 ) ) ;
#2442 = DIRECTION ( 'NONE',  ( 0.1590103127589195808, 0.9872769218594702467, 0.000000000000000000 ) ) ;
#2443 = VERTEX_POINT ( 'NONE', #980 ) ;
#2444 = AXIS2_PLACEMENT_3D ( 'NONE', #2912, #300, #2093 ) ;
#2445 = PLANE ( 'NONE',  #3657 ) ;
#2446 = LINE ( 'NONE', #1133, #3378 ) ;
#2447 = EDGE_CURVE ( 'NONE', #4578, #1558, #58, .T. ) ;
#2448 = VECTOR ( 'NONE', #5254, 1000.000000000000000 ) ;
#2449 = CARTESIAN_POINT ( 'NONE',  ( 326.3360000000000127, 124.2890000000000157, 5.099999999999999645 ) ) ;
#2450 = DIRECTION ( 'NONE',  ( -0.1598606622273645861, 0.9871395892538342709, 0.000000000000000000 ) ) ;
#2451 = ORIENTED_EDGE ( 'NONE', *, *, #3215, .F. ) ;
#2452 = VECTOR ( 'NONE', #2845, 1000.000000000000000 ) ;
#2453 = DIRECTION ( 'NONE',  ( -0.1596370835983918213, 0.9871757703368737591, 0.000000000000000000 ) ) ;
#2454 = EDGE_CURVE ( 'NONE', #1513, #3283, #5551, .T. ) ;
#2455 = EDGE_CURVE ( 'NONE', #2982, #3173, #4167, .T. ) ;
#2456 = DIRECTION ( 'NONE',  ( -0.000000000000000000, -0.000000000000000000, -1.000000000000000000 ) ) ;
#2457 = LINE ( 'NONE', #4599, #5193 ) ;
#2458 = DIRECTION ( 'NONE',  ( 0.4512497765713583409, 0.8923976911356837904, 0.000000000000000000 ) ) ;
#2459 = DIRECTION ( 'NONE',  ( 0.4527259285258880550, 0.8916497258679400018, 0.000000000000000000 ) ) ;
#2460 = LINE ( 'NONE', #2070, #4226 ) ;
#2461 = ORIENTED_EDGE ( 'NONE', *, *, #5601, .T. ) ;
#2462 = PLANE ( 'NONE',  #2304 ) ;
#2464 = EDGE_CURVE ( 'NONE', #3544, #3762, #166, .T. ) ;
#2463 = DIRECTION ( 'NONE',  ( 0.7081034065937691357, -0.7061087491104320879, 0.000000000000000000 ) ) ;
#2465 = ORIENTED_EDGE ( 'NONE', *, *, #4033, .T. ) ;
#2466 = CARTESIAN_POINT ( 'NONE',  ( 325.8890000000000668, 121.4740000000000180, 0.000000000000000000 ) ) ;
#2467 = CARTESIAN_POINT ( 'NONE',  ( 4.114840000000000053, 122.5010000000000190, 0.000000000000000000 ) ) ;
#2468 = LINE ( 'NONE', #4255, #595 ) ;
#2469 = VECTOR ( 'NONE', #5514, 1000.000000000000000 ) ;
#2470 = ORIENTED_EDGE ( 'NONE', *, *, #1653, .F. ) ;
#2471 = CARTESIAN_POINT ( 'NONE',  ( 2.100130000000000052, 4.265010000000000190, 5.099999999999999645 ) ) ;
#2472 = VECTOR ( 'NONE', #2458, 1000.000000000000000 ) ;
#2473 = ORIENTED_EDGE ( 'NONE', *, *, #5718, .T. ) ;
#2474 = LINE ( 'NONE', #4739, #1103 ) ;
#2475 = CARTESIAN_POINT ( 'NONE',  ( 216.2719999999999914, 123.4890000000000043, 5.099999999999999645 ) ) ;
#2476 = VERTEX_POINT ( 'NONE', #2783 ) ;
#2477 = AXIS2_PLACEMENT_3D ( 'NONE', #605, #5549, #659 ) ;
#2478 = CARTESIAN_POINT ( 'NONE',  ( 216.8549999999999898, 121.7000000000000028, 5.099999999999999645 ) ) ;
#2479 = DIRECTION ( 'NONE',  ( -0.9871757703368737591, -0.1596370835983918213, 0.000000000000000000 ) ) ;
#2480 = CARTESIAN_POINT ( 'NONE',  ( 109.2540000000000049, 4.039019999999999833, 5.099999999999999645 ) ) ;
#2481 = CARTESIAN_POINT ( 'NONE',  ( 3.534660000000000135, 121.7000000000000028, 5.099999999999999645 ) ) ;
#2482 = DIRECTION ( 'NONE',  ( 0.8909082072302801913, -0.4541834060043675181, 0.000000000000000000 ) ) ;
#2483 = ADVANCED_FACE ( 'NONE', ( #1512 ), #4084, .T. ) ;
#2484 = EDGE_CURVE ( 'NONE', #5770, #4661, #1844, .T. ) ;
#2485 = CARTESIAN_POINT ( 'NONE',  ( 216.8549999999999898, 4.039019999999999833, 5.099999999999999645 ) ) ;
#2486 = VERTEX_POINT ( 'NONE', #4557 ) ;
#2487 = LINE ( 'NONE', #4723, #3514 ) ;
#2488 = DIRECTION ( 'NONE',  ( 0.000000000000000000, 0.000000000000000000, -1.000000000000000000 ) ) ;
#2489 = VERTEX_POINT ( 'NONE', #3723 ) ;
#2490 = LINE ( 'NONE', #4276, #2259 ) ;
#2491 = ORIENTED_EDGE ( 'NONE', *, *, #5746, .F. ) ;
#2492 = DIRECTION ( 'NONE',  ( -0.7083262900088422853, -0.7058851655066208375, 0.000000000000000000 ) ) ;
#2493 = CARTESIAN_POINT ( 'NONE',  ( 323.7950000000000159, 2.745049999999999990, 5.099999999999999645 ) ) ;
#2494 = CARTESIAN_POINT ( 'NONE',  ( 323.8730000000000473, 2.248959999999999848, 5.099999999999999645 ) ) ;
#2495 = DIRECTION ( 'NONE',  ( 0.7048854254397458607, 0.7093211804271944976, -0.000000000000000000 ) ) ;
#2496 = LINE ( 'NONE', #4348, #130 ) ;
#2497 = ORIENTED_EDGE ( 'NONE', *, *, #484, .T. ) ;
#2498 = VERTEX_POINT ( 'NONE', #1925 ) ;
#2499 = CARTESIAN_POINT ( 'NONE',  ( 108.8990000000000151, 3.684870000000000090, 0.000000000000000000 ) ) ;
#2500 = CARTESIAN_POINT ( 'NONE',  ( 3.888809999999999878, 123.9350000000000023, 5.099999999999999645 ) ) ;
#2501 = PLANE ( 'NONE',  #4992 ) ;
#2502 = EDGE_LOOP ( 'NONE', ( #2538, #4069, #1674, #439 ) ) ;
#2503 = VECTOR ( 'NONE', #1707, 1000.000000000000000 ) ;
#2504 = LINE ( 'NONE', #3887, #449 ) ;
#2505 = LINE ( 'NONE', #4294, #2233 ) ;
#2506 = CARTESIAN_POINT ( 'NONE',  ( 217.3000000000000114, 1.223700000000000010, 5.099999999999999645 ) ) ;
#2507 = DIRECTION ( 'NONE',  ( -0.9881164689548841418, -0.1537070062818597926, 0.000000000000000000 ) ) ;
#2508 = DIRECTION ( 'NONE',  ( -0.000000000000000000, -0.000000000000000000, -1.000000000000000000 ) ) ;
#2509 = VECTOR ( 'NONE', #4629, 1000.000000000000000 ) ;
#2510 = EDGE_CURVE ( 'NONE', #958, #1313, #3643, .T. ) ;
#2511 = VERTEX_POINT ( 'NONE', #1457 ) ;
#2512 = VECTOR ( 'NONE', #4959, 1000.000000000000000 ) ;
#2513 = LINE ( 'NONE', #745, #3614 ) ;
#2514 = DIRECTION ( 'NONE',  ( -0.9872598878091026764, -0.1591160391763127013, 0.000000000000000000 ) ) ;
#2515 = VERTEX_POINT ( 'NONE', #2328 ) ;
#2516 = ADVANCED_FACE ( 'NONE', ( #86 ), #1874, .T. ) ;
#2517 = EDGE_CURVE ( 'NONE', #877, #3945, #2359, .T. ) ;
#2518 = CARTESIAN_POINT ( 'NONE',  ( 3.088179999999999925, 1.223700000000000010, 5.099999999999999645 ) ) ;
#2519 = DIRECTION ( 'NONE',  ( 0.7058851655066208375, 0.7083262900088422853, -0.000000000000000000 ) ) ;
#2520 = PERSON_AND_ORGANIZATION_ROLE ( 'creator' ) ;
#2521 = ORIENTED_EDGE ( 'NONE', *, *, #946, .F. ) ;
#2522 = LINE ( 'NONE', #292, #2386 ) ;
#2523 = DIRECTION ( 'NONE',  ( 0.000000000000000000, 1.000000000000000000, -0.000000000000000000 ) ) ;
#2524 = VERTEX_POINT ( 'NONE', #1899 ) ;
#2525 = DIRECTION ( 'NONE',  ( 0.4574843287324162344, -0.8892176836772031079, 0.000000000000000000 ) ) ;
#2526 = LINE ( 'NONE', #2091, #4400 ) ;
#2527 = VECTOR ( 'NONE', #4880, 1000.000000000000114 ) ;
#2528 = EDGE_LOOP ( 'NONE', ( #5784, #726, #862, #1985 ) ) ;
#2529 = ORIENTED_EDGE ( 'NONE', *, *, #3402, .T. ) ;
#2530 = CARTESIAN_POINT ( 'NONE',  ( 216.8549999999999898, 121.7000000000000028, 5.099999999999999645 ) ) ;
#2531 = LINE ( 'NONE', #362, #2503 ) ;
#2532 = VECTOR ( 'NONE', #849, 1000.000000000000114 ) ;
#2533 = CARTESIAN_POINT ( 'NONE',  ( 110.1950000000000074, 1.143769999999999953, 5.099999999999999645 ) ) ;
#2534 = LINE ( 'NONE', #2065, #3771 ) ;
#2535 = ORIENTED_EDGE ( 'NONE', *, *, #3941, .F. ) ;
#2536 = VECTOR ( 'NONE', #5315, 1000.000000000000114 ) ;
#2537 = EDGE_CURVE ( 'NONE', #1590, #3920, #3258, .T. ) ;
#2538 = ORIENTED_EDGE ( 'NONE', *, *, #147, .F. ) ;
#2539 = CARTESIAN_POINT ( 'NONE',  ( 109.2540000000000049, 4.039019999999999833, 5.099999999999999645 ) ) ;
#2540 = EDGE_CURVE ( 'NONE', #925, #2118, #2045, .T. ) ;
#2541 = VERTEX_POINT ( 'NONE', #2111 ) ;
#2542 = DIRECTION ( 'NONE',  ( -0.1533772373344898243, 0.9881677099903839467, 0.000000000000000000 ) ) ;
#2543 = ORIENTED_EDGE ( 'NONE', *, *, #4783, .T. ) ;
#2544 = FACE_OUTER_BOUND ( 'NONE', #1646, .T. ) ;
#2545 = FACE_OUTER_BOUND ( 'NONE', #2179, .T. ) ;
#2546 = ORIENTED_EDGE ( 'NONE', *, *, #3862, .F. ) ;
#2547 = AXIS2_PLACEMENT_3D ( 'NONE', #3365, #1514, #1092 ) ;
#2548 = EDGE_CURVE ( 'NONE', #4381, #4949, #1212, .T. ) ;
#2549 = EDGE_CURVE ( 'NONE', #1036, #4429, #3837, .T. ) ;
#2550 = ORIENTED_EDGE ( 'NONE', *, *, #5350, .T. ) ;
#2551 = CARTESIAN_POINT ( 'NONE',  ( 324.1010000000000559, 3.684870000000000090, 5.099999999999999645 ) ) ;
#2552 = ORIENTED_EDGE ( 'NONE', *, *, #3034, .F. ) ;
#2553 = PLANE ( 'NONE',  #3355 ) ;
#2554 = ORIENTED_EDGE ( 'NONE', *, *, #1624, .F. ) ;
#2555 = VERTEX_POINT ( 'NONE', #5634 ) ;
#2556 = VECTOR ( 'NONE', #230, 1000.000000000000000 ) ;
#2557 = FACE_OUTER_BOUND ( 'NONE', #2208, .T. ) ;
#2558 = LINE ( 'NONE', #2949, #1615 ) ;
#2559 = VECTOR ( 'NONE', #2442, 1000.000000000000114 ) ;
#2560 = ORIENTED_EDGE ( 'NONE', *, *, #372, .F. ) ;
#2561 = LINE ( 'NONE', #5656, #5400 ) ;
#2562 = LINE ( 'NONE', #4594, #1683 ) ;
#2563 = EDGE_CURVE ( 'NONE', #4829, #5723, #1606, .T. ) ;
#2564 = LINE ( 'NONE', #741, #2172 ) ;
#2565 = ORIENTED_EDGE ( 'NONE', *, *, #294, .T. ) ;
#2566 = AXIS2_PLACEMENT_3D ( 'NONE', #1894, #3699, #1507 ) ;
#2567 = VERTEX_POINT ( 'NONE', #1543 ) ;
#2568 = CARTESIAN_POINT ( 'NONE',  ( 109.2540000000000049, 124.2890000000000157, 0.000000000000000000 ) ) ;
#2569 = VERTEX_POINT ( 'NONE', #2925 ) ;
#2570 = DIRECTION ( 'NONE',  ( -0.1592042833370856114, -0.9872456615083831100, 0.000000000000000000 ) ) ;
#2571 = DIRECTION ( 'NONE',  ( -0.9880691672626490396, 0.1540107811320215736, 0.000000000000000000 ) ) ;
#2572 = APPLICATION_PROTOCOL_DEFINITION ( 'international standard', 'config_control_design', 1994, #1885 ) ;
#2573 = VERTEX_POINT ( 'NONE', #3869 ) ;
#2574 = CARTESIAN_POINT ( 'NONE',  ( 219.3950000000000102, 122.9939999999999998, 5.099999999999999645 ) ) ;
#2575 = ORIENTED_EDGE ( 'NONE', *, *, #4430, .T. ) ;
#2576 = ORIENTED_EDGE ( 'NONE', *, *, #3692, .F. ) ;
#2577 = LINE ( 'NONE', #391, #4440 ) ;
#2578 = ORIENTED_EDGE ( 'NONE', *, *, #4105, .F. ) ;
#2579 = EDGE_CURVE ( 'NONE', #5410, #3069, #5602, .T. ) ;
#2580 = EDGE_CURVE ( 'NONE', #3227, #4437, #660, .T. ) ;
#2581 = CARTESIAN_POINT ( 'NONE',  ( 4.114840000000000053, 2.248959999999999848, 5.099999999999999645 ) ) ;
#2582 = ORIENTED_EDGE ( 'NONE', *, *, #4364, .F. ) ;
#2583 = ORIENTED_EDGE ( 'NONE', *, *, #758, .F. ) ;
#2584 = LINE ( 'NONE', #2914, #5047 ) ;
#2585 = LINE ( 'NONE', #305, #4282 ) ;
#2586 = EDGE_CURVE ( 'NONE', #4607, #323, #3781, .T. ) ;
#2587 = ADVANCED_FACE ( 'NONE', ( #1984 ), #3459, .T. ) ;
#2588 = CARTESIAN_POINT ( 'NONE',  ( 1.653650000000000064, 124.2890000000000157, 5.099999999999999645 ) ) ;
#2589 = DIRECTION ( 'NONE',  ( -0.000000000000000000, -0.000000000000000000, -1.000000000000000000 ) ) ;
#2590 = ORIENTED_EDGE ( 'NONE', *, *, #2415, .F. ) ;
#2591 = CARTESIAN_POINT ( 'NONE',  ( 325.3960000000000150, 121.3940000000000055, 0.000000000000000000 ) ) ;
#2592 = VECTOR ( 'NONE', #5679, 1000.000000000000000 ) ;
#2593 = ORIENTED_EDGE ( 'NONE', *, *, #3908, .T. ) ;
#2594 = DIRECTION ( 'NONE',  ( -0.7071067811865614505, -0.7071067811865336949, 0.000000000000000000 ) ) ;
#2595 = ORIENTED_EDGE ( 'NONE', *, *, #1063, .T. ) ;
#2596 = CARTESIAN_POINT ( 'NONE',  ( 110.6880000000000024, 1.223700000000000010, 0.000000000000000000 ) ) ;
#2597 = VERTEX_POINT ( 'NONE', #2014 ) ;
#2598 = LINE ( 'NONE', #4403, #4889 ) ;
#2599 = ORIENTED_EDGE ( 'NONE', *, *, #1359, .F. ) ;
#2600 = DIRECTION ( 'NONE',  ( -0.1600690508825686753, 0.9871058195297774951, 0.000000000000000000 ) ) ;
#2601 = VECTOR ( 'NONE', #3495, 1000.000000000000000 ) ;
#2602 = CARTESIAN_POINT ( 'NONE',  ( 3.888809999999999878, 1.803850000000000176, 5.099999999999999645 ) ) ;
#2603 = APPROVAL_STATUS ( 'not_yet_approved' ) ;
#2604 = VERTEX_POINT ( 'NONE', #4251 ) ;
#2605 = CARTESIAN_POINT ( 'NONE',  ( 323.7950000000000159, 2.745049999999999990, 5.099999999999999645 ) ) ;
#2606 = CARTESIAN_POINT ( 'NONE',  ( 3.088179999999999925, 4.265010000000000190, 5.099999999999999645 ) ) ;
#2607 = AXIS2_PLACEMENT_3D ( 'NONE', #3975, #5791, #5762 ) ;
#2608 = ORIENTED_EDGE ( 'NONE', *, *, #630, .T. ) ;
#2609 = EDGE_CURVE ( 'NONE', #2822, #1829, #3398, .T. ) ;
#2610 = DIRECTION ( 'NONE',  ( 0.4527899509762593477, 0.8916172162396353018, 0.000000000000000000 ) ) ;
#2611 = ORIENTED_EDGE ( 'NONE', *, *, #3589, .T. ) ;
#2612 = LINE ( 'NONE', #4003, #1858 ) ;
#2613 = APPROVAL_PERSON_ORGANIZATION ( #2695, #809, #2753 ) ;
#2614 = EDGE_LOOP ( 'NONE', ( #3930, #2963, #1837, #5054 ) ) ;
#2615 = ORIENTED_EDGE ( 'NONE', *, *, #5350, .F. ) ;
#2616 = VECTOR ( 'NONE', #1137, 1000.000000000000000 ) ;
#2617 = LINE ( 'NONE', #1770, #3257 ) ;
#2618 = EDGE_CURVE ( 'NONE', #5048, #493, #3333, .T. ) ;
#2619 = LINE ( 'NONE', #398, #1684 ) ;
#2620 = FACE_OUTER_BOUND ( 'NONE', #5359, .T. ) ;
#2621 = VECTOR ( 'NONE', #4128, 1000.000000000000000 ) ;
#2622 = FACE_OUTER_BOUND ( 'NONE', #3293, .T. ) ;
#2623 = DIRECTION ( 'NONE',  ( 0.9871616537672034397, 0.1597243542218899914, 0.000000000000000000 ) ) ;
#2624 = ORIENTED_EDGE ( 'NONE', *, *, #3429, .F. ) ;
#2625 = VECTOR ( 'NONE', #945, 1000.000000000000000 ) ;
#2626 = ORIENTED_EDGE ( 'NONE', *, *, #4014, .T. ) ;
#2627 = ADVANCED_FACE ( 'NONE', ( #5231 ), #5172, .T. ) ;
#2628 = CARTESIAN_POINT ( 'NONE',  ( 1.653650000000000064, 121.7000000000000028, 5.099999999999999645 ) ) ;
#2629 = ADVANCED_FACE ( 'NONE', ( #2896 ), #690, .T. ) ;
#2630 = AXIS2_PLACEMENT_3D ( 'NONE', #1443, #568, #4677 ) ;
#2631 = ORIENTED_EDGE ( 'NONE', *, *, #864, .F. ) ;
#2632 = FACE_OUTER_BOUND ( 'NONE', #4081, .T. ) ;
#2633 = EDGE_CURVE ( 'NONE', #628, #4083, #2490, .T. ) ;
#2634 = CARTESIAN_POINT ( 'NONE',  ( 327.8960000000000150, 0.2439130000000000187, 5.099999999999999645 ) ) ;
#2635 = VERTEX_POINT ( 'NONE', #317 ) ;
#2636 = DIRECTION ( 'NONE',  ( -0.9872218978213479490, -0.1593515750220752258, 0.000000000000000000 ) ) ;
#2637 = FACE_OUTER_BOUND ( 'NONE', #3035, .T. ) ;
#2638 = ORIENTED_EDGE ( 'NONE', *, *, #2230, .T. ) ;
#2639 = DIRECTION ( 'NONE',  ( 0.8897884130655522306, -0.4563732901630924155, 0.000000000000000000 ) ) ;
#2640 = ORIENTED_EDGE ( 'NONE', *, *, #1523, .T. ) ;
#2641 = LINE ( 'NONE', #2968, #3686 ) ;
#2642 = VERTEX_POINT ( 'NONE', #3899 ) ;
#2643 = DIRECTION ( 'NONE',  ( 1.000000000000000000, 0.000000000000000000, 0.000000000000000000 ) ) ;
#2644 = LINE ( 'NONE', #423, #2357 ) ;
#2645 = VECTOR ( 'NONE', #1382, 1000.000000000000114 ) ;
#2646 = ORIENTED_EDGE ( 'NONE', *, *, #5786, .T. ) ;
#2647 = EDGE_CURVE ( 'NONE', #3762, #4947, #253, .T. ) ;
#2648 = FACE_OUTER_BOUND ( 'NONE', #4892, .T. ) ;
#2649 = CARTESIAN_POINT ( 'NONE',  ( 108.5949999999999989, 2.745049999999999990, 0.000000000000000000 ) ) ;
#2650 = CARTESIAN_POINT ( 'NONE',  ( 108.6720000000000113, 123.4890000000000043, 5.099999999999999645 ) ) ;
#2651 = VECTOR ( 'NONE', #3820, 1000.000000000000000 ) ;
#2652 = AXIS2_PLACEMENT_3D ( 'NONE', #3769, #4125, #2371 ) ;
#2653 = CARTESIAN_POINT ( 'NONE',  ( 4.114840000000000053, 2.248959999999999848, 5.099999999999999645 ) ) ;
#2654 = DIRECTION ( 'NONE',  ( 0.8924298478292961301, -0.4511861774294280147, 0.000000000000000000 ) ) ;
#2655 = EDGE_LOOP ( 'NONE', ( #2141, #1761, #46, #2188 ) ) ;
#2656 = DIRECTION ( 'NONE',  ( -0.9871073587932587268, 0.1600595583406276001, 0.000000000000000000 ) ) ;
#2657 = VECTOR ( 'NONE', #3223, 1000.000000000000000 ) ;
#2658 = ORIENTED_EDGE ( 'NONE', *, *, #1176, .T. ) ;
#2659 = DIRECTION ( 'NONE',  ( 0.9872093450064358677, 0.1594293233127573872, 0.000000000000000000 ) ) ;
#2660 = AXIS2_PLACEMENT_3D ( 'NONE', #841, #5208, #1162 ) ;
#2661 = ORIENTED_EDGE ( 'NONE', *, *, #937, .T. ) ;
#2662 = ADVANCED_FACE ( 'NONE', ( #1155 ), #5690, .T. ) ;
#2663 = EDGE_CURVE ( 'NONE', #191, #3958, #3168, .T. ) ;
#2664 = LINE ( 'NONE', #4463, #1399 ) ;
#2665 = ORIENTED_EDGE ( 'NONE', *, *, #3350, .T. ) ;
#2666 = DIRECTION ( 'NONE',  ( -0.8920142723425347198, -0.4520072321735774112, 0.000000000000000000 ) ) ;
#2667 = CARTESIAN_POINT ( 'NONE',  ( 108.6720000000000113, 3.238389999999999880, 5.099999999999999645 ) ) ;
#2668 = EDGE_LOOP ( 'NONE', ( #1506, #1006, #1529, #4575 ) ) ;
#2669 = APPROVAL_STATUS ( 'not_yet_approved' ) ;
#2670 = ORIENTED_EDGE ( 'NONE', *, *, #3915, .F. ) ;
#2671 = CARTESIAN_POINT ( 'NONE',  ( 326.6899999999999977, 1.803850000000000176, 5.099999999999999645 ) ) ;
#2672 = ORIENTED_EDGE ( 'NONE', *, *, #1591, .T. ) ;
#2673 = EDGE_LOOP ( 'NONE', ( #4122, #1895, #3913, #4353, #1181, #2183, #1056, #1777, #614, #4944, #1573, #4434, #4564, #3088, #5349, #3083, #3748, #3993, #381, #4706 ) ) ;
#2674 = DIRECTION ( 'NONE',  ( -0.000000000000000000, -0.000000000000000000, -1.000000000000000000 ) ) ;
#2675 = ORIENTED_EDGE ( 'NONE', *, *, #3908, .F. ) ;
#2676 = LINE ( 'NONE', #4385, #5522 ) ;
#2677 = CARTESIAN_POINT ( 'NONE',  ( 218.7359999999999900, 4.039019999999999833, 5.099999999999999645 ) ) ;
#2678 = ORIENTED_EDGE ( 'NONE', *, *, #4310, .F. ) ;
#2679 = DIRECTION ( 'NONE',  ( -0.1576014570290419081, 0.9875028003718890890, 0.000000000000000000 ) ) ;
#2680 = FACE_OUTER_BOUND ( 'NONE', #5603, .T. ) ;
#2681 = FACE_OUTER_BOUND ( 'NONE', #2668, .T. ) ;
#2682 = CARTESIAN_POINT ( 'NONE',  ( 325.8890000000000668, 1.223700000000000010, 5.099999999999999645 ) ) ;
#2683 = ORIENTED_EDGE ( 'NONE', *, *, #4131, .T. ) ;
#2684 = DIRECTION ( 'NONE',  ( -0.4567620255206142899, -0.8895889230663259761, 0.000000000000000000 ) ) ;
#2685 = VERTEX_POINT ( 'NONE', #20 ) ;
#2686 = CARTESIAN_POINT ( 'NONE',  ( 109.7000000000000028, 121.4740000000000180, 0.000000000000000000 ) ) ;
#2687 = EDGE_CURVE ( 'NONE', #3519, #4927, #2142, .T. ) ;
#2688 = ORIENTED_EDGE ( 'NONE', *, *, #3999, .F. ) ;
#2689 = LINE ( 'NONE', #1269, #98 ) ;
#2690 = VECTOR ( 'NONE', #3825, 1000.000000000000114 ) ;
#2691 = ADVANCED_FACE ( 'NONE', ( #1783 ), #379, .T. ) ;
#2692 = DIRECTION ( 'NONE',  ( -0.4532090333824307926, 0.8914042697118758074, 0.000000000000000000 ) ) ;
#2693 = ORIENTED_EDGE ( 'NONE', *, *, #4532, .T. ) ;
#2694 = PLANE ( 'NONE',  #722 ) ;
#2695 = PERSON_AND_ORGANIZATION ( #4494, #1102 ) ;
#2696 = ORIENTED_EDGE ( 'NONE', *, *, #4715, .F. ) ;
#2697 = LINE ( 'NONE', #4024, #3784 ) ;
#2698 = ORIENTED_EDGE ( 'NONE', *, *, #1144, .T. ) ;
#2699 = EDGE_CURVE ( 'NONE', #3522, #109, #409, .T. ) ;
#2700 = CARTESIAN_POINT ( 'NONE',  ( 110.1950000000000074, 1.143769999999999953, 5.099999999999999645 ) ) ;
#2701 = EDGE_CURVE ( 'NONE', #3541, #4245, #1690, .T. ) ;
#2702 = VECTOR ( 'NONE', #4616, 1000.000000000000000 ) ;
#2703 = ORIENTED_EDGE ( 'NONE', *, *, #4641, .F. ) ;
#2704 = DIRECTION ( 'NONE',  ( -0.000000000000000000, -0.000000000000000000, -1.000000000000000000 ) ) ;
#2705 = ORIENTED_EDGE ( 'NONE', *, *, #204, .T. ) ;
#2706 = DIRECTION ( 'NONE',  ( 0.9875457255875114138, 0.1573322594823948206, -0.000000000000000000 ) ) ;
#2707 = LINE ( 'NONE', #2333, #5409 ) ;
#2708 = DIRECTION ( 'NONE',  ( -0.8899839804325223591, -0.4559917922216185637, 0.000000000000000000 ) ) ;
#2709 = EDGE_LOOP ( 'NONE', ( #4368, #1922, #4087, #3320 ) ) ;
#2710 = VECTOR ( 'NONE', #5043, 1000.000000000000114 ) ;
#2711 = CARTESIAN_POINT ( 'NONE',  ( 217.3000000000000114, 4.265010000000000190, 5.099999999999999645 ) ) ;
#2712 = PLANE ( 'NONE',  #1654 ) ;
#2713 = FACE_OUTER_BOUND ( 'NONE', #5442, .T. ) ;
#2714 = ORIENTED_EDGE ( 'NONE', *, *, #2312, .F. ) ;
#2715 = VERTEX_POINT ( 'NONE', #3521 ) ;
#2716 = AXIS2_PLACEMENT_3D ( 'NONE', #3674, #5476, #1431 ) ;
#2717 = EDGE_LOOP ( 'NONE', ( #344, #3738, #350, #879 ) ) ;
#2718 = VECTOR ( 'NONE', #4966, 1000.000000000000114 ) ;
#2719 = PLANE ( 'NONE',  #181 ) ;
#2720 = LINE ( 'NONE', #4076, #467 ) ;
#2721 = VECTOR ( 'NONE', #3545, 1000.000000000000000 ) ;
#2722 = ORIENTED_EDGE ( 'NONE', *, *, #2344, .F. ) ;
#2723 = DIRECTION ( 'NONE',  ( -0.000000000000000000, -0.000000000000000000, -1.000000000000000000 ) ) ;
#2724 = VERTEX_POINT ( 'NONE', #3143 ) ;
#2725 = ORIENTED_EDGE ( 'NONE', *, *, #4094, .T. ) ;
#2726 = EDGE_CURVE ( 'NONE', #3488, #1482, #2234, .T. ) ;
#2727 = LINE ( 'NONE', #501, #5295 ) ;
#2728 = ORIENTED_EDGE ( 'NONE', *, *, #1373, .F. ) ;
#2729 = VECTOR ( 'NONE', #1630, 1000.000000000000000 ) ;
#2730 = CARTESIAN_POINT ( 'NONE',  ( 218.2889999999999588, 4.265009999999999302, 5.099999999999999645 ) ) ;
#2731 = ORIENTED_EDGE ( 'NONE', *, *, #1775, .F. ) ;
#2732 = DIRECTION ( 'NONE',  ( -0.1600690508825686753, 0.9871058195297774951, 0.000000000000000000 ) ) ;
#2733 = ORIENTED_EDGE ( 'NONE', *, *, #586, .F. ) ;
#2734 = CARTESIAN_POINT ( 'NONE',  ( 218.7359999999999900, 121.7000000000000028, 5.099999999999999645 ) ) ;
#2735 = CARTESIAN_POINT ( 'NONE',  ( 326.9959999999999809, 122.9939999999999998, 5.099999999999999645 ) ) ;
#2736 = EDGE_CURVE ( 'NONE', #1831, #1402, #5320, .T. ) ;
#2737 = ADVANCED_FACE ( 'NONE', ( #1241 ), #4049, .F. ) ;
#2738 = ORIENTED_EDGE ( 'NONE', *, *, #2043, .F. ) ;
#2739 = DIRECTION ( 'NONE',  ( 0.8899839804325454518, 0.4559917922215736552, 0.000000000000000000 ) ) ;
#2740 = CARTESIAN_POINT ( 'NONE',  ( 217.7949999999999875, 124.5939999999999941, 5.099999999999999645 ) ) ;
#2741 = VECTOR ( 'NONE', #4539, 1000.000000000000000 ) ;
#2742 = CARTESIAN_POINT ( 'NONE',  ( 219.3160000000000025, 123.4890000000000043, 5.099999999999999645 ) ) ;
#2743 = LINE ( 'NONE', #3655, #1784 ) ;
#2744 = ORIENTED_EDGE ( 'NONE', *, *, #4860, .T. ) ;
#2745 = AXIS2_PLACEMENT_3D ( 'NONE', #5481, #4113, #1906 ) ;
#2746 = ORIENTED_EDGE ( 'NONE', *, *, #621, .F. ) ;
#2747 = VECTOR ( 'NONE', #146, 1000.000000000000000 ) ;
#2748 = EDGE_CURVE ( 'NONE', #2118, #1992, #4433, .T. ) ;
#2749 = VECTOR ( 'NONE', #3669, 1000.000000000000227 ) ;
#2750 = LINE ( 'NONE', #4552, #2058 ) ;
#2751 = ORIENTED_EDGE ( 'NONE', *, *, #4968, .T. ) ;
#2752 = ORIENTED_EDGE ( 'NONE', *, *, #2837, .T. ) ;
#2753 = APPROVAL_ROLE ( '' ) ;
#2754 = EDGE_LOOP ( 'NONE', ( #5577, #974, #1890, #932 ) ) ;
#2755 = DIRECTION ( 'NONE',  ( 0.7071067811865059394, -0.7071067811865890951, 0.000000000000000000 ) ) ;
#2756 = CARTESIAN_POINT ( 'NONE',  ( 108.6720000000000113, 3.238389999999999880, 5.099999999999999645 ) ) ;
#2757 = ORIENTED_EDGE ( 'NONE', *, *, #4390, .F. ) ;
#2758 = DIRECTION ( 'NONE',  ( -0.000000000000000000, -0.000000000000000000, -1.000000000000000000 ) ) ;
#2759 = ORIENTED_EDGE ( 'NONE', *, *, #5401, .F. ) ;
#2760 = DIRECTION ( 'NONE',  ( -0.4512020778594385551, 0.8924218088635693658, 0.000000000000000000 ) ) ;
#2761 = VERTEX_POINT ( 'NONE', #3989 ) ;
#2762 = FACE_OUTER_BOUND ( 'NONE', #126, .T. ) ;
#2763 = PLANE ( 'NONE',  #2187 ) ;
#2764 = CARTESIAN_POINT ( 'NONE',  ( 324.4549999999999841, 121.7000000000000028, 0.000000000000000000 ) ) ;
#2765 = ORIENTED_EDGE ( 'NONE', *, *, #310, .T. ) ;
#2766 = CARTESIAN_POINT ( 'NONE',  ( 2.594850000000002765, 124.5939999999999941, 0.000000000000000000 ) ) ;
#2767 = ADVANCED_FACE ( 'NONE', ( #3580 ), #4911, .T. ) ;
#2768 = EDGE_CURVE ( 'NONE', #3269, #2498, #3611, .T. ) ;
#2769 = CARTESIAN_POINT ( 'NONE',  ( 324.8999999999999773, 124.5169999999999959, 5.099999999999999645 ) ) ;
#2770 = ORIENTED_EDGE ( 'NONE', *, *, #1800, .T. ) ;
#2771 = ADVANCED_FACE ( 'NONE', ( #868 ), #3054, .T. ) ;
#2772 = ADVANCED_FACE ( 'NONE', ( #3549 ), #3114, .T. ) ;
#2773 = CARTESIAN_POINT ( 'NONE',  ( 110.6880000000000024, 1.223700000000000010, 5.099999999999999645 ) ) ;
#2774 = DIRECTION ( 'NONE',  ( 0.1595459401863458804, -0.9871905049027036583, 0.000000000000000000 ) ) ;
#2776 = EDGE_CURVE ( 'NONE', #4090, #3442, #2598, .T. ) ;
#2775 = LINE ( 'NONE', #5545, #567 ) ;
#2777 = ORIENTED_EDGE ( 'NONE', *, *, #1694, .F. ) ;
#2778 = ORIENTED_EDGE ( 'NONE', *, *, #3372, .T. ) ;
#2779 = VERTEX_POINT ( 'NONE', #892 ) ;
#2780 = DIRECTION ( 'NONE',  ( 0.9870883714087316241, 0.1601766119933176746, 0.000000000000000000 ) ) ;
#2781 = ORIENTED_EDGE ( 'NONE', *, *, #4790, .F. ) ;
#2782 = VECTOR ( 'NONE', #5220, 1000.000000000000000 ) ;
#2783 = CARTESIAN_POINT ( 'NONE',  ( 3.888809999999999878, 1.803850000000000176, 5.099999999999999645 ) ) ;
#2784 = ORIENTED_EDGE ( 'NONE', *, *, #5075, .F. ) ;
#2785 = CARTESIAN_POINT ( 'NONE',  ( 1.653650000000000064, 1.451070000000000082, 5.099999999999999645 ) ) ;
#2786 = ORIENTED_EDGE ( 'NONE', *, *, #2823, .T. ) ;
#2787 = CARTESIAN_POINT ( 'NONE',  ( 323.8730000000000473, 122.5010000000000190, 0.000000000000000000 ) ) ;
#2788 = CARTESIAN_POINT ( 'NONE',  ( 326.3360000000000127, 124.2890000000000157, 5.099999999999999645 ) ) ;
#2789 = DIRECTION ( 'NONE',  ( -0.4511861774294280147, -0.8924298478292961301, 0.000000000000000000 ) ) ;
#2790 = CARTESIAN_POINT ( 'NONE',  ( 109.2540000000000049, 124.2890000000000157, 5.099999999999999645 ) ) ;
#2791 = ORIENTED_EDGE ( 'NONE', *, *, #256, .T. ) ;
#2792 = VECTOR ( 'NONE', #3200, 1000.000000000000000 ) ;
#2793 = DIRECTION ( 'NONE',  ( 0.4538115675396488524, 0.8910976720692332931, 0.000000000000000000 ) ) ;
#2794 = DIRECTION ( 'NONE',  ( -0.8916126378921508389, -0.4527989663758082428, 0.000000000000000000 ) ) ;
#2795 = VECTOR ( 'NONE', #207, 1000.000000000000114 ) ;
#2796 = ORIENTED_EDGE ( 'NONE', *, *, #464, .T. ) ;
#2797 = EDGE_CURVE ( 'NONE', #1352, #3634, #2664, .T. ) ;
#2798 = CARTESIAN_POINT ( 'NONE',  ( 0.09508460000000000523, 125.4939999999999998, 0.000000000000000000 ) ) ;
#2799 = SECURITY_CLASSIFICATION ( '', '', #5667 ) ;
#2800 = ORIENTED_EDGE ( 'NONE', *, *, #4940, .T. ) ;
#2801 = LINE ( 'NONE', #2426, #5196 ) ;
#2802 = EDGE_CURVE ( 'NONE', #3259, #179, #2178, .T. ) ;
#2803 = EDGE_CURVE ( 'NONE', #5644, #1669, #4495, .T. ) ;
#2804 = DIRECTION ( 'NONE',  ( -0.000000000000000000, -0.000000000000000000, -1.000000000000000000 ) ) ;
#2805 = CARTESIAN_POINT ( 'NONE',  ( 108.8990000000000151, 1.803850000000000176, 5.099999999999999645 ) ) ;
#2806 = VECTOR ( 'NONE', #2244, 1000.000000000000000 ) ;
#2807 = ORIENTED_EDGE ( 'NONE', *, *, #2966, .T. ) ;
#2808 = AXIS2_PLACEMENT_3D ( 'NONE', #4726, #749, #195 ) ;
#2809 = ORIENTED_EDGE ( 'NONE', *, *, #2095, .F. ) ;
#2810 = LINE ( 'NONE', #1035, #4937 ) ;
#2811 = ORIENTED_EDGE ( 'NONE', *, *, #4240, .F. ) ;
#2812 = VERTEX_POINT ( 'NONE', #1451 ) ;
#2813 = VECTOR ( 'NONE', #866, 1000.000000000000114 ) ;
#2814 = CARTESIAN_POINT ( 'NONE',  ( 2.593469999999999942, 1.143769999999999953, 5.099999999999999645 ) ) ;
#2815 = VERTEX_POINT ( 'NONE', #5050 ) ;
#2816 = PLANE ( 'NONE',  #3644 ) ;
#2817 = LINE ( 'NONE', #5479, #822 ) ;
#2818 = DIRECTION ( 'NONE',  ( -0.4551814095324029918, -0.8903987221554705567, 0.000000000000000000 ) ) ;
#2819 = VECTOR ( 'NONE', #648, 999.9999999999998863 ) ;
#2820 = DIRECTION ( 'NONE',  ( 0.8899839804325223591, 0.4559917922216185637, 0.000000000000000000 ) ) ;
#2821 = DIRECTION ( 'NONE',  ( 0.7071067811865335839, 0.7071067811865613395, 0.000000000000000000 ) ) ;
#2822 = VERTEX_POINT ( 'NONE', #973 ) ;
#2823 = EDGE_CURVE ( 'NONE', #196, #5362, #1476, .T. ) ;
#2824 = CARTESIAN_POINT ( 'NONE',  ( 2.593469999999999942, 121.3940000000000055, 0.000000000000000000 ) ) ;
#2825 = CARTESIAN_POINT ( 'NONE',  ( 2.100130000000000052, 121.4740000000000180, 0.000000000000000000 ) ) ;
#2826 = CARTESIAN_POINT ( 'NONE',  ( 0.09508460000000000523, 0.2439130000000000187, 0.000000000000000000 ) ) ;
#2827 = ORIENTED_EDGE ( 'NONE', *, *, #2920, .F. ) ;
#2828 = ADVANCED_FACE ( 'NONE', ( #947 ), #4604, .T. ) ;
#2829 = CC_DESIGN_DATE_AND_TIME_ASSIGNMENT ( #4792, #4134, ( #2799 ) ) ;
#2830 = CARTESIAN_POINT ( 'NONE',  ( 327.8960000000000150, 0.2439130000000000187, 5.099999999999999645 ) ) ;
#2831 = FACE_OUTER_BOUND ( 'NONE', #4185, .T. ) ;
#2832 = LINE ( 'NONE', #4632, #3602 ) ;
#2833 = LINE ( 'NONE', #4633, #5261 ) ;
#2834 = CARTESIAN_POINT ( 'NONE',  ( 3.888809999999999878, 123.9350000000000023, 0.000000000000000000 ) ) ;
#2835 = VECTOR ( 'NONE', #3318, 1000.000000000000114 ) ;
#2836 = DIRECTION ( 'NONE',  ( 0.4527989663758081873, -0.8916126378921508389, 0.000000000000000000 ) ) ;
#2837 = EDGE_CURVE ( 'NONE', #3062, #3666, #108, .T. ) ;
#2838 = EDGE_CURVE ( 'NONE', #2151, #5422, #4158, .T. ) ;
#2839 = ORIENTED_EDGE ( 'NONE', *, *, #946, .T. ) ;
#2840 = ORIENTED_EDGE ( 'NONE', *, *, #4545, .F. ) ;
#2841 = FACE_BOUND ( 'NONE', #2931, .T. ) ;
#2842 = DIRECTION ( 'NONE',  ( 0.000000000000000000, -0.000000000000000000, -1.000000000000000000 ) ) ;
#2843 = VECTOR ( 'NONE', #186, 1000.000000000000114 ) ;
#2844 = DIRECTION ( 'NONE',  ( 0.9871242698175232144, -0.1599552310405054356, 0.000000000000000000 ) ) ;
#2845 = DIRECTION ( 'NONE',  ( -0.000000000000000000, -0.000000000000000000, -1.000000000000000000 ) ) ;
#2846 = ORIENTED_EDGE ( 'NONE', *, *, #5042, .T. ) ;
#2847 = CARTESIAN_POINT ( 'NONE',  ( 2.100130000000000052, 1.223700000000000010, 5.099999999999999645 ) ) ;
#2848 = VECTOR ( 'NONE', #3761, 1000.000000000000114 ) ;
#2849 = FACE_OUTER_BOUND ( 'NONE', #3136, .T. ) ;
#2850 = LINE ( 'NONE', #5116, #127 ) ;
#2851 = ORIENTED_EDGE ( 'NONE', *, *, #3300, .F. ) ;
#2852 = FACE_BOUND ( 'NONE', #1321, .T. ) ;
#2853 = CARTESIAN_POINT ( 'NONE',  ( 3.088179999999999925, 121.4740000000000180, 0.000000000000000000 ) ) ;
#2854 = VERTEX_POINT ( 'NONE', #2374 ) ;
#2855 = DIRECTION ( 'NONE',  ( -0.9871905049027080992, 0.1595459401863189020, 0.000000000000000000 ) ) ;
#2856 = LINE ( 'NONE', #5531, #88 ) ;
#2857 = CARTESIAN_POINT ( 'NONE',  ( 3.534660000000000135, 1.451070000000000082, 5.099999999999999645 ) ) ;
#2858 = ORIENTED_EDGE ( 'NONE', *, *, #1240, .T. ) ;
#2859 = CARTESIAN_POINT ( 'NONE',  ( 110.6880000000000024, 4.265010000000006407, 5.099999999999999645 ) ) ;
#2860 = FACE_OUTER_BOUND ( 'NONE', #3700, .T. ) ;
#2861 = CARTESIAN_POINT ( 'NONE',  ( 323.7950000000000159, 2.745049999999999990, 0.000000000000000000 ) ) ;
#2862 = CARTESIAN_POINT ( 'NONE',  ( 4.194740000000000357, 122.9939999999999998, 0.000000000000000000 ) ) ;
#2863 = DIRECTION ( 'NONE',  ( 0.1537070062818867988, 0.9881164689548798119, 0.000000000000000000 ) ) ;
#2864 = VERTEX_POINT ( 'NONE', #2320 ) ;
#2865 = ORIENTED_EDGE ( 'NONE', *, *, #204, .F. ) ;
#2866 = DIRECTION ( 'NONE',  ( 0.7072565443460006041, 0.7069569863009727007, 0.000000000000000000 ) ) ;
#2867 = ADVANCED_FACE ( 'NONE', ( #4525 ), #1949, .T. ) ;
#2868 = LINE ( 'NONE', #2814, #1588 ) ;
#2869 = ORIENTED_EDGE ( 'NONE', *, *, #1061, .T. ) ;
#2870 = FACE_OUTER_BOUND ( 'NONE', #773, .T. ) ;
#2871 = LINE ( 'NONE', #1127, #3351 ) ;
#2872 = CARTESIAN_POINT ( 'NONE',  ( 323.8730000000000473, 122.5010000000000190, 5.099999999999999645 ) ) ;
#2873 = CARTESIAN_POINT ( 'NONE',  ( 108.6720000000000113, 122.5010000000000190, 0.000000000000000000 ) ) ;
#2874 = DIRECTION ( 'NONE',  ( 0.1594293233127661025, -0.9872093450064345355, 0.000000000000000000 ) ) ;
#2875 = CARTESIAN_POINT ( 'NONE',  ( 327.8960000000000150, 105.1244291827815971, 5.099999999999999645 ) ) ;
#2876 = ORIENTED_EDGE ( 'NONE', *, *, #1503, .F. ) ;
#2877 = ADVANCED_FACE ( 'NONE', ( #5494 ), #3276, .T. ) ;
#2878 = EDGE_CURVE ( 'NONE', #1455, #403, #4184, .T. ) ;
#2879 = CARTESIAN_POINT ( 'NONE',  ( 1.299490000000000256, 3.684870000000000090, 5.099999999999999645 ) ) ;
#2880 = CARTESIAN_POINT ( 'NONE',  ( 216.8549999999999898, 4.039019999999999833, 0.000000000000000000 ) ) ;
#2881 = FACE_OUTER_BOUND ( 'NONE', #4858, .T. ) ;
#2882 = CARTESIAN_POINT ( 'NONE',  ( 218.2889999999999873, 121.4740000000000180, 0.000000000000000000 ) ) ;
#2883 = ORIENTED_EDGE ( 'NONE', *, *, #2510, .F. ) ;
#2884 = VECTOR ( 'NONE', #169, 1000.000000000000000 ) ;
#2885 = DIRECTION ( 'NONE',  ( -0.000000000000000000, -0.000000000000000000, -1.000000000000000000 ) ) ;
#2886 = VERTEX_POINT ( 'NONE', #2834 ) ;
#2887 = LINE ( 'NONE', #2862, #5394 ) ;
#2888 = DIRECTION ( 'NONE',  ( -0.000000000000000000, -0.000000000000000000, -1.000000000000000000 ) ) ;
#2889 = VECTOR ( 'NONE', #788, 1000.000000000000114 ) ;
#2890 = CARTESIAN_POINT ( 'NONE',  ( 2.594850000000000101, 4.344949999999999868, 5.099999999999999645 ) ) ;
#2891 = VECTOR ( 'NONE', #3812, 1000.000000000000000 ) ;
#2892 = ORIENTED_EDGE ( 'NONE', *, *, #1359, .T. ) ;
#2893 = CARTESIAN_POINT ( 'NONE',  ( 109.2540000000000049, 124.2890000000000157, 5.099999999999999645 ) ) ;
#2894 = VECTOR ( 'NONE', #1798, 1000.000000000000114 ) ;
#2895 = EDGE_CURVE ( 'NONE', #1266, #4683, #2295, .T. ) ;
#2896 = FACE_OUTER_BOUND ( 'NONE', #4496, .T. ) ;
#2897 = VECTOR ( 'NONE', #3023, 999.9999999999998863 ) ;
#2898 = VERTEX_POINT ( 'NONE', #4636 ) ;
#2899 = LINE ( 'NONE', #2847, #5435 ) ;
#2900 = EDGE_CURVE ( 'NONE', #3454, #3411, #496, .T. ) ;
#2901 = CARTESIAN_POINT ( 'NONE',  ( 216.2719999999999914, 2.248959999999999848, 5.099999999999999645 ) ) ;
#2902 = PLANE ( 'NONE',  #2294 ) ;
#2903 = LINE ( 'NONE', #667, #2000 ) ;
#2904 = ORIENTED_EDGE ( 'NONE', *, *, #1800, .F. ) ;
#2905 = VECTOR ( 'NONE', #2293, 1000.000000000000000 ) ;
#2906 = ORIENTED_EDGE ( 'NONE', *, *, #1599, .T. ) ;
#2907 = VECTOR ( 'NONE', #5705, 1000.000000000000000 ) ;
#2908 = CARTESIAN_POINT ( 'NONE',  ( 326.9159999999999968, 122.5010000000000190, 5.099999999999999645 ) ) ;
#2909 = EDGE_CURVE ( 'NONE', #991, #5292, #2401, .T. ) ;
#2910 = EDGE_CURVE ( 'NONE', #4997, #3434, #2775, .T. ) ;
#2911 = CARTESIAN_POINT ( 'NONE',  ( 219.3160000000000025, 2.248959999999999848, 0.000000000000000000 ) ) ;
#2912 = CARTESIAN_POINT ( 'NONE',  ( 218.2889999999999873, 1.223700000000000010, 5.099999999999999645 ) ) ;
#2913 = EDGE_LOOP ( 'NONE', ( #1297, #3415, #3578, #503 ) ) ;
#2914 = CARTESIAN_POINT ( 'NONE',  ( 2.594850000000000101, 4.344949999999999868, 5.099999999999999645 ) ) ;
#2915 = DIRECTION ( 'NONE',  ( -0.8908112580283464865, 0.4543735275849096200, 0.000000000000000000 ) ) ;
#2916 = PLANE ( 'NONE',  #2336 ) ;
#2917 = LINE ( 'NONE', #4717, #5098 ) ;
#2918 = DIRECTION ( 'NONE',  ( -0.000000000000000000, -0.000000000000000000, -1.000000000000000000 ) ) ;
#2919 = LINE ( 'NONE', #5194, #3574 ) ;
#2920 = EDGE_CURVE ( 'NONE', #4661, #4973, #2720, .T. ) ;
#2921 = ORIENTED_EDGE ( 'NONE', *, *, #1000, .T. ) ;
#2922 = VECTOR ( 'NONE', #1957, 1000.000000000000114 ) ;
#2923 = CARTESIAN_POINT ( 'NONE',  ( 216.8549999999999898, 1.451070000000000082, 5.099999999999999645 ) ) ;
#2924 = ORIENTED_EDGE ( 'NONE', *, *, #683, .T. ) ;
#2925 = CARTESIAN_POINT ( 'NONE',  ( 216.8549999999999898, 121.7000000000000028, 5.099999999999999645 ) ) ;
#2926 = ORIENTED_EDGE ( 'NONE', *, *, #4483, .F. ) ;
#2927 = FACE_OUTER_BOUND ( 'NONE', #3558, .T. ) ;
#2928 = LINE ( 'NONE', #3308, #458 ) ;
#2929 = CARTESIAN_POINT ( 'NONE',  ( 4.114840000000000053, 122.5010000000000190, 5.099999999999999645 ) ) ;
#2930 = LINE ( 'NONE', #2440, #4155 ) ;
#2931 = EDGE_LOOP ( 'NONE', ( #5778, #366, #3399, #930, #1170, #3095, #3865, #318, #3334, #5495, #3977, #761, #2190, #2744, #3086, #3150, #2177, #5811, #2529, #2331 ) ) ;
#2932 = CARTESIAN_POINT ( 'NONE',  ( 327.8960000000000150, 125.4939999999999998, 5.099999999999999645 ) ) ;
#2933 = CARTESIAN_POINT ( 'NONE',  ( 326.6899999999999977, 3.684870000000000090, 0.000000000000000000 ) ) ;
#2934 = VECTOR ( 'NONE', #624, 1000.000000000000000 ) ;
#2935 = FACE_OUTER_BOUND ( 'NONE', #4399, .T. ) ;
#2936 = ORIENTED_EDGE ( 'NONE', *, *, #1110, .T. ) ;
#2937 = DIRECTION ( 'NONE',  ( -0.4516204456943435641, 0.8922101619186156851, 0.000000000000000000 ) ) ;
#2938 = VECTOR ( 'NONE', #1249, 1000.000000000000114 ) ;
#2939 = VERTEX_POINT ( 'NONE', #1836 ) ;
#2940 = DIRECTION ( 'NONE',  ( -0.000000000000000000, -0.000000000000000000, -1.000000000000000000 ) ) ;
#2941 = CARTESIAN_POINT ( 'NONE',  ( 0.09508460000000000523, 125.4939999999999998, 5.099999999999999645 ) ) ;
#2942 = EDGE_LOOP ( 'NONE', ( #5395, #4506, #5488, #1349 ) ) ;
#2943 = CARTESIAN_POINT ( 'NONE',  ( 324.8999999999999773, 1.223700000000000010, 5.099999999999999645 ) ) ;
#2944 = EDGE_CURVE ( 'NONE', #4947, #1558, #75, .T. ) ;
#2945 = CARTESIAN_POINT ( 'NONE',  ( 323.8730000000000473, 123.4890000000000043, 5.099999999999999645 ) ) ;
#2946 = LINE ( 'NONE', #4806, #1843 ) ;
#2947 = VECTOR ( 'NONE', #63, 1000.000000000000114 ) ;
#2948 = DIRECTION ( 'NONE',  ( 0.1533772373344627904, -0.9881677099903880546, 0.000000000000000000 ) ) ;
#2949 = CARTESIAN_POINT ( 'NONE',  ( 326.6899999999999977, 3.684870000000000090, 5.099999999999999645 ) ) ;
#2950 = DIRECTION ( 'NONE',  ( 0.9881634915692752985, 0.1534044130056855526, 0.000000000000000000 ) ) ;
#2951 = EDGE_CURVE ( 'NONE', #5731, #4137, #5027, .T. ) ;
#2952 = DIRECTION ( 'NONE',  ( -0.7071067811865059394, 0.7071067811865890951, 0.000000000000000000 ) ) ;
#2953 = EDGE_CURVE ( 'NONE', #3454, #763, #2750, .T. ) ;
#2954 = ORIENTED_EDGE ( 'NONE', *, *, #3589, .F. ) ;
#2955 = LINE ( 'NONE', #717, #3703 ) ;
#2956 = DIRECTION ( 'NONE',  ( -0.7071067811865336949, 0.7071067811865614505, 0.000000000000000000 ) ) ;
#2957 = EDGE_CURVE ( 'NONE', #5477, #1051, #1864, .T. ) ;
#2958 = CARTESIAN_POINT ( 'NONE',  ( 219.0900000000000034, 122.0540000000000163, 0.000000000000000000 ) ) ;
#2959 = ORIENTED_EDGE ( 'NONE', *, *, #3922, .T. ) ;
#2960 = DIRECTION ( 'NONE',  ( 0.8900297104512623347, 0.4559025274266882422, -0.000000000000000000 ) ) ;
#2961 = DIRECTION ( 'NONE',  ( -0.000000000000000000, -0.000000000000000000, -1.000000000000000000 ) ) ;
#2962 = LINE ( 'NONE', #2467, #734 ) ;
#2963 = ORIENTED_EDGE ( 'NONE', *, *, #578, .F. ) ;
#2964 = DIRECTION ( 'NONE',  ( 0.4549929400046101025, 0.8904950446498629546, -0.000000000000000000 ) ) ;
#2965 = LINE ( 'NONE', #3060, #1627 ) ;
#2966 = EDGE_CURVE ( 'NONE', #2126, #1839, #246, .T. ) ;
#2967 = ORIENTED_EDGE ( 'NONE', *, *, #1584, .F. ) ;
#2968 = CARTESIAN_POINT ( 'NONE',  ( 111.1350000000000051, 124.2890000000000157, 5.099999999999999645 ) ) ;
#2969 = ORIENTED_EDGE ( 'NONE', *, *, #895, .F. ) ;
#2970 = CARTESIAN_POINT ( 'NONE',  ( 216.2719999999999914, 122.5010000000000190, 5.099999999999999645 ) ) ;
#2971 = ORIENTED_EDGE ( 'NONE', *, *, #716, .T. ) ;
#2972 = EDGE_CURVE ( 'NONE', #2815, #3790, #3389, .T. ) ;
#2973 = AXIS2_PLACEMENT_3D ( 'NONE', #5794, #4449, #510 ) ;
#2974 = PLANE ( 'NONE',  #248 ) ;
#2975 = CARTESIAN_POINT ( 'NONE',  ( 2.593469999999999942, 1.143769999999999953, 0.000000000000000000 ) ) ;
#2976 = CARTESIAN_POINT ( 'NONE',  ( 326.3360000000000127, 1.451070000000000082, 0.000000000000000000 ) ) ;
#2977 = DIRECTION ( 'NONE',  ( -0.7069569863009310673, 0.7072565443460422374, 0.000000000000000000 ) ) ;
#2978 = EDGE_LOOP ( 'NONE', ( #3758, #1789, #3181, #1479 ) ) ;
#2979 = CARTESIAN_POINT ( 'NONE',  ( 110.6880000000000024, 1.223700000000000010, 5.099999999999999645 ) ) ;
#2980 = CARTESIAN_POINT ( 'NONE',  ( 324.4549999999999841, 4.039019999999999833, 5.099999999999999645 ) ) ;
#2981 = VECTOR ( 'NONE', #3447, 1000.000000000000114 ) ;
#2982 = VERTEX_POINT ( 'NONE', #5162 ) ;
#2983 = EDGE_CURVE ( 'NONE', #2854, #3629, #2919, .T. ) ;
#2984 = EDGE_CURVE ( 'NONE', #493, #787, #1150, .T. ) ;
#2985 = VECTOR ( 'NONE', #4828, 1000.000000000000227 ) ;
#2986 = DIRECTION ( 'NONE',  ( 0.8922101619186266763, -0.4516204456943218037, 0.000000000000000000 ) ) ;
#2987 = DIRECTION ( 'NONE',  ( -0.7071067811865613395, -0.7071067811865335839, 0.000000000000000000 ) ) ;
#2988 = ORIENTED_EDGE ( 'NONE', *, *, #5045, .T. ) ;
#2989 = CARTESIAN_POINT ( 'NONE',  ( 108.5949999999999989, 2.745049999999999990, 5.099999999999999645 ) ) ;
#2990 = VECTOR ( 'NONE', #694, 1000.000000000000000 ) ;
#2991 = VERTEX_POINT ( 'NONE', #712 ) ;
#2992 = CARTESIAN_POINT ( 'NONE',  ( 326.9159999999999968, 2.248959999999999848, 5.099999999999999645 ) ) ;
#2993 = CARTESIAN_POINT ( 'NONE',  ( 1.299490000000000256, 3.684870000000000090, 0.000000000000000000 ) ) ;
#2994 = CALENDAR_DATE ( 2026, 25, 9 ) ;
#2995 = PLANE ( 'NONE',  #4820 ) ;
#2996 = ORIENTED_EDGE ( 'NONE', *, *, #3216, .T. ) ;
#2997 = CARTESIAN_POINT ( 'NONE',  ( 322.8949999999999818, 105.1244291827815971, 5.099999999999999645 ) ) ;
#2998 = ORIENTED_EDGE ( 'NONE', *, *, #3941, .T. ) ;
#2999 = AXIS2_PLACEMENT_3D ( 'NONE', #135, #1505, #4100 ) ;
#3000 = ORIENTED_EDGE ( 'NONE', *, *, #2278, .F. ) ;
#3001 = CARTESIAN_POINT ( 'NONE',  ( 324.8999999999999773, 121.4740000000000180, 5.099999999999999645 ) ) ;
#3002 = ORIENTED_EDGE ( 'NONE', *, *, #953, .T. ) ;
#3003 = EDGE_CURVE ( 'NONE', #2567, #5806, #5543, .T. ) ;
#3004 = CARTESIAN_POINT ( 'NONE',  ( 1.072109999999999896, 122.5010000000000190, 0.000000000000000000 ) ) ;
#3005 = VECTOR ( 'NONE', #1528, 1000.000000000000000 ) ;
#3006 = VERTEX_POINT ( 'NONE', #4299 ) ;
#3007 = DIRECTION ( 'NONE',  ( -0.7083262900088698188, 0.7058851655065930819, 0.000000000000000000 ) ) ;
#3008 = ORIENTED_EDGE ( 'NONE', *, *, #3746, .F. ) ;
#3009 = LINE ( 'NONE', #336, #2782 ) ;
#3010 = VECTOR ( 'NONE', #4573, 1000.000000000000000 ) ;
#3011 = CARTESIAN_POINT ( 'NONE',  ( 108.8990000000000151, 3.684870000000000090, 5.099999999999999645 ) ) ;
#3012 = EDGE_CURVE ( 'NONE', #4683, #3488, #277, .T. ) ;
#3013 = CARTESIAN_POINT ( 'NONE',  ( 326.3360000000000127, 121.7000000000000028, 5.099999999999999645 ) ) ;
#3014 = VERTEX_POINT ( 'NONE', #4689 ) ;
#3015 = CARTESIAN_POINT ( 'NONE',  ( 325.3960000000000150, 124.5939999999999941, 5.099999999999999645 ) ) ;
#3016 = VECTOR ( 'NONE', #2203, 1000.000000000000227 ) ;
#3017 = FACE_OUTER_BOUND ( 'NONE', #1776, .T. ) ;
#3018 = ORIENTED_EDGE ( 'NONE', *, *, #5813, .T. ) ;
#3019 = LINE ( 'NONE', #4814, #380 ) ;
#3020 = ORIENTED_EDGE ( 'NONE', *, *, #4727, .T. ) ;
#3021 = EDGE_CURVE ( 'NONE', #4882, #4222, #188, .T. ) ;
#3022 = ADVANCED_FACE ( 'NONE', ( #2068 ), #5129, .T. ) ;
#3023 = DIRECTION ( 'NONE',  ( -0.9881164689548841418, -0.1537070062818597926, 0.000000000000000000 ) ) ;
#3024 = VECTOR ( 'NONE', #2145, 1000.000000000000227 ) ;
#3025 = ORIENTED_EDGE ( 'NONE', *, *, #836, .F. ) ;
#3026 = FACE_OUTER_BOUND ( 'NONE', #4904, .T. ) ;
#3027 = CARTESIAN_POINT ( 'NONE',  ( 326.6899999999999977, 1.803850000000000176, 0.000000000000000000 ) ) ;
#3028 = DIRECTION ( 'NONE',  ( -0.1567122161024270821, -0.9876443091134916585, 0.000000000000000000 ) ) ;
#3029 = ORIENTED_EDGE ( 'NONE', *, *, #724, .F. ) ;
#3030 = DIRECTION ( 'NONE',  ( 0.1543157444027945246, -0.9880215842932841275, 0.000000000000000000 ) ) ;
#3031 = VERTEX_POINT ( 'NONE', #4660 ) ;
#3032 = VECTOR ( 'NONE', #5592, 1000.000000000000114 ) ;
#3033 = EDGE_CURVE ( 'NONE', #2635, #2144, #2562, .T. ) ;
#3034 = EDGE_CURVE ( 'NONE', #1951, #1522, #1049, .T. ) ;
#3035 = EDGE_LOOP ( 'NONE', ( #3642, #1768, #1426, #832 ) ) ;
#3036 = CARTESIAN_POINT ( 'NONE',  ( 324.8999999999999773, 124.5169999999999959, 0.000000000000000000 ) ) ;
#3037 = ORIENTED_EDGE ( 'NONE', *, *, #2454, .F. ) ;
#3038 = CARTESIAN_POINT ( 'NONE',  ( 219.3160000000000025, 3.238389999999999880, 0.000000000000000000 ) ) ;
#3039 = ORIENTED_EDGE ( 'NONE', *, *, #5767, .T. ) ;
#3040 = ORIENTED_EDGE ( 'NONE', *, *, #555, .F. ) ;
#3041 = CARTESIAN_POINT ( 'NONE',  ( 110.1950000000000074, 1.143769999999999953, 0.000000000000000000 ) ) ;
#3042 = VECTOR ( 'NONE', #5144, 1000.000000000000000 ) ;
#3043 = EDGE_CURVE ( 'NONE', #580, #2511, #1494, .T. ) ;
#3044 = CARTESIAN_POINT ( 'NONE',  ( 1.653650000000000064, 4.039019999999999833, 0.000000000000000000 ) ) ;
#3045 = CARTESIAN_POINT ( 'NONE',  ( 324.1010000000000559, 3.684870000000000090, 0.000000000000000000 ) ) ;
#3046 = DIRECTION ( 'NONE',  ( -0.7071067811865059394, -0.7071067811865890951, 0.000000000000000000 ) ) ;
#3047 = VECTOR ( 'NONE', #1907, 1000.000000000000114 ) ;
#3048 = ORIENTED_EDGE ( 'NONE', *, *, #5093, .F. ) ;
#3049 = DIRECTION ( 'NONE',  ( -0.9880215842932855708, 0.1543157444027860870, 0.000000000000000000 ) ) ;
#3050 = FACE_OUTER_BOUND ( 'NONE', #3990, .T. ) ;
#3051 = VECTOR ( 'NONE', #2404, 1000.000000000000000 ) ;
#3052 = ORIENTED_EDGE ( 'NONE', *, *, #360, .T. ) ;
#3053 = LINE ( 'NONE', #3142, #4126 ) ;
#3054 = PLANE ( 'NONE',  #4988 ) ;
#3055 = ORIENTED_EDGE ( 'NONE', *, *, #3849, .T. ) ;
#3056 = DIRECTION ( 'NONE',  ( 0.4520072321735774112, -0.8920142723425347198, 0.000000000000000000 ) ) ;
#3057 = CARTESIAN_POINT ( 'NONE',  ( 324.1010000000000559, 1.803850000000000176, 0.000000000000000000 ) ) ;
#3058 = ORIENTED_EDGE ( 'NONE', *, *, #1928, .T. ) ;
#3059 = EDGE_CURVE ( 'NONE', #1857, #5587, #2743, .T. ) ;
#3060 = CARTESIAN_POINT ( 'NONE',  ( 108.8990000000000151, 1.803850000000000176, 0.000000000000000000 ) ) ;
#3061 = DIRECTION ( 'NONE',  ( -0.000000000000000000, -0.000000000000000000, -1.000000000000000000 ) ) ;
#3062 = VERTEX_POINT ( 'NONE', #1109 ) ;
#3063 = DIRECTION ( 'NONE',  ( -0.000000000000000000, -0.000000000000000000, -1.000000000000000000 ) ) ;
#3064 = EDGE_LOOP ( 'NONE', ( #1924, #2733, #845, #5318 ) ) ;
#3065 = FACE_OUTER_BOUND ( 'NONE', #2376, .T. ) ;
#3066 = EDGE_LOOP ( 'NONE', ( #4193, #1933, #3647, #825 ) ) ;
#3067 = ADVANCED_FACE ( 'NONE', ( #703 ), #1169, .T. ) ;
#3068 = ADVANCED_FACE ( 'NONE', ( #4709 ), #5675, .T. ) ;
#3069 = VERTEX_POINT ( 'NONE', #4356 ) ;
#3070 = CARTESIAN_POINT ( 'NONE',  ( 324.8999999999999773, 4.265010000000000190, 5.099999999999999645 ) ) ;
#3071 = DIRECTION ( 'NONE',  ( -0.4547933146790936743, -0.8905970137627921002, 0.000000000000000000 ) ) ;
#3072 = CARTESIAN_POINT ( 'NONE',  ( 4.114840000000000053, 3.238389999999999880, 0.000000000000000000 ) ) ;
#3073 = ORIENTED_EDGE ( 'NONE', *, *, #715, .T. ) ;
#3074 = LINE ( 'NONE', #1440, #4724 ) ;
#3075 = AXIS2_PLACEMENT_3D ( 'NONE', #3536, #10, #1797 ) ;
#3076 = ORIENTED_EDGE ( 'NONE', *, *, #1757, .T. ) ;
#3077 = ORIENTED_EDGE ( 'NONE', *, *, #967, .T. ) ;
#3078 = EDGE_CURVE ( 'NONE', #4056, #801, #4290, .T. ) ;
#3079 = LINE ( 'NONE', #2140, #743 ) ;
#3080 = AXIS2_PLACEMENT_3D ( 'NONE', #5441, #4467, #1499 ) ;
#3081 = VERTEX_POINT ( 'NONE', #238 ) ;
#3082 = CARTESIAN_POINT ( 'NONE',  ( 218.2889999999999873, 124.5169999999999959, 5.099999999999999645 ) ) ;
#3083 = ORIENTED_EDGE ( 'NONE', *, *, #1767, .T. ) ;
#3084 = VECTOR ( 'NONE', #1355, 1000.000000000000000 ) ;
#3085 = CARTESIAN_POINT ( 'NONE',  ( 216.2719999999999914, 122.5010000000000190, 5.099999999999999645 ) ) ;
#3086 = ORIENTED_EDGE ( 'NONE', *, *, #3012, .T. ) ;
#3087 = FACE_OUTER_BOUND ( 'NONE', #2978, .T. ) ;
#3088 = ORIENTED_EDGE ( 'NONE', *, *, #5357, .T. ) ;
#3089 = CC_DESIGN_SECURITY_CLASSIFICATION ( #2799, ( #1861 ) ) ;
#3090 = ORIENTED_EDGE ( 'NONE', *, *, #1055, .F. ) ;
#3091 = CARTESIAN_POINT ( 'NONE',  ( 110.6880000000000024, 1.223700000000000010, 5.099999999999999645 ) ) ;
#3092 = VERTEX_POINT ( 'NONE', #1589 ) ;
#3093 = CARTESIAN_POINT ( 'NONE',  ( 4.194740000000000357, 2.745049999999999990, 5.099999999999999645 ) ) ;
#3094 = AXIS2_PLACEMENT_3D ( 'NONE', #2872, #3842, #635 ) ;
#3095 = ORIENTED_EDGE ( 'NONE', *, *, #4460, .T. ) ;
#3096 = CARTESIAN_POINT ( 'NONE',  ( 109.2540000000000049, 124.2890000000000157, 5.099999999999999645 ) ) ;
#3097 = ORIENTED_EDGE ( 'NONE', *, *, #4840, .F. ) ;
#3098 = LINE ( 'NONE', #5372, #1750 ) ;
#3099 = AXIS2_PLACEMENT_3D ( 'NONE', #119, #3, #3180 ) ;
#3100 = FACE_OUTER_BOUND ( 'NONE', #4394, .T. ) ;
#3101 = ADVANCED_FACE ( 'NONE', ( #5185 ), #2501, .T. ) ;
#3102 = EDGE_CURVE ( 'NONE', #4262, #1213, #4478, .T. ) ;
#3103 = VECTOR ( 'NONE', #1030, 1000.000000000000114 ) ;
#3104 = LINE ( 'NONE', #4900, #5348 ) ;
#3105 = LINE ( 'NONE', #4424, #1046 ) ;
#3106 = ORIENTED_EDGE ( 'NONE', *, *, #256, .F. ) ;
#3107 = DIRECTION ( 'NONE',  ( -0.1581185208565923372, 0.9874201402453381959, 0.000000000000000000 ) ) ;
#3108 = VECTOR ( 'NONE', #2888, 1000.000000000000000 ) ;
#3109 = ORIENTED_EDGE ( 'NONE', *, *, #3733, .T. ) ;
#3110 = DIRECTION ( 'NONE',  ( -0.000000000000000000, -0.000000000000000000, -1.000000000000000000 ) ) ;
#3111 = VECTOR ( 'NONE', #2137, 1000.000000000000114 ) ;
#3112 = EDGE_LOOP ( 'NONE', ( #5790, #3129, #340, #4767 ) ) ;
#3113 = DIRECTION ( 'NONE',  ( -0.000000000000000000, -0.000000000000000000, -1.000000000000000000 ) ) ;
#3114 = PLANE ( 'NONE',  #278 ) ;
#3115 = ORIENTED_EDGE ( 'NONE', *, *, #2011, .F. ) ;
#3116 = CARTESIAN_POINT ( 'NONE',  ( 326.9959999999999809, 2.745049999999999990, 0.000000000000000000 ) ) ;
#3117 = CARTESIAN_POINT ( 'NONE',  ( 4.114840000000000053, 3.238389999999999880, 5.099999999999999645 ) ) ;
#3118 = VERTEX_POINT ( 'NONE', #482 ) ;
#3119 = APPROVAL_DATE_TIME ( #5387, #809 ) ;
#3120 = VERTEX_POINT ( 'NONE', #5334 ) ;
#3121 = CARTESIAN_POINT ( 'NONE',  ( 324.4549999999999841, 124.2890000000000157, 0.000000000000000000 ) ) ;
#3122 = ORIENTED_EDGE ( 'NONE', *, *, #2803, .F. ) ;
#3123 = VERTEX_POINT ( 'NONE', #2159 ) ;
#3124 = PLANE ( 'NONE',  #3099 ) ;
#3125 = VERTEX_POINT ( 'NONE', #4005 ) ;
#3126 = CARTESIAN_POINT ( 'NONE',  ( 323.8730000000000473, 2.248959999999999848, 5.099999999999999645 ) ) ;
#3127 = CARTESIAN_POINT ( 'NONE',  ( 108.8990000000000151, 122.0540000000000163, 5.099999999999999645 ) ) ;
#3128 = VECTOR ( 'NONE', #5012, 1000.000000000000114 ) ;
#3129 = ORIENTED_EDGE ( 'NONE', *, *, #5335, .F. ) ;
#3130 = DIRECTION ( 'NONE',  ( -0.7071067811865613395, 0.7071067811865335839, 0.000000000000000000 ) ) ;
#3131 = LINE ( 'NONE', #3980, #1395 ) ;
#3132 = LINE ( 'NONE', #5403, #548 ) ;
#3133 = CARTESIAN_POINT ( 'NONE',  ( 109.7000000000000028, 4.265010000000000190, 5.099999999999999645 ) ) ;
#3134 = VECTOR ( 'NONE', #1579, 1000.000000000000114 ) ;
#3135 = EDGE_CURVE ( 'NONE', #1380, #3541, #1286, .T. ) ;
#3136 = EDGE_LOOP ( 'NONE', ( #5809, #5040, #5060, #1282 ) ) ;
#3137 = DIRECTION ( 'NONE',  ( -0.1543157444027860870, -0.9880215842932855708, 0.000000000000000000 ) ) ;
#3138 = AXIS2_PLACEMENT_3D ( 'NONE', #1375, #3174, #4530 ) ;
#3139 = VERTEX_POINT ( 'NONE', #1704 ) ;
#3140 = EDGE_CURVE ( 'NONE', #2104, #509, #3507, .T. ) ;
#3141 = EDGE_CURVE ( 'NONE', #3139, #4093, #5305, .T. ) ;
#3142 = CARTESIAN_POINT ( 'NONE',  ( 326.6899999999999977, 123.9350000000000023, 5.099999999999999645 ) ) ;
#3143 = CARTESIAN_POINT ( 'NONE',  ( 3.088179999999999925, 4.265010000000001078, 5.099999999999999645 ) ) ;
#3144 = ORIENTED_EDGE ( 'NONE', *, *, #2944, .F. ) ;
#3145 = DIRECTION ( 'NONE',  ( -0.1542119231227192799, -0.9880377941995904800, 0.000000000000000000 ) ) ;
#3146 = EDGE_LOOP ( 'NONE', ( #5668, #3583, #3364, #1748 ) ) ;
#3147 = DIRECTION ( 'NONE',  ( 0.4527259285258880550, 0.8916497258679400018, 0.000000000000000000 ) ) ;
#3148 = ORIENTED_EDGE ( 'NONE', *, *, #1027, .T. ) ;
#3149 = CARTESIAN_POINT ( 'NONE',  ( 3.088179999999999925, 124.5169999999999959, 5.099999999999999645 ) ) ;
#3150 = ORIENTED_EDGE ( 'NONE', *, *, #2726, .T. ) ;
#3151 = DIRECTION ( 'NONE',  ( -0.000000000000000000, -0.000000000000000000, -1.000000000000000000 ) ) ;
#3152 = ORIENTED_EDGE ( 'NONE', *, *, #2344, .T. ) ;
#3153 = PRODUCT ( 'openfinal', 'openfinal', '', ( #4885 ) ) ;
#3154 = CARTESIAN_POINT ( 'NONE',  ( 111.4890000000000043, 1.803850000000000176, 5.099999999999999645 ) ) ;
#3155 = DIRECTION ( 'NONE',  ( -0.000000000000000000, -0.000000000000000000, -1.000000000000000000 ) ) ;
#3156 = DIRECTION ( 'NONE',  ( 0.000000000000000000, 0.000000000000000000, 1.000000000000000000 ) ) ;
#3157 = EDGE_LOOP ( 'NONE', ( #5337, #4951, #264, #3391 ) ) ;
#3158 = PLANE ( 'NONE',  #4383 ) ;
#3159 = FACE_OUTER_BOUND ( 'NONE', #2709, .T. ) ;
#3160 = CARTESIAN_POINT ( 'NONE',  ( 217.3000000000000114, 4.265010000000000190, 0.000000000000000000 ) ) ;
#3161 = ORIENTED_EDGE ( 'NONE', *, *, #4783, .F. ) ;
#3162 = EDGE_CURVE ( 'NONE', #2015, #405, #2644, .T. ) ;
#3163 = ORIENTED_EDGE ( 'NONE', *, *, #1023, .F. ) ;
#3164 = LINE ( 'NONE', #4963, #5465 ) ;
#3165 = CC_DESIGN_PERSON_AND_ORGANIZATION_ASSIGNMENT ( #1637, #5235, ( #2799 ) ) ;
#3166 = VERTEX_POINT ( 'NONE', #2022 ) ;
#3167 = CARTESIAN_POINT ( 'NONE',  ( 323.8730000000000473, 123.4890000000000043, 0.000000000000000000 ) ) ;
#3168 = LINE ( 'NONE', #3082, #3277 ) ;
#3169 = ORIENTED_EDGE ( 'NONE', *, *, #2699, .F. ) ;
#3170 = EDGE_CURVE ( 'NONE', #2151, #523, #4317, .T. ) ;
#3171 = EDGE_CURVE ( 'NONE', #2597, #3794, #4345, .T. ) ;
#3172 = CARTESIAN_POINT ( 'NONE',  ( 1.072109999999999896, 2.248959999999999848, 5.099999999999999645 ) ) ;
#3173 = VERTEX_POINT ( 'NONE', #5641 ) ;
#3174 = DIRECTION ( 'NONE',  ( 0.9881677099903881656, 0.1533772373344628182, -0.000000000000000000 ) ) ;
#3175 = ORIENTED_EDGE ( 'NONE', *, *, #3924, .F. ) ;
#3176 = PLANE ( 'NONE',  #3287 ) ;
#3177 = LINE ( 'NONE', #2303, #1689 ) ;
#3178 = VECTOR ( 'NONE', #4453, 1000.000000000000114 ) ;
#3179 = EDGE_LOOP ( 'NONE', ( #2590, #3777, #3115, #2678, #42, #1458, #5272, #4217, #4110, #3377, #3528, #4135, #3822, #2202, #5125, #4529, #4523, #374, #1273, #2631 ) ) ;
#3180 = DIRECTION ( 'NONE',  ( -0.7081034065937691357, 0.7061087491104320879, 0.000000000000000000 ) ) ;
#3181 = ORIENTED_EDGE ( 'NONE', *, *, #1973, .T. ) ;
#3182 = DIRECTION ( 'NONE',  ( 0.1542119231227192799, 0.9880377941995904800, 0.000000000000000000 ) ) ;
#3183 = DIRECTION ( 'NONE',  ( -0.8912071782601717063, -0.4535964786211886812, 0.000000000000000000 ) ) ;
#3184 = ORIENTED_EDGE ( 'NONE', *, *, #2075, .T. ) ;
#3185 = VECTOR ( 'NONE', #5303, 1000.000000000000227 ) ;
#3186 = DIRECTION ( 'NONE',  ( 0.4559917922215736552, -0.8899839804325454518, 0.000000000000000000 ) ) ;
#3187 = CARTESIAN_POINT ( 'NONE',  ( 218.7359999999999900, 4.039019999999999833, 0.000000000000000000 ) ) ;
#3188 = EDGE_CURVE ( 'NONE', #2350, #1857, #5609, .T. ) ;
#3189 = VECTOR ( 'NONE', #5088, 1000.000000000000114 ) ;
#3190 = CARTESIAN_POINT ( 'NONE',  ( 0.09508460000000000523, 125.4939999999999998, 0.000000000000000000 ) ) ;
#3191 = EDGE_LOOP ( 'NONE', ( #5206, #5232, #4863, #4041, #3718, #4443, #395, #3396, #668, #4473, #4133, #3369, #776, #2521, #3591, #4970, #2781, #1892, #3546, #2402 ) ) ;
#3192 = VECTOR ( 'NONE', #598, 1000.000000000000000 ) ;
#3193 = VECTOR ( 'NONE', #1954, 1000.000000000000227 ) ;
#3194 = ORIENTED_EDGE ( 'NONE', *, *, #5753, .T. ) ;
#3195 = VECTOR ( 'NONE', #1131, 1000.000000000000114 ) ;
#3196 = CARTESIAN_POINT ( 'NONE',  ( 216.5010000000000048, 3.684870000000000090, 0.000000000000000000 ) ) ;
#3197 = DIRECTION ( 'NONE',  ( 0.1599815188204922467, 0.9871200097434397192, 0.000000000000000000 ) ) ;
#3198 = AXIS2_PLACEMENT_3D ( 'NONE', #4811, #1978, #4691 ) ;
#3199 = ORIENTED_EDGE ( 'NONE', *, *, #4067, .T. ) ;
#3200 = DIRECTION ( 'NONE',  ( -0.4516681659875569910, 0.8921860051768558675, 0.000000000000000000 ) ) ;
#3201 = CARTESIAN_POINT ( 'NONE',  ( 326.6899999999999977, 123.9350000000000023, 5.099999999999999645 ) ) ;
#3202 = LINE ( 'NONE', #4555, #4249 ) ;
#3203 = ORIENTED_EDGE ( 'NONE', *, *, #406, .T. ) ;
#3204 = EDGE_CURVE ( 'NONE', #1807, #871, #1191, .T. ) ;
#3205 = EDGE_CURVE ( 'NONE', #2125, #4321, #3371, .T. ) ;
#3206 = DIRECTION ( 'NONE',  ( -0.9874031093311856910, 0.1582248390206373312, 0.000000000000000000 ) ) ;
#3207 = FACE_OUTER_BOUND ( 'NONE', #714, .T. ) ;
#3208 = EDGE_LOOP ( 'NONE', ( #2281, #2135, #5197, #3556 ) ) ;
#3209 = CARTESIAN_POINT ( 'NONE',  ( 0.09508460000000000523, 0.2439130000000000187, 5.099999999999999645 ) ) ;
#3210 = VERTEX_POINT ( 'NONE', #2933 ) ;
#3211 = LINE ( 'NONE', #1794, #3736 ) ;
#3212 = LINE ( 'NONE', #964, #2119 ) ;
#3213 = CARTESIAN_POINT ( 'NONE',  ( 108.6720000000000113, 122.5010000000000190, 0.000000000000000000 ) ) ;
#3214 = ORIENTED_EDGE ( 'NONE', *, *, #2120, .T. ) ;
#3215 = EDGE_CURVE ( 'NONE', #4596, #4882, #4734, .T. ) ;
#3216 = EDGE_CURVE ( 'NONE', #5147, #3920, #5558, .T. ) ;
#3217 = CARTESIAN_POINT ( 'NONE',  ( 219.3160000000000025, 123.4890000000000043, 5.099999999999999645 ) ) ;
#3218 = ORIENTED_EDGE ( 'NONE', *, *, #2618, .T. ) ;
#3219 = CARTESIAN_POINT ( 'NONE',  ( 326.6899999999999977, 123.9350000000000023, 0.000000000000000000 ) ) ;
#3220 = VERTEX_POINT ( 'NONE', #3340 ) ;
#3221 = DIRECTION ( 'NONE',  ( 0.7062587228899639413, -0.7079538235943337865, 0.000000000000000000 ) ) ;
#3222 = VECTOR ( 'NONE', #2105, 1000.000000000000114 ) ;
#3223 = DIRECTION ( 'NONE',  ( -0.000000000000000000, -0.000000000000000000, -1.000000000000000000 ) ) ;
#3224 = LINE ( 'NONE', #2372, #1964 ) ;
#3225 = VECTOR ( 'NONE', #5146, 1000.000000000000000 ) ;
#3226 = DIRECTION ( 'NONE',  ( -0.000000000000000000, -0.000000000000000000, -1.000000000000000000 ) ) ;
#3227 = VERTEX_POINT ( 'NONE', #5470 ) ;
#3228 = ORIENTED_EDGE ( 'NONE', *, *, #1265, .F. ) ;
#3229 = DIRECTION ( 'NONE',  ( -0.1561661380789901576, -0.9877308020495735308, 0.000000000000000000 ) ) ;
#3230 = EDGE_LOOP ( 'NONE', ( #2173, #1307, #949, #3682 ) ) ;
#3231 = ADVANCED_FACE ( 'NONE', ( #471 ), #5444, .T. ) ;
#3232 = LINE ( 'NONE', #3752, #1970 ) ;
#3233 = VECTOR ( 'NONE', #314, 1000.000000000000114 ) ;
#3234 = EDGE_LOOP ( 'NONE', ( #3870, #5275, #3073, #5639 ) ) ;
#3235 = DIRECTION ( 'NONE',  ( -0.000000000000000000, -0.000000000000000000, -1.000000000000000000 ) ) ;
#3236 = VERTEX_POINT ( 'NONE', #4554 ) ;
#3237 = EDGE_CURVE ( 'NONE', #5523, #2029, #525, .T. ) ;
#3238 = CARTESIAN_POINT ( 'NONE',  ( 218.7359999999999900, 4.039019999999999833, 5.099999999999999645 ) ) ;
#3239 = DIRECTION ( 'NONE',  ( -0.8916126378921280793, -0.4527989663758531513, 0.000000000000000000 ) ) ;
#3240 = LINE ( 'NONE', #1264, #600 ) ;
#3241 = ORIENTED_EDGE ( 'NONE', *, *, #3280, .F. ) ;
#3242 = LINE ( 'NONE', #537, #488 ) ;
#3243 = EDGE_CURVE ( 'NONE', #2991, #3081, #3393, .T. ) ;
#3244 = EDGE_CURVE ( 'NONE', #3963, #28, #4304, .T. ) ;
#3245 = LINE ( 'NONE', #3160, #167 ) ;
#3246 = EDGE_LOOP ( 'NONE', ( #254, #3621, #4845, #5112 ) ) ;
#3247 = EDGE_LOOP ( 'NONE', ( #4050, #5028, #1877, #647 ) ) ;
#3248 = CARTESIAN_POINT ( 'NONE',  ( 4.114840000000000053, 123.4890000000000043, 5.099999999999999645 ) ) ;
#3249 = PLANE ( 'NONE',  #2265 ) ;
#3250 = DIRECTION ( 'NONE',  ( -0.4541992607073437882, -0.8909001243533992698, 0.000000000000000000 ) ) ;
#3251 = ORIENTED_EDGE ( 'NONE', *, *, #2549, .F. ) ;
#3252 = ADVANCED_FACE ( 'NONE', ( #2841, #4639, #163, #1154, #718, #5136, #4248, #5632, #1123 ), #689, .T. ) ;
#3253 = ORIENTED_EDGE ( 'NONE', *, *, #2413, .F. ) ;
#3254 = ORIENTED_EDGE ( 'NONE', *, *, #1523, .F. ) ;
#3255 = DIRECTION ( 'NONE',  ( 0.4549196351979303277, -0.8905324954831136397, 0.000000000000000000 ) ) ;
#3256 = ORIENTED_EDGE ( 'NONE', *, *, #4727, .F. ) ;
#3257 = VECTOR ( 'NONE', #2251, 1000.000000000000000 ) ;
#3258 = LINE ( 'NONE', #1185, #4690 ) ;
#3259 = VERTEX_POINT ( 'NONE', #4338 ) ;
#3260 = DIRECTION ( 'NONE',  ( -0.000000000000000000, -0.000000000000000000, -1.000000000000000000 ) ) ;
#3261 = PLANE ( 'NONE',  #1582 ) ;
#3262 = CARTESIAN_POINT ( 'NONE',  ( 108.6720000000000113, 2.248959999999999848, 5.099999999999999645 ) ) ;
#3263 = LINE ( 'NONE', #5769, #4720 ) ;
#3264 = CARTESIAN_POINT ( 'NONE',  ( 217.3000000000000114, 4.265010000000000190, 5.099999999999999645 ) ) ;
#3265 = EDGE_LOOP ( 'NONE', ( #4035, #5380, #3892, #2421 ) ) ;
#3266 = VECTOR ( 'NONE', #5099, 1000.000000000000000 ) ;
#3267 = DIRECTION ( 'NONE',  ( 0.7070967981032558747, -0.7071167641288979011, 0.000000000000000000 ) ) ;
#3268 = AXIS2_PLACEMENT_3D ( 'NONE', #4861, #880, #5368 ) ;
#3269 = VERTEX_POINT ( 'NONE', #3395 ) ;
#3270 = ADVANCED_FACE ( 'NONE', ( #4306 ), #5199, .T. ) ;
#3271 = EDGE_CURVE ( 'NONE', #923, #4584, #5550, .T. ) ;
#3272 = CARTESIAN_POINT ( 'NONE',  ( 326.3360000000000127, 121.7000000000000028, 5.099999999999999645 ) ) ;
#3273 = CARTESIAN_POINT ( 'NONE',  ( 1.299490000000000256, 123.9350000000000023, 5.099999999999999645 ) ) ;
#3274 = DIRECTION ( 'NONE',  ( -0.000000000000000000, -0.000000000000000000, -1.000000000000000000 ) ) ;
#3275 = EDGE_CURVE ( 'NONE', #5702, #196, #1060, .T. ) ;
#3276 = PLANE ( 'NONE',  #5164 ) ;
#3277 = VECTOR ( 'NONE', #1369, 1000.000000000000000 ) ;
#3278 = ORIENTED_EDGE ( 'NONE', *, *, #2510, .T. ) ;
#3279 = CARTESIAN_POINT ( 'NONE',  ( 217.3000000000000114, 1.223700000000000010, 0.000000000000000000 ) ) ;
#3280 = EDGE_CURVE ( 'NONE', #1807, #2443, #2013, .T. ) ;
#3281 = VECTOR ( 'NONE', #4246, 1000.000000000000000 ) ;
#3282 = DIRECTION ( 'NONE',  ( -0.9871279408508156772, 0.1599325745169778434, 0.000000000000000000 ) ) ;
#3283 = VERTEX_POINT ( 'NONE', #2176 ) ;
#3284 = DIRECTION ( 'NONE',  ( -0.4527899509762594032, -0.8916172162396353018, 0.000000000000000000 ) ) ;
#3285 = PLANE ( 'NONE',  #3094 ) ;
#3286 = DIRECTION ( 'NONE',  ( -0.7072565443460006041, -0.7069569863009727007, 0.000000000000000000 ) ) ;
#3287 = AXIS2_PLACEMENT_3D ( 'NONE', #1818, #3206, #3587 ) ;
#3288 = CARTESIAN_POINT ( 'NONE',  ( 217.7949999999999875, 4.344949999999999868, 5.099999999999999645 ) ) ;
#3289 = VERTEX_POINT ( 'NONE', #2596 ) ;
#3290 = CARTESIAN_POINT ( 'NONE',  ( 219.3160000000000025, 3.238389999999999880, 5.099999999999999645 ) ) ;
#3291 = LINE ( 'NONE', #5561, #3465 ) ;
#3292 = PLANE ( 'NONE',  #2427 ) ;
#3293 = EDGE_LOOP ( 'NONE', ( #5764, #3161, #912, #3058 ) ) ;
#3294 = EDGE_CURVE ( 'NONE', #4090, #2104, #3079, .T. ) ;
#3295 = CARTESIAN_POINT ( 'NONE',  ( 109.7000000000000028, 124.5169999999999959, 5.099999999999999645 ) ) ;
#3296 = CARTESIAN_POINT ( 'NONE',  ( 216.5010000000000048, 122.0540000000000163, 5.099999999999999645 ) ) ;
#3297 = EDGE_CURVE ( 'NONE', #3069, #1324, #434, .T. ) ;
#3298 = DIRECTION ( 'NONE',  ( 0.8916126378921508389, 0.4527989663758081873, 0.000000000000000000 ) ) ;
#3299 = VERTEX_POINT ( 'NONE', #2232 ) ;
#3300 = EDGE_CURVE ( 'NONE', #1058, #877, #4369, .T. ) ;
#3301 = EDGE_CURVE ( 'NONE', #4960, #3995, #4401, .T. ) ;
#3302 = ORIENTED_EDGE ( 'NONE', *, *, #352, .T. ) ;
#3303 = CARTESIAN_POINT ( 'NONE',  ( 111.1350000000000051, 121.7000000000000028, 0.000000000000000000 ) ) ;
#3304 = VECTOR ( 'NONE', #1461, 1000.000000000000000 ) ;
#3305 = LINE ( 'NONE', #3702, #5458 ) ;
#3306 = ORIENTED_EDGE ( 'NONE', *, *, #71, .T. ) ;
#3307 = LINE ( 'NONE', #1126, #1333 ) ;
#3308 = CARTESIAN_POINT ( 'NONE',  ( 324.8999999999999773, 1.223700000000000010, 0.000000000000000000 ) ) ;
#3309 = VECTOR ( 'NONE', #4703, 1000.000000000000114 ) ;
#3310 = ADVANCED_FACE ( 'NONE', ( #2632 ), #3962, .T. ) ;
#3311 = DIRECTION ( 'NONE',  ( -0.000000000000000000, -0.000000000000000000, -1.000000000000000000 ) ) ;
#3312 = CARTESIAN_POINT ( 'NONE',  ( 322.8949999999999818, 5.244819999999999816, 0.000000000000000000 ) ) ;
#3313 = ORIENTED_EDGE ( 'NONE', *, *, #1373, .T. ) ;
#3314 = DIRECTION ( 'NONE',  ( -0.9871073587932579496, 0.1600595583406319855, 0.000000000000000000 ) ) ;
#3315 = DIRECTION ( 'NONE',  ( -0.000000000000000000, -0.000000000000000000, -1.000000000000000000 ) ) ;
#3316 = CARTESIAN_POINT ( 'NONE',  ( 326.9159999999999968, 122.5010000000000190, 0.000000000000000000 ) ) ;
#3317 = ORIENTED_EDGE ( 'NONE', *, *, #2972, .F. ) ;
#3318 = DIRECTION ( 'NONE',  ( 0.8922101619186266763, -0.4516204456943218037, 0.000000000000000000 ) ) ;
#3319 = LINE ( 'NONE', #2857, #4875 ) ;
#3320 = ORIENTED_EDGE ( 'NONE', *, *, #3003, .T. ) ;
#3321 = CARTESIAN_POINT ( 'NONE',  ( 111.7159999999999940, 122.5010000000000190, 5.099999999999999645 ) ) ;
#3322 = CARTESIAN_POINT ( 'NONE',  ( 217.3000000000000114, 4.265010000000000190, 5.099999999999999645 ) ) ;
#3323 = DIRECTION ( 'NONE',  ( 0.1595459401863276172, 0.9871905049027066559, -0.000000000000000000 ) ) ;
#3324 = CARTESIAN_POINT ( 'NONE',  ( 216.1949999999999932, 2.745049999999999990, 5.099999999999999645 ) ) ;
#3325 = CARTESIAN_POINT ( 'NONE',  ( 326.6899999999999977, 1.803850000000000176, 0.000000000000000000 ) ) ;
#3326 = CARTESIAN_POINT ( 'NONE',  ( 320.7790795951257223, 118.9939999999999998, 0.000000000000000000 ) ) ;
#3327 = DIRECTION ( 'NONE',  ( -0.000000000000000000, -0.000000000000000000, -1.000000000000000000 ) ) ;
#3328 = ORIENTED_EDGE ( 'NONE', *, *, #1156, .F. ) ;
#3329 = ORIENTED_EDGE ( 'NONE', *, *, #3420, .F. ) ;
#3330 = CARTESIAN_POINT ( 'NONE',  ( 325.8890000000000668, 1.223700000000000010, 5.099999999999999645 ) ) ;
#3331 = EDGE_CURVE ( 'NONE', #1058, #4949, #3489, .T. ) ;
#3332 = EDGE_CURVE ( 'NONE', #4271, #856, #3053, .T. ) ;
#3333 = LINE ( 'NONE', #3362, #1955 ) ;
#3334 = ORIENTED_EDGE ( 'NONE', *, *, #4682, .T. ) ;
#3335 = PLANE ( 'NONE',  #3392 ) ;
#3336 = CARTESIAN_POINT ( 'NONE',  ( 322.8949999999999818, 118.9939999999999998, 0.000000000000000000 ) ) ;
#3337 = CARTESIAN_POINT ( 'NONE',  ( 108.8990000000000151, 3.684870000000000090, 5.099999999999999645 ) ) ;
#3338 = LINE ( 'NONE', #1550, #3042 ) ;
#3339 = LINE ( 'NONE', #4702, #3972 ) ;
#3340 = CARTESIAN_POINT ( 'NONE',  ( 110.6880000000000024, 121.4740000000000180, 0.000000000000000000 ) ) ;
#3341 = AXIS2_PLACEMENT_3D ( 'NONE', #4516, #2283, #39 ) ;
#3342 = DIRECTION ( 'NONE',  ( -0.000000000000000000, -0.000000000000000000, -1.000000000000000000 ) ) ;
#3343 = ORIENTED_EDGE ( 'NONE', *, *, #302, .F. ) ;
#3344 = EDGE_CURVE ( 'NONE', #3920, #5133, #5382, .T. ) ;
#3345 = ORIENTED_EDGE ( 'NONE', *, *, #5344, .F. ) ;
#3346 = FACE_OUTER_BOUND ( 'NONE', #1463, .T. ) ;
#3347 = DIRECTION ( 'NONE',  ( -0.000000000000000000, 1.000000000000000000, -0.000000000000000000 ) ) ;
#3348 = EDGE_LOOP ( 'NONE', ( #5457, #225, #162, #1969 ) ) ;
#3349 = DIRECTION ( 'NONE',  ( 0.9872630143935667846, -0.1590966385896566693, 0.000000000000000000 ) ) ;
#3350 = EDGE_CURVE ( 'NONE', #2991, #3766, #5317, .T. ) ;
#3351 = VECTOR ( 'NONE', #5581, 1000.000000000000114 ) ;
#3352 = DIRECTION ( 'NONE',  ( -0.000000000000000000, -0.000000000000000000, -1.000000000000000000 ) ) ;
#3353 = FACE_OUTER_BOUND ( 'NONE', #2754, .T. ) ;
#3354 = DIRECTION ( 'NONE',  ( -0.9881032527062957316, -0.1537919438437470865, 0.000000000000000000 ) ) ;
#3355 = AXIS2_PLACEMENT_3D ( 'NONE', #4354, #333, #3182 ) ;
#3356 = DIRECTION ( 'NONE',  ( 0.1562712096204883216, -0.9877141838830447718, 0.000000000000000000 ) ) ;
#3357 = VECTOR ( 'NONE', #3028, 1000.000000000000000 ) ;
#3358 = ORIENTED_EDGE ( 'NONE', *, *, #5376, .T. ) ;
#3359 = DIRECTION ( 'NONE',  ( -0.9881634915692752985, -0.1534044130056855804, 0.000000000000000000 ) ) ;
#3360 = VECTOR ( 'NONE', #2940, 1000.000000000000000 ) ;
#3361 = EDGE_CURVE ( 'NONE', #787, #2715, #2689, .T. ) ;
#3362 = CARTESIAN_POINT ( 'NONE',  ( 109.7000000000000028, 4.265010000000000190, 5.099999999999999645 ) ) ;
#3363 = AXIS2_PLACEMENT_3D ( 'NONE', #5777, #4371, #5383 ) ;
#3364 = ORIENTED_EDGE ( 'NONE', *, *, #4159, .T. ) ;
#3365 = CARTESIAN_POINT ( 'NONE',  ( 3.888809999999999878, 3.684870000000000090, 5.099999999999999645 ) ) ;
#3366 = DIRECTION ( 'NONE',  ( -0.8916172162396353018, 0.4527899509762594032, 0.000000000000000000 ) ) ;
#3367 = PLANE ( 'NONE',  #2346 ) ;
#3368 = DIRECTION ( 'NONE',  ( -0.000000000000000000, -0.000000000000000000, -1.000000000000000000 ) ) ;
#3369 = ORIENTED_EDGE ( 'NONE', *, *, #4920, .F. ) ;
#3370 = DIRECTION ( 'NONE',  ( -0.000000000000000000, -0.000000000000000000, -1.000000000000000000 ) ) ;
#3371 = LINE ( 'NONE', #3760, #928 ) ;
#3372 = EDGE_CURVE ( 'NONE', #1376, #5574, #3547, .T. ) ;
#3373 = CARTESIAN_POINT ( 'NONE',  ( 326.3360000000000127, 121.7000000000000028, 0.000000000000000000 ) ) ;
#3374 = EDGE_CURVE ( 'NONE', #1522, #4332, #4432, .T. ) ;
#3375 = ORIENTED_EDGE ( 'NONE', *, *, #3740, .T. ) ;
#3376 = VECTOR ( 'NONE', #2072, 1000.000000000000114 ) ;
#3377 = ORIENTED_EDGE ( 'NONE', *, *, #56, .F. ) ;
#3378 = VECTOR ( 'NONE', #2937, 1000.000000000000114 ) ;
#3379 = DIRECTION ( 'NONE',  ( -0.1553213958544118478, 0.9878639906332434828, 0.000000000000000000 ) ) ;
#3380 = CARTESIAN_POINT ( 'NONE',  ( 325.3960000000000150, 124.5939999999999941, 5.099999999999999645 ) ) ;
#3381 = EDGE_CURVE ( 'NONE', #3425, #4381, #463, .T. ) ;
#3382 = EDGE_CURVE ( 'NONE', #2077, #69, #5688, .T. ) ;
#3383 = ORIENTED_EDGE ( 'NONE', *, *, #2043, .T. ) ;
#3384 = CARTESIAN_POINT ( 'NONE',  ( 109.2540000000000049, 124.2890000000000157, 0.000000000000000000 ) ) ;
#3385 = LINE ( 'NONE', #3417, #187 ) ;
#3386 = CARTESIAN_POINT ( 'NONE',  ( 1.653650000000000064, 121.7000000000000028, 5.099999999999999645 ) ) ;
#3387 = CARTESIAN_POINT ( 'NONE',  ( 3.088179999999999925, 1.223700000000000010, 5.099999999999999645 ) ) ;
#3388 = LINE ( 'NONE', #3861, #1990 ) ;
#3389 = LINE ( 'NONE', #2037, #5071 ) ;
#3390 = LINE ( 'NONE', #1179, #190 ) ;
#3391 = ORIENTED_EDGE ( 'NONE', *, *, #3487, .T. ) ;
#3392 = AXIS2_PLACEMENT_3D ( 'NONE', #1608, #2960, #721 ) ;
#3393 = LINE ( 'NONE', #4722, #3281 ) ;
#3394 = PLANE ( 'NONE',  #1358 ) ;
#3395 = CARTESIAN_POINT ( 'NONE',  ( 108.5949999999999989, 2.745049999999999990, 5.099999999999999645 ) ) ;
#3396 = ORIENTED_EDGE ( 'NONE', *, *, #2900, .F. ) ;
#3397 = AXIS2_PLACEMENT_3D ( 'NONE', #3971, #730, #353 ) ;
#3398 = LINE ( 'NONE', #5579, #3658 ) ;
#3399 = ORIENTED_EDGE ( 'NONE', *, *, #2186, .T. ) ;
#3400 = CARTESIAN_POINT ( 'NONE',  ( 326.3360000000000127, 1.451070000000000082, 5.099999999999999645 ) ) ;
#3401 = DIRECTION ( 'NONE',  ( -0.8916254659721258857, 0.4527737055417303536, 0.000000000000000000 ) ) ;
#3402 = EDGE_CURVE ( 'NONE', #3210, #2299, #3019, .T. ) ;
#3403 = FACE_OUTER_BOUND ( 'NONE', #4965, .T. ) ;
#3404 = ORIENTED_EDGE ( 'NONE', *, *, #3802, .T. ) ;
#3405 = CARTESIAN_POINT ( 'NONE',  ( 322.8949999999999818, 120.4939999999999998, 5.099999999999999645 ) ) ;
#3406 = AXIS2_PLACEMENT_3D ( 'NONE', #3248, #5466, #158 ) ;
#3407 = DIRECTION ( 'NONE',  ( -0.9872630143935668956, 0.1590966385896566693, 0.000000000000000000 ) ) ;
#3408 = FACE_OUTER_BOUND ( 'NONE', #5417, .T. ) ;
#3409 = VECTOR ( 'NONE', #5065, 1000.000000000000114 ) ;
#3411 = VERTEX_POINT ( 'NONE', #3609 ) ;
#3410 = EDGE_CURVE ( 'NONE', #326, #286, #106, .T. ) ;
#3412 = LINE ( 'NONE', #641, #4982 ) ;
#3413 = CARTESIAN_POINT ( 'NONE',  ( 324.1010000000000559, 1.803850000000000176, 5.099999999999999645 ) ) ;
#3414 = EDGE_LOOP ( 'NONE', ( #3504, #696, #2752, #5469 ) ) ;
#3415 = ORIENTED_EDGE ( 'NONE', *, *, #5298, .F. ) ;
#3416 = LINE ( 'NONE', #4832, #538 ) ;
#3417 = CARTESIAN_POINT ( 'NONE',  ( 218.7359999999999900, 1.451070000000000082, 5.099999999999999645 ) ) ;
#3418 = LINE ( 'NONE', #242, #5132 ) ;
#3419 = EDGE_CURVE ( 'NONE', #3851, #1376, #547, .T. ) ;
#3420 = EDGE_CURVE ( 'NONE', #4365, #925, #1450, .T. ) ;
#3421 = DIRECTION ( 'NONE',  ( 0.1573322594823948206, -0.9875457255875113027, 0.000000000000000000 ) ) ;
#3422 = DIRECTION ( 'NONE',  ( 0.9871105220788048973, 0.1600400487418979223, 0.000000000000000000 ) ) ;
#3423 = CARTESIAN_POINT ( 'NONE',  ( 323.8730000000000473, 2.248959999999999848, 5.099999999999999645 ) ) ;
#3424 = EDGE_CURVE ( 'NONE', #801, #1199, #520, .T. ) ;
#3425 = VERTEX_POINT ( 'NONE', #2319 ) ;
#3426 = FACE_OUTER_BOUND ( 'NONE', #5720, .T. ) ;
#3427 = ORIENTED_EDGE ( 'NONE', *, *, #2290, .F. ) ;
#3429 = EDGE_CURVE ( 'NONE', #4987, #2812, #5026, .T. ) ;
#3428 = CARTESIAN_POINT ( 'NONE',  ( 216.8549999999999898, 124.2890000000000157, 5.099999999999999645 ) ) ;
#3430 = ORIENTED_EDGE ( 'NONE', *, *, #3791, .F. ) ;
#3431 = FACE_OUTER_BOUND ( 'NONE', #3517, .T. ) ;
#3432 = DIRECTION ( 'NONE',  ( -0.000000000000000000, -0.000000000000000000, -1.000000000000000000 ) ) ;
#3433 = LINE ( 'NONE', #4850, #2046 ) ;
#3434 = VERTEX_POINT ( 'NONE', #4075 ) ;
#3435 = CARTESIAN_POINT ( 'NONE',  ( 216.8549999999999898, 121.7000000000000028, 0.000000000000000000 ) ) ;
#3436 = ORIENTED_EDGE ( 'NONE', *, *, #2586, .F. ) ;
#3437 = ADVANCED_FACE ( 'NONE', ( #1029 ), #3249, .T. ) ;
#3438 = ORIENTED_EDGE ( 'NONE', *, *, #153, .F. ) ;
#3439 = LINE ( 'NONE', #1165, #4626 ) ;
#3440 = EDGE_LOOP ( 'NONE', ( #585, #2235, #110, #4779 ) ) ;
#3441 = CARTESIAN_POINT ( 'NONE',  ( 216.8549999999999898, 4.039019999999999833, 5.099999999999999645 ) ) ;
#3442 = VERTEX_POINT ( 'NONE', #73 ) ;
#3443 = ORIENTED_EDGE ( 'NONE', *, *, #1163, .F. ) ;
#3444 = VECTOR ( 'NONE', #817, 1000.000000000000114 ) ;
#3445 = DIRECTION ( 'NONE',  ( -0.000000000000000000, -0.000000000000000000, -1.000000000000000000 ) ) ;
#3446 = LINE ( 'NONE', #3917, #989 ) ;
#3447 = DIRECTION ( 'NONE',  ( 0.9872124837542678444, -0.1594098865181494407, 0.000000000000000000 ) ) ;
#3448 = PLANE ( 'NONE',  #1043 ) ;
#3449 = ORIENTED_EDGE ( 'NONE', *, *, #5718, .F. ) ;
#3450 = LINE ( 'NONE', #5223, #3222 ) ;
#3451 = ADVANCED_FACE ( 'NONE', ( #1862 ), #47, .T. ) ;
#3452 = EDGE_CURVE ( 'NONE', #1487, #3628, #1835, .T. ) ;
#3453 = AXIS2_PLACEMENT_3D ( 'NONE', #2602, #3401, #383 ) ;
#3454 = VERTEX_POINT ( 'NONE', #1918 ) ;
#3455 = VECTOR ( 'NONE', #489, 1000.000000000000114 ) ;
#3456 = PLANE ( 'NONE',  #4644 ) ;
#3457 = CARTESIAN_POINT ( 'NONE',  ( 110.1950000000000074, 4.344949999999999868, 5.099999999999999645 ) ) ;
#3458 = ORIENTED_EDGE ( 'NONE', *, *, #864, .T. ) ;
#3459 = PLANE ( 'NONE',  #4787 ) ;
#3460 = AXIS2_PLACEMENT_3D ( 'NONE', #5205, #1610, #1094 ) ;
#3461 = ORIENTED_EDGE ( 'NONE', *, *, #4980, .T. ) ;
#3462 = CARTESIAN_POINT ( 'NONE',  ( 4.194740000000000357, 122.9939999999999998, 5.099999999999999645 ) ) ;
#3463 = LINE ( 'NONE', #3057, #5053 ) ;
#3464 = CARTESIAN_POINT ( 'NONE',  ( 1.072109999999999896, 123.4890000000000043, 5.099999999999999645 ) ) ;
#3465 = VECTOR ( 'NONE', #4203, 1000.000000000000000 ) ;
#3466 = DIRECTION ( 'NONE',  ( 0.8895889230663259761, -0.4567620255206142899, 0.000000000000000000 ) ) ;
#3467 = EDGE_CURVE ( 'NONE', #1735, #5548, #2263, .T. ) ;
#3468 = VECTOR ( 'NONE', #5436, 1000.000000000000000 ) ;
#3469 = ORIENTED_EDGE ( 'NONE', *, *, #4749, .F. ) ;
#3470 = CARTESIAN_POINT ( 'NONE',  ( 219.0900000000000034, 1.803850000000000176, 0.000000000000000000 ) ) ;
#3471 = ORIENTED_EDGE ( 'NONE', *, *, #3021, .T. ) ;
#3472 = FACE_OUTER_BOUND ( 'NONE', #5437, .T. ) ;
#3473 = AXIS2_PLACEMENT_3D ( 'NONE', #1621, #1560, #765 ) ;
#3474 = EDGE_LOOP ( 'NONE', ( #5748, #5044, #3997, #1418 ) ) ;
#3475 = CARTESIAN_POINT ( 'NONE',  ( 111.7159999999999940, 123.4890000000000043, 5.099999999999999645 ) ) ;
#3476 = ORIENTED_EDGE ( 'NONE', *, *, #3988, .T. ) ;
#3477 = CARTESIAN_POINT ( 'NONE',  ( 1.653650000000000064, 1.451070000000000082, 5.099999999999999645 ) ) ;
#3478 = CARTESIAN_POINT ( 'NONE',  ( 108.8990000000000151, 123.9350000000000023, 5.099999999999999645 ) ) ;
#3479 = VECTOR ( 'NONE', #1327, 1000.000000000000114 ) ;
#3480 = LINE ( 'NONE', #3011, #4207 ) ;
#3481 = FACE_OUTER_BOUND ( 'NONE', #5684, .T. ) ;
#3482 = VERTEX_POINT ( 'NONE', #4603 ) ;
#3483 = EDGE_CURVE ( 'NONE', #1715, #1803, #3224, .T. ) ;
#3484 = CARTESIAN_POINT ( 'NONE',  ( 5.094599999999999795, 5.244819999999999816, 0.000000000000000000 ) ) ;
#3485 = VECTOR ( 'NONE', #27, 1000.000000000000114 ) ;
#3486 = DIRECTION ( 'NONE',  ( 0.4516204456943218593, 0.8922101619186266763, -0.000000000000000000 ) ) ;
#3487 = EDGE_CURVE ( 'NONE', #1726, #4377, #2833, .T. ) ;
#3488 = VERTEX_POINT ( 'NONE', #4048 ) ;
#3489 = LINE ( 'NONE', #3579, #1018 ) ;
#3490 = CARTESIAN_POINT ( 'NONE',  ( 108.5949999999999989, 2.745049999999999990, 5.099999999999999645 ) ) ;
#3491 = VERTEX_POINT ( 'NONE', #3196 ) ;
#3492 = EDGE_CURVE ( 'NONE', #5366, #1455, #1809, .T. ) ;
#3493 = ADVANCED_FACE ( 'NONE', ( #917 ), #2719, .T. ) ;
#3494 = LINE ( 'NONE', #4301, #860 ) ;
#3495 = DIRECTION ( 'NONE',  ( -0.000000000000000000, -0.000000000000000000, -1.000000000000000000 ) ) ;
#3496 = ORIENTED_EDGE ( 'NONE', *, *, #747, .T. ) ;
#3497 = PLANE ( 'NONE',  #4930 ) ;
#3498 = EDGE_LOOP ( 'NONE', ( #3427, #2305, #351, #129 ) ) ;
#3499 = VECTOR ( 'NONE', #1296, 1000.000000000000000 ) ;
#3500 = ORIENTED_EDGE ( 'NONE', *, *, #2878, .T. ) ;
#3501 = ADVANCED_FACE ( 'NONE', ( #4804 ), #1140, .T. ) ;
#3502 = DIRECTION ( 'NONE',  ( -0.7069569863009588229, -0.7072565443460143708, 0.000000000000000000 ) ) ;
#3503 = AXIS2_PLACEMENT_3D ( 'NONE', #4620, #93, #2820 ) ;
#3504 = ORIENTED_EDGE ( 'NONE', *, *, #1176, .F. ) ;
#3505 = CARTESIAN_POINT ( 'NONE',  ( 109.7000000000000028, 121.4740000000000180, 5.099999999999999645 ) ) ;
#3506 = ORIENTED_EDGE ( 'NONE', *, *, #1340, .T. ) ;
#3507 = LINE ( 'NONE', #4511, #5722 ) ;
#3508 = ORIENTED_EDGE ( 'NONE', *, *, #724, .T. ) ;
#3509 = CARTESIAN_POINT ( 'NONE',  ( 217.3000000000000114, 121.4740000000000180, 5.099999999999999645 ) ) ;
#3510 = VECTOR ( 'NONE', #3107, 1000.000000000000114 ) ;
#3511 = LINE ( 'NONE', #1649, #1465 ) ;
#3512 = FACE_OUTER_BOUND ( 'NONE', #2717, .T. ) ;
#3513 = FACE_OUTER_BOUND ( 'NONE', #533, .T. ) ;
#3514 = VECTOR ( 'NONE', #3255, 1000.000000000000227 ) ;
#3515 = ORIENTED_EDGE ( 'NONE', *, *, #5655, .F. ) ;
#3516 = CARTESIAN_POINT ( 'NONE',  ( 2.100130000000000052, 1.223700000000000010, 5.099999999999999645 ) ) ;
#3517 = EDGE_LOOP ( 'NONE', ( #3037, #5507, #4816, #2683 ) ) ;
#3518 = CARTESIAN_POINT ( 'NONE',  ( 324.4549999999999841, 4.039019999999999833, 0.000000000000000000 ) ) ;
#3519 = VERTEX_POINT ( 'NONE', #3914 ) ;
#3520 = CARTESIAN_POINT ( 'NONE',  ( 217.7949999999999875, 4.344949999999999868, 0.000000000000000000 ) ) ;
#3521 = CARTESIAN_POINT ( 'NONE',  ( 108.8990000000000151, 3.684870000000000090, 0.000000000000000000 ) ) ;
#3522 = VERTEX_POINT ( 'NONE', #5677 ) ;
#3523 = CARTESIAN_POINT ( 'NONE',  ( 325.8890000000000100, 124.5170000000000101, 5.099999999999999645 ) ) ;
#3524 = CARTESIAN_POINT ( 'NONE',  ( 109.2540000000000049, 121.7000000000000028, 5.099999999999999645 ) ) ;
#3525 = APPROVAL_ROLE ( '' ) ;
#3526 = VERTEX_POINT ( 'NONE', #2031 ) ;
#3527 = DIRECTION ( 'NONE',  ( -0.9872093450064358677, -0.1594293233127573872, 0.000000000000000000 ) ) ;
#3528 = ORIENTED_EDGE ( 'NONE', *, *, #5786, .F. ) ;
#3529 = ADVANCED_FACE ( 'NONE', ( #1592 ), #2097, .T. ) ;
#3530 = EDGE_CURVE ( 'NONE', #3766, #700, #2504, .T. ) ;
#3531 = ORIENTED_EDGE ( 'NONE', *, *, #3803, .F. ) ;
#3532 = FACE_OUTER_BOUND ( 'NONE', #500, .T. ) ;
#3533 = ORIENTED_EDGE ( 'NONE', *, *, #5046, .T. ) ;
#3534 = DIRECTION ( 'NONE',  ( 0.7072565443460144818, -0.7069569863009589339, 0.000000000000000000 ) ) ;
#3535 = EDGE_LOOP ( 'NONE', ( #2784, #2546, #785, #1164, #3608, #2060, #2851, #5763, #4512, #798, #1793, #1700, #2670, #2554, #5780, #2865, #1752, #1404, #1540, #4847 ) ) ;
#3536 = CARTESIAN_POINT ( 'NONE',  ( 111.1350000000000051, 121.7000000000000028, 5.099999999999999645 ) ) ;
#3537 = DIRECTION ( 'NONE',  ( -0.000000000000000000, -0.000000000000000000, -1.000000000000000000 ) ) ;
#3538 = DIRECTION ( 'NONE',  ( -1.000000000000000000, 0.000000000000000000, 0.000000000000000000 ) ) ;
#3539 = DIRECTION ( 'NONE',  ( -0.000000000000000000, -0.000000000000000000, -1.000000000000000000 ) ) ;
#3540 = FACE_OUTER_BOUND ( 'NONE', #1160, .T. ) ;
#3541 = VERTEX_POINT ( 'NONE', #3384 ) ;
#3542 = CARTESIAN_POINT ( 'NONE',  ( 324.4549999999999841, 1.451070000000000082, 0.000000000000000000 ) ) ;
#3543 = VECTOR ( 'NONE', #5399, 1000.000000000000000 ) ;
#3544 = VERTEX_POINT ( 'NONE', #1676 ) ;
#3545 = DIRECTION ( 'NONE',  ( -0.000000000000000000, -0.000000000000000000, -1.000000000000000000 ) ) ;
#3546 = ORIENTED_EDGE ( 'NONE', *, *, #4175, .F. ) ;
#3547 = LINE ( 'NONE', #834, #5462 ) ;
#3548 = VECTOR ( 'NONE', #4729, 1000.000000000000000 ) ;
#3549 = FACE_OUTER_BOUND ( 'NONE', #2171, .T. ) ;
#3550 = EDGE_LOOP ( 'NONE', ( #4662, #120, #1166, #4027 ) ) ;
#3551 = CARTESIAN_POINT ( 'NONE',  ( 111.1350000000000051, 1.451070000000000082, 5.099999999999999645 ) ) ;
#3552 = AXIS2_PLACEMENT_3D ( 'NONE', #2220, #5332, #4925 ) ;
#3553 = DIRECTION ( 'NONE',  ( -0.1582248390206102417, -0.9874031093311901319, 0.000000000000000000 ) ) ;
#3554 = ORIENTED_EDGE ( 'NONE', *, *, #3987, .T. ) ;
#3555 = COORDINATED_UNIVERSAL_TIME_OFFSET ( 5, 0, .BEHIND. ) ;
#3556 = ORIENTED_EDGE ( 'NONE', *, *, #1826, .T. ) ;
#3557 = CARTESIAN_POINT ( 'NONE',  ( 325.3960000000000150, 121.3940000000000055, 5.099999999999999645 ) ) ;
#3558 = EDGE_LOOP ( 'NONE', ( #5297, #5328, #5615, #2906 ) ) ;
#3559 = ORIENTED_EDGE ( 'NONE', *, *, #5508, .F. ) ;
#3560 = PLANE ( 'NONE',  #308 ) ;
#3561 = ORIENTED_EDGE ( 'NONE', *, *, #1340, .F. ) ;
#3562 = EDGE_CURVE ( 'NONE', #2635, #4080, #2584, .T. ) ;
#3563 = DIRECTION ( 'NONE',  ( -0.000000000000000000, -0.000000000000000000, -1.000000000000000000 ) ) ;
#3564 = DIRECTION ( 'NONE',  ( 0.7071067811865335839, -0.7071067811865613395, 0.000000000000000000 ) ) ;
#3565 = ORIENTED_EDGE ( 'NONE', *, *, #2370, .T. ) ;
#3566 = DIRECTION ( 'NONE',  ( -0.9875566376330119356, 0.1572637512810250160, 0.000000000000000000 ) ) ;
#3567 = VECTOR ( 'NONE', #4507, 1000.000000000000114 ) ;
#3568 = LINE ( 'NONE', #2252, #156 ) ;
#3569 = VECTOR ( 'NONE', #2463, 1000.000000000000114 ) ;
#3570 = EDGE_CURVE ( 'NONE', #5134, #899, #5277, .T. ) ;
#3571 = ADVANCED_FACE ( 'NONE', ( #3824 ), #335, .T. ) ;
#3572 = LINE ( 'NONE', #5768, #4877 ) ;
#3573 = ORIENTED_EDGE ( 'NONE', *, *, #5319, .F. ) ;
#3574 = VECTOR ( 'NONE', #1082, 1000.000000000000000 ) ;
#3575 = VERTEX_POINT ( 'NONE', #4388 ) ;
#3576 = EDGE_CURVE ( 'NONE', #286, #2886, #4774, .T. ) ;
#3577 = AXIS2_PLACEMENT_3D ( 'NONE', #2700, #2327, #956 ) ;
#3578 = ORIENTED_EDGE ( 'NONE', *, *, #3059, .T. ) ;
#3579 = CARTESIAN_POINT ( 'NONE',  ( 219.3160000000000025, 122.5010000000000190, 5.099999999999999645 ) ) ;
#3580 = FACE_OUTER_BOUND ( 'NONE', #5676, .T. ) ;
#3581 = EDGE_LOOP ( 'NONE', ( #3469, #2582, #1332, #4795 ) ) ;
#3582 = LINE ( 'NONE', #5355, #4676 ) ;
#3583 = ORIENTED_EDGE ( 'NONE', *, *, #5299, .F. ) ;
#3584 = EDGE_LOOP ( 'NONE', ( #2954, #948, #2646, #2053 ) ) ;
#3585 = DIRECTION ( 'NONE',  ( 0.7071067811865614505, 0.7071067811865336949, -0.000000000000000000 ) ) ;
#3586 = ORIENTED_EDGE ( 'NONE', *, *, #2580, .F. ) ;
#3587 = DIRECTION ( 'NONE',  ( -0.1582248390206373312, -0.9874031093311856910, 0.000000000000000000 ) ) ;
#3588 = ORIENTED_EDGE ( 'NONE', *, *, #1545, .T. ) ;
#3589 = EDGE_CURVE ( 'NONE', #2206, #3289, #4711, .T. ) ;
#3590 = DIRECTION ( 'NONE',  ( -0.7069569863009588229, 0.7072565443460143708, 0.000000000000000000 ) ) ;
#3591 = ORIENTED_EDGE ( 'NONE', *, *, #3271, .F. ) ;
#3592 = CARTESIAN_POINT ( 'NONE',  ( 326.9159999999999968, 2.248959999999999848, 5.099999999999999645 ) ) ;
#3593 = DIRECTION ( 'NONE',  ( 0.8924298478293074544, -0.4511861774294056437, 0.000000000000000000 ) ) ;
#3594 = ORIENTED_EDGE ( 'NONE', *, *, #1910, .T. ) ;
#3595 = DIRECTION ( 'NONE',  ( 0.8913111119572663110, 0.4533922161898035763, -0.000000000000000000 ) ) ;
#3596 = CARTESIAN_POINT ( 'NONE',  ( 216.5010000000000048, 123.9350000000000023, 0.000000000000000000 ) ) ;
#3597 = DIRECTION ( 'NONE',  ( -0.000000000000000000, -0.000000000000000000, -1.000000000000000000 ) ) ;
#3598 = VECTOR ( 'NONE', #4001, 1000.000000000000000 ) ;
#3599 = VECTOR ( 'NONE', #1596, 1000.000000000000000 ) ;
#3600 = PLANE ( 'NONE',  #1387 ) ;
#3601 = VERTEX_POINT ( 'NONE', #2162 ) ;
#3602 = VECTOR ( 'NONE', #1149, 1000.000000000000000 ) ;
#3603 = EDGE_LOOP ( 'NONE', ( #2675, #1860, #2405, #2430 ) ) ;
#3604 = EDGE_CURVE ( 'NONE', #801, #4953, #3416, .T. ) ;
#3605 = CARTESIAN_POINT ( 'NONE',  ( 325.8890000000000668, 124.5169999999999959, 5.099999999999999645 ) ) ;
#3606 = EDGE_CURVE ( 'NONE', #2443, #1869, #5217, .T. ) ;
#3607 = VECTOR ( 'NONE', #3527, 1000.000000000000114 ) ;
#3608 = ORIENTED_EDGE ( 'NONE', *, *, #5229, .F. ) ;
#3609 = CARTESIAN_POINT ( 'NONE',  ( 219.3160000000000025, 2.248959999999999848, 5.099999999999999645 ) ) ;
#3610 = ADVANCED_FACE ( 'NONE', ( #5156 ), #2974, .T. ) ;
#3611 = LINE ( 'NONE', #3490, #1016 ) ;
#3612 = ORIENTED_EDGE ( 'NONE', *, *, #4105, .T. ) ;
#3613 = LINE ( 'NONE', #601, #627 ) ;
#3614 = VECTOR ( 'NONE', #5631, 1000.000000000000000 ) ;
#3615 = ORIENTED_EDGE ( 'NONE', *, *, #396, .T. ) ;
#3616 = PLANE ( 'NONE',  #3138 ) ;
#3617 = EDGE_LOOP ( 'NONE', ( #4591, #5611, #3588, #2277 ) ) ;
#3618 = EDGE_CURVE ( 'NONE', #2569, #1194, #705, .T. ) ;
#3619 = ORIENTED_EDGE ( 'NONE', *, *, #2116, .F. ) ;
#3620 = LINE ( 'NONE', #982, #1301 ) ;
#3621 = ORIENTED_EDGE ( 'NONE', *, *, #2210, .F. ) ;
#3622 = DIRECTION ( 'NONE',  ( -0.000000000000000000, -0.000000000000000000, -1.000000000000000000 ) ) ;
#3623 = DIRECTION ( 'NONE',  ( 0.7071067811865613395, 0.7071067811865335839, 0.000000000000000000 ) ) ;
#3624 = EDGE_LOOP ( 'NONE', ( #1125, #301, #5030, #4797 ) ) ;
#3625 = CARTESIAN_POINT ( 'NONE',  ( 1.072109999999999896, 122.5010000000000190, 5.099999999999999645 ) ) ;
#3626 = CARTESIAN_POINT ( 'NONE',  ( 322.8949999999999818, 105.1244291827815971, 0.000000000000000000 ) ) ;
#3627 = PLANE ( 'NONE',  #999 ) ;
#3628 = VERTEX_POINT ( 'NONE', #5338 ) ;
#3629 = VERTEX_POINT ( 'NONE', #2311 ) ;
#3630 = ORIENTED_EDGE ( 'NONE', *, *, #3733, .F. ) ;
#3631 = EDGE_CURVE ( 'NONE', #5356, #5422, #3098, .T. ) ;
#3632 = ADVANCED_FACE ( 'NONE', ( #1740 ), #3158, .T. ) ;
#3633 = CARTESIAN_POINT ( 'NONE',  ( 324.1010000000000559, 122.0540000000000163, 0.000000000000000000 ) ) ;
#3634 = VERTEX_POINT ( 'NONE', #4007 ) ;
#3635 = DIRECTION ( 'NONE',  ( -0.8924218088635806900, -0.4512020778594161841, 0.000000000000000000 ) ) ;
#3636 = ORIENTED_EDGE ( 'NONE', *, *, #545, .F. ) ;
#3637 = ADVANCED_FACE ( 'NONE', ( #4864 ), #4036, .T. ) ;
#3638 = EDGE_CURVE ( 'NONE', #2685, #4083, #1360, .T. ) ;
#3639 = SHAPE_DEFINITION_REPRESENTATION ( #521, #569 ) ;
#3640 = ORIENTED_EDGE ( 'NONE', *, *, #968, .T. ) ;
#3641 = CARTESIAN_POINT ( 'NONE',  ( 3.888809999999999878, 3.684870000000000090, 5.099999999999999645 ) ) ;
#3642 = ORIENTED_EDGE ( 'NONE', *, *, #2054, .F. ) ;
#3643 = LINE ( 'NONE', #529, #375 ) ;
#3644 = AXIS2_PLACEMENT_3D ( 'NONE', #1066, #2017, #5605 ) ;
#3645 = ORIENTED_EDGE ( 'NONE', *, *, #1993, .F. ) ;
#3646 = LINE ( 'NONE', #504, #4888 ) ;
#3647 = ORIENTED_EDGE ( 'NONE', *, *, #5401, .T. ) ;
#3648 = CARTESIAN_POINT ( 'NONE',  ( 0.9935670000000000890, 122.9939999999999998, 5.099999999999999645 ) ) ;
#3649 = LINE ( 'NONE', #1413, #4912 ) ;
#3650 = DIRECTION ( 'NONE',  ( 0.9881032527062957316, 0.1537919438437471142, 0.000000000000000000 ) ) ;
#3651 = ORIENTED_EDGE ( 'NONE', *, *, #530, .F. ) ;
#3652 = VECTOR ( 'NONE', #794, 1000.000000000000227 ) ;
#3653 = DIRECTION ( 'NONE',  ( 0.8920142723425459330, -0.4520072321735552623, 0.000000000000000000 ) ) ;
#3654 = DIRECTION ( 'NONE',  ( 0.4528148944300692258, 0.8916045487671568903, -0.000000000000000000 ) ) ;
#3655 = CARTESIAN_POINT ( 'NONE',  ( 218.2889999999999873, 121.4740000000000180, 5.099999999999999645 ) ) ;
#3656 = VERTEX_POINT ( 'NONE', #907 ) ;
#3657 = AXIS2_PLACEMENT_3D ( 'NONE', #2606, #955, #2844 ) ;
#3658 = VECTOR ( 'NONE', #3806, 1000.000000000000114 ) ;
#3659 = ADVANCED_FACE ( 'NONE', ( #1289 ), #397, .T. ) ;
#3660 = VERTEX_POINT ( 'NONE', #2711 ) ;
#3661 = DIRECTION ( 'NONE',  ( -0.4520072321735773557, 0.8920142723425347198, 0.000000000000000000 ) ) ;
#3662 = VECTOR ( 'NONE', #291, 1000.000000000000000 ) ;
#3663 = ADVANCED_FACE ( 'NONE', ( #2648 ), #2194, .T. ) ;
#3664 = CARTESIAN_POINT ( 'NONE',  ( 4.194740000000000357, 2.745049999999999990, 5.099999999999999645 ) ) ;
#3665 = AXIS2_PLACEMENT_3D ( 'NONE', #3850, #3793, #2855 ) ;
#3666 = VERTEX_POINT ( 'NONE', #939 ) ;
#3667 = EDGE_LOOP ( 'NONE', ( #231, #3668, #5180, #3302 ) ) ;
#3668 = ORIENTED_EDGE ( 'NONE', *, *, #3638, .F. ) ;
#3669 = DIRECTION ( 'NONE',  ( -0.9871242698175232144, 0.1599552310405054079, 0.000000000000000000 ) ) ;
#3670 = ORIENTED_EDGE ( 'NONE', *, *, #5131, .F. ) ;
#3671 = EDGE_CURVE ( 'NONE', #4491, #1065, #5739, .T. ) ;
#3672 = LINE ( 'NONE', #2274, #5730 ) ;
#3673 = EDGE_CURVE ( 'NONE', #3482, #899, #2617, .T. ) ;
#3674 = CARTESIAN_POINT ( 'NONE',  ( 3.534660000000000135, 124.2890000000000157, 5.099999999999999645 ) ) ;
#3675 = ORIENTED_EDGE ( 'NONE', *, *, #4939, .T. ) ;
#3676 = PLANE ( 'NONE',  #561 ) ;
#3677 = ORIENTED_EDGE ( 'NONE', *, *, #4504, .F. ) ;
#3678 = CARTESIAN_POINT ( 'NONE',  ( 327.8960000000000150, 125.4939999999999998, 5.099999999999999645 ) ) ;
#3679 = CARTESIAN_POINT ( 'NONE',  ( 1.299490000000000256, 1.803850000000000176, 5.099999999999999645 ) ) ;
#3680 = CARTESIAN_POINT ( 'NONE',  ( 4.194740000000000357, 2.745049999999999990, 5.099999999999999645 ) ) ;
#3681 = DIRECTION ( 'NONE',  ( -0.000000000000000000, -0.000000000000000000, -1.000000000000000000 ) ) ;
#3682 = ORIENTED_EDGE ( 'NONE', *, *, #3576, .T. ) ;
#3683 = VECTOR ( 'NONE', #2600, 1000.000000000000114 ) ;
#3684 = PLANE ( 'NONE',  #1288 ) ;
#3685 = ORIENTED_EDGE ( 'NONE', *, *, #5076, .F. ) ;
#3686 = VECTOR ( 'NONE', #4891, 1000.000000000000000 ) ;
#3687 = ADVANCED_FACE ( 'NONE', ( #2222 ), #4480, .T. ) ;
#3688 = DIRECTION ( 'NONE',  ( -0.9871905049027066559, 0.1595459401863276172, 0.000000000000000000 ) ) ;
#3689 = VECTOR ( 'NONE', #2052, 1000.000000000000227 ) ;
#3690 = CARTESIAN_POINT ( 'NONE',  ( 1.299490000000000256, 3.684870000000000090, 0.000000000000000000 ) ) ;
#3691 = CARTESIAN_POINT ( 'NONE',  ( 111.4890000000000043, 123.9350000000000023, 5.099999999999999645 ) ) ;
#3692 = EDGE_CURVE ( 'NONE', #5731, #3846, #4420, .T. ) ;
#3693 = EDGE_CURVE ( 'NONE', #899, #2511, #5765, .T. ) ;
#3694 = VECTOR ( 'NONE', #698, 1000.000000000000000 ) ;
#3695 = DIRECTION ( 'NONE',  ( 0.9872411207126464694, -0.1592324388246248446, 0.000000000000000000 ) ) ;
#3696 = ORIENTED_EDGE ( 'NONE', *, *, #1293, .T. ) ;
#3697 = ORIENTED_EDGE ( 'NONE', *, *, #2413, .T. ) ;
#3698 = ORIENTED_EDGE ( 'NONE', *, *, #5137, .T. ) ;
#3699 = DIRECTION ( 'NONE',  ( -0.4512020778594161841, 0.8924218088635806900, 0.000000000000000000 ) ) ;
#3700 = EDGE_LOOP ( 'NONE', ( #1242, #4150, #3615, #4415 ) ) ;
#3701 = DIRECTION ( 'NONE',  ( 0.8922182138893376413, 0.4516045380685627664, 0.000000000000000000 ) ) ;
#3702 = CARTESIAN_POINT ( 'NONE',  ( 110.1950000000000074, 4.344949999999999868, 5.099999999999999645 ) ) ;
#3703 = VECTOR ( 'NONE', #2986, 1000.000000000000114 ) ;
#3704 = ORIENTED_EDGE ( 'NONE', *, *, #2120, .F. ) ;
#3705 = CARTESIAN_POINT ( 'NONE',  ( 326.9159999999999968, 123.4890000000000043, 0.000000000000000000 ) ) ;
#3706 = LINE ( 'NONE', #62, #1198 ) ;
#3707 = CARTESIAN_POINT ( 'NONE',  ( 109.2540000000000049, 121.7000000000000028, 5.099999999999999645 ) ) ;
#3708 = PLANE ( 'NONE',  #206 ) ;
#3709 = EDGE_CURVE ( 'NONE', #3227, #2642, #1325, .T. ) ;
#3710 = LINE ( 'NONE', #5506, #3510 ) ;
#3711 = EDGE_CURVE ( 'NONE', #4800, #5134, #1706, .T. ) ;
#3712 = EDGE_LOOP ( 'NONE', ( #1884, #1104, #3458, #2800 ) ) ;
#3713 = PLANE ( 'NONE',  #3826 ) ;
#3714 = VERTEX_POINT ( 'NONE', #455 ) ;
#3715 = EDGE_LOOP ( 'NONE', ( #3807, #2436, #5371, #3317 ) ) ;
#3716 = CARTESIAN_POINT ( 'NONE',  ( 3.088179999999999925, 4.265010000000000190, 0.000000000000000000 ) ) ;
#3717 = DIRECTION ( 'NONE',  ( 0.8908112580283350512, -0.4543735275849321020, 0.000000000000000000 ) ) ;
#3718 = ORIENTED_EDGE ( 'NONE', *, *, #5, .F. ) ;
#3719 = EDGE_LOOP ( 'NONE', ( #1541, #4500, #4161, #536 ) ) ;
#3720 = EDGE_LOOP ( 'NONE', ( #3144, #4547, #5016, #4725 ) ) ;
#3721 = CARTESIAN_POINT ( 'NONE',  ( 109.2540000000000049, 1.451070000000000082, 0.000000000000000000 ) ) ;
#3722 = AXIS2_PLACEMENT_3D ( 'NONE', #3625, #3595, #851 ) ;
#3723 = CARTESIAN_POINT ( 'NONE',  ( 111.7159999999999940, 122.5010000000000190, 0.000000000000000000 ) ) ;
#3724 = ORIENTED_EDGE ( 'NONE', *, *, #3350, .F. ) ;
#3725 = PLANE ( 'NONE',  #4493 ) ;
#3726 = ADVANCED_FACE ( 'NONE', ( #36 ), #1825, .T. ) ;
#3727 = LINE ( 'NONE', #3755, #2990 ) ;
#3728 = LINE ( 'NONE', #4731, #3304 ) ;
#3729 = FACE_BOUND ( 'NONE', #3179, .T. ) ;
#3730 = CARTESIAN_POINT ( 'NONE',  ( 216.2719999999999914, 2.248959999999999848, 5.099999999999999645 ) ) ;
#3731 = ORIENTED_EDGE ( 'NONE', *, *, #1766, .T. ) ;
#3732 = AXIS2_PLACEMENT_3D ( 'NONE', #3295, #4181, #1025 ) ;
#3733 = EDGE_CURVE ( 'NONE', #3236, #2822, #4541, .T. ) ;
#3734 = LINE ( 'NONE', #5213, #5451 ) ;
#3735 = CARTESIAN_POINT ( 'NONE',  ( 110.1950000000000074, 121.3940000000000055, 0.000000000000000000 ) ) ;
#3736 = VECTOR ( 'NONE', #4060, 1000.000000000000114 ) ;
#3737 = DIRECTION ( 'NONE',  ( -0.000000000000000000, -1.000000000000000000, -0.000000000000000000 ) ) ;
#3738 = ORIENTED_EDGE ( 'NONE', *, *, #5753, .F. ) ;
#3739 = CC_DESIGN_APPROVAL ( #809, ( #2799 ) ) ;
#3740 = EDGE_CURVE ( 'NONE', #1401, #4942, #3009, .T. ) ;
#3741 = EDGE_CURVE ( 'NONE', #2573, #2126, #3446, .T. ) ;
#3742 = PLANE ( 'NONE',  #4102 ) ;
#3743 = DIRECTION ( 'NONE',  ( -0.7084757933787967366, -0.7057351133366430718, 0.000000000000000000 ) ) ;
#3744 = VECTOR ( 'NONE', #4192, 1000.000000000000114 ) ;
#3746 = EDGE_CURVE ( 'NONE', #2476, #4984, #2946, .T. ) ;
#3745 = CARTESIAN_POINT ( 'NONE',  ( 326.9159999999999968, 123.4890000000000043, 5.099999999999999645 ) ) ;
#3747 = VECTOR ( 'NONE', #3274, 1000.000000000000000 ) ;
#3748 = ORIENTED_EDGE ( 'NONE', *, *, #1163, .T. ) ;
#3749 = ORIENTED_EDGE ( 'NONE', *, *, #494, .F. ) ;
#3750 = DIRECTION ( 'NONE',  ( 0.9871977739796293783, 0.1595009562656748425, 0.000000000000000000 ) ) ;
#3751 = VECTOR ( 'NONE', #2130, 1000.000000000000000 ) ;
#3752 = CARTESIAN_POINT ( 'NONE',  ( 0.9935670000000000890, 2.745049999999999990, 5.099999999999999645 ) ) ;
#3753 = ORIENTED_EDGE ( 'NONE', *, *, #1624, .T. ) ;
#3754 = CARTESIAN_POINT ( 'NONE',  ( 111.7159999999999940, 3.238389999999999880, 0.000000000000000000 ) ) ;
#3755 = CARTESIAN_POINT ( 'NONE',  ( 2.100130000000000052, 121.4740000000000180, 5.099999999999999645 ) ) ;
#3756 = CARTESIAN_POINT ( 'NONE',  ( 109.7000000000000028, 4.265010000000000190, 0.000000000000000000 ) ) ;
#3757 = VECTOR ( 'NONE', #4209, 1000.000000000000114 ) ;
#3758 = ORIENTED_EDGE ( 'NONE', *, *, #5357, .F. ) ;
#3759 = LINE ( 'NONE', #5529, #4346 ) ;
#3760 = CARTESIAN_POINT ( 'NONE',  ( 108.8990000000000151, 122.0540000000000163, 0.000000000000000000 ) ) ;
#3761 = DIRECTION ( 'NONE',  ( 0.9870883714087309579, 0.1601766119933220878, 0.000000000000000000 ) ) ;
#3762 = VERTEX_POINT ( 'NONE', #1228 ) ;
#3763 = PLANE ( 'NONE',  #1598 ) ;
#3764 = PLANE ( 'NONE',  #831 ) ;
#3765 = LINE ( 'NONE', #2970, #1390 ) ;
#3766 = VERTEX_POINT ( 'NONE', #3044 ) ;
#3767 = EDGE_CURVE ( 'NONE', #4332, #4902, #3418, .T. ) ;
#3768 = CARTESIAN_POINT ( 'NONE',  ( 110.1950000000000074, 124.5939999999999941, 5.099999999999999645 ) ) ;
#3769 = CARTESIAN_POINT ( 'NONE',  ( 324.4549999999999841, 124.2890000000000157, 5.099999999999999645 ) ) ;
#3770 = CARTESIAN_POINT ( 'NONE',  ( 326.6899999999999977, 122.0540000000000163, 0.000000000000000000 ) ) ;
#3771 = VECTOR ( 'NONE', #769, 1000.000000000000114 ) ;
#3772 = ADVANCED_FACE ( 'NONE', ( #4329 ), #5652, .T. ) ;
#3773 = EDGE_CURVE ( 'NONE', #920, #2779, #2585, .T. ) ;
#3774 = LINE ( 'NONE', #3894, #4148 ) ;
#3775 = CARTESIAN_POINT ( 'NONE',  ( 2.100130000000000052, 124.5169999999999959, 5.099999999999999645 ) ) ;
#3776 = VECTOR ( 'NONE', #4298, 1000.000000000000114 ) ;
#3777 = ORIENTED_EDGE ( 'NONE', *, *, #1757, .F. ) ;
#3778 = VERTEX_POINT ( 'NONE', #1143 ) ;
#3779 = PLANE ( 'NONE',  #2477 ) ;
#3780 = VECTOR ( 'NONE', #1628, 1000.000000000000000 ) ;
#3781 = LINE ( 'NONE', #4786, #3838 ) ;
#3782 = ORIENTED_EDGE ( 'NONE', *, *, #372, .T. ) ;
#3783 = FACE_OUTER_BOUND ( 'NONE', #113, .T. ) ;
#3784 = VECTOR ( 'NONE', #4917, 1000.000000000000000 ) ;
#3785 = DIRECTION ( 'NONE',  ( 0.7069569863009588229, -0.7072565443460143708, 0.000000000000000000 ) ) ;
#3786 = LINE ( 'NONE', #636, #210 ) ;
#3787 = ORIENTED_EDGE ( 'NONE', *, *, #2400, .F. ) ;
#3788 = FACE_OUTER_BOUND ( 'NONE', #3265, .T. ) ;
#3789 = CARTESIAN_POINT ( 'NONE',  ( 110.1950000000000074, 121.3940000000000055, 5.099999999999999645 ) ) ;
#3790 = VERTEX_POINT ( 'NONE', #4775 ) ;
#3791 = EDGE_CURVE ( 'NONE', #5081, #4669, #2531, .T. ) ;
#3792 = AXIS2_PLACEMENT_3D ( 'NONE', #1122, #5109, #2012 ) ;
#3793 = DIRECTION ( 'NONE',  ( 0.1595459401863189020, 0.9871905049027080992, -0.000000000000000000 ) ) ;
#3794 = VERTEX_POINT ( 'NONE', #4744 ) ;
#3795 = DIRECTION ( 'NONE',  ( 0.1533772373344627904, -0.9881677099903880546, 0.000000000000000000 ) ) ;
#3796 = CARTESIAN_POINT ( 'NONE',  ( 327.8960000000000150, 125.4939999999999998, 0.000000000000000000 ) ) ;
#3797 = ORIENTED_EDGE ( 'NONE', *, *, #5075, .T. ) ;
#3798 = PLANE ( 'NONE',  #4200 ) ;
#3799 = LINE ( 'NONE', #1562, #1808 ) ;
#3800 = CARTESIAN_POINT ( 'NONE',  ( 110.6880000000000024, 124.5169999999999959, 5.099999999999999645 ) ) ;
#3801 = PLANE ( 'NONE',  #3198 ) ;
#3802 = EDGE_CURVE ( 'NONE', #1204, #3125, #3511, .T. ) ;
#3803 = EDGE_CURVE ( 'NONE', #1199, #5446, #4865, .T. ) ;
#3804 = EDGE_LOOP ( 'NONE', ( #2904, #4974, #4838, #5029 ) ) ;
#3805 = PLANE ( 'NONE',  #1913 ) ;
#3806 = DIRECTION ( 'NONE',  ( 0.9871905049027066559, -0.1595459401863275894, 0.000000000000000000 ) ) ;
#3807 = ORIENTED_EDGE ( 'NONE', *, *, #4235, .T. ) ;
#3808 = EDGE_CURVE ( 'NONE', #5147, #3660, #4264, .T. ) ;
#3809 = EDGE_CURVE ( 'NONE', #3299, #3006, #2505, .T. ) ;
#3810 = LINE ( 'NONE', #5141, #2922 ) ;
#3811 = CARTESIAN_POINT ( 'NONE',  ( 323.8730000000000473, 3.238389999999999880, 0.000000000000000000 ) ) ;
#3812 = DIRECTION ( 'NONE',  ( -0.000000000000000000, -0.000000000000000000, -1.000000000000000000 ) ) ;
#3813 = LINE ( 'NONE', #122, #5018 ) ;
#3814 = LINE ( 'NONE', #4256, #3689 ) ;
#3815 = VECTOR ( 'NONE', #3130, 1000.000000000000114 ) ;
#3816 = LINE ( 'NONE', #5091, #3309 ) ;
#3817 = ORIENTED_EDGE ( 'NONE', *, *, #4490, .T. ) ;
#3818 = FACE_OUTER_BOUND ( 'NONE', #4406, .T. ) ;
#3819 = ORIENTED_EDGE ( 'NONE', *, *, #2609, .F. ) ;
#3820 = DIRECTION ( 'NONE',  ( -0.000000000000000000, -0.000000000000000000, -1.000000000000000000 ) ) ;
#3821 = CARTESIAN_POINT ( 'NONE',  ( 217.7949999999999875, 121.3940000000000055, 5.099999999999999645 ) ) ;
#3822 = ORIENTED_EDGE ( 'NONE', *, *, #830, .F. ) ;
#3823 = VECTOR ( 'NONE', #5501, 1000.000000000000000 ) ;
#3824 = FACE_OUTER_BOUND ( 'NONE', #1101, .T. ) ;
#3825 = DIRECTION ( 'NONE',  ( -0.9872093450064345355, -0.1594293233127661302, 0.000000000000000000 ) ) ;
#3826 = AXIS2_PLACEMENT_3D ( 'NONE', #40, #4092, #1883 ) ;
#3827 = LINE ( 'NONE', #3955, #2422 ) ;
#3828 = LINE ( 'NONE', #5708, #3599 ) ;
#3829 = CARTESIAN_POINT ( 'NONE',  ( 1.299490000000000256, 122.0540000000000163, 5.099999999999999645 ) ) ;
#3830 = CC_DESIGN_APPROVAL ( #4635, ( #1861 ) ) ;
#3831 = CARTESIAN_POINT ( 'NONE',  ( 325.8890000000000668, 1.223700000000000010, 0.000000000000000000 ) ) ;
#3832 = ORIENTED_EDGE ( 'NONE', *, *, #4514, .F. ) ;
#3833 = CARTESIAN_POINT ( 'NONE',  ( 110.6880000000000024, 124.5169999999999959, 5.099999999999999645 ) ) ;
#3834 = EDGE_CURVE ( 'NONE', #1900, #2524, #2062, .T. ) ;
#3835 = VECTOR ( 'NONE', #5009, 1000.000000000000114 ) ;
#3836 = ORIENTED_EDGE ( 'NONE', *, *, #4391, .T. ) ;
#3837 = LINE ( 'NONE', #1634, #1488 ) ;
#3838 = VECTOR ( 'NONE', #5663, 1000.000000000000114 ) ;
#3839 = ORIENTED_EDGE ( 'NONE', *, *, #518, .T. ) ;
#3840 = DIRECTION ( 'NONE',  ( -0.000000000000000000, -0.000000000000000000, -1.000000000000000000 ) ) ;
#3841 = DIRECTION ( 'NONE',  ( -0.000000000000000000, -0.000000000000000000, -1.000000000000000000 ) ) ;
#3842 = DIRECTION ( 'NONE',  ( 0.8908112580283353843, 0.4543735275849316579, -0.000000000000000000 ) ) ;
#3843 = ORIENTED_EDGE ( 'NONE', *, *, #5360, .F. ) ;
#3844 = CARTESIAN_POINT ( 'NONE',  ( 324.4549999999999841, 1.451070000000000082, 5.099999999999999645 ) ) ;
#3845 = CARTESIAN_POINT ( 'NONE',  ( 219.0900000000000034, 3.684870000000000090, 0.000000000000000000 ) ) ;
#3846 = VERTEX_POINT ( 'NONE', #5249 ) ;
#3847 = AXIS2_PLACEMENT_3D ( 'NONE', #1604, #2488, #221 ) ;
#3848 = EDGE_CURVE ( 'NONE', #2160, #1313, #908, .T. ) ;
#3849 = EDGE_CURVE ( 'NONE', #4429, #5302, #3568, .T. ) ;
#3850 = CARTESIAN_POINT ( 'NONE',  ( 109.7000000000000028, 121.4740000000000180, 5.099999999999999645 ) ) ;
#3851 = VERTEX_POINT ( 'NONE', #4065 ) ;
#3852 = AXIS2_PLACEMENT_3D ( 'NONE', #5188, #2002, #304 ) ;
#3853 = DIRECTION ( 'NONE',  ( -0.000000000000000000, -0.000000000000000000, -1.000000000000000000 ) ) ;
#3854 = CARTESIAN_POINT ( 'NONE',  ( 111.7159999999999940, 123.4890000000000043, 0.000000000000000000 ) ) ;
#3855 = ORIENTED_EDGE ( 'NONE', *, *, #3530, .T. ) ;
#3856 = CARTESIAN_POINT ( 'NONE',  ( 111.7950000000000017, 2.745049999999999990, 5.099999999999999645 ) ) ;
#3857 = DIRECTION ( 'NONE',  ( 0.7083262900088976854, 0.7058851655065653263, 0.000000000000000000 ) ) ;
#3858 = CARTESIAN_POINT ( 'NONE',  ( 324.4549999999999841, 4.039019999999999833, 0.000000000000000000 ) ) ;
#3859 = LINE ( 'NONE', #2976, #5247 ) ;
#3860 = FACE_OUTER_BOUND ( 'NONE', #295, .T. ) ;
#3861 = CARTESIAN_POINT ( 'NONE',  ( 218.7359999999999900, 4.039019999999999833, 5.099999999999999645 ) ) ;
#3862 = EDGE_CURVE ( 'NONE', #191, #1237, #5459, .T. ) ;
#3863 = LINE ( 'NONE', #1600, #1316 ) ;
#3864 = CARTESIAN_POINT ( 'NONE',  ( 5.094599999999999795, 120.4939999999999998, 5.099999999999999645 ) ) ;
#3865 = ORIENTED_EDGE ( 'NONE', *, *, #48, .T. ) ;
#3866 = DIRECTION ( 'NONE',  ( 0.9880215842932849046, -0.1543157444027902780, 0.000000000000000000 ) ) ;
#3867 = VECTOR ( 'NONE', #1254, 1000.000000000000114 ) ;
#3868 = VECTOR ( 'NONE', #339, 1000.000000000000114 ) ;
#3869 = CARTESIAN_POINT ( 'NONE',  ( 3.088179999999999925, 124.5169999999999959, 0.000000000000000000 ) ) ;
#3870 = ORIENTED_EDGE ( 'NONE', *, *, #2823, .F. ) ;
#3871 = CARTESIAN_POINT ( 'NONE',  ( 1.072109999999999896, 123.4890000000000043, 5.099999999999999645 ) ) ;
#3872 = ADVANCED_FACE ( 'NONE', ( #1291 ), #4091, .T. ) ;
#3873 = PERSON_AND_ORGANIZATION_ROLE ( 'design_supplier' ) ;
#3874 = ORIENTED_EDGE ( 'NONE', *, *, #3862, .T. ) ;
#3875 = VECTOR ( 'NONE', #2019, 1000.000000000000114 ) ;
#3876 = CARTESIAN_POINT ( 'NONE',  ( 324.1010000000000559, 123.9350000000000023, 0.000000000000000000 ) ) ;
#3877 = VERTEX_POINT ( 'NONE', #3626 ) ;
#3878 = VECTOR ( 'NONE', #4580, 1000.000000000000000 ) ;
#3879 = EDGE_LOOP ( 'NONE', ( #1257, #4924, #4887, #3109 ) ) ;
#3880 = LINE ( 'NONE', #1642, #5812 ) ;
#3881 = EDGE_LOOP ( 'NONE', ( #5802, #2431, #2839, #988 ) ) ;
#3882 = EDGE_CURVE ( 'NONE', #5415, #1590, #4958, .T. ) ;
#3883 = ADVANCED_FACE ( 'NONE', ( #3100 ), #2712, .T. ) ;
#3884 = DIRECTION ( 'NONE',  ( 0.4527989663758532068, -0.8916126378921279683, 0.000000000000000000 ) ) ;
#3885 = ORIENTED_EDGE ( 'NONE', *, *, #80, .F. ) ;
#3886 = ORIENTED_EDGE ( 'NONE', *, *, #4897, .F. ) ;
#3887 = CARTESIAN_POINT ( 'NONE',  ( 1.653650000000000064, 4.039019999999999833, 0.000000000000000000 ) ) ;
#3888 = CARTESIAN_POINT ( 'NONE',  ( 111.1350000000000051, 4.039019999999999833, 5.099999999999999645 ) ) ;
#3889 = ADVANCED_FACE ( 'NONE', ( #2681 ), #4452, .T. ) ;
#3890 = DIRECTION ( 'NONE',  ( 0.7083262900088421743, 0.7058851655066208375, 0.000000000000000000 ) ) ;
#3891 = LINE ( 'NONE', #4778, #3032 ) ;
#3892 = ORIENTED_EDGE ( 'NONE', *, *, #3808, .T. ) ;
#3893 = LINE ( 'NONE', #5710, #675 ) ;
#3894 = CARTESIAN_POINT ( 'NONE',  ( 322.8949999999999818, 118.9939999999999998, 5.099999999999999645 ) ) ;
#3895 = CARTESIAN_POINT ( 'NONE',  ( 216.2719999999999914, 122.5010000000000190, 5.099999999999999645 ) ) ;
#3896 = ORIENTED_EDGE ( 'NONE', *, *, #710, .T. ) ;
#3897 = CARTESIAN_POINT ( 'NONE',  ( 3.088179999999999925, 124.5169999999999959, 5.099999999999999645 ) ) ;
#3898 = ORIENTED_EDGE ( 'NONE', *, *, #1308, .F. ) ;
#3899 = CARTESIAN_POINT ( 'NONE',  ( 5.094599999999999795, 5.244819999999999816, 5.099999999999999645 ) ) ;
#3900 = ORIENTED_EDGE ( 'NONE', *, *, #4425, .F. ) ;
#3901 = CARTESIAN_POINT ( 'NONE',  ( 111.1350000000000051, 4.039019999999999833, 5.099999999999999645 ) ) ;
#3902 = CARTESIAN_POINT ( 'NONE',  ( 2.100130000000000052, 124.5169999999999959, 5.099999999999999645 ) ) ;
#3903 = PERSON_AND_ORGANIZATION ( #4494, #1102 ) ;
#3904 = LINE ( 'NONE', #5541, #2098 ) ;
#3905 = ORIENTED_EDGE ( 'NONE', *, *, #1000, .F. ) ;
#3906 = CARTESIAN_POINT ( 'NONE',  ( 217.3000000000000114, 124.5169999999999959, 5.099999999999999645 ) ) ;
#3907 = VERTEX_POINT ( 'NONE', #5402 ) ;
#3908 = EDGE_CURVE ( 'NONE', #2511, #3958, #885, .T. ) ;
#3909 = LINE ( 'NONE', #786, #1889 ) ;
#3910 = EDGE_LOOP ( 'NONE', ( #4812, #4675, #2059, #454 ) ) ;
#3911 = LINE ( 'NONE', #3946, #4680 ) ;
#3912 = VERTEX_POINT ( 'NONE', #2196 ) ;
#3913 = ORIENTED_EDGE ( 'NONE', *, *, #5224, .T. ) ;
#3914 = CARTESIAN_POINT ( 'NONE',  ( 110.1950000000000074, 121.3940000000000055, 5.099999999999999645 ) ) ;
#3915 = EDGE_CURVE ( 'NONE', #2569, #3236, #853, .T. ) ;
#3916 = APPLICATION_CONTEXT ( 'configuration controlled 3d designs of mechanical parts and assemblies' ) ;
#3917 = CARTESIAN_POINT ( 'NONE',  ( 3.088179999999999925, 124.5169999999999959, 0.000000000000000000 ) ) ;
#3918 = CARTESIAN_POINT ( 'NONE',  ( 5.094599999999999795, 5.244819999999999816, 0.000000000000000000 ) ) ;
#3919 = CARTESIAN_POINT ( 'NONE',  ( 219.3160000000000025, 122.5010000000000190, 0.000000000000000000 ) ) ;
#3920 = VERTEX_POINT ( 'NONE', #1416 ) ;
#3921 = CARTESIAN_POINT ( 'NONE',  ( 325.8890000000000668, 124.5169999999999959, 5.099999999999999645 ) ) ;
#3922 = EDGE_CURVE ( 'NONE', #4942, #2206, #1385, .T. ) ;
#3923 = DIRECTION ( 'NONE',  ( 0.7071067811865335839, -0.7071067811865613395, 0.000000000000000000 ) ) ;
#3924 = EDGE_CURVE ( 'NONE', #5759, #4090, #512, .T. ) ;
#3925 = VECTOR ( 'NONE', #3260, 1000.000000000000000 ) ;
#3926 = ORIENTED_EDGE ( 'NONE', *, *, #1061, .F. ) ;
#3927 = VECTOR ( 'NONE', #5617, 1000.000000000000000 ) ;
#3928 = CARTESIAN_POINT ( 'NONE',  ( 109.7000000000000028, 124.5169999999999959, 5.099999999999999645 ) ) ;
#3929 = EDGE_CURVE ( 'NONE', #580, #191, #65, .T. ) ;
#3930 = ORIENTED_EDGE ( 'NONE', *, *, #685, .F. ) ;
#3931 = DIRECTION ( 'NONE',  ( 0.000000000000000000, 0.000000000000000000, 1.000000000000000000 ) ) ;
#3932 = APPROVAL_PERSON_ORGANIZATION ( #2148, #209, #3525 ) ;
#3933 = VERTEX_POINT ( 'NONE', #1852 ) ;
#3934 = LINE ( 'NONE', #5724, #5283 ) ;
#3935 = FACE_OUTER_BOUND ( 'NONE', #3112, .T. ) ;
#3936 = DATE_AND_TIME ( #5358, #4300 ) ;
#3937 = DIRECTION ( 'NONE',  ( 0.4547933146790721359, -0.8905970137628032024, 0.000000000000000000 ) ) ;
#3938 = VECTOR ( 'NONE', #100, 1000.000000000000000 ) ;
#3939 = EDGE_LOOP ( 'NONE', ( #5035, #3948, #5316, #1956 ) ) ;
#3940 = LINE ( 'NONE', #5327, #5200 ) ;
#3941 = EDGE_CURVE ( 'NONE', #5723, #5427, #3131, .T. ) ;
#3942 = AXIS2_PLACEMENT_3D ( 'NONE', #777, #803, #5721 ) ;
#3943 = EDGE_LOOP ( 'NONE', ( #2266, #2226, #59, #1442 ) ) ;
#3944 = CARTESIAN_POINT ( 'NONE',  ( 4.114840000000000053, 3.238389999999999880, 0.000000000000000000 ) ) ;
#3945 = VERTEX_POINT ( 'NONE', #3217 ) ;
#3946 = CARTESIAN_POINT ( 'NONE',  ( 111.7159999999999940, 123.4890000000000043, 0.000000000000000000 ) ) ;
#3947 = VECTOR ( 'NONE', #2708, 999.9999999999998863 ) ;
#3948 = ORIENTED_EDGE ( 'NONE', *, *, #3452, .F. ) ;
#3949 = CARTESIAN_POINT ( 'NONE',  ( 322.8949999999999818, 120.4939999999999998, 5.099999999999999645 ) ) ;
#3950 = ORIENTED_EDGE ( 'NONE', *, *, #3424, .T. ) ;
#3951 = ADVANCED_FACE ( 'NONE', ( #2620 ), #4008, .T. ) ;
#3952 = CARTESIAN_POINT ( 'NONE',  ( 219.3160000000000025, 123.4890000000000043, 0.000000000000000000 ) ) ;
#3953 = CARTESIAN_POINT ( 'NONE',  ( 110.6880000000000024, 124.5169999999999959, 0.000000000000000000 ) ) ;
#3954 = VECTOR ( 'NONE', #5795, 1000.000000000000114 ) ;
#3955 = CARTESIAN_POINT ( 'NONE',  ( 324.4549999999999841, 124.2890000000000157, 5.099999999999999645 ) ) ;
#3956 = DIRECTION ( 'NONE',  ( -0.000000000000000000, -0.000000000000000000, -1.000000000000000000 ) ) ;
#3957 = ORIENTED_EDGE ( 'NONE', *, *, #183, .F. ) ;
#3958 = VERTEX_POINT ( 'NONE', #11 ) ;
#3959 = EDGE_LOOP ( 'NONE', ( #4637, #552, #4277, #983, #3214, #3404, #2936, #4536, #5420, #4581, #540, #2352, #111, #2640, #1468, #4419, #4344, #1302, #519, #2593 ) ) ;
#3960 = ADVANCED_FACE ( 'NONE', ( #5766 ), #1741, .T. ) ;
#3961 = ADVANCED_FACE ( 'NONE', ( #3159 ), #4202, .T. ) ;
#3962 = PLANE ( 'NONE',  #5629 ) ;
#3963 = VERTEX_POINT ( 'NONE', #5643 ) ;
#3964 = DIRECTION ( 'NONE',  ( 0.4512020778594382775, 0.8924218088635694768, 0.000000000000000000 ) ) ;
#3965 = EDGE_LOOP ( 'NONE', ( #1042, #3048, #3358, #3383 ) ) ;
#3966 = CARTESIAN_POINT ( 'NONE',  ( 322.8949999999999818, 118.9939999999999998, 5.099999999999999645 ) ) ;
#3967 = APPROVAL_DATE_TIME ( #2181, #209 ) ;
#3968 = ORIENTED_EDGE ( 'NONE', *, *, #1283, .T. ) ;
#3969 = CARTESIAN_POINT ( 'NONE',  ( 110.1950000000000074, 4.344949999999999868, 0.000000000000000000 ) ) ;
#3970 = ORIENTED_EDGE ( 'NONE', *, *, #3483, .T. ) ;
#3971 = CARTESIAN_POINT ( 'NONE',  ( 5.094599999999999795, 5.244819999999999816, 5.099999999999999645 ) ) ;
#3972 = VECTOR ( 'NONE', #1519, 1000.000000000000000 ) ;
#3973 = ORIENTED_EDGE ( 'NONE', *, *, #1110, .F. ) ;
#3974 = ADVANCED_FACE ( 'NONE', ( #4152 ), #2445, .T. ) ;
#3975 = CARTESIAN_POINT ( 'NONE',  ( 0.09508460000000000523, 0.2439130000000000187, 5.099999999999999645 ) ) ;
#3976 = ORIENTED_EDGE ( 'NONE', *, *, #4097, .T. ) ;
#3977 = ORIENTED_EDGE ( 'NONE', *, *, #4466, .T. ) ;
#3978 = CARTESIAN_POINT ( 'NONE',  ( 4.114840000000000053, 122.5010000000000190, 5.099999999999999645 ) ) ;
#3979 = AXIS2_PLACEMENT_3D ( 'NONE', #5266, #2639, #2117 ) ;
#3980 = CARTESIAN_POINT ( 'NONE',  ( 109.2540000000000049, 121.7000000000000028, 5.099999999999999645 ) ) ;
#3981 = DIRECTION ( 'NONE',  ( 0.1600690508825414748, 0.9871058195297819360, -0.000000000000000000 ) ) ;
#3982 = DIRECTION ( 'NONE',  ( -0.8905970137628033134, 0.4547933146790716918, 0.000000000000000000 ) ) ;
#3983 = ORIENTED_EDGE ( 'NONE', *, *, #2272, .F. ) ;
#3984 = CARTESIAN_POINT ( 'NONE',  ( 219.3950000000000102, 122.9939999999999998, 5.099999999999999645 ) ) ;
#3985 = ORIENTED_EDGE ( 'NONE', *, *, #3452, .T. ) ;
#3986 = EDGE_LOOP ( 'NONE', ( #3561, #3343, #4769, #78 ) ) ;
#3987 = EDGE_CURVE ( 'NONE', #5427, #3526, #2394, .T. ) ;
#3988 = EDGE_CURVE ( 'NONE', #3062, #5300, #4595, .T. ) ;
#3989 = CARTESIAN_POINT ( 'NONE',  ( 219.0900000000000034, 3.684870000000000090, 5.099999999999999645 ) ) ;
#3990 = EDGE_LOOP ( 'NONE', ( #4078, #202, #160, #450 ) ) ;
#3991 = PLANE ( 'NONE',  #2289 ) ;
#3992 = CARTESIAN_POINT ( 'NONE',  ( 325.8890000000000668, 4.265010000000000190, 5.099999999999999645 ) ) ;
#3993 = ORIENTED_EDGE ( 'NONE', *, *, #2131, .T. ) ;
#3994 = COORDINATED_UNIVERSAL_TIME_OFFSET ( 5, 0, .BEHIND. ) ;
#3995 = VERTEX_POINT ( 'NONE', #4121 ) ;
#3996 = CARTESIAN_POINT ( 'NONE',  ( 324.8999999999999773, 1.223700000000000010, 5.099999999999999645 ) ) ;
#3997 = ORIENTED_EDGE ( 'NONE', *, *, #1497, .T. ) ;
#3998 = EDGE_CURVE ( 'NONE', #1920, #1581, #1940, .T. ) ;
#3999 = EDGE_CURVE ( 'NONE', #807, #3289, #5534, .T. ) ;
#4000 = ORIENTED_EDGE ( 'NONE', *, *, #2438, .F. ) ;
#4001 = DIRECTION ( 'NONE',  ( 0.4527259285258880550, 0.8916497258679400018, 0.000000000000000000 ) ) ;
#4002 = ORIENTED_EDGE ( 'NONE', *, *, #107, .F. ) ;
#4003 = CARTESIAN_POINT ( 'NONE',  ( 324.4549999999999841, 124.2890000000000157, 0.000000000000000000 ) ) ;
#4004 = DIRECTION ( 'NONE',  ( 0.1600690508825687031, -0.9871058195297774951, 0.000000000000000000 ) ) ;
#4005 = CARTESIAN_POINT ( 'NONE',  ( 216.1949999999999932, 122.9939999999999998, 0.000000000000000000 ) ) ;
#4006 = VERTEX_POINT ( 'NONE', #4654 ) ;
#4007 = CARTESIAN_POINT ( 'NONE',  ( 217.3000000000000114, 1.223700000000000010, 5.099999999999999645 ) ) ;
#4008 = PLANE ( 'NONE',  #2433 ) ;
#4009 = DIRECTION ( 'NONE',  ( -0.000000000000000000, -0.000000000000000000, -1.000000000000000000 ) ) ;
#4010 = CARTESIAN_POINT ( 'NONE',  ( 326.6899999999999977, 3.684870000000000090, 5.099999999999999645 ) ) ;
#4011 = EDGE_LOOP ( 'NONE', ( #470, #4918, #5186, #4335 ) ) ;
#4012 = VECTOR ( 'NONE', #2679, 1000.000000000000114 ) ;
#4013 = ORIENTED_EDGE ( 'NONE', *, *, #3237, .F. ) ;
#4014 = EDGE_CURVE ( 'NONE', #2287, #1791, #2083, .T. ) ;
#4015 = ORIENTED_EDGE ( 'NONE', *, *, #3078, .F. ) ;
#4016 = VECTOR ( 'NONE', #5204, 1000.000000000000114 ) ;
#4017 = EDGE_CURVE ( 'NONE', #699, #4827, #1936, .T. ) ;
#4018 = DIRECTION ( 'NONE',  ( 0.1592042833370855837, 0.9872456615083829989, 0.000000000000000000 ) ) ;
#4019 = ORIENTED_EDGE ( 'NONE', *, *, #3140, .T. ) ;
#4020 = VECTOR ( 'NONE', #5532, 1000.000000000000000 ) ;
#4021 = CARTESIAN_POINT ( 'NONE',  ( 108.8990000000000151, 122.0540000000000163, 5.099999999999999645 ) ) ;
#4022 = ORIENTED_EDGE ( 'NONE', *, *, #2143, .F. ) ;
#4023 = ORIENTED_EDGE ( 'NONE', *, *, #3773, .F. ) ;
#4024 = CARTESIAN_POINT ( 'NONE',  ( 322.8949999999999818, 120.4939999999999998, 0.000000000000000000 ) ) ;
#4025 = ORIENTED_EDGE ( 'NONE', *, *, #616, .T. ) ;
#4026 = LOCAL_TIME ( 17, 34, 58.00000000000000000, #4946 ) ;
#4027 = ORIENTED_EDGE ( 'NONE', *, *, #4273, .T. ) ;
#4028 = CARTESIAN_POINT ( 'NONE',  ( 1.299490000000000256, 122.0540000000000163, 5.099999999999999645 ) ) ;
#4029 = ORIENTED_EDGE ( 'NONE', *, *, #1616, .F. ) ;
#4030 = LINE ( 'NONE', #3238, #1003 ) ;
#4031 = DIRECTION ( 'NONE',  ( -0.8908112580283351623, 0.4543735275849321020, 0.000000000000000000 ) ) ;
#4032 = DIRECTION ( 'NONE',  ( -0.000000000000000000, -0.000000000000000000, -1.000000000000000000 ) ) ;
#4033 = EDGE_CURVE ( 'NONE', #3629, #961, #5094, .T. ) ;
#4034 = EDGE_CURVE ( 'NONE', #109, #1578, #1492, .T. ) ;
#4035 = ORIENTED_EDGE ( 'NONE', *, *, #3344, .F. ) ;
#4036 = PLANE ( 'NONE',  #3075 ) ;
#4037 = VECTOR ( 'NONE', #2704, 1000.000000000000000 ) ;
#4038 = CARTESIAN_POINT ( 'NONE',  ( 218.7359999999999900, 124.2890000000000157, 5.099999999999999645 ) ) ;
#4039 = VECTOR ( 'NONE', #4664, 1000.000000000000000 ) ;
#4040 = CARTESIAN_POINT ( 'NONE',  ( 4.194740000000000357, 122.9939999999999998, 5.099999999999999645 ) ) ;
#4041 = ORIENTED_EDGE ( 'NONE', *, *, #1566, .F. ) ;
#4042 = VECTOR ( 'NONE', #1893, 1000.000000000000114 ) ;
#4043 = EDGE_LOOP ( 'NONE', ( #447, #2811, #2384, #1695 ) ) ;
#4044 = LINE ( 'NONE', #4874, #2536 ) ;
#4045 = AXIS2_PLACEMENT_3D ( 'NONE', #2628, #3486, #371 ) ;
#4046 = ORIENTED_EDGE ( 'NONE', *, *, #3492, .F. ) ;
#4047 = EDGE_CURVE ( 'NONE', #4973, #5108, #4678, .T. ) ;
#4048 = CARTESIAN_POINT ( 'NONE',  ( 326.9159999999999968, 2.248959999999999848, 0.000000000000000000 ) ) ;
#4049 = PLANE ( 'NONE',  #2262 ) ;
#4050 = ORIENTED_EDGE ( 'NONE', *, *, #4098, .F. ) ;
#4051 = DIRECTION ( 'NONE',  ( -0.000000000000000000, -0.000000000000000000, -1.000000000000000000 ) ) ;
#4052 = ORIENTED_EDGE ( 'NONE', *, *, #1538, .F. ) ;
#4053 = ORIENTED_EDGE ( 'NONE', *, *, #615, .F. ) ;
#4054 = EDGE_CURVE ( 'NONE', #2715, #796, #1074, .T. ) ;
#4055 = CARTESIAN_POINT ( 'NONE',  ( 3.534660000000000135, 1.451070000000000082, 5.099999999999999645 ) ) ;
#4056 = VERTEX_POINT ( 'NONE', #2056 ) ;
#4057 = ORIENTED_EDGE ( 'NONE', *, *, #4867, .F. ) ;
#4058 = DIRECTION ( 'NONE',  ( 0.8920142723425459330, -0.4520072321735552623, 0.000000000000000000 ) ) ;
#4059 = EDGE_LOOP ( 'NONE', ( #4023, #3345, #5345, #2228 ) ) ;
#4060 = DIRECTION ( 'NONE',  ( 0.8924218088635806900, 0.4512020778594162396, 0.000000000000000000 ) ) ;
#4061 = CARTESIAN_POINT ( 'NONE',  ( 218.7359999999999900, 121.7000000000000028, 0.000000000000000000 ) ) ;
#4062 = AXIS2_PLACEMENT_3D ( 'NONE', #2992, #5754, #2570 ) ;
#4063 = VERTEX_POINT ( 'NONE', #235 ) ;
#4064 = CARTESIAN_POINT ( 'NONE',  ( 219.3950000000000102, 122.9939999999999998, 0.000000000000000000 ) ) ;
#4065 = CARTESIAN_POINT ( 'NONE',  ( 327.8960000000000150, 118.9939999999999998, 0.000000000000000000 ) ) ;
#4066 = EDGE_CURVE ( 'NONE', #1237, #5407, #3734, .T. ) ;
#4067 = EDGE_CURVE ( 'NONE', #2642, #2815, #2474, .T. ) ;
#4068 = CARTESIAN_POINT ( 'NONE',  ( 111.7950000000000017, 2.745049999999999990, 5.099999999999999645 ) ) ;
#4069 = ORIENTED_EDGE ( 'NONE', *, *, #3487, .F. ) ;
#4070 = VECTOR ( 'NONE', #2818, 1000.000000000000114 ) ;
#4071 = ORIENTED_EDGE ( 'NONE', *, *, #3294, .F. ) ;
#4072 = EDGE_CURVE ( 'NONE', #1324, #3541, #2026, .T. ) ;
#4073 = VECTOR ( 'NONE', #3049, 1000.000000000000114 ) ;
#4074 = ORIENTED_EDGE ( 'NONE', *, *, #5681, .F. ) ;
#4075 = CARTESIAN_POINT ( 'NONE',  ( 108.6720000000000113, 2.248959999999999848, 0.000000000000000000 ) ) ;
#4077 = ADVANCED_FACE ( 'NONE', ( #1614 ), #3764, .T. ) ;
#4076 = CARTESIAN_POINT ( 'NONE',  ( 216.2719999999999914, 3.238389999999999880, 0.000000000000000000 ) ) ;
#4078 = ORIENTED_EDGE ( 'NONE', *, *, #2396, .F. ) ;
#4079 = CARTESIAN_POINT ( 'NONE',  ( 110.6880000000000024, 121.4740000000000180, 5.099999999999999645 ) ) ;
#4080 = VERTEX_POINT ( 'NONE', #2392 ) ;
#4081 = EDGE_LOOP ( 'NONE', ( #2047, #3645, #4519, #357 ) ) ;
#4082 = CARTESIAN_POINT ( 'NONE',  ( 110.6880000000000024, 1.223700000000000010, 0.000000000000000000 ) ) ;
#4083 = VERTEX_POINT ( 'NONE', #5588 ) ;
#4084 = PLANE ( 'NONE',  #833 ) ;
#4085 = ORIENTED_EDGE ( 'NONE', *, *, #3280, .T. ) ;
#4086 = LINE ( 'NONE', #3209, #4037 ) ;
#4087 = ORIENTED_EDGE ( 'NONE', *, *, #4544, .T. ) ;
#4088 = DIRECTION ( 'NONE',  ( -0.1581185208565923372, 0.9874201402453381959, 0.000000000000000000 ) ) ;
#4089 = CARTESIAN_POINT ( 'NONE',  ( 0.09508460000000000523, 0.2439130000000000187, 5.099999999999999645 ) ) ;
#4090 = VERTEX_POINT ( 'NONE', #2417 ) ;
#4091 = PLANE ( 'NONE',  #4190 ) ;
#4092 = DIRECTION ( 'NONE',  ( 0.4519913179139026238, -0.8920223363405501704, 0.000000000000000000 ) ) ;
#4093 = VERTEX_POINT ( 'NONE', #4177 ) ;
#4094 = EDGE_CURVE ( 'NONE', #4063, #5356, #3291, .T. ) ;
#4095 = VECTOR ( 'NONE', #2223, 999.9999999999998863 ) ;
#4096 = VERTEX_POINT ( 'NONE', #2880 ) ;
#4097 = EDGE_CURVE ( 'NONE', #95, #2112, #2856, .T. ) ;
#4098 = EDGE_CURVE ( 'NONE', #1364, #527, #3412, .T. ) ;
#4099 = CARTESIAN_POINT ( 'NONE',  ( 326.9959999999999809, 122.9939999999999998, 5.099999999999999645 ) ) ;
#4100 = DIRECTION ( 'NONE',  ( 0.1537070062818597926, 0.9881164689548841418, 0.000000000000000000 ) ) ;
#4101 = ORIENTED_EDGE ( 'NONE', *, *, #1214, .F. ) ;
#4102 = AXIS2_PLACEMENT_3D ( 'NONE', #3172, #1310, #2297 ) ;
#4103 = DIRECTION ( 'NONE',  ( 0.9871105220788048973, 0.1600400487418979223, 0.000000000000000000 ) ) ;
#4104 = VERTEX_POINT ( 'NONE', #4652 ) ;
#4105 = EDGE_CURVE ( 'NONE', #3995, #5202, #1967, .T. ) ;
#4106 = FACE_OUTER_BOUND ( 'NONE', #4645, .T. ) ;
#4107 = VECTOR ( 'NONE', #2211, 1000.000000000000114 ) ;
#4108 = EDGE_LOOP ( 'NONE', ( #4499, #2967, #4752, #5321 ) ) ;
#4109 = FACE_OUTER_BOUND ( 'NONE', #2416, .T. ) ;
#4110 = ORIENTED_EDGE ( 'NONE', *, *, #4309, .F. ) ;
#4111 = CARTESIAN_POINT ( 'NONE',  ( 1.072109999999999896, 3.238389999999999880, 5.099999999999999645 ) ) ;
#4112 = PLANE ( 'NONE',  #2007 ) ;
#4113 = DIRECTION ( 'NONE',  ( 0.9876443091134916585, -0.1567122161024270821, 0.000000000000000000 ) ) ;
#4114 = LINE ( 'NONE', #3264, #4634 ) ;
#4115 = EDGE_LOOP ( 'NONE', ( #1071, #419, #2377, #4757 ) ) ;
#4116 = EDGE_CURVE ( 'NONE', #856, #2139, #5616, .T. ) ;
#4117 = VECTOR ( 'NONE', #3347, 1000.000000000000000 ) ;
#4118 = FACE_OUTER_BOUND ( 'NONE', #4665, .T. ) ;
#4119 = LOCAL_TIME ( 17, 34, 58.00000000000000000, #3994 ) ;
#4120 = FACE_OUTER_BOUND ( 'NONE', #3617, .T. ) ;
#4121 = CARTESIAN_POINT ( 'NONE',  ( 1.653650000000000064, 121.7000000000000028, 0.000000000000000000 ) ) ;
#4122 = ORIENTED_EDGE ( 'NONE', *, *, #2537, .T. ) ;
#4123 = AXIS2_PLACEMENT_3D ( 'NONE', #5034, #1064, #5449 ) ;
#4124 = CC_DESIGN_PERSON_AND_ORGANIZATION_ASSIGNMENT ( #4316, #3873, ( #1861 ) ) ;
#4125 = DIRECTION ( 'NONE',  ( 0.7071067811865890951, -0.7071067811865059394, 0.000000000000000000 ) ) ;
#4126 = VECTOR ( 'NONE', #5287, 1000.000000000000000 ) ;
#4127 = CARTESIAN_POINT ( 'NONE',  ( 323.8730000000000473, 123.4890000000000043, 5.099999999999999645 ) ) ;
#4128 = DIRECTION ( 'NONE',  ( 0.4527259285258880550, 0.8916497258679400018, 0.000000000000000000 ) ) ;
#4129 = AXIS2_PLACEMENT_3D ( 'NONE', #1227, #4481, #4833 ) ;
#4130 = EDGE_LOOP ( 'NONE', ( #3052, #4721, #1009, #5216, #4854, #5772, #3184, #2025, #2658, #4655, #704, #2611, #1392, #1821, #2550, #757, #5443, #3640, #2092, #4766 ) ) ;
#4131 = EDGE_CURVE ( 'NONE', #5236, #3283, #205, .T. ) ;
#4132 = ADVANCED_FACE ( 'NONE', ( #3346 ), #1105, .T. ) ;
#4133 = ORIENTED_EDGE ( 'NONE', *, *, #4431, .F. ) ;
#4134 = DATE_TIME_ROLE ( 'classification_date' ) ;
#4135 = ORIENTED_EDGE ( 'NONE', *, *, #3740, .F. ) ;
#4136 = CARTESIAN_POINT ( 'NONE',  ( 217.7949999999999875, 124.5939999999999941, 5.099999999999999645 ) ) ;
#4137 = VERTEX_POINT ( 'NONE', #701 ) ;
#4138 = ORIENTED_EDGE ( 'NONE', *, *, #5148, .T. ) ;
#4139 = FACE_OUTER_BOUND ( 'NONE', #3584, .T. ) ;
#4140 = CARTESIAN_POINT ( 'NONE',  ( 219.3950000000000102, 122.9939999999999998, 5.099999999999999645 ) ) ;
#4141 = EDGE_LOOP ( 'NONE', ( #5329, #3163, #4531, #3496 ) ) ;
#4142 = CARTESIAN_POINT ( 'NONE',  ( 111.1350000000000051, 1.451070000000000082, 5.099999999999999645 ) ) ;
#4143 = ORIENTED_EDGE ( 'NONE', *, *, #337, .F. ) ;
#4144 = CARTESIAN_POINT ( 'NONE',  ( 111.1350000000000051, 4.039019999999999833, 5.099999999999999645 ) ) ;
#4145 = LINE ( 'NONE', #4225, #1622 ) ;
#4146 = DIRECTION ( 'NONE',  ( 0.7081034065937691357, 0.7061087491104320879, 0.000000000000000000 ) ) ;
#4147 = ORIENTED_EDGE ( 'NONE', *, *, #5537, .T. ) ;
#4148 = VECTOR ( 'NONE', #656, 1000.000000000000000 ) ;
#4149 = LINE ( 'NONE', #1828, #1193 ) ;
#4150 = ORIENTED_EDGE ( 'NONE', *, *, #4978, .F. ) ;
#4151 = VECTOR ( 'NONE', #2525, 1000.000000000000114 ) ;
#4152 = FACE_OUTER_BOUND ( 'NONE', #3064, .T. ) ;
#4153 = VECTOR ( 'NONE', #2589, 1000.000000000000000 ) ;
#4154 = FACE_OUTER_BOUND ( 'NONE', #2024, .T. ) ;
#4155 = VECTOR ( 'NONE', #1960, 999.9999999999998863 ) ;
#4156 = DIRECTION ( 'NONE',  ( -0.1593515750220751703, 0.9872218978213478380, 0.000000000000000000 ) ) ;
#4157 = AXIS2_PLACEMENT_3D ( 'NONE', #2215, #3466, #386 ) ;
#4158 = LINE ( 'NONE', #1919, #1868 ) ;
#4159 = EDGE_CURVE ( 'NONE', #1220, #2476, #268, .T. ) ;
#4160 = ORIENTED_EDGE ( 'NONE', *, *, #2633, .F. ) ;
#4161 = ORIENTED_EDGE ( 'NONE', *, *, #790, .T. ) ;
#4162 = ORIENTED_EDGE ( 'NONE', *, *, #566, .T. ) ;
#4163 = AXIS2_PLACEMENT_3D ( 'NONE', #4470, #3585, #898 ) ;
#4164 = DIRECTION ( 'NONE',  ( -0.7058851655065931929, 0.7083262900088699299, 0.000000000000000000 ) ) ;
#4165 = EDGE_CURVE ( 'NONE', #2779, #1194, #2189, .T. ) ;
#4166 = CARTESIAN_POINT ( 'NONE',  ( 326.3360000000000127, 4.039019999999999833, 0.000000000000000000 ) ) ;
#4167 = LINE ( 'NONE', #607, #3744 ) ;
#4168 = EDGE_LOOP ( 'NONE', ( #4879, #1981, #5294, #4502 ) ) ;
#4169 = LINE ( 'NONE', #3705, #5604 ) ;
#4170 = LINE ( 'NONE', #1987, #827 ) ;
#4171 = CARTESIAN_POINT ( 'NONE',  ( 1.072109999999999896, 122.5010000000000190, 0.000000000000000000 ) ) ;
#4172 = FACE_BOUND ( 'NONE', #4230, .T. ) ;
#4173 = DIRECTION ( 'NONE',  ( 0.1601766119933535626, 0.9870883714087258509, 0.000000000000000000 ) ) ;
#4174 = EDGE_LOOP ( 'NONE', ( #2892, #1496, #5086, #1299, #4355, #1567, #4019, #2791, #2214, #4534, #729, #430, #4485, #3506, #2595, #3782, #3055, #378, #5138, #192 ) ) ;
#4175 = EDGE_CURVE ( 'NONE', #814, #5673, #3439, .T. ) ;
#4176 = EDGE_CURVE ( 'NONE', #5108, #1831, #1195, .T. ) ;
#4177 = CARTESIAN_POINT ( 'NONE',  ( 3.888809999999999878, 122.0540000000000163, 0.000000000000000000 ) ) ;
#4178 = DIRECTION ( 'NONE',  ( 0.4549196351979303277, -0.8905324954831136397, 0.000000000000000000 ) ) ;
#4179 = DIRECTION ( 'NONE',  ( -0.000000000000000000, -0.000000000000000000, -1.000000000000000000 ) ) ;
#4180 = ORIENTED_EDGE ( 'NONE', *, *, #1441, .T. ) ;
#4181 = DIRECTION ( 'NONE',  ( 0.4551814095323810094, -0.8903987221554818809, 0.000000000000000000 ) ) ;
#4182 = PLANE ( 'NONE',  #125 ) ;
#4183 = DIRECTION ( 'NONE',  ( -0.8920223363405501704, -0.4519913179139026238, 0.000000000000000000 ) ) ;
#4184 = LINE ( 'NONE', #5078, #3103 ) ;
#4185 = EDGE_LOOP ( 'NONE', ( #1921, #1518, #1425, #5747 ) ) ;
#4186 = ORIENTED_EDGE ( 'NONE', *, *, #4628, .F. ) ;
#4187 = CARTESIAN_POINT ( 'NONE',  ( 327.8960000000000150, 125.4939999999999998, 0.000000000000000000 ) ) ;
#4188 = EDGE_CURVE ( 'NONE', #5644, #5081, #5301, .T. ) ;
#4189 = ADVANCED_FACE ( 'NONE', ( #2154 ), #3560, .T. ) ;
#4190 = AXIS2_PLACEMENT_3D ( 'NONE', #427, #3538, #4932 ) ;
#4191 = CARTESIAN_POINT ( 'NONE',  ( 326.6899999999999977, 3.684870000000000090, 5.099999999999999645 ) ) ;
#4192 = DIRECTION ( 'NONE',  ( 0.1573322594823948206, -0.9875457255875113027, 0.000000000000000000 ) ) ;
#4193 = ORIENTED_EDGE ( 'NONE', *, *, #5485, .F. ) ;
#4194 = LINE ( 'NONE', #227, #2884 ) ;
#4195 = DIRECTION ( 'NONE',  ( -0.000000000000000000, -0.000000000000000000, -1.000000000000000000 ) ) ;
#4196 = DIRECTION ( 'NONE',  ( -0.4535964786212107192, -0.8912071782601604930, 0.000000000000000000 ) ) ;
#4197 = DIRECTION ( 'NONE',  ( -0.7093211804271944976, 0.7048854254397458607, 0.000000000000000000 ) ) ;
#4198 = CARTESIAN_POINT ( 'NONE',  ( 327.8960000000000150, 125.4939999999999998, 5.099999999999999645 ) ) ;
#4199 = VERTEX_POINT ( 'NONE', #3944 ) ;
#4200 = AXIS2_PLACEMENT_3D ( 'NONE', #5126, #2034, #651 ) ;
#4201 = DIRECTION ( 'NONE',  ( -0.000000000000000000, -0.000000000000000000, -1.000000000000000000 ) ) ;
#4202 = PLANE ( 'NONE',  #2161 ) ;
#4203 = DIRECTION ( 'NONE',  ( -0.000000000000000000, -0.000000000000000000, -1.000000000000000000 ) ) ;
#4204 = EDGE_CURVE ( 'NONE', #763, #5265, #5242, .T. ) ;
#4205 = EDGE_CURVE ( 'NONE', #2350, #1829, #1699, .T. ) ;
#4206 = CARTESIAN_POINT ( 'NONE',  ( 217.7949999999999875, 121.3940000000000055, 0.000000000000000000 ) ) ;
#4207 = VECTOR ( 'NONE', #3539, 1000.000000000000000 ) ;
#4208 = ORIENTED_EDGE ( 'NONE', *, *, #1098, .T. ) ;
#4209 = DIRECTION ( 'NONE',  ( -0.9881032527062957316, -0.1537919438437470865, 0.000000000000000000 ) ) ;
#4210 = EDGE_CURVE ( 'NONE', #4953, #5446, #2641, .T. ) ;
#4212 = VECTOR ( 'NONE', #5181, 1000.000000000000000 ) ;
#4211 = CARTESIAN_POINT ( 'NONE',  ( 324.1010000000000559, 122.0540000000000163, 0.000000000000000000 ) ) ;
#4213 = ORIENTED_EDGE ( 'NONE', *, *, #782, .T. ) ;
#4214 = CARTESIAN_POINT ( 'NONE',  ( 1.072109999999999896, 3.238389999999999880, 5.099999999999999645 ) ) ;
#4215 = VECTOR ( 'NONE', #1089, 1000.000000000000114 ) ;
#4216 = VECTOR ( 'NONE', #3315, 1000.000000000000000 ) ;
#4217 = ORIENTED_EDGE ( 'NONE', *, *, #3483, .F. ) ;
#4218 = VERTEX_POINT ( 'NONE', #811 ) ;
#4219 = DIRECTION ( 'NONE',  ( -0.4533763750535910741, 0.8913191698506577332, 0.000000000000000000 ) ) ;
#4220 = VECTOR ( 'NONE', #5678, 1000.000000000000114 ) ;
#4221 = DIRECTION ( 'NONE',  ( 0.9881677099903839467, 0.1533772373344898243, -0.000000000000000000 ) ) ;
#4222 = VERTEX_POINT ( 'NONE', #1281 ) ;
#4223 = LINE ( 'NONE', #3811, #358 ) ;
#4224 = DIRECTION ( 'NONE',  ( -0.7072565443460144818, -0.7069569863009589339, 0.000000000000000000 ) ) ;
#4225 = CARTESIAN_POINT ( 'NONE',  ( 4.114840000000000053, 2.248959999999999848, 0.000000000000000000 ) ) ;
#4226 = VECTOR ( 'NONE', #625, 1000.000000000000114 ) ;
#4227 = PLANE ( 'NONE',  #408 ) ;
#4228 = DIRECTION ( 'NONE',  ( -0.000000000000000000, 1.000000000000000000, -0.000000000000000000 ) ) ;
#4229 = LINE ( 'NONE', #1044, #4824 ) ;
#4230 = EDGE_LOOP ( 'NONE', ( #4351, #5096, #3449, #3885, #3436, #4508, #4013, #608, #2395, #1785, #3957, #2249, #3241, #1346, #3559, #16, #965, #138, #4143, #2876 ) ) ;
#4231 = DIRECTION ( 'NONE',  ( -0.000000000000000000, -0.000000000000000000, -1.000000000000000000 ) ) ;
#4232 = LINE ( 'NONE', #1618, #728 ) ;
#4233 = VERTEX_POINT ( 'NONE', #2551 ) ;
#4234 = ADVANCED_FACE ( 'NONE', ( #4799 ), #5788, .T. ) ;
#4235 = EDGE_CURVE ( 'NONE', #2815, #4556, #2577, .T. ) ;
#4236 = CARTESIAN_POINT ( 'NONE',  ( 0.9935670000000000890, 122.9939999999999998, 0.000000000000000000 ) ) ;
#4237 = PLANE ( 'NONE',  #4627 ) ;
#4238 = CARTESIAN_POINT ( 'NONE',  ( 111.4890000000000043, 123.9350000000000023, 5.099999999999999645 ) ) ;
#4239 = VECTOR ( 'NONE', #2623, 1000.000000000000227 ) ;
#4240 = EDGE_CURVE ( 'NONE', #5498, #118, #846, .T. ) ;
#4241 = CARTESIAN_POINT ( 'NONE',  ( 218.2889999999999873, 121.4740000000000180, 5.099999999999999645 ) ) ;
#4242 = EDGE_CURVE ( 'NONE', #5498, #2039, #3909, .T. ) ;
#4243 = DIRECTION ( 'NONE',  ( 0.9871058195297819360, -0.1600690508825414748, 0.000000000000000000 ) ) ;
#4244 = VECTOR ( 'NONE', #1534, 1000.000000000000000 ) ;
#4245 = VERTEX_POINT ( 'NONE', #4414 ) ;
#4246 = DIRECTION ( 'NONE',  ( -0.7071167641288979011, -0.7070967981032558747, 0.000000000000000000 ) ) ;
#4247 = CARTESIAN_POINT ( 'NONE',  ( 218.2889999999999873, 1.223700000000000010, 0.000000000000000000 ) ) ;
#4248 = FACE_BOUND ( 'NONE', #4252, .T. ) ;
#4249 = VECTOR ( 'NONE', #553, 1000.000000000000000 ) ;
#4250 = EDGE_CURVE ( 'NONE', #2898, #2118, #1222, .T. ) ;
#4251 = CARTESIAN_POINT ( 'NONE',  ( 323.8730000000000473, 3.238389999999999880, 0.000000000000000000 ) ) ;
#4252 = EDGE_LOOP ( 'NONE', ( #442, #4610, #5635, #5453, #3839, #5306, #3500, #234, #754, #19, #626, #2661, #5557, #4981, #1452, #5082, #497, #3817, #2770, #2796 ) ) ;
#4253 = LINE ( 'NONE', #1986, #3823 ) ;
#4254 = CARTESIAN_POINT ( 'NONE',  ( 217.7949999999999875, 1.143769999999999953, 5.099999999999999645 ) ) ;
#4255 = CARTESIAN_POINT ( 'NONE',  ( 108.8990000000000151, 123.9350000000000023, 0.000000000000000000 ) ) ;
#4256 = CARTESIAN_POINT ( 'NONE',  ( 217.7949999999999875, 124.5939999999999941, 0.000000000000000000 ) ) ;
#4257 = LINE ( 'NONE', #1611, #2559 ) ;
#4258 = ORIENTED_EDGE ( 'NONE', *, *, #4067, .F. ) ;
#4259 = ORIENTED_EDGE ( 'NONE', *, *, #1490, .T. ) ;
#4260 = CARTESIAN_POINT ( 'NONE',  ( 216.1949999999999932, 2.745049999999999990, 0.000000000000000000 ) ) ;
#4261 = LINE ( 'NONE', #2581, #5154 ) ;
#4262 = VERTEX_POINT ( 'NONE', #3036 ) ;
#4263 = DIRECTION ( 'NONE',  ( 0.4528148944300242618, 0.8916045487671796499, -0.000000000000000000 ) ) ;
#4264 = LINE ( 'NONE', #2033, #2690 ) ;
#4265 = DIRECTION ( 'NONE',  ( 0.9871073587932586157, -0.1600595583406275724, 0.000000000000000000 ) ) ;
#4266 = DIRECTION ( 'NONE',  ( 0.1592324388246248168, 0.9872411207126464694, -0.000000000000000000 ) ) ;
#4267 = ADVANCED_FACE ( 'NONE', ( #4323 ), #4826, .T. ) ;
#4268 = LINE ( 'NONE', #2036, #1239 ) ;
#4269 = CARTESIAN_POINT ( 'NONE',  ( 217.7949999999999875, 121.3940000000000055, 5.099999999999999645 ) ) ;
#4270 = PLANE ( 'NONE',  #1209 ) ;
#4271 = VERTEX_POINT ( 'NONE', #5760 ) ;
#4272 = ADVANCED_FACE ( 'NONE', ( #3532 ), #5330, .T. ) ;
#4273 = EDGE_CURVE ( 'NONE', #3259, #4471, #3880, .T. ) ;
#4274 = FACE_OUTER_BOUND ( 'NONE', #524, .T. ) ;
#4275 = ORIENTED_EDGE ( 'NONE', *, *, #3998, .F. ) ;
#4276 = CARTESIAN_POINT ( 'NONE',  ( 325.3960000000000150, 4.344949999999999868, 0.000000000000000000 ) ) ;
#4277 = ORIENTED_EDGE ( 'NONE', *, *, #3631, .T. ) ;
#4278 = CARTESIAN_POINT ( 'NONE',  ( 4.114840000000000053, 2.248959999999999848, 5.099999999999999645 ) ) ;
#4279 = EDGE_CURVE ( 'NONE', #1581, #1318, #3646, .T. ) ;
#4280 = CARTESIAN_POINT ( 'NONE',  ( 216.2719999999999914, 3.238389999999999880, 5.099999999999999645 ) ) ;
#4281 = FACE_OUTER_BOUND ( 'NONE', #2, .T. ) ;
#4282 = VECTOR ( 'NONE', #4389, 1000.000000000000227 ) ;
#4283 = CARTESIAN_POINT ( 'NONE',  ( 111.7950000000000017, 122.9939999999999998, 5.099999999999999645 ) ) ;
#4284 = ORIENTED_EDGE ( 'NONE', *, *, #578, .T. ) ;
#4285 = LINE ( 'NONE', #1965, #12 ) ;
#4286 = ORIENTED_EDGE ( 'NONE', *, *, #791, .F. ) ;
#4287 = CARTESIAN_POINT ( 'NONE',  ( 323.7950000000000159, 2.745049999999999990, 5.099999999999999645 ) ) ;
#4288 = ADVANCED_FACE ( 'NONE', ( #4109 ), #1410, .T. ) ;
#4289 = CARTESIAN_POINT ( 'NONE',  ( 218.2889999999999873, 121.4740000000000180, 5.099999999999999645 ) ) ;
#4290 = LINE ( 'NONE', #3475, #2063 ) ;
#4291 = ORIENTED_EDGE ( 'NONE', *, *, #606, .F. ) ;
#4292 = VECTOR ( 'NONE', #5263, 1000.000000000000114 ) ;
#4293 = DIRECTION ( 'NONE',  ( -0.8911057429423656639, 0.4537957193442161419, 0.000000000000000000 ) ) ;
#4294 = CARTESIAN_POINT ( 'NONE',  ( 219.3950000000000102, 2.745049999999999990, 5.099999999999999645 ) ) ;
#4295 = VECTOR ( 'NONE', #1801, 1000.000000000000114 ) ;
#4296 = CARTESIAN_POINT ( 'NONE',  ( 324.1010000000000559, 3.684870000000000090, 5.099999999999999645 ) ) ;
#4297 = DIRECTION ( 'NONE',  ( 0.1572265105709937383, 0.9875625673210124411, 0.000000000000000000 ) ) ;
#4298 = DIRECTION ( 'NONE',  ( -0.7072665251725597235, -0.7069470011042785496, 0.000000000000000000 ) ) ;
#4299 = CARTESIAN_POINT ( 'NONE',  ( 219.3160000000000025, 3.238389999999999880, 5.099999999999999645 ) ) ;
#4300 = LOCAL_TIME ( 17, 34, 58.00000000000000000, #3555 ) ;
#4301 = CARTESIAN_POINT ( 'NONE',  ( 111.7159999999999940, 2.248959999999999848, 5.099999999999999645 ) ) ;
#4302 = DIRECTION ( 'NONE',  ( -1.000000000000000000, -0.000000000000000000, -0.000000000000000000 ) ) ;
#4303 = ORIENTED_EDGE ( 'NONE', *, *, #4210, .F. ) ;
#4304 = LINE ( 'NONE', #4753, #3376 ) ;
#4305 = DIRECTION ( 'NONE',  ( 0.4549929400045650274, 0.8904950446498859362, -0.000000000000000000 ) ) ;
#4306 = FACE_OUTER_BOUND ( 'NONE', #270, .T. ) ;
#4307 = AXIS2_PLACEMENT_3D ( 'NONE', #4922, #5423, #532 ) ;
#4308 = ORIENTED_EDGE ( 'NONE', *, *, #56, .T. ) ;
#4309 = EDGE_CURVE ( 'NONE', #1735, #1715, #1433, .T. ) ;
#4310 = EDGE_CURVE ( 'NONE', #179, #1756, #959, .T. ) ;
#4311 = DIRECTION ( 'NONE',  ( -0.000000000000000000, -0.000000000000000000, -1.000000000000000000 ) ) ;
#4312 = VECTOR ( 'NONE', #2692, 1000.000000000000114 ) ;
#4313 = ORIENTED_EDGE ( 'NONE', *, *, #3243, .T. ) ;
#4314 = DIRECTION ( 'NONE',  ( -0.8911057429423658860, -0.4537957193442159198, 0.000000000000000000 ) ) ;
#4315 = CARTESIAN_POINT ( 'NONE',  ( 324.1010000000000559, 1.803850000000000176, 5.099999999999999645 ) ) ;
#4316 = PERSON_AND_ORGANIZATION ( #4494, #1102 ) ;
#4317 = LINE ( 'NONE', #1097, #3195 ) ;
#4318 = LINE ( 'NONE', #5783, #511 ) ;
#4319 = VECTOR ( 'NONE', #4492, 1000.000000000000000 ) ;
#4320 = EDGE_CURVE ( 'NONE', #1051, #4199, #3620, .T. ) ;
#4321 = VERTEX_POINT ( 'NONE', #5393 ) ;
#4322 = VECTOR ( 'NONE', #1351, 1000.000000000000114 ) ;
#4323 = FACE_OUTER_BOUND ( 'NONE', #599, .T. ) ;
#4324 = VERTEX_POINT ( 'NONE', #878 ) ;
#4325 = DIRECTION ( 'NONE',  ( 0.7072565443460006041, -0.7069569863009727007, 0.000000000000000000 ) ) ;
#4326 = DIRECTION ( 'NONE',  ( 0.8924218088635806900, 0.4512020778594162396, 0.000000000000000000 ) ) ;
#4327 = ORIENTED_EDGE ( 'NONE', *, *, #3244, .T. ) ;
#4328 = DIRECTION ( 'NONE',  ( -0.000000000000000000, -0.000000000000000000, -1.000000000000000000 ) ) ;
#4329 = FACE_OUTER_BOUND ( 'NONE', #1718, .T. ) ;
#4330 = CARTESIAN_POINT ( 'NONE',  ( 216.1949999999999932, 2.745049999999999990, 0.000000000000000000 ) ) ;
#4331 = CARTESIAN_POINT ( 'NONE',  ( 324.8999999999999773, 121.4740000000000180, 5.099999999999999645 ) ) ;
#4332 = VERTEX_POINT ( 'NONE', #5478 ) ;
#4333 = CARTESIAN_POINT ( 'NONE',  ( 1.653650000000000064, 124.2890000000000157, 5.099999999999999645 ) ) ;
#4334 = CARTESIAN_POINT ( 'NONE',  ( 1.299490000000000256, 123.9350000000000023, 5.099999999999999645 ) ) ;
#4335 = ORIENTED_EDGE ( 'NONE', *, *, #4674, .T. ) ;
#4336 = VECTOR ( 'NONE', #1849, 1000.000000000000000 ) ;
#4337 = CARTESIAN_POINT ( 'NONE',  ( 326.9959999999999809, 2.745049999999999990, 0.000000000000000000 ) ) ;
#4338 = CARTESIAN_POINT ( 'NONE',  ( 111.7159999999999940, 3.238389999999999880, 5.099999999999999645 ) ) ;
#4339 = ADVANCED_FACE ( 'NONE', ( #1876 ), #4535, .T. ) ;
#4340 = CARTESIAN_POINT ( 'NONE',  ( 5.094599999999999795, 120.4939999999999998, 5.099999999999999645 ) ) ;
#4341 = ORIENTED_EDGE ( 'NONE', *, *, #3711, .F. ) ;
#4342 = PLANE ( 'NONE',  #1855 ) ;
#4343 = COORDINATED_UNIVERSAL_TIME_OFFSET ( 5, 0, .BEHIND. ) ;
#4344 = ORIENTED_EDGE ( 'NONE', *, *, #3711, .T. ) ;
#4345 = LINE ( 'NONE', #5118, #4692 ) ;
#4346 = VECTOR ( 'NONE', #3314, 1000.000000000000114 ) ;
#4347 = EDGE_CURVE ( 'NONE', #1581, #1522, #4086, .T. ) ;
#4348 = CARTESIAN_POINT ( 'NONE',  ( 108.6720000000000113, 3.238389999999999880, 5.099999999999999645 ) ) ;
#4349 = ORIENTED_EDGE ( 'NONE', *, *, #1730, .F. ) ;
#4350 = AXIS2_PLACEMENT_3D ( 'NONE', #3996, #1728, #3407 ) ;
#4351 = ORIENTED_EDGE ( 'NONE', *, *, #4705, .F. ) ;
#4352 = DIRECTION ( 'NONE',  ( 0.7069470011042785496, 0.7072665251725598345, -0.000000000000000000 ) ) ;
#4353 = ORIENTED_EDGE ( 'NONE', *, *, #5212, .T. ) ;
#4354 = CARTESIAN_POINT ( 'NONE',  ( 216.2719999999999914, 3.238389999999999880, 5.099999999999999645 ) ) ;
#4355 = ORIENTED_EDGE ( 'NONE', *, *, #490, .T. ) ;
#4356 = CARTESIAN_POINT ( 'NONE',  ( 109.7000000000000028, 124.5169999999999959, 5.099999999999999645 ) ) ;
#4357 = ADVANCED_FACE ( 'NONE', ( #4585 ), #3124, .T. ) ;
#4358 = ADVANCED_FACE ( 'NONE', ( #1353 ), #3676, .T. ) ;
#4359 = ORIENTED_EDGE ( 'NONE', *, *, #1334, .T. ) ;
#4360 = VECTOR ( 'NONE', #2866, 1000.000000000000114 ) ;
#4361 = DIRECTION ( 'NONE',  ( 0.1581185208565923372, -0.9874201402453381959, 0.000000000000000000 ) ) ;
#4362 = LINE ( 'NONE', #3045, #4971 ) ;
#4363 = CARTESIAN_POINT ( 'NONE',  ( 2.100130000000000052, 124.5169999999999959, 0.000000000000000000 ) ) ;
#4364 = EDGE_CURVE ( 'NONE', #5008, #1633, #477, .T. ) ;
#4365 = VERTEX_POINT ( 'NONE', #2785 ) ;
#4366 = PLANE ( 'NONE',  #1236 ) ;
#4367 = DIRECTION ( 'NONE',  ( 0.1594293233127574150, -0.9872093450064359788, 0.000000000000000000 ) ) ;
#4368 = ORIENTED_EDGE ( 'NONE', *, *, #4672, .F. ) ;
#4369 = LINE ( 'NONE', #5775, #4517 ) ;
#4370 = ORIENTED_EDGE ( 'NONE', *, *, #13, .F. ) ;
#4371 = DIRECTION ( 'NONE',  ( -0.1600400487418979500, 0.9871105220788050083, 0.000000000000000000 ) ) ;
#4372 = ORIENTED_EDGE ( 'NONE', *, *, #5711, .F. ) ;
#4373 = CARTESIAN_POINT ( 'NONE',  ( 219.3160000000000025, 2.248959999999999848, 5.099999999999999645 ) ) ;
#4374 = CARTESIAN_POINT ( 'NONE',  ( 218.7359999999999900, 1.451070000000000082, 5.099999999999999645 ) ) ;
#4375 =( NAMED_UNIT ( * ) SI_UNIT ( $, .STERADIAN. ) SOLID_ANGLE_UNIT ( ) );
#4376 = FACE_OUTER_BOUND ( 'NONE', #1941, .T. ) ;
#4377 = VERTEX_POINT ( 'NONE', #559 ) ;
#4378 = MANIFOLD_SOLID_BREP ( 'Cut-Extrude1', #4441 ) ;
#4379 = DIRECTION ( 'NONE',  ( -0.8916126378921280793, -0.4527989663758531513, 0.000000000000000000 ) ) ;
#4381 = VERTEX_POINT ( 'NONE', #2361 ) ;
#4380 = CC_DESIGN_PERSON_AND_ORGANIZATION_ASSIGNMENT ( #5324, #415, ( #5365 ) ) ;
#4382 = CARTESIAN_POINT ( 'NONE',  ( 216.5010000000000048, 122.0540000000000163, 0.000000000000000000 ) ) ;
#4383 = AXIS2_PLACEMENT_3D ( 'NONE', #4957, #4896, #1259 ) ;
#4384 = ORIENTED_EDGE ( 'NONE', *, *, #4250, .T. ) ;
#4385 = CARTESIAN_POINT ( 'NONE',  ( 111.7159999999999940, 123.4890000000000043, 5.099999999999999645 ) ) ;
#4386 = CARTESIAN_POINT ( 'NONE',  ( 324.8999999999999773, 124.5169999999999959, 0.000000000000000000 ) ) ;
#4387 = ORIENTED_EDGE ( 'NONE', *, *, #3141, .T. ) ;
#4388 = CARTESIAN_POINT ( 'NONE',  ( 326.9959999999999809, 122.9939999999999998, 0.000000000000000000 ) ) ;
#4389 = DIRECTION ( 'NONE',  ( 0.4559528082269453386, -0.8900039531765925327, 0.000000000000000000 ) ) ;
#4390 = EDGE_CURVE ( 'NONE', #4365, #2898, #1901, .T. ) ;
#4391 = EDGE_CURVE ( 'NONE', #2642, #731, #60, .T. ) ;
#4392 = DIRECTION ( 'NONE',  ( -0.000000000000000000, -0.000000000000000000, -1.000000000000000000 ) ) ;
#4393 = CARTESIAN_POINT ( 'NONE',  ( 218.2889999999999873, 124.5170000000000101, 5.099999999999999645 ) ) ;
#4394 = EDGE_LOOP ( 'NONE', ( #5240, #485, #3797, #2725 ) ) ;
#4395 = CARTESIAN_POINT ( 'NONE',  ( 216.5010000000000048, 1.803850000000000176, 5.099999999999999645 ) ) ;
#4396 = VECTOR ( 'NONE', #693, 1000.000000000000227 ) ;
#4397 = ORIENTED_EDGE ( 'NONE', *, *, #3033, .T. ) ;
#4398 = VECTOR ( 'NONE', #2571, 999.9999999999998863 ) ;
#4399 = EDGE_LOOP ( 'NONE', ( #4372, #2576, #4488, #24 ) ) ;
#4400 = VECTOR ( 'NONE', #5214, 1000.000000000000227 ) ;
#4401 = LINE ( 'NONE', #800, #4796 ) ;
#4402 = ORIENTED_EDGE ( 'NONE', *, *, #4176, .F. ) ;
#4404 = EDGE_CURVE ( 'NONE', #179, #9, #89, .T. ) ;
#4403 = CARTESIAN_POINT ( 'NONE',  ( 108.5949999999999989, 122.9939999999999998, 5.099999999999999645 ) ) ;
#4405 = AXIS2_PLACEMENT_3D ( 'NONE', #1822, #933, #562 ) ;
#4406 = EDGE_LOOP ( 'NONE', ( #2071, #1210, #3199, #4772 ) ) ;
#4407 = PLANE ( 'NONE',  #3453 ) ;
#4408 = CALENDAR_DATE ( 2026, 25, 9 ) ;
#4409 = VECTOR ( 'NONE', #5645, 1000.000000000000114 ) ;
#4410 = DIRECTION ( 'NONE',  ( -0.1542119231227464249, -0.9880377941995862612, 0.000000000000000000 ) ) ;
#4411 = ORIENTED_EDGE ( 'NONE', *, *, #2010, .F. ) ;
#4412 = AXIS2_PLACEMENT_3D ( 'NONE', #1888, #5515, #1001 ) ;
#4413 = ORIENTED_EDGE ( 'NONE', *, *, #2563, .F. ) ;
#4414 = CARTESIAN_POINT ( 'NONE',  ( 108.8990000000000151, 123.9350000000000023, 0.000000000000000000 ) ) ;
#4415 = ORIENTED_EDGE ( 'NONE', *, *, #302, .T. ) ;
#4416 = CARTESIAN_POINT ( 'NONE',  ( 110.1950000000000074, 124.5939999999999941, 5.099999999999999645 ) ) ;
#4417 = VECTOR ( 'NONE', #3737, 1000.000000000000000 ) ;
#4418 = ORIENTED_EDGE ( 'NONE', *, *, #3301, .F. ) ;
#4419 = ORIENTED_EDGE ( 'NONE', *, *, #149, .T. ) ;
#4420 = LINE ( 'NONE', #3978, #3543 ) ;
#4421 = DIRECTION ( 'NONE',  ( 0.9880215842932842385, 0.1543157444027945802, -0.000000000000000000 ) ) ;
#4422 = AXIS2_PLACEMENT_3D ( 'NONE', #4712, #2453, #2479 ) ;
#4423 = DIRECTION ( 'NONE',  ( -0.1562712096204882939, 0.9877141838830447718, 0.000000000000000000 ) ) ;
#4424 = CARTESIAN_POINT ( 'NONE',  ( 2.100130000000000052, 121.4740000000000180, 0.000000000000000000 ) ) ;
#4425 = EDGE_CURVE ( 'NONE', #5548, #3912, #4952, .T. ) ;
#4426 = EDGE_CURVE ( 'NONE', #4321, #3526, #1846, .T. ) ;
#4427 = ORIENTED_EDGE ( 'NONE', *, *, #2455, .F. ) ;
#4428 = FACE_OUTER_BOUND ( 'NONE', #2502, .T. ) ;
#4429 = VERTEX_POINT ( 'NONE', #30 ) ;
#4430 = EDGE_CURVE ( 'NONE', #2029, #4607, #1820, .T. ) ;
#4431 = EDGE_CURVE ( 'NONE', #1311, #3031, #4666, .T. ) ;
#4432 = LINE ( 'NONE', #5352, #4319 ) ;
#4433 = LINE ( 'NONE', #2264, #1108 ) ;
#4434 = ORIENTED_EDGE ( 'NONE', *, *, #250, .T. ) ;
#4435 = DIRECTION ( 'NONE',  ( -0.9871073587932579496, 0.1600595583406319855, 0.000000000000000000 ) ) ;
#4436 = DIRECTION ( 'NONE',  ( 0.8900039531765926437, 0.4559528082269453941, -0.000000000000000000 ) ) ;
#4437 = VERTEX_POINT ( 'NONE', #5087 ) ;
#4438 = PLANE ( 'NONE',  #4157 ) ;
#4439 = ADVANCED_FACE ( 'NONE', ( #634 ), #2437, .T. ) ;
#4440 = VECTOR ( 'NONE', #5699, 1000.000000000000000 ) ;
#4441 = CLOSED_SHELL ( 'NONE', ( #443, #3252, #331, #2175, #3872, #3101, #5473, #2737, #4910, #4537, #5474, #2132, #2425, #4189, #4132, #1681, #4608, #414, #1134, #2767, #1350, #1641, #5743, #1701, #1617, #1448, #4681, #255, #4859, #377, #2316, #5438, #1111, #5509, #1208, #5680, #3068, #1469, #1391, #4288, #3067, #1177, #14, #3687, #5218, #2772, #1979, #1508, #3663, #1938, #5106, #22, #5752, #3889, #2629, #517, #407, #3310, #1367, #2224, #4272, #1396, #5575, #1648, #3529, #2483, #5691, #5439, #2256, #2373, #2284, #5169, #3961, #182, #3632, #4822, #5569, #3571, #2420, #2094, #1686, #29, #4568, #4439, #293, #2691, #1687, #2828, #3974, #4267, #2169, #1950, #4077, #4823, #938, #2082, #3022, #1834, #909, #4357, #483, #2168, #2771, #4831, #3637, #4465, #2209, #2662, #1570, #1867, #4714, #1470, #3883, #3726, #2587, #1128, #2867, #3951, #4569, #1326, #3610, #45, #5336, #1427, #3270, #5647, #4780, #1078, #5411, #5068, #1251, #4339, #732, #273, #18, #189, #3451, #5105, #5648, #3501, #5113, #79, #44, #4358, #70, #3772, #4755, #3437, #1721, #3231, #2877, #1897, #232, #579, #3960, #1806, #216, #5620, #3659, #4234, #1882, #5014, #2001, #3493, #445, #2627, #1033, #1731, #650, #5289, #2516, #4964, #1406, #4489 ) ) ;
#4442 = CARTESIAN_POINT ( 'NONE',  ( 218.2889999999999873, 1.223700000000000010, 0.000000000000000000 ) ) ;
#4443 = ORIENTED_EDGE ( 'NONE', *, *, #3809, .F. ) ;
#4444 = DIRECTION ( 'NONE',  ( -0.7072665251725598345, 0.7069470011042785496, 0.000000000000000000 ) ) ;
#4445 = VECTOR ( 'NONE', #262, 1000.000000000000000 ) ;
#4446 = ORIENTED_EDGE ( 'NONE', *, *, #2909, .F. ) ;
#4447 = CARTESIAN_POINT ( 'NONE',  ( 325.8890000000000668, 1.223700000000000010, 0.000000000000000000 ) ) ;
#4448 = VERTEX_POINT ( 'NONE', #2385 ) ;
#4449 = DIRECTION ( 'NONE',  ( -0.1597438273536472275, -0.9871585027858535977, 0.000000000000000000 ) ) ;
#4450 = VECTOR ( 'NONE', #5593, 1000.000000000000000 ) ;
#4451 = PLANE ( 'NONE',  #388 ) ;
#4452 = PLANE ( 'NONE',  #3341 ) ;
#4453 = DIRECTION ( 'NONE',  ( 0.8913191698506576222, 0.4533763750535911297, 0.000000000000000000 ) ) ;
#4454 = LINE ( 'NONE', #3213, #5288 ) ;
#4455 = VERTEX_POINT ( 'NONE', #1010 ) ;
#4456 = EDGE_CURVE ( 'NONE', #499, #2126, #1483, .T. ) ;
#4457 = LINE ( 'NONE', #2591, #681 ) ;
#4458 = EDGE_LOOP ( 'NONE', ( #4843, #4303, #1705, #3976 ) ) ;
#4459 = LINE ( 'NONE', #341, #3111 ) ;
#4460 = EDGE_CURVE ( 'NONE', #2604, #3120, #4223, .T. ) ;
#4461 = ORIENTED_EDGE ( 'NONE', *, *, #967, .F. ) ;
#4462 = CARTESIAN_POINT ( 'NONE',  ( 219.0900000000000034, 122.0540000000000163, 5.099999999999999645 ) ) ;
#4463 = CARTESIAN_POINT ( 'NONE',  ( 216.8549999999999898, 1.451070000000000082, 5.099999999999999645 ) ) ;
#4464 = ORIENTED_EDGE ( 'NONE', *, *, #2549, .T. ) ;
#4465 = ADVANCED_FACE ( 'NONE', ( #5142 ), #3725, .T. ) ;
#4466 = EDGE_CURVE ( 'NONE', #4956, #5670, #2928, .T. ) ;
#4467 = DIRECTION ( 'NONE',  ( -0.4543735275849096200, -0.8908112580283465975, 0.000000000000000000 ) ) ;
#4468 = ORIENTED_EDGE ( 'NONE', *, *, #5537, .F. ) ;
#4469 = VERTEX_POINT ( 'NONE', #3336 ) ;
#4470 = CARTESIAN_POINT ( 'NONE',  ( 216.5010000000000048, 122.0540000000000163, 5.099999999999999645 ) ) ;
#4471 = VERTEX_POINT ( 'NONE', #3754 ) ;
#4472 = DIRECTION ( 'NONE',  ( 0.8913191698506689464, 0.4533763750535688142, 0.000000000000000000 ) ) ;
#4473 = ORIENTED_EDGE ( 'NONE', *, *, #5614, .F. ) ;
#4474 = DIRECTION ( 'NONE',  ( -0.1540107811320215736, -0.9880691672626490396, 0.000000000000000000 ) ) ;
#4475 = VERTEX_POINT ( 'NONE', #2493 ) ;
#4476 = FACE_OUTER_BOUND ( 'NONE', #3667, .T. ) ;
#4477 = CARTESIAN_POINT ( 'NONE',  ( 1.299490000000000256, 122.0540000000000163, 0.000000000000000000 ) ) ;
#4478 = LINE ( 'NONE', #4386, #3947 ) ;
#4479 = ORIENTED_EDGE ( 'NONE', *, *, #2548, .F. ) ;
#4480 = PLANE ( 'NONE',  #713 ) ;
#4481 = DIRECTION ( 'NONE',  ( -0.1595009562656748148, 0.9871977739796293783, 0.000000000000000000 ) ) ;
#4482 = DIRECTION ( 'NONE',  ( -0.8908112580283464865, 0.4543735275849096200, 0.000000000000000000 ) ) ;
#4483 = EDGE_CURVE ( 'NONE', #925, #670, #2899, .T. ) ;
#4484 = CARTESIAN_POINT ( 'NONE',  ( 323.7950000000000159, 122.9939999999999998, 5.099999999999999645 ) ) ;
#4485 = ORIENTED_EDGE ( 'NONE', *, *, #5517, .T. ) ;
#4486 = DIRECTION ( 'NONE',  ( -0.9871242698175232144, 0.1599552310405054079, 0.000000000000000000 ) ) ;
#4487 = VECTOR ( 'NONE', #4742, 1000.000000000000114 ) ;
#4488 = ORIENTED_EDGE ( 'NONE', *, *, #2951, .T. ) ;
#4489 = ADVANCED_FACE ( 'NONE', ( #197 ), #663, .T. ) ;
#4490 = EDGE_CURVE ( 'NONE', #5292, #5246, #4169, .T. ) ;
#4491 = VERTEX_POINT ( 'NONE', #2466 ) ;
#4492 = DIRECTION ( 'NONE',  ( 1.000000000000000000, -0.000000000000000000, -0.000000000000000000 ) ) ;
#4493 = AXIS2_PLACEMENT_3D ( 'NONE', #1927, #3366, #3284 ) ;
#4494 = PERSON ( 'UNSPECIFIED', 'UNSPECIFIED', 'UNSPECIFIED', ('UNSPECIFIED'), ('UNSPECIFIED'), ('UNSPECIFIED') ) ;
#4495 = LINE ( 'NONE', #159, #5538 ) ;
#4496 = EDGE_LOOP ( 'NONE', ( #1132, #5696, #4784, #5660 ) ) ;
#4497 = VECTOR ( 'NONE', #4593, 1000.000000000000000 ) ;
#4498 = DIRECTION ( 'NONE',  ( -0.9874031093311901319, 0.1582248390206102417, 0.000000000000000000 ) ) ;
#4499 = ORIENTED_EDGE ( 'NONE', *, *, #1910, .F. ) ;
#4500 = ORIENTED_EDGE ( 'NONE', *, *, #435, .F. ) ;
#4501 = DIRECTION ( 'NONE',  ( -0.8899839804325223591, -0.4559917922216185637, 0.000000000000000000 ) ) ;
#4502 = ORIENTED_EDGE ( 'NONE', *, *, #5149, .T. ) ;
#4503 = EDGE_CURVE ( 'NONE', #4093, #3846, #4253, .T. ) ;
#4504 = EDGE_CURVE ( 'NONE', #2318, #4365, #5526, .T. ) ;
#4505 = DIRECTION ( 'NONE',  ( -0.7071067811865335839, -0.7071067811865613395, 0.000000000000000000 ) ) ;
#4506 = ORIENTED_EDGE ( 'NONE', *, *, #4866, .F. ) ;
#4507 = DIRECTION ( 'NONE',  ( 0.7083262900088698188, 0.7058851655065930819, 0.000000000000000000 ) ) ;
#4508 = ORIENTED_EDGE ( 'NONE', *, *, #4430, .F. ) ;
#4509 = CARTESIAN_POINT ( 'NONE',  ( 219.0900000000000034, 122.0540000000000163, 5.099999999999999645 ) ) ;
#4510 = LINE ( 'NONE', #3679, #2741 ) ;
#4511 = CARTESIAN_POINT ( 'NONE',  ( 108.5949999999999989, 122.9939999999999998, 0.000000000000000000 ) ) ;
#4512 = ORIENTED_EDGE ( 'NONE', *, *, #748, .F. ) ;
#4513 = AXIS2_PLACEMENT_3D ( 'NONE', #557, #2406, #3282 ) ;
#4514 = EDGE_CURVE ( 'NONE', #2039, #2489, #4194, .T. ) ;
#4515 = CARTESIAN_POINT ( 'NONE',  ( 219.3160000000000025, 2.248959999999999848, 5.099999999999999645 ) ) ;
#4516 = CARTESIAN_POINT ( 'NONE',  ( 108.6720000000000113, 3.238389999999999880, 5.099999999999999645 ) ) ;
#4517 = VECTOR ( 'NONE', #5804, 999.9999999999998863 ) ;
#4518 = LINE ( 'NONE', #2742, #3455 ) ;
#4519 = ORIENTED_EDGE ( 'NONE', *, *, #830, .T. ) ;
#4520 = VECTOR ( 'NONE', #4302, 1000.000000000000000 ) ;
#4521 = ORIENTED_EDGE ( 'NONE', *, *, #1833, .T. ) ;
#4522 = AXIS2_PLACEMENT_3D ( 'NONE', #2890, #1732, #446 ) ;
#4523 = ORIENTED_EDGE ( 'NONE', *, *, #1073, .F. ) ;
#4524 = CARTESIAN_POINT ( 'NONE',  ( 3.088179999999999925, 121.4740000000000180, 5.099999999999999645 ) ) ;
#4525 = FACE_OUTER_BOUND ( 'NONE', #3965, .T. ) ;
#4526 = ORIENTED_EDGE ( 'NONE', *, *, #3297, .F. ) ;
#4527 = LINE ( 'NONE', #1371, #4107 ) ;
#4528 = ORIENTED_EDGE ( 'NONE', *, *, #1787, .T. ) ;
#4529 = ORIENTED_EDGE ( 'NONE', *, *, #4600, .F. ) ;
#4530 = DIRECTION ( 'NONE',  ( -0.1533772373344628182, 0.9881677099903881656, 0.000000000000000000 ) ) ;
#4531 = ORIENTED_EDGE ( 'NONE', *, *, #1566, .T. ) ;
#4532 = EDGE_CURVE ( 'NONE', #3634, #1364, #1515, .T. ) ;
#4533 = LINE ( 'NONE', #1278, #3485 ) ;
#4534 = ORIENTED_EDGE ( 'NONE', *, *, #4426, .T. ) ;
#4535 = PLANE ( 'NONE',  #2349 ) ;
#4536 = ORIENTED_EDGE ( 'NONE', *, *, #3773, .T. ) ;
#4537 = ADVANCED_FACE ( 'NONE', ( #3783 ), #2816, .T. ) ;
#4538 = CARTESIAN_POINT ( 'NONE',  ( 111.7950000000000017, 2.745049999999999990, 5.099999999999999645 ) ) ;
#4539 = DIRECTION ( 'NONE',  ( -0.000000000000000000, -0.000000000000000000, -1.000000000000000000 ) ) ;
#4540 = ORIENTED_EDGE ( 'NONE', *, *, #3170, .T. ) ;
#4541 = LINE ( 'NONE', #3509, #1935 ) ;
#4542 = CARTESIAN_POINT ( 'NONE',  ( 110.1950000000000074, 1.143769999999999953, 5.099999999999999645 ) ) ;
#4543 = VECTOR ( 'NONE', #5570, 1000.000000000000114 ) ;
#4544 = EDGE_CURVE ( 'NONE', #3081, #2567, #2871, .T. ) ;
#4545 = EDGE_CURVE ( 'NONE', #2541, #2206, #1548, .T. ) ;
#4546 = CARTESIAN_POINT ( 'NONE',  ( 219.3160000000000025, 123.4890000000000043, 0.000000000000000000 ) ) ;
#4547 = ORIENTED_EDGE ( 'NONE', *, *, #2647, .F. ) ;
#4548 = VECTOR ( 'NONE', #3342, 1000.000000000000000 ) ;
#4549 = VECTOR ( 'NONE', #2684, 1000.000000000000000 ) ;
#4550 = ORIENTED_EDGE ( 'NONE', *, *, #2353, .F. ) ;
#4551 = DIRECTION ( 'NONE',  ( -0.4520549723629646577, 0.8919900795199009469, 0.000000000000000000 ) ) ;
#4552 = CARTESIAN_POINT ( 'NONE',  ( 219.0900000000000034, 1.803850000000000176, 5.099999999999999645 ) ) ;
#4553 = ORIENTED_EDGE ( 'NONE', *, *, #4159, .F. ) ;
#4554 = CARTESIAN_POINT ( 'NONE',  ( 217.3000000000000114, 121.4740000000000180, 5.099999999999999645 ) ) ;
#4555 = CARTESIAN_POINT ( 'NONE',  ( 325.8890000000000668, 121.4740000000000180, 5.099999999999999645 ) ) ;
#4556 = VERTEX_POINT ( 'NONE', #587 ) ;
#4557 = CARTESIAN_POINT ( 'NONE',  ( 108.6720000000000113, 123.4890000000000043, 0.000000000000000000 ) ) ;
#4558 = ORIENTED_EDGE ( 'NONE', *, *, #1439, .F. ) ;
#4559 = DIRECTION ( 'NONE',  ( -0.1598740818379245643, 0.9871374159439406659, 0.000000000000000000 ) ) ;
#4560 = ORIENTED_EDGE ( 'NONE', *, *, #541, .T. ) ;
#4561 = LINE ( 'NONE', #2787, #1292 ) ;
#4562 = FACE_OUTER_BOUND ( 'NONE', #4763, .T. ) ;
#4563 = CARTESIAN_POINT ( 'NONE',  ( 326.3360000000000127, 4.039019999999999833, 5.099999999999999645 ) ) ;
#4564 = ORIENTED_EDGE ( 'NONE', *, *, #2205, .T. ) ;
#4565 = PRODUCT_RELATED_PRODUCT_CATEGORY ( 'detail', '', ( #3153 ) ) ;
#4566 = CARTESIAN_POINT ( 'NONE',  ( 216.8549999999999898, 4.039019999999999833, 0.000000000000000000 ) ) ;
#4567 = ORIENTED_EDGE ( 'NONE', *, *, #4840, .T. ) ;
#4568 = ADVANCED_FACE ( 'NONE', ( #2637 ), #4407, .T. ) ;
#4569 = ADVANCED_FACE ( 'NONE', ( #1662 ), #4818, .T. ) ;
#4570 = VECTOR ( 'NONE', #2282, 1000.000000000000000 ) ;
#4571 = FACE_OUTER_BOUND ( 'NONE', #2086, .T. ) ;
#4572 = LINE ( 'NONE', #3324, #2469 ) ;
#4573 = DIRECTION ( 'NONE',  ( -0.000000000000000000, -0.000000000000000000, -1.000000000000000000 ) ) ;
#4574 = DIRECTION ( 'NONE',  ( -0.000000000000000000, -0.000000000000000000, -1.000000000000000000 ) ) ;
#4575 = ORIENTED_EDGE ( 'NONE', *, *, #2768, .T. ) ;
#4576 = ORIENTED_EDGE ( 'NONE', *, *, #4790, .T. ) ;
#4577 = VECTOR ( 'NONE', #2948, 1000.000000000000114 ) ;
#4578 = VERTEX_POINT ( 'NONE', #2049 ) ;
#4579 = CARTESIAN_POINT ( 'NONE',  ( 326.9159999999999968, 2.248959999999999848, 5.099999999999999645 ) ) ;
#4580 = DIRECTION ( 'NONE',  ( -0.000000000000000000, -0.000000000000000000, -1.000000000000000000 ) ) ;
#4581 = ORIENTED_EDGE ( 'NONE', *, *, #2005, .T. ) ;
#4582 = DIRECTION ( 'NONE',  ( 0.1563763198671320742, -0.9876975481314167471, 0.000000000000000000 ) ) ;
#4583 = VECTOR ( 'NONE', #2165, 1000.000000000000000 ) ;
#4584 = VERTEX_POINT ( 'NONE', #2147 ) ;
#4585 = FACE_OUTER_BOUND ( 'NONE', #4011, .T. ) ;
#4586 = ORIENTED_EDGE ( 'NONE', *, *, #250, .F. ) ;
#4587 = DIRECTION ( 'NONE',  ( 0.7083262900088421743, 0.7058851655066208375, 0.000000000000000000 ) ) ;
#4588 = DIRECTION ( 'NONE',  ( -0.9871058195297774951, -0.1600690508825687031, 0.000000000000000000 ) ) ;
#4589 = FACE_OUTER_BOUND ( 'NONE', #1672, .T. ) ;
#4590 = DIRECTION ( 'NONE',  ( 0.7061087491104321989, -0.7081034065937692468, 0.000000000000000000 ) ) ;
#4591 = ORIENTED_EDGE ( 'NONE', *, *, #279, .F. ) ;
#4592 = VECTOR ( 'NONE', #1904, 1000.000000000000000 ) ;
#4593 = DIRECTION ( 'NONE',  ( -0.000000000000000000, -0.000000000000000000, -1.000000000000000000 ) ) ;
#4594 = CARTESIAN_POINT ( 'NONE',  ( 2.594850000000000101, 4.344949999999999868, 5.099999999999999645 ) ) ;
#4595 = LINE ( 'NONE', #2339, #640 ) ;
#4596 = VERTEX_POINT ( 'NONE', #3966 ) ;
#4597 = VECTOR ( 'NONE', #2674, 1000.000000000000000 ) ;
#4598 = VECTOR ( 'NONE', #224, 1000.000000000000000 ) ;
#4599 = CARTESIAN_POINT ( 'NONE',  ( 219.3160000000000025, 3.238389999999999880, 5.099999999999999645 ) ) ;
#4600 = EDGE_CURVE ( 'NONE', #3269, #4997, #2079, .T. ) ;
#4601 = DIRECTION ( 'NONE',  ( -0.000000000000000000, -0.000000000000000000, -1.000000000000000000 ) ) ;
#4602 = VECTOR ( 'NONE', #4183, 999.9999999999998863 ) ;
#4603 = CARTESIAN_POINT ( 'NONE',  ( 219.0900000000000034, 123.9350000000000023, 5.099999999999999645 ) ) ;
#4604 = PLANE ( 'NONE',  #4412 ) ;
#4605 = VECTOR ( 'NONE', #2032, 999.9999999999998863 ) ;
#4606 = EDGE_LOOP ( 'NONE', ( #5354, #392, #2858, #2971 ) ) ;
#4607 = VERTEX_POINT ( 'NONE', #288 ) ;
#4608 = ADVANCED_FACE ( 'NONE', ( #3935 ), #1636, .T. ) ;
#4609 = EDGE_CURVE ( 'NONE', #875, #5362, #1158, .T. ) ;
#4610 = ORIENTED_EDGE ( 'NONE', *, *, #5326, .T. ) ;
#4611 = DIRECTION ( 'NONE',  ( 0.000000000000000000, -1.000000000000000000, 0.000000000000000000 ) ) ;
#4612 = ORIENTED_EDGE ( 'NONE', *, *, #5785, .F. ) ;
#4613 = ORIENTED_EDGE ( 'NONE', *, *, #953, .F. ) ;
#4614 = PLANE ( 'NONE',  #4513 ) ;
#4615 = ORIENTED_EDGE ( 'NONE', *, *, #2343, .F. ) ;
#4616 = DIRECTION ( 'NONE',  ( 0.9872124837542692877, -0.1594098865181407254, 0.000000000000000000 ) ) ;
#4617 = EDGE_CURVE ( 'NONE', #4759, #2299, #5234, .T. ) ;
#4618 = LINE ( 'NONE', #5425, #3084 ) ;
#4619 = LINE ( 'NONE', #3312, #505 ) ;
#4620 = CARTESIAN_POINT ( 'NONE',  ( 324.8999999999999773, 124.5169999999999959, 5.099999999999999645 ) ) ;
#4621 = DIRECTION ( 'NONE',  ( -0.000000000000000000, -0.000000000000000000, -1.000000000000000000 ) ) ;
#4622 = ORIENTED_EDGE ( 'NONE', *, *, #5377, .F. ) ;
#4623 = DIRECTION ( 'NONE',  ( 1.000000000000000000, -0.000000000000000000, -0.000000000000000000 ) ) ;
#4624 = DIRECTION ( 'NONE',  ( 0.9870883714087309579, 0.1601766119933220878, 0.000000000000000000 ) ) ;
#4625 = ORIENTED_EDGE ( 'NONE', *, *, #2802, .T. ) ;
#4626 = VECTOR ( 'NONE', #3502, 1000.000000000000114 ) ;
#4627 = AXIS2_PLACEMENT_3D ( 'NONE', #574, #602, #2004 ) ;
#4628 = EDGE_CURVE ( 'NONE', #1478, #5535, #1244, .T. ) ;
#4629 = DIRECTION ( 'NONE',  ( -0.000000000000000000, -0.000000000000000000, -1.000000000000000000 ) ) ;
#4630 = PLANE ( 'NONE',  #2652 ) ;
#4631 = VECTOR ( 'NONE', #5638, 1000.000000000000000 ) ;
#4632 = CARTESIAN_POINT ( 'NONE',  ( 326.9159999999999968, 2.248959999999999848, 5.099999999999999645 ) ) ;
#4633 = CARTESIAN_POINT ( 'NONE',  ( 325.8890000000000668, 124.5169999999999959, 5.099999999999999645 ) ) ;
#4634 = VECTOR ( 'NONE', #5771, 1000.000000000000000 ) ;
#4635 = APPROVAL ( #2080, 'UNSPECIFIED' ) ;
#4636 = CARTESIAN_POINT ( 'NONE',  ( 1.653650000000000064, 1.451070000000000082, 0.000000000000000000 ) ) ;
#4637 = ORIENTED_EDGE ( 'NONE', *, *, #4642, .T. ) ;
#4638 = ORIENTED_EDGE ( 'NONE', *, *, #2517, .T. ) ;
#4639 = FACE_BOUND ( 'NONE', #2673, .T. ) ;
#4640 = CARTESIAN_POINT ( 'NONE',  ( 322.8949999999999818, 120.4939999999999998, 0.000000000000000000 ) ) ;
#4641 = EDGE_CURVE ( 'NONE', #5587, #297, #780, .T. ) ;
#4642 = EDGE_CURVE ( 'NONE', #3958, #5407, #4884, .T. ) ;
#4643 = LINE ( 'NONE', #2383, #2452 ) ;
#4644 = AXIS2_PLACEMENT_3D ( 'NONE', #3833, #2073, #3866 ) ;
#4645 = EDGE_LOOP ( 'NONE', ( #5800, #5808, #466, #2275 ) ) ;
#4646 = DIRECTION ( 'NONE',  ( 0.9871279408508155662, -0.1599325745169778434, 0.000000000000000000 ) ) ;
#4647 = CARTESIAN_POINT ( 'NONE',  ( 111.4890000000000043, 3.684870000000000090, 5.099999999999999645 ) ) ;
#4648 = DIRECTION ( 'NONE',  ( 0.4543163942506014408, -0.8908403975545405862, 0.000000000000000000 ) ) ;
#4649 = ORIENTED_EDGE ( 'NONE', *, *, #5576, .F. ) ;
#4650 = DIRECTION ( 'NONE',  ( -0.1599815188204922467, -0.9871200097434397192, 0.000000000000000000 ) ) ;
#4651 = ORIENTED_EDGE ( 'NONE', *, *, #3467, .F. ) ;
#4652 = CARTESIAN_POINT ( 'NONE',  ( 216.2719999999999914, 122.5010000000000190, 5.099999999999999645 ) ) ;
#4653 = LINE ( 'NONE', #3413, #632 ) ;
#4654 = CARTESIAN_POINT ( 'NONE',  ( 324.8999999999999773, 124.5169999999999959, 5.099999999999999645 ) ) ;
#4655 = ORIENTED_EDGE ( 'NONE', *, *, #1977, .T. ) ;
#4656 = LINE ( 'NONE', #1972, #2067 ) ;
#4657 = EDGE_CURVE ( 'NONE', #2369, #1839, #839, .T. ) ;
#4658 = CARTESIAN_POINT ( 'NONE',  ( 322.8949999999999818, 120.4939999999999998, 5.099999999999999645 ) ) ;
#4659 = PLANE ( 'NONE',  #1520 ) ;
#4660 = CARTESIAN_POINT ( 'NONE',  ( 218.2889999999999873, 1.223700000000000010, 5.099999999999999645 ) ) ;
#4661 = VERTEX_POINT ( 'NONE', #4761 ) ;
#4662 = ORIENTED_EDGE ( 'NONE', *, *, #894, .F. ) ;
#4663 = LINE ( 'NONE', #5168, #4360 ) ;
#4664 = DIRECTION ( 'NONE',  ( -0.000000000000000000, -0.000000000000000000, -1.000000000000000000 ) ) ;
#4665 = EDGE_LOOP ( 'NONE', ( #2217, #572, #1372, #2751 ) ) ;
#4666 = LINE ( 'NONE', #5114, #4396 ) ;
#4667 = CARTESIAN_POINT ( 'NONE',  ( 324.1010000000000559, 123.9350000000000023, 5.099999999999999645 ) ) ;
#4668 = CARTESIAN_POINT ( 'NONE',  ( 108.6720000000000113, 2.248959999999999848, 0.000000000000000000 ) ) ;
#4669 = VERTEX_POINT ( 'NONE', #752 ) ;
#4670 = DIRECTION ( 'NONE',  ( 0.8924218088635806900, 0.4512020778594162396, 0.000000000000000000 ) ) ;
#4671 = DIRECTION ( 'NONE',  ( 0.7084757933787968476, 0.7057351133366430718, 0.000000000000000000 ) ) ;
#4672 = EDGE_CURVE ( 'NONE', #700, #5806, #1188, .T. ) ;
#4673 = CARTESIAN_POINT ( 'NONE',  ( 0.9935670000000000890, 2.745049999999999990, 0.000000000000000000 ) ) ;
#4674 = EDGE_CURVE ( 'NONE', #5723, #4321, #1724, .T. ) ;
#4675 = ORIENTED_EDGE ( 'NONE', *, *, #3848, .F. ) ;
#4676 = VECTOR ( 'NONE', #5385, 1000.000000000000114 ) ;
#4677 = DIRECTION ( 'NONE',  ( 0.7069569863009310673, 0.7072565443460422374, 0.000000000000000000 ) ) ;
#4678 = LINE ( 'NONE', #4260, #373 ) ;
#4679 = CARTESIAN_POINT ( 'NONE',  ( 217.3000000000000114, 124.5169999999999959, 0.000000000000000000 ) ) ;
#4680 = VECTOR ( 'NONE', #1644, 1000.000000000000114 ) ;
#4681 = ADVANCED_FACE ( 'NONE', ( #2544 ), #4342, .T. ) ;
#4682 = EDGE_CURVE ( 'NONE', #2864, #871, #3463, .T. ) ;
#4683 = VERTEX_POINT ( 'NONE', #3027 ) ;
#4684 = LOCAL_TIME ( 17, 34, 58.00000000000000000, #1189 ) ;
#4686 = AXIS2_PLACEMENT_3D ( 'NONE', #5340, #5796, #1772 ) ;
#4685 = DIRECTION ( 'NONE',  ( -0.8924298478292961301, 0.4511861774294280147, 0.000000000000000000 ) ) ;
#4687 = CARTESIAN_POINT ( 'NONE',  ( 217.3000000000000114, 121.4740000000000180, 5.099999999999999645 ) ) ;
#4688 = LINE ( 'NONE', #1420, #2657 ) ;
#4689 = CARTESIAN_POINT ( 'NONE',  ( 111.1350000000000051, 121.7000000000000028, 5.099999999999999645 ) ) ;
#4690 = VECTOR ( 'NONE', #2076, 1000.000000000000114 ) ;
#4691 = DIRECTION ( 'NONE',  ( -0.1543157444028216974, 0.9880215842932799086, 0.000000000000000000 ) ) ;
#4692 = VECTOR ( 'NONE', #4671, 1000.000000000000114 ) ;
#4693 = ORIENTED_EDGE ( 'NONE', *, *, #5601, .F. ) ;
#4694 = PLANE ( 'NONE',  #3792 ) ;
#4695 = VECTOR ( 'NONE', #4979, 1000.000000000000000 ) ;
#4696 = DIRECTION ( 'NONE',  ( 0.1576014570290689698, -0.9875028003718848701, 0.000000000000000000 ) ) ;
#4697 = ORIENTED_EDGE ( 'NONE', *, *, #615, .T. ) ;
#4698 = DIRECTION ( 'NONE',  ( -0.9872769218594703577, 0.1590103127589196363, 0.000000000000000000 ) ) ;
#4699 = EDGE_CURVE ( 'NONE', #5782, #1544, #1693, .T. ) ;
#4700 = FACE_OUTER_BOUND ( 'NONE', #402, .T. ) ;
#4701 = DIRECTION ( 'NONE',  ( 0.4520072321735553178, 0.8920142723425459330, -0.000000000000000000 ) ) ;
#4702 = CARTESIAN_POINT ( 'NONE',  ( 324.4549999999999841, 4.039019999999999833, 5.099999999999999645 ) ) ;
#4703 = DIRECTION ( 'NONE',  ( -0.4532090333824307926, 0.8914042697118758074, 0.000000000000000000 ) ) ;
#4704 = ORIENTED_EDGE ( 'NONE', *, *, #4034, .F. ) ;
#4706 = ORIENTED_EDGE ( 'NONE', *, *, #3882, .T. ) ;
#4705 = EDGE_CURVE ( 'NONE', #1737, #2685, #5293, .T. ) ;
#4707 = DIRECTION ( 'NONE',  ( -0.000000000000000000, -0.000000000000000000, -1.000000000000000000 ) ) ;
#4708 = CARTESIAN_POINT ( 'NONE',  ( 1.072109999999999896, 123.4890000000000043, 0.000000000000000000 ) ) ;
#4709 = FACE_OUTER_BOUND ( 'NONE', #3881, .T. ) ;
#4710 = ORIENTED_EDGE ( 'NONE', *, *, #5256, .F. ) ;
#4711 = LINE ( 'NONE', #3041, #2325 ) ;
#4712 = CARTESIAN_POINT ( 'NONE',  ( 2.593469999999999942, 121.3940000000000055, 5.099999999999999645 ) ) ;
#4713 = AXIS2_PLACEMENT_3D ( 'NONE', #3400, #5203, #2492 ) ;
#4714 = ADVANCED_FACE ( 'NONE', ( #1274 ), #5539, .T. ) ;
#4715 = EDGE_CURVE ( 'NONE', #2443, #4956, #1754, .T. ) ;
#4716 = DIRECTION ( 'NONE',  ( 0.4527899509762813857, -0.8916172162396240886, 0.000000000000000000 ) ) ;
#4717 = CARTESIAN_POINT ( 'NONE',  ( 326.6899999999999977, 123.9350000000000023, 5.099999999999999645 ) ) ;
#4718 = LINE ( 'NONE', #682, #5662 ) ;
#4719 = CARTESIAN_POINT ( 'NONE',  ( 2.100130000000000052, 124.5169999999999959, 0.000000000000000000 ) ) ;
#4720 = VECTOR ( 'NONE', #855, 1000.000000000000000 ) ;
#4721 = ORIENTED_EDGE ( 'NONE', *, *, #1100, .T. ) ;
#4722 = CARTESIAN_POINT ( 'NONE',  ( 1.653650000000000064, 4.039019999999999833, 5.099999999999999645 ) ) ;
#4723 = CARTESIAN_POINT ( 'NONE',  ( 1.072109999999999896, 2.248959999999999848, 5.099999999999999645 ) ) ;
#4724 = VECTOR ( 'NONE', #3681, 1000.000000000000000 ) ;
#4725 = ORIENTED_EDGE ( 'NONE', *, *, #2447, .T. ) ;
#4727 = EDGE_CURVE ( 'NONE', #1318, #4332, #4943, .T. ) ;
#4726 = CARTESIAN_POINT ( 'NONE',  ( 3.888809999999999878, 122.0540000000000163, 5.099999999999999645 ) ) ;
#4728 = ORIENTED_EDGE ( 'NONE', *, *, #5257, .T. ) ;
#4729 = DIRECTION ( 'NONE',  ( -0.000000000000000000, -0.000000000000000000, -1.000000000000000000 ) ) ;
#4730 = PLANE ( 'NONE',  #1477 ) ;
#4731 = CARTESIAN_POINT ( 'NONE',  ( 2.100130000000000052, 4.265010000000000190, 5.099999999999999645 ) ) ;
#4732 = EDGE_LOOP ( 'NONE', ( #4521, #1277, #3328, #410 ) ) ;
#4733 = DIRECTION ( 'NONE',  ( -1.000000000000000000, 0.000000000000000000, 0.000000000000000000 ) ) ;
#4734 = LINE ( 'NONE', #3405, #1306 ) ;
#4735 = CARTESIAN_POINT ( 'NONE',  ( 326.9159999999999968, 123.4890000000000043, 5.099999999999999645 ) ) ;
#4736 = VERTEX_POINT ( 'NONE', #896 ) ;
#4737 = DIRECTION ( 'NONE',  ( -1.000000000000000000, 0.000000000000000000, 0.000000000000000000 ) ) ;
#4738 = ORIENTED_EDGE ( 'NONE', *, *, #3003, .F. ) ;
#4739 = CARTESIAN_POINT ( 'NONE',  ( 322.8949999999999818, 5.244819999999999816, 5.099999999999999645 ) ) ;
#4740 = DIRECTION ( 'NONE',  ( 0.8924218088635806900, 0.4512020778594162396, 0.000000000000000000 ) ) ;
#4741 = VERTEX_POINT ( 'NONE', #1054 ) ;
#4742 = DIRECTION ( 'NONE',  ( -0.4520072321735773557, 0.8920142723425347198, 0.000000000000000000 ) ) ;
#4743 = CARTESIAN_POINT ( 'NONE',  ( 109.2540000000000049, 1.451070000000000082, 5.099999999999999645 ) ) ;
#4744 = CARTESIAN_POINT ( 'NONE',  ( 3.888809999999999878, 1.803850000000000176, 0.000000000000000000 ) ) ;
#4745 = LINE ( 'NONE', #1595, #74 ) ;
#4746 = CARTESIAN_POINT ( 'NONE',  ( 325.8890000000000100, 4.265010000000006407, 5.099999999999999645 ) ) ;
#4747 = LINE ( 'NONE', #4333, #3776 ) ;
#4748 = EDGE_CURVE ( 'NONE', #2486, #2104, #4527, .T. ) ;
#4749 = EDGE_CURVE ( 'NONE', #1633, #3995, #3582, .T. ) ;
#4750 = CARTESIAN_POINT ( 'NONE',  ( 109.7000000000000028, 4.265010000000000190, 0.000000000000000000 ) ) ;
#4751 = LINE ( 'NONE', #5571, #5170 ) ;
#4752 = ORIENTED_EDGE ( 'NONE', *, *, #4504, .T. ) ;
#4753 = CARTESIAN_POINT ( 'NONE',  ( 325.8890000000000668, 121.4740000000000180, 5.099999999999999645 ) ) ;
#4754 = PLANE ( 'NONE',  #5209 ) ;
#4755 = ADVANCED_FACE ( 'NONE', ( #468 ), #23, .T. ) ;
#4756 = CARTESIAN_POINT ( 'NONE',  ( 216.2719999999999914, 2.248959999999999848, 5.099999999999999645 ) ) ;
#4757 = ORIENTED_EDGE ( 'NONE', *, *, #5183, .T. ) ;
#4758 = CARTESIAN_POINT ( 'NONE',  ( 324.1010000000000559, 122.0540000000000163, 5.099999999999999645 ) ) ;
#4759 = VERTEX_POINT ( 'NONE', #870 ) ;
#4760 = LINE ( 'NONE', #2078, #1804 ) ;
#4761 = CARTESIAN_POINT ( 'NONE',  ( 216.2719999999999914, 3.238389999999999880, 0.000000000000000000 ) ) ;
#4762 = CALENDAR_DATE ( 2026, 25, 9 ) ;
#4763 = EDGE_LOOP ( 'NONE', ( #887, #1723, #2575, #35 ) ) ;
#4764 = VECTOR ( 'NONE', #3349, 1000.000000000000114 ) ;
#4765 = LINE ( 'NONE', #3969, #3607 ) ;
#4766 = ORIENTED_EDGE ( 'NONE', *, *, #530, .T. ) ;
#4767 = ORIENTED_EDGE ( 'NONE', *, *, #3204, .T. ) ;
#4768 = DIRECTION ( 'NONE',  ( 0.8911057429423656639, -0.4537957193442161974, 0.000000000000000000 ) ) ;
#4769 = ORIENTED_EDGE ( 'NONE', *, *, #962, .T. ) ;
#4770 = DIRECTION ( 'NONE',  ( -0.000000000000000000, -0.000000000000000000, -1.000000000000000000 ) ) ;
#4771 = ORIENTED_EDGE ( 'NONE', *, *, #2054, .T. ) ;
#4772 = ORIENTED_EDGE ( 'NONE', *, *, #2972, .T. ) ;
#4773 = VECTOR ( 'NONE', #737, 1000.000000000000000 ) ;
#4774 = LINE ( 'NONE', #359, #5512 ) ;
#4775 = CARTESIAN_POINT ( 'NONE',  ( 322.8949999999999818, 5.244819999999999816, 0.000000000000000000 ) ) ;
#4776 = AXIS2_PLACEMENT_3D ( 'NONE', #3441, #3534, #1670 ) ;
#4777 = DIRECTION ( 'NONE',  ( -0.000000000000000000, -0.000000000000000000, -1.000000000000000000 ) ) ;
#4778 = CARTESIAN_POINT ( 'NONE',  ( 325.8890000000000668, 4.265010000000000190, 5.099999999999999645 ) ) ;
#4779 = ORIENTED_EDGE ( 'NONE', *, *, #2838, .T. ) ;
#4780 = ADVANCED_FACE ( 'NONE', ( #5779 ), #2694, .T. ) ;
#4781 = DIRECTION ( 'NONE',  ( 0.1534044130056855526, -0.9881634915692752985, 0.000000000000000000 ) ) ;
#4782 = CARTESIAN_POINT ( 'NONE',  ( 216.5010000000000048, 1.803850000000000176, 0.000000000000000000 ) ) ;
#4783 = EDGE_CURVE ( 'NONE', #5598, #1455, #2267, .T. ) ;
#4784 = ORIENTED_EDGE ( 'NONE', *, *, #4600, .T. ) ;
#4785 = LINE ( 'NONE', #2539, #3233 ) ;
#4786 = CARTESIAN_POINT ( 'NONE',  ( 326.9159999999999968, 3.238389999999999880, 5.099999999999999645 ) ) ;
#4787 = AXIS2_PLACEMENT_3D ( 'NONE', #3428, #4815, #1571 ) ;
#4788 = EDGE_LOOP ( 'NONE', ( #432, #2696, #1121, #3697 ) ) ;
#4789 = EDGE_CURVE ( 'NONE', #109, #893, #1344, .T. ) ;
#4790 = EDGE_CURVE ( 'NONE', #5770, #4841, #3613, .T. ) ;
#4791 = DIRECTION ( 'NONE',  ( -0.000000000000000000, -0.000000000000000000, -1.000000000000000000 ) ) ;
#4792 = DATE_AND_TIME ( #2994, #4684 ) ;
#4793 = CARTESIAN_POINT ( 'NONE',  ( 324.4549999999999841, 1.451070000000000082, 5.099999999999999645 ) ) ;
#4794 = DIRECTION ( 'NONE',  ( 0.1576014570290419081, -0.9875028003718890890, 0.000000000000000000 ) ) ;
#4795 = ORIENTED_EDGE ( 'NONE', *, *, #3301, .T. ) ;
#4796 = VECTOR ( 'NONE', #376, 1000.000000000000000 ) ;
#4797 = ORIENTED_EDGE ( 'NONE', *, *, #1937, .T. ) ;
#4798 = AXIS2_PLACEMENT_3D ( 'NONE', #475, #1898, #3701 ) ;
#4799 = FACE_OUTER_BOUND ( 'NONE', #3581, .T. ) ;
#4800 = VERTEX_POINT ( 'NONE', #5416 ) ;
#4801 = CARTESIAN_POINT ( 'NONE',  ( 111.4890000000000043, 122.0540000000000163, 5.099999999999999645 ) ) ;
#4802 = EDGE_LOOP ( 'NONE', ( #4046, #594, #2245, #2543 ) ) ;
#4803 = ORIENTED_EDGE ( 'NONE', *, *, #4188, .F. ) ;
#4804 = FACE_OUTER_BOUND ( 'NONE', #3720, .T. ) ;
#4805 = LINE ( 'NONE', #5373, #3954 ) ;
#4806 = CARTESIAN_POINT ( 'NONE',  ( 3.888809999999999878, 1.803850000000000176, 5.099999999999999645 ) ) ;
#4807 = DIRECTION ( 'NONE',  ( -0.1593515750220751703, 0.9872218978213478380, 0.000000000000000000 ) ) ;
#4808 = CARTESIAN_POINT ( 'NONE',  ( 111.4890000000000043, 122.0540000000000163, 0.000000000000000000 ) ) ;
#4809 = EDGE_LOOP ( 'NONE', ( #5211, #3898, #4327, #2638 ) ) ;
#4810 = DIRECTION ( 'NONE',  ( -0.000000000000000000, -0.000000000000000000, -1.000000000000000000 ) ) ;
#4811 = CARTESIAN_POINT ( 'NONE',  ( 108.5949999999999989, 122.9939999999999998, 5.099999999999999645 ) ) ;
#4812 = ORIENTED_EDGE ( 'NONE', *, *, #5137, .F. ) ;
#4813 = VECTOR ( 'NONE', #319, 1000.000000000000114 ) ;
#4814 = CARTESIAN_POINT ( 'NONE',  ( 326.6899999999999977, 3.684870000000000090, 0.000000000000000000 ) ) ;
#4815 = DIRECTION ( 'NONE',  ( 0.7071067811865614505, -0.7071067811865336949, 0.000000000000000000 ) ) ;
#4816 = ORIENTED_EDGE ( 'NONE', *, *, #1781, .T. ) ;
#4817 = LINE ( 'NONE', #4373, #5560 ) ;
#4818 = PLANE ( 'NONE',  #995 ) ;
#4819 = ORIENTED_EDGE ( 'NONE', *, *, #820, .F. ) ;
#4820 = AXIS2_PLACEMENT_3D ( 'NONE', #4851, #3937, #1246 ) ;
#4821 = LINE ( 'NONE', #2605, #2204 ) ;
#4822 = ADVANCED_FACE ( 'NONE', ( #5001 ), #3742, .T. ) ;
#4823 = ADVANCED_FACE ( 'NONE', ( #2397 ), #4972, .T. ) ;
#4824 = VECTOR ( 'NONE', #2023, 1000.000000000000114 ) ;
#4825 = EDGE_LOOP ( 'NONE', ( #3819, #3630, #4916, #473 ) ) ;
#4826 = PLANE ( 'NONE',  #3397 ) ;
#4827 = VERTEX_POINT ( 'NONE', #2667 ) ;
#4828 = DIRECTION ( 'NONE',  ( 0.4533922161898034653, -0.8913111119572663110, 0.000000000000000000 ) ) ;
#4829 = VERTEX_POINT ( 'NONE', #4021 ) ;
#4830 = ORIENTED_EDGE ( 'NONE', *, *, #249, .F. ) ;
#4831 = ADVANCED_FACE ( 'NONE', ( #2860 ), #922, .T. ) ;
#4832 = CARTESIAN_POINT ( 'NONE',  ( 111.4890000000000043, 123.9350000000000023, 5.099999999999999645 ) ) ;
#4833 = DIRECTION ( 'NONE',  ( -0.9871977739796293783, -0.1595009562656748148, 0.000000000000000000 ) ) ;
#4834 = CARTESIAN_POINT ( 'NONE',  ( 326.6899999999999977, 122.0540000000000163, 5.099999999999999645 ) ) ;
#4835 = VECTOR ( 'NONE', #1795, 1000.000000000000114 ) ;
#4836 = LINE ( 'NONE', #4040, #2341 ) ;
#4837 = DIRECTION ( 'NONE',  ( -0.9872411207126464694, 0.1592324388246248168, 0.000000000000000000 ) ) ;
#4838 = ORIENTED_EDGE ( 'NONE', *, *, #3332, .T. ) ;
#4839 = LINE ( 'NONE', #1175, #2472 ) ;
#4840 = EDGE_CURVE ( 'NONE', #4852, #1478, #1786, .T. ) ;
#4841 = VERTEX_POINT ( 'NONE', #155 ) ;
#4842 = PLANE ( 'NONE',  #102 ) ;
#4843 = ORIENTED_EDGE ( 'NONE', *, *, #1971, .F. ) ;
#4844 = CARTESIAN_POINT ( 'NONE',  ( 324.4549999999999841, 1.451070000000000082, 5.099999999999999645 ) ) ;
#4845 = ORIENTED_EDGE ( 'NONE', *, *, #5614, .T. ) ;
#4846 = DIRECTION ( 'NONE',  ( -0.000000000000000000, -0.000000000000000000, -1.000000000000000000 ) ) ;
#4847 = ORIENTED_EDGE ( 'NONE', *, *, #1145, .F. ) ;
#4848 = FACE_OUTER_BOUND ( 'NONE', #3208, .T. ) ;
#4849 = CARTESIAN_POINT ( 'NONE',  ( 325.3960000000000150, 4.344949999999999868, 5.099999999999999645 ) ) ;
#4850 = CARTESIAN_POINT ( 'NONE',  ( 110.1950000000000074, 1.143769999999999953, 5.099999999999999645 ) ) ;
#4851 = CARTESIAN_POINT ( 'NONE',  ( 2.100130000000000052, 124.5169999999999959, 5.099999999999999645 ) ) ;
#4852 = VERTEX_POINT ( 'NONE', #3117 ) ;
#4853 = DIRECTION ( 'NONE',  ( 0.7093211804271944976, -0.7048854254397458607, 0.000000000000000000 ) ) ;
#4854 = ORIENTED_EDGE ( 'NONE', *, *, #4054, .T. ) ;
#4855 = ORIENTED_EDGE ( 'NONE', *, *, #5257, .F. ) ;
#4856 = CARTESIAN_POINT ( 'NONE',  ( 323.8730000000000473, 3.238389999999999880, 5.099999999999999645 ) ) ;
#4857 = VECTOR ( 'NONE', #3597, 1000.000000000000000 ) ;
#4858 = EDGE_LOOP ( 'NONE', ( #1389, #1453, #5671, #239 ) ) ;
#4859 = ADVANCED_FACE ( 'NONE', ( #1944 ), #412, .T. ) ;
#4860 = EDGE_CURVE ( 'NONE', #3628, #4683, #3859, .T. ) ;
#4861 = CARTESIAN_POINT ( 'NONE',  ( 219.3160000000000025, 123.4890000000000043, 5.099999999999999645 ) ) ;
#4862 = ORIENTED_EDGE ( 'NONE', *, *, #5122, .F. ) ;
#4863 = ORIENTED_EDGE ( 'NONE', *, *, #5536, .F. ) ;
#4864 = FACE_OUTER_BOUND ( 'NONE', #3986, .T. ) ;
#4865 = LINE ( 'NONE', #819, #5238 ) ;
#4866 = EDGE_CURVE ( 'NONE', #5410, #50, #5190, .T. ) ;
#4867 = EDGE_CURVE ( 'NONE', #3522, #3714, #1561, .T. ) ;
#4868 = CARTESIAN_POINT ( 'NONE',  ( 219.0900000000000034, 123.9350000000000023, 5.099999999999999645 ) ) ;
#4869 = AXIS2_PLACEMENT_3D ( 'NONE', #4079, #1838, #3635 ) ;
#4870 = PLANE ( 'NONE',  #1141 ) ;
#4871 = ORIENTED_EDGE ( 'NONE', *, *, #3530, .F. ) ;
#4872 = LINE ( 'NONE', #4395, #1052 ) ;
#4873 = EDGE_LOOP ( 'NONE', ( #2560, #3832, #1916, #4464 ) ) ;
#4874 = CARTESIAN_POINT ( 'NONE',  ( 1.299490000000000256, 1.803850000000000176, 0.000000000000000000 ) ) ;
#4875 = VECTOR ( 'NONE', #1998, 1000.000000000000000 ) ;
#4876 = ORIENTED_EDGE ( 'NONE', *, *, #1100, .F. ) ;
#4877 = VECTOR ( 'NONE', #4807, 1000.000000000000227 ) ;
#4878 = DIRECTION ( 'NONE',  ( -0.7079538235943338975, -0.7062587228899639413, 0.000000000000000000 ) ) ;
#4879 = ORIENTED_EDGE ( 'NONE', *, *, #5461, .F. ) ;
#4880 = DIRECTION ( 'NONE',  ( 0.7083262900088698188, -0.7058851655065930819, 0.000000000000000000 ) ) ;
#4881 = VECTOR ( 'NONE', #170, 1000.000000000000114 ) ;
#4882 = VERTEX_POINT ( 'NONE', #4658 ) ;
#4883 = LINE ( 'NONE', #5322, #4813 ) ;
#4884 = LINE ( 'NONE', #1217, #4398 ) ;
#4885 = MECHANICAL_CONTEXT ( 'NONE', #3916, 'mechanical' ) ;
#4886 = PLANE ( 'NONE',  #2660 ) ;
#4887 = ORIENTED_EDGE ( 'NONE', *, *, #3915, .T. ) ;
#4888 = VECTOR ( 'NONE', #1320, 1000.000000000000000 ) ;
#4889 = VECTOR ( 'NONE', #5414, 1000.000000000000114 ) ;
#4890 = ORIENTED_EDGE ( 'NONE', *, *, #1117, .F. ) ;
#4891 = DIRECTION ( 'NONE',  ( -0.000000000000000000, -0.000000000000000000, -1.000000000000000000 ) ) ;
#4892 = EDGE_LOOP ( 'NONE', ( #633, #3090, #283, #2996 ) ) ;
#4893 = LINE ( 'NONE', #1197, #5612 ) ;
#4894 = VECTOR ( 'NONE', #1088, 1000.000000000000000 ) ;
#4895 = VERTEX_POINT ( 'NONE', #2003 ) ;
#4896 = DIRECTION ( 'NONE',  ( 0.9876975481314168581, 0.1563763198671321020, -0.000000000000000000 ) ) ;
#4897 = EDGE_CURVE ( 'NONE', #3442, #4829, #4745, .T. ) ;
#4898 = DIRECTION ( 'NONE',  ( 0.1537070062818681748, -0.9881164689548828095, 0.000000000000000000 ) ) ;
#4899 = VECTOR ( 'NONE', #3537, 1000.000000000000000 ) ;
#4900 = CARTESIAN_POINT ( 'NONE',  ( 0.09508460000000000523, 125.4939999999999998, 5.099999999999999645 ) ) ;
#4901 = CARTESIAN_POINT ( 'NONE',  ( 111.7159999999999940, 2.248959999999999848, 5.099999999999999645 ) ) ;
#4902 = VERTEX_POINT ( 'NONE', #622 ) ;
#4903 = CARTESIAN_POINT ( 'NONE',  ( 216.2719999999999914, 122.5010000000000190, 0.000000000000000000 ) ) ;
#4904 = EDGE_LOOP ( 'NONE', ( #1388, #4446, #4697, #1744 ) ) ;
#4905 = EDGE_CURVE ( 'NONE', #2299, #3656, #243, .T. ) ;
#4906 = PLANE ( 'NONE',  #1119 ) ;
#4907 = EDGE_CURVE ( 'NONE', #5535, #2724, #274, .T. ) ;
#4908 = ORIENTED_EDGE ( 'NONE', *, *, #4347, .T. ) ;
#4909 = DIRECTION ( 'NONE',  ( 0.8904950446498628436, -0.4549929400046100469, 0.000000000000000000 ) ) ;
#4910 = ADVANCED_FACE ( 'NONE', ( #2101 ), #2916, .F. ) ;
#4911 = PLANE ( 'NONE',  #3363 ) ;
#4912 = VECTOR ( 'NONE', #5369, 1000.000000000000000 ) ;
#4913 = ORIENTED_EDGE ( 'NONE', *, *, #332, .F. ) ;
#4914 = CARTESIAN_POINT ( 'NONE',  ( 324.8999999999999773, 1.223700000000000010, 5.099999999999999645 ) ) ;
#4915 = CALENDAR_DATE ( 2026, 25, 9 ) ;
#4916 = ORIENTED_EDGE ( 'NONE', *, *, #2380, .T. ) ;
#4917 = DIRECTION ( 'NONE',  ( -0.000000000000000000, 1.000000000000000000, -0.000000000000000000 ) ) ;
#4918 = ORIENTED_EDGE ( 'NONE', *, *, #1546, .F. ) ;
#4919 = VECTOR ( 'NONE', #2134, 1000.000000000000227 ) ;
#4920 = EDGE_CURVE ( 'NONE', #3634, #1311, #2064, .T. ) ;
#4921 = ORIENTED_EDGE ( 'NONE', *, *, #3767, .F. ) ;
#4922 = CARTESIAN_POINT ( 'NONE',  ( 217.7949999999999875, 1.143769999999999953, 5.099999999999999645 ) ) ;
#4923 = AXIS2_PLACEMENT_3D ( 'NONE', #3680, #124, #2198 ) ;
#4924 = ORIENTED_EDGE ( 'NONE', *, *, #3618, .F. ) ;
#4925 = DIRECTION ( 'NONE',  ( 0.8924298478293074544, -0.4511861774294056437, 0.000000000000000000 ) ) ;
#4926 = CARTESIAN_POINT ( 'NONE',  ( 2.100130000000000052, 4.265010000000000190, 5.099999999999999645 ) ) ;
#4927 = VERTEX_POINT ( 'NONE', #679 ) ;
#4928 = EDGE_CURVE ( 'NONE', #4841, #923, #1079, .T. ) ;
#4929 = CARTESIAN_POINT ( 'NONE',  ( 5.094599999999999795, 5.244819999999999816, 5.099999999999999645 ) ) ;
#4930 = AXIS2_PLACEMENT_3D ( 'NONE', #2574, #808, #4794 ) ;
#4931 = CARTESIAN_POINT ( 'NONE',  ( 0.9935670000000000890, 122.9939999999999998, 0.000000000000000000 ) ) ;
#4932 = DIRECTION ( 'NONE',  ( 0.000000000000000000, 0.000000000000000000, 1.000000000000000000 ) ) ;
#4933 = CARTESIAN_POINT ( 'NONE',  ( 2.593469999999999942, 1.143769999999999953, 0.000000000000000000 ) ) ;
#4934 = CARTESIAN_POINT ( 'NONE',  ( 216.2719999999999914, 123.4890000000000043, 5.099999999999999645 ) ) ;
#4935 = LINE ( 'NONE', #2200, #4549 ) ;
#4936 = ORIENTED_EDGE ( 'NONE', *, *, #4320, .T. ) ;
#4937 = VECTOR ( 'NONE', #3359, 1000.000000000000000 ) ;
#4938 = ORIENTED_EDGE ( 'NONE', *, *, #2776, .F. ) ;
#4939 = EDGE_CURVE ( 'NONE', #3660, #814, #5591, .T. ) ;
#4940 = EDGE_CURVE ( 'NONE', #906, #787, #5251, .T. ) ;
#4941 = DIRECTION ( 'NONE',  ( -0.8922101619186157961, -0.4516204456943436196, 0.000000000000000000 ) ) ;
#4942 = VERTEX_POINT ( 'NONE', #2533 ) ;
#4943 = LINE ( 'NONE', #2830, #5798 ) ;
#4944 = ORIENTED_EDGE ( 'NONE', *, *, #2095, .T. ) ;
#4945 = EDGE_CURVE ( 'NONE', #2081, #558, #1202, .T. ) ;
#4946 = COORDINATED_UNIVERSAL_TIME_OFFSET ( 5, 0, .BEHIND. ) ;
#4947 = VERTEX_POINT ( 'NONE', #4211 ) ;
#4948 = CARTESIAN_POINT ( 'NONE',  ( 327.8960000000000150, 0.2439130000000000187, 5.099999999999999645 ) ) ;
#4949 = VERTEX_POINT ( 'NONE', #5622 ) ;
#4950 = FACE_OUTER_BOUND ( 'NONE', #4873, .T. ) ;
#4951 = ORIENTED_EDGE ( 'NONE', *, *, #4116, .F. ) ;
#4952 = LINE ( 'NONE', #901, #3567 ) ;
#4953 = VERTEX_POINT ( 'NONE', #5159 ) ;
#4954 = CARTESIAN_POINT ( 'NONE',  ( 323.7950000000000159, 122.9939999999999998, 5.099999999999999645 ) ) ;
#4955 = DIRECTION ( 'NONE',  ( 0.4535964786211886812, -0.8912071782601717063, 0.000000000000000000 ) ) ;
#4956 = VERTEX_POINT ( 'NONE', #708 ) ;
#4957 = CARTESIAN_POINT ( 'NONE',  ( 0.9935670000000000890, 2.745049999999999990, 5.099999999999999645 ) ) ;
#4958 = LINE ( 'NONE', #3187, #1559 ) ;
#4959 = DIRECTION ( 'NONE',  ( -0.000000000000000000, -0.000000000000000000, -1.000000000000000000 ) ) ;
#4960 = VERTEX_POINT ( 'NONE', #3386 ) ;
#4961 = VECTOR ( 'NONE', #4328, 1000.000000000000000 ) ;
#4962 = VERTEX_POINT ( 'NONE', #1532 ) ;
#4963 = CARTESIAN_POINT ( 'NONE',  ( 108.8990000000000151, 123.9350000000000023, 5.099999999999999645 ) ) ;
#4964 = ADVANCED_FACE ( 'NONE', ( #211 ), #3798, .T. ) ;
#4965 = EDGE_LOOP ( 'NONE', ( #4402, #1691, #1190, #1733 ) ) ;
#4966 = DIRECTION ( 'NONE',  ( -0.1556551389296265409, -0.9878114585915667156, 0.000000000000000000 ) ) ;
#4967 = VECTOR ( 'NONE', #2456, 1000.000000000000000 ) ;
#4968 = EDGE_CURVE ( 'NONE', #4233, #2524, #1625, .T. ) ;
#4969 = DIRECTION ( 'NONE',  ( -0.000000000000000000, -0.000000000000000000, -1.000000000000000000 ) ) ;
#4970 = ORIENTED_EDGE ( 'NONE', *, *, #4928, .F. ) ;
#4971 = VECTOR ( 'NONE', #3071, 1000.000000000000114 ) ;
#4972 = PLANE ( 'NONE',  #3732 ) ;
#4973 = VERTEX_POINT ( 'NONE', #4330 ) ;
#4974 = ORIENTED_EDGE ( 'NONE', *, *, #215, .F. ) ;
#4975 = CARTESIAN_POINT ( 'NONE',  ( 219.0900000000000034, 3.684870000000000090, 0.000000000000000000 ) ) ;
#4976 = ORIENTED_EDGE ( 'NONE', *, *, #3673, .F. ) ;
#4977 = VECTOR ( 'NONE', #121, 1000.000000000000227 ) ;
#4978 = EDGE_CURVE ( 'NONE', #4324, #3220, #5221, .T. ) ;
#4979 = DIRECTION ( 'NONE',  ( -0.000000000000000000, -0.000000000000000000, -1.000000000000000000 ) ) ;
#4980 = EDGE_CURVE ( 'NONE', #3092, #1213, #3827, .T. ) ;
#4981 = ORIENTED_EDGE ( 'NONE', *, *, #514, .T. ) ;
#4982 = VECTOR ( 'NONE', #1047, 1000.000000000000114 ) ;
#4983 = CARTESIAN_POINT ( 'NONE',  ( 326.9959999999999809, 2.745049999999999990, 5.099999999999999645 ) ) ;
#4984 = VERTEX_POINT ( 'NONE', #2653 ) ;
#4985 = CARTESIAN_POINT ( 'NONE',  ( 3.534660000000000135, 4.039019999999999833, 5.099999999999999645 ) ) ;
#4986 = CARTESIAN_POINT ( 'NONE',  ( 324.4549999999999841, 121.7000000000000028, 5.099999999999999645 ) ) ;
#4987 = VERTEX_POINT ( 'NONE', #5310 ) ;
#4988 = AXIS2_PLACEMENT_3D ( 'NONE', #5291, #1751, #1342 ) ;
#4989 = DIRECTION ( 'NONE',  ( -0.000000000000000000, -0.000000000000000000, -1.000000000000000000 ) ) ;
#4990 = EDGE_CURVE ( 'NONE', #3601, #4741, #15, .T. ) ;
#4991 = CARTESIAN_POINT ( 'NONE',  ( 1.072109999999999896, 2.248959999999999848, 5.099999999999999645 ) ) ;
#4992 = AXIS2_PLACEMENT_3D ( 'NONE', #3949, #1738, #3156 ) ;
#4993 = FACE_OUTER_BOUND ( 'NONE', #5564, .T. ) ;
#4994 = ORIENTED_EDGE ( 'NONE', *, *, #748, .T. ) ;
#4995 = VECTOR ( 'NONE', #4472, 1000.000000000000227 ) ;
#4996 = VECTOR ( 'NONE', #2428, 1000.000000000000227 ) ;
#4997 = VERTEX_POINT ( 'NONE', #1261 ) ;
#4998 = EDGE_CURVE ( 'NONE', #2287, #1487, #5378, .T. ) ;
#4999 = CARTESIAN_POINT ( 'NONE',  ( 326.6899999999999977, 1.803850000000000176, 5.099999999999999645 ) ) ;
#5000 = EDGE_LOOP ( 'NONE', ( #478, #2315, #1607, #4186, #3097, #4855, #4461, #3008, #4553, #2731, #2728, #2926, #3329, #3677, #5405, #3025, #4693, #5052, #261, #4029 ) ) ;
#5001 = FACE_OUTER_BOUND ( 'NONE', #3910, .T. ) ;
#5002 = ORIENTED_EDGE ( 'NONE', *, *, #4617, .F. ) ;
#5003 = CC_DESIGN_PERSON_AND_ORGANIZATION_ASSIGNMENT ( #725, #2520, ( #1861 ) ) ;
#5004 = DIRECTION ( 'NONE',  ( 0.8913191698506689464, 0.4533763750535688142, 0.000000000000000000 ) ) ;
#5005 = ORIENTED_EDGE ( 'NONE', *, *, #4054, .F. ) ;
#5006 = CARTESIAN_POINT ( 'NONE',  ( 218.2889999999999873, 1.223700000000000010, 5.099999999999999645 ) ) ;
#5007 = DIRECTION ( 'NONE',  ( 0.1572637512810519111, 0.9875566376330074947, 0.000000000000000000 ) ) ;
#5008 = VERTEX_POINT ( 'NONE', #1679 ) ;
#5009 = DIRECTION ( 'NONE',  ( 0.7083262900088698188, 0.7058851655065930819, 0.000000000000000000 ) ) ;
#5010 = VERTEX_POINT ( 'NONE', #5341 ) ;
#5011 = FACE_OUTER_BOUND ( 'NONE', #5686, .T. ) ;
#5012 = DIRECTION ( 'NONE',  ( -0.8922182138893376413, -0.4516045380685628219, 0.000000000000000000 ) ) ;
#5013 = LINE ( 'NONE', #2764, #1525 ) ;
#5014 = ADVANCED_FACE ( 'NONE', ( #3512 ), #3600, .T. ) ;
#5015 = EDGE_CURVE ( 'NONE', #699, #2715, #3480, .T. ) ;
#5016 = ORIENTED_EDGE ( 'NONE', *, *, #678, .T. ) ;
#5017 = CARTESIAN_POINT ( 'NONE',  ( 218.2889999999999873, 124.5169999999999959, 5.099999999999999645 ) ) ;
#5018 = VECTOR ( 'NONE', #5607, 1000.000000000000000 ) ;
#5019 = LINE ( 'NONE', #99, #363 ) ;
#5020 = ORIENTED_EDGE ( 'NONE', *, *, #4431, .T. ) ;
#5021 = VECTOR ( 'NONE', #4486, 1000.000000000000227 ) ;
#5022 = VECTOR ( 'NONE', #3750, 1000.000000000000000 ) ;
#5023 = CARTESIAN_POINT ( 'NONE',  ( 110.1950000000000216, 124.5939999999999799, 0.000000000000000000 ) ) ;
#5024 = EDGE_CURVE ( 'NONE', #4137, #3118, #4836, .T. ) ;
#5025 = LINE ( 'NONE', #1887, #954 ) ;
#5026 = LINE ( 'NONE', #2347, #3747 ) ;
#5027 = LINE ( 'NONE', #1397, #1303 ) ;
#5028 = ORIENTED_EDGE ( 'NONE', *, *, #4532, .F. ) ;
#5029 = ORIENTED_EDGE ( 'NONE', *, *, #4116, .T. ) ;
#5030 = ORIENTED_EDGE ( 'NONE', *, *, #1653, .T. ) ;
#5031 = LINE ( 'NONE', #5361, #5572 ) ;
#5032 = ORIENTED_EDGE ( 'NONE', *, *, #3381, .T. ) ;
#5033 = LINE ( 'NONE', #3149, #1498 ) ;
#5034 = CARTESIAN_POINT ( 'NONE',  ( 324.1010000000000559, 3.684870000000000090, 5.099999999999999645 ) ) ;
#5035 = ORIENTED_EDGE ( 'NONE', *, *, #4860, .F. ) ;
#5036 = CARTESIAN_POINT ( 'NONE',  ( 218.2889999999999873, 124.5169999999999959, 5.099999999999999645 ) ) ;
#5037 = DIRECTION ( 'NONE',  ( 0.8913191698506689464, 0.4533763750535688142, 0.000000000000000000 ) ) ;
#5038 = PLANE ( 'NONE',  #767 ) ;
#5039 = FACE_OUTER_BOUND ( 'NONE', #3624, .T. ) ;
#5040 = ORIENTED_EDGE ( 'NONE', *, *, #4404, .F. ) ;
#5041 = EDGE_CURVE ( 'NONE', #2524, #2604, #4362, .T. ) ;
#5042 = EDGE_CURVE ( 'NONE', #5574, #1920, #3104, .T. ) ;
#5043 = DIRECTION ( 'NONE',  ( 0.9871905049027079881, -0.1595459401863189020, 0.000000000000000000 ) ) ;
#5044 = ORIENTED_EDGE ( 'NONE', *, *, #4940, .F. ) ;
#5045 = EDGE_CURVE ( 'NONE', #5276, #2886, #5740, .T. ) ;
#5046 = EDGE_CURVE ( 'NONE', #5806, #958, #3132, .T. ) ;
#5047 = VECTOR ( 'NONE', #3445, 1000.000000000000000 ) ;
#5048 = VERTEX_POINT ( 'NONE', #5279 ) ;
#5049 = DIRECTION ( 'NONE',  ( 0.9878114585915668266, -0.1556551389296265686, 0.000000000000000000 ) ) ;
#5050 = CARTESIAN_POINT ( 'NONE',  ( 322.8949999999999818, 5.244819999999999816, 5.099999999999999645 ) ) ;
#5051 = ORIENTED_EDGE ( 'NONE', *, *, #4456, .F. ) ;
#5052 = ORIENTED_EDGE ( 'NONE', *, *, #4544, .F. ) ;
#5053 = VECTOR ( 'NONE', #5694, 1000.000000000000114 ) ;
#5054 = ORIENTED_EDGE ( 'NONE', *, *, #586, .T. ) ;
#5055 = CARTESIAN_POINT ( 'NONE',  ( 327.8960000000000150, 118.9939999999999998, 5.099999999999999645 ) ) ;
#5056 = ORIENTED_EDGE ( 'NONE', *, *, #4609, .F. ) ;
#5057 = CARTESIAN_POINT ( 'NONE',  ( 110.1950000000000074, 1.143769999999999953, 0.000000000000000000 ) ) ;
#5058 = DIRECTION ( 'NONE',  ( -1.000000000000000000, -0.000000000000000000, -0.000000000000000000 ) ) ;
#5059 = VECTOR ( 'NONE', #1019, 1000.000000000000000 ) ;
#5060 = ORIENTED_EDGE ( 'NONE', *, *, #4310, .T. ) ;
#5061 = DIRECTION ( 'NONE',  ( -0.1561661380789901576, -0.9877308020495735308, 0.000000000000000000 ) ) ;
#5062 = LINE ( 'NONE', #6, #368 ) ;
#5063 = DIRECTION ( 'NONE',  ( -0.000000000000000000, -0.000000000000000000, -1.000000000000000000 ) ) ;
#5064 = LINE ( 'NONE', #1262, #5101 ) ;
#5065 = DIRECTION ( 'NONE',  ( -0.7069569863009865784, 0.7072565443459868373, 0.000000000000000000 ) ) ;
#5066 = ORIENTED_EDGE ( 'NONE', *, *, #1235, .T. ) ;
#5067 = LOCAL_TIME ( 17, 34, 58.00000000000000000, #4343 ) ;
#5068 = ADVANCED_FACE ( 'NONE', ( #2557 ), #1230, .T. ) ;
#5069 = CARTESIAN_POINT ( 'NONE',  ( 109.7000000000000028, 121.4740000000000180, 5.099999999999999645 ) ) ;
#5070 = ORIENTED_EDGE ( 'NONE', *, *, #2290, .T. ) ;
#5071 = VECTOR ( 'NONE', #1947, 1000.000000000000000 ) ;
#5072 = CARTESIAN_POINT ( 'NONE',  ( 111.4890000000000043, 3.684870000000000090, 0.000000000000000000 ) ) ;
#5073 = DIRECTION ( 'NONE',  ( -0.4541992607073437882, -0.8909001243533992698, 0.000000000000000000 ) ) ;
#5074 = VECTOR ( 'NONE', #4551, 1000.000000000000114 ) ;
#5075 = EDGE_CURVE ( 'NONE', #1237, #4063, #2133, .T. ) ;
#5076 = EDGE_CURVE ( 'NONE', #4137, #326, #3572, .T. ) ;
#5077 = DIRECTION ( 'NONE',  ( 0.4543163942505794028, 0.8908403975545517994, 0.000000000000000000 ) ) ;
#5078 = CARTESIAN_POINT ( 'NONE',  ( 323.7950000000000159, 122.9939999999999998, 0.000000000000000000 ) ) ;
#5079 = VECTOR ( 'NONE', #3356, 1000.000000000000114 ) ;
#5080 = CARTESIAN_POINT ( 'NONE',  ( 217.3000000000000114, 4.265010000000000190, 5.099999999999999645 ) ) ;
#5081 = VERTEX_POINT ( 'NONE', #1710 ) ;
#5082 = ORIENTED_EDGE ( 'NONE', *, *, #1032, .T. ) ;
#5083 = FACE_OUTER_BOUND ( 'NONE', #1840, .T. ) ;
#5084 = EDGE_CURVE ( 'NONE', #4437, #731, #338, .T. ) ;
#5085 = CARTESIAN_POINT ( 'NONE',  ( 324.4549999999999841, 121.7000000000000028, 5.099999999999999645 ) ) ;
#5086 = ORIENTED_EDGE ( 'NONE', *, *, #4072, .T. ) ;
#5087 = CARTESIAN_POINT ( 'NONE',  ( 5.094599999999999795, 120.4939999999999998, 0.000000000000000000 ) ) ;
#5088 = DIRECTION ( 'NONE',  ( 0.8922101619186268984, 0.4516204456943215262, 0.000000000000000000 ) ) ;
#5089 = DIRECTION ( 'NONE',  ( -0.8903987221554817699, -0.4551814095323809539, 0.000000000000000000 ) ) ;
#5090 = CARTESIAN_POINT ( 'NONE',  ( 323.8730000000000473, 122.5010000000000190, 0.000000000000000000 ) ) ;
#5091 = CARTESIAN_POINT ( 'NONE',  ( 111.7159999999999940, 3.238389999999999880, 0.000000000000000000 ) ) ;
#5092 = ORIENTED_EDGE ( 'NONE', *, *, #1334, .F. ) ;
#5093 = EDGE_CURVE ( 'NONE', #4895, #1204, #5707, .T. ) ;
#5094 = LINE ( 'NONE', #2824, #1863 ) ;
#5095 = DIRECTION ( 'NONE',  ( -0.9871395892538341599, -0.1598606622273645583, 0.000000000000000000 ) ) ;
#5096 = ORIENTED_EDGE ( 'NONE', *, *, #132, .F. ) ;
#5097 = EDGE_CURVE ( 'NONE', #2854, #4455, #364, .T. ) ;
#5098 = VECTOR ( 'NONE', #680, 1000.000000000000000 ) ;
#5099 = DIRECTION ( 'NONE',  ( -0.000000000000000000, -0.000000000000000000, -1.000000000000000000 ) ) ;
#5100 = FACE_OUTER_BOUND ( 'NONE', #4825, .T. ) ;
#5101 = VECTOR ( 'NONE', #3982, 1000.000000000000114 ) ;
#5102 = LINE ( 'NONE', #1081, #2934 ) ;
#5103 = DIRECTION ( 'NONE',  ( 0.9881164689548798119, -0.1537070062818867988, 0.000000000000000000 ) ) ;
#5104 = VECTOR ( 'NONE', #1298, 999.9999999999998863 ) ;
#5105 = ADVANCED_FACE ( 'NONE', ( #2622 ), #886, .T. ) ;
#5106 = ADVANCED_FACE ( 'NONE', ( #1742 ), #3713, .T. ) ;
#5107 = ORIENTED_EDGE ( 'NONE', *, *, #5485, .T. ) ;
#5108 = VERTEX_POINT ( 'NONE', #5510 ) ;
#5109 = DIRECTION ( 'NONE',  ( 0.1594098865181407532, 0.9872124837542693987, -0.000000000000000000 ) ) ;
#5110 = CARTESIAN_POINT ( 'NONE',  ( 218.7359999999999900, 121.7000000000000028, 5.099999999999999645 ) ) ;
#5111 = CARTESIAN_POINT ( 'NONE',  ( 5.094599999999999795, 120.4939999999999998, 0.000000000000000000 ) ) ;
#5112 = ORIENTED_EDGE ( 'NONE', *, *, #4699, .T. ) ;
#5113 = ADVANCED_FACE ( 'NONE', ( #4120 ), #3627, .T. ) ;
#5114 = CARTESIAN_POINT ( 'NONE',  ( 217.7949999999999875, 1.143769999999999953, 5.099999999999999645 ) ) ;
#5115 = CARTESIAN_POINT ( 'NONE',  ( 216.5010000000000048, 3.684870000000000090, 0.000000000000000000 ) ) ;
#5116 = CARTESIAN_POINT ( 'NONE',  ( 323.8730000000000473, 123.4890000000000043, 5.099999999999999645 ) ) ;
#5117 = CARTESIAN_POINT ( 'NONE',  ( 216.5010000000000048, 123.9350000000000023, 5.099999999999999645 ) ) ;
#5118 = CARTESIAN_POINT ( 'NONE',  ( 3.534660000000000135, 1.451070000000000082, 0.000000000000000000 ) ) ;
#5119 = CARTESIAN_POINT ( 'NONE',  ( 111.7950000000000017, 122.9939999999999998, 5.099999999999999645 ) ) ;
#5120 = ORIENTED_EDGE ( 'NONE', *, *, #5642, .F. ) ;
#5121 = DIRECTION ( 'NONE',  ( -1.000000000000000000, 0.000000000000000000, 0.000000000000000000 ) ) ;
#5122 = EDGE_CURVE ( 'NONE', #2369, #3601, #152, .T. ) ;
#5123 = CARTESIAN_POINT ( 'NONE',  ( 108.8990000000000151, 3.684870000000000090, 5.099999999999999645 ) ) ;
#5124 = DIRECTION ( 'NONE',  ( -0.000000000000000000, -0.000000000000000000, -1.000000000000000000 ) ) ;
#5125 = ORIENTED_EDGE ( 'NONE', *, *, #513, .F. ) ;
#5126 = CARTESIAN_POINT ( 'NONE',  ( 3.088179999999999925, 124.5169999999999959, 5.099999999999999645 ) ) ;
#5127 = LINE ( 'NONE', #2773, #309 ) ;
#5128 = CARTESIAN_POINT ( 'NONE',  ( 108.6720000000000113, 123.4890000000000043, 5.099999999999999645 ) ) ;
#5129 = PLANE ( 'NONE',  #1114 ) ;
#5130 = FACE_OUTER_BOUND ( 'NONE', #2367, .T. ) ;
#5131 = EDGE_CURVE ( 'NONE', #4927, #3220, #2286, .T. ) ;
#5132 = VECTOR ( 'NONE', #736, 1000.000000000000000 ) ;
#5133 = VERTEX_POINT ( 'NONE', #969 ) ;
#5134 = VERTEX_POINT ( 'NONE', #4546 ) ;
#5135 = CARTESIAN_POINT ( 'NONE',  ( 2.593469999999999942, 1.143769999999999953, 5.099999999999999645 ) ) ;
#5136 = FACE_BOUND ( 'NONE', #3959, .T. ) ;
#5137 = EDGE_CURVE ( 'NONE', #1313, #5590, #4149, .T. ) ;
#5138 = ORIENTED_EDGE ( 'NONE', *, *, #3803, .T. ) ;
#5139 = DIRECTION ( 'NONE',  ( -0.9875028003718848701, -0.1576014570290689698, 0.000000000000000000 ) ) ;
#5140 = EDGE_LOOP ( 'NONE', ( #416, #5151, #916, #3985 ) ) ;
#5141 = CARTESIAN_POINT ( 'NONE',  ( 109.2540000000000049, 124.2890000000000157, 5.099999999999999645 ) ) ;
#5142 = FACE_OUTER_BOUND ( 'NONE', #4043, .T. ) ;
#5143 = LINE ( 'NONE', #2494, #2891 ) ;
#5144 = DIRECTION ( 'NONE',  ( 0.7071067811865059394, 0.7071067811865890951, 0.000000000000000000 ) ) ;
#5145 = CARTESIAN_POINT ( 'NONE',  ( 3.888809999999999878, 122.0540000000000163, 5.099999999999999645 ) ) ;
#5146 = DIRECTION ( 'NONE',  ( -0.000000000000000000, -0.000000000000000000, -1.000000000000000000 ) ) ;
#5147 = VERTEX_POINT ( 'NONE', #1939 ) ;
#5148 = EDGE_CURVE ( 'NONE', #961, #3139, #2368, .T. ) ;
#5149 = EDGE_CURVE ( 'NONE', #1287, #1186, #128, .T. ) ;
#5150 = VECTOR ( 'NONE', #4685, 1000.000000000000114 ) ;
#5151 = ORIENTED_EDGE ( 'NONE', *, *, #4014, .F. ) ;
#5152 = DIRECTION ( 'NONE',  ( 0.9871757703368737591, 0.1596370835983918213, 0.000000000000000000 ) ) ;
#5153 = CARTESIAN_POINT ( 'NONE',  ( 108.8990000000000151, 1.803850000000000176, 0.000000000000000000 ) ) ;
#5154 = VECTOR ( 'NONE', #2156, 1000.000000000000000 ) ;
#5155 = ORIENTED_EDGE ( 'NONE', *, *, #1319, .F. ) ;
#5156 = FACE_OUTER_BOUND ( 'NONE', #3879, .T. ) ;
#5157 = CARTESIAN_POINT ( 'NONE',  ( 109.2540000000000049, 1.451070000000000082, 0.000000000000000000 ) ) ;
#5158 = AXIS2_PLACEMENT_3D ( 'NONE', #4509, #1412, #1484 ) ;
#5160 = VECTOR ( 'NONE', #618, 1000.000000000000000 ) ;
#5159 = CARTESIAN_POINT ( 'NONE',  ( 111.1350000000000051, 124.2890000000000157, 5.099999999999999645 ) ) ;
#5161 = LINE ( 'NONE', #2481, #4153 ) ;
#5162 = CARTESIAN_POINT ( 'NONE',  ( 0.9935670000000000890, 122.9939999999999998, 5.099999999999999645 ) ) ;
#5163 = EDGE_CURVE ( 'NONE', #1343, #1951, #1467, .T. ) ;
#5164 = AXIS2_PLACEMENT_3D ( 'NONE', #549, #2348, #3717 ) ;
#5165 = FACE_OUTER_BOUND ( 'NONE', #5167, .T. ) ;
#5166 = VECTOR ( 'NONE', #1657, 1000.000000000000000 ) ;
#5167 = EDGE_LOOP ( 'NONE', ( #3531, #5333, #1409, #5418 ) ) ;
#5168 = CARTESIAN_POINT ( 'NONE',  ( 3.534660000000000135, 121.7000000000000028, 5.099999999999999645 ) ) ;
#5169 = ADVANCED_FACE ( 'NONE', ( #4993 ), #3684, .T. ) ;
#5170 = VECTOR ( 'NONE', #2008, 1000.000000000000000 ) ;
#5171 = CARTESIAN_POINT ( 'NONE',  ( 325.8890000000000668, 1.223700000000000010, 5.099999999999999645 ) ) ;
#5172 = PLANE ( 'NONE',  #2808 ) ;
#5173 = ORIENTED_EDGE ( 'NONE', *, *, #5544, .F. ) ;
#5174 = DIRECTION ( 'NONE',  ( 0.000000000000000000, -0.000000000000000000, 1.000000000000000000 ) ) ;
#5175 = FACE_OUTER_BOUND ( 'NONE', #2185, .T. ) ;
#5176 = CARTESIAN_POINT ( 'NONE',  ( 3.534660000000000135, 121.7000000000000028, 5.099999999999999645 ) ) ;
#5177 = LINE ( 'NONE', #612, #2556 ) ;
#5178 = DIRECTION ( 'NONE',  ( 0.7081034065937691357, -0.7061087491104320879, 0.000000000000000000 ) ) ;
#5179 = ORIENTED_EDGE ( 'NONE', *, *, #1423, .F. ) ;
#5180 = ORIENTED_EDGE ( 'NONE', *, *, #1503, .T. ) ;
#5181 = DIRECTION ( 'NONE',  ( 0.1601766119933535626, 0.9870883714087258509, 0.000000000000000000 ) ) ;
#5182 = EDGE_CURVE ( 'NONE', #5427, #3519, #1444, .T. ) ;
#5183 = EDGE_CURVE ( 'NONE', #4006, #4262, #2314, .T. ) ;
#5184 = CARTESIAN_POINT ( 'NONE',  ( 3.088179999999999925, 121.4740000000000180, 5.099999999999999645 ) ) ;
#5185 = FACE_OUTER_BOUND ( 'NONE', #1759, .T. ) ;
#5186 = ORIENTED_EDGE ( 'NONE', *, *, #2563, .T. ) ;
#5187 = DIRECTION ( 'NONE',  ( -0.7071067811865335839, 0.7071067811865613395, 0.000000000000000000 ) ) ;
#5188 = CARTESIAN_POINT ( 'NONE',  ( 219.0900000000000034, 3.684870000000000090, 5.099999999999999645 ) ) ;
#5189 = DIRECTION ( 'NONE',  ( -0.8924218088635695878, 0.4512020778594382775, 0.000000000000000000 ) ) ;
#5190 = LINE ( 'NONE', #3768, #5519 ) ;
#5191 = LINE ( 'NONE', #795, #3868 ) ;
#5192 = VECTOR ( 'NONE', #4768, 1000.000000000000000 ) ;
#5193 = VECTOR ( 'NONE', #185, 1000.000000000000114 ) ;
#5194 = CARTESIAN_POINT ( 'NONE',  ( 2.593469999999999942, 121.3940000000000055, 5.099999999999999645 ) ) ;
#5195 = CARTESIAN_POINT ( 'NONE',  ( 111.7159999999999940, 2.248959999999999848, 5.099999999999999645 ) ) ;
#5196 = VECTOR ( 'NONE', #2399, 1000.000000000000000 ) ;
#5197 = ORIENTED_EDGE ( 'NONE', *, *, #5076, .T. ) ;
#5198 = CARTESIAN_POINT ( 'NONE',  ( 323.7950000000000159, 122.9939999999999998, 0.000000000000000000 ) ) ;
#5199 = PLANE ( 'NONE',  #837 ) ;
#5200 = VECTOR ( 'NONE', #5728, 1000.000000000000114 ) ;
#5201 = DIRECTION ( 'NONE',  ( -0.000000000000000000, -0.000000000000000000, -1.000000000000000000 ) ) ;
#5202 = VERTEX_POINT ( 'NONE', #2825 ) ;
#5203 = DIRECTION ( 'NONE',  ( -0.7058851655066208375, 0.7083262900088422853, 0.000000000000000000 ) ) ;
#5204 = DIRECTION ( 'NONE',  ( 0.1533772373344897966, -0.9881677099903839467, 0.000000000000000000 ) ) ;
#5205 = CARTESIAN_POINT ( 'NONE',  ( 326.6899999999999977, 1.803850000000000176, 5.099999999999999645 ) ) ;
#5206 = ORIENTED_EDGE ( 'NONE', *, *, #3808, .F. ) ;
#5207 = LINE ( 'NONE', #5117, #4445 ) ;
#5208 = DIRECTION ( 'NONE',  ( -0.7058851655065653263, 0.7083262900088976854, 0.000000000000000000 ) ) ;
#5209 = AXIS2_PLACEMENT_3D ( 'NONE', #252, #1153, #1603 ) ;
#5210 = CARTESIAN_POINT ( 'NONE',  ( 322.8949999999999818, 5.244819999999999816, 5.099999999999999645 ) ) ;
#5211 = ORIENTED_EDGE ( 'NONE', *, *, #3671, .F. ) ;
#5212 = EDGE_CURVE ( 'NONE', #4096, #3491, #597, .T. ) ;
#5213 = CARTESIAN_POINT ( 'NONE',  ( 217.7949999999999875, 124.5939999999999941, 5.099999999999999645 ) ) ;
#5214 = DIRECTION ( 'NONE',  ( -0.1598740818379245643, 0.9871374159439406659, 0.000000000000000000 ) ) ;
#5215 = ORIENTED_EDGE ( 'NONE', *, *, #3294, .T. ) ;
#5216 = ORIENTED_EDGE ( 'NONE', *, *, #3361, .T. ) ;
#5217 = LINE ( 'NONE', #2943, #4764 ) ;
#5218 = ADVANCED_FACE ( 'NONE', ( #2713 ), #942, .T. ) ;
#5219 = FACE_OUTER_BOUND ( 'NONE', #4141, .T. ) ;
#5220 = DIRECTION ( 'NONE',  ( 0.9872124837542692877, -0.1594098865181407254, 0.000000000000000000 ) ) ;
#5221 = LINE ( 'NONE', #306, #4967 ) ;
#5222 = LINE ( 'NONE', #1231, #5286 ) ;
#5223 = CARTESIAN_POINT ( 'NONE',  ( 218.7359999999999900, 121.7000000000000028, 5.099999999999999645 ) ) ;
#5224 = EDGE_CURVE ( 'NONE', #5133, #4096, #3245, .T. ) ;
#5225 = DIRECTION ( 'NONE',  ( 0.8909001243533993808, -0.4541992607073438437, 0.000000000000000000 ) ) ;
#5226 = EDGE_CURVE ( 'NONE', #3907, #2604, #1854, .T. ) ;
#5227 = ORIENTED_EDGE ( 'NONE', *, *, #1294, .T. ) ;
#5228 = DIRECTION ( 'NONE',  ( -0.000000000000000000, -0.000000000000000000, -1.000000000000000000 ) ) ;
#5229 = EDGE_CURVE ( 'NONE', #3945, #3482, #4518, .T. ) ;
#5230 = ORIENTED_EDGE ( 'NONE', *, *, #678, .F. ) ;
#5231 = FACE_OUTER_BOUND ( 'NONE', #3719, .T. ) ;
#5232 = ORIENTED_EDGE ( 'NONE', *, *, #1943, .F. ) ;
#5233 = DIRECTION ( 'NONE',  ( -0.4535964786212107192, -0.8912071782601604930, 0.000000000000000000 ) ) ;
#5234 = LINE ( 'NONE', #5725, #1471 ) ;
#5235 = PERSON_AND_ORGANIZATION_ROLE ( 'classification_officer' ) ;
#5236 = VERTEX_POINT ( 'NONE', #4068 ) ;
#5237 = CARTESIAN_POINT ( 'NONE',  ( 217.7949999999999875, 121.3940000000000055, 5.099999999999999645 ) ) ;
#5238 = VECTOR ( 'NONE', #2100, 1000.000000000000114 ) ;
#5239 = CARTESIAN_POINT ( 'NONE',  ( 216.2719999999999914, 123.4890000000000043, 0.000000000000000000 ) ) ;
#5240 = ORIENTED_EDGE ( 'NONE', *, *, #370, .F. ) ;
#5241 = EDGE_LOOP ( 'NONE', ( #136, #5120, #2268, #1824 ) ) ;
#5242 = LINE ( 'NONE', #3470, #3598 ) ;
#5243 = ORIENTED_EDGE ( 'NONE', *, *, #2983, .F. ) ;
#5244 = DIRECTION ( 'NONE',  ( -0.7071067811865059394, -0.7071067811865890951, 0.000000000000000000 ) ) ;
#5245 = EDGE_LOOP ( 'NONE', ( #354, #4101, #4213, #1139 ) ) ;
#5246 = VERTEX_POINT ( 'NONE', #3219 ) ;
#5247 = VECTOR ( 'NONE', #3890, 1000.000000000000114 ) ;
#5248 = EDGE_CURVE ( 'NONE', #5673, #5770, #5019, .T. ) ;
#5249 = CARTESIAN_POINT ( 'NONE',  ( 4.114840000000000053, 122.5010000000000190, 0.000000000000000000 ) ) ;
#5250 = VECTOR ( 'NONE', #5430, 1000.000000000000227 ) ;
#5251 = LINE ( 'NONE', #2480, #5342 ) ;
#5252 = CARTESIAN_POINT ( 'NONE',  ( 324.1010000000000559, 123.9350000000000023, 5.099999999999999645 ) ) ;
#5253 = ORIENTED_EDGE ( 'NONE', *, *, #836, .T. ) ;
#5254 = DIRECTION ( 'NONE',  ( -1.000000000000000000, -0.000000000000000000, -0.000000000000000000 ) ) ;
#5255 = ORIENTED_EDGE ( 'NONE', *, *, #2464, .F. ) ;
#5256 = EDGE_CURVE ( 'NONE', #1920, #1951, #1076, .T. ) ;
#5257 = EDGE_CURVE ( 'NONE', #5477, #4852, #2526, .T. ) ;
#5258 = VECTOR ( 'NONE', #4969, 1000.000000000000000 ) ;
#5259 = DIRECTION ( 'NONE',  ( -0.000000000000000000, -0.000000000000000000, -1.000000000000000000 ) ) ;
#5260 = CARTESIAN_POINT ( 'NONE',  ( 108.8990000000000151, 122.0540000000000163, 5.099999999999999645 ) ) ;
#5261 = VECTOR ( 'NONE', #1394, 1000.000000000000000 ) ;
#5262 = ORIENTED_EDGE ( 'NONE', *, *, #5122, .T. ) ;
#5263 = DIRECTION ( 'NONE',  ( -0.4538115675396487414, -0.8910976720692332931, 0.000000000000000000 ) ) ;
#5264 = LINE ( 'NONE', #3464, #3357 ) ;
#5265 = VERTEX_POINT ( 'NONE', #2911 ) ;
#5266 = CARTESIAN_POINT ( 'NONE',  ( 216.5010000000000048, 3.684870000000000090, 5.099999999999999645 ) ) ;
#5267 = EDGE_LOOP ( 'NONE', ( #1612, #356, #3753, #459 ) ) ;
#5268 = AXIS2_PLACEMENT_3D ( 'NONE', #4334, #5225, #1207 ) ;
#5269 = ORIENTED_EDGE ( 'NONE', *, *, #149, .F. ) ;
#5270 = VECTOR ( 'NONE', #4243, 1000.000000000000114 ) ;
#5271 = CARTESIAN_POINT ( 'NONE',  ( 111.4890000000000043, 122.0540000000000163, 5.099999999999999645 ) ) ;
#5272 = ORIENTED_EDGE ( 'NONE', *, *, #1781, .F. ) ;
#5273 = EDGE_CURVE ( 'NONE', #5281, #297, #702, .T. ) ;
#5274 = DIRECTION ( 'NONE',  ( 0.8916126378921279683, 0.4527989663758532068, 0.000000000000000000 ) ) ;
#5275 = ORIENTED_EDGE ( 'NONE', *, *, #3275, .F. ) ;
#5276 = VERTEX_POINT ( 'NONE', #1557 ) ;
#5277 = LINE ( 'NONE', #3952, #4487 ) ;
#5278 = PLANE ( 'NONE',  #4129 ) ;
#5279 = CARTESIAN_POINT ( 'NONE',  ( 109.7000000000000028, 4.265010000000000190, 5.099999999999999645 ) ) ;
#5280 = CARTESIAN_POINT ( 'NONE',  ( 111.4890000000000043, 3.684870000000000090, 5.099999999999999645 ) ) ;
#5281 = VERTEX_POINT ( 'NONE', #733 ) ;
#5282 = DIRECTION ( 'NONE',  ( -0.1595459401863458804, 0.9871905049027036583, 0.000000000000000000 ) ) ;
#5283 = VECTOR ( 'NONE', #1692, 1000.000000000000114 ) ;
#5284 = LINE ( 'NONE', #2686, #5375 ) ;
#5285 = VERTEX_POINT ( 'NONE', #3380 ) ;
#5286 = VECTOR ( 'NONE', #3422, 1000.000000000000227 ) ;
#5287 = DIRECTION ( 'NONE',  ( -0.7071067811865059394, 0.7071067811865890951, 0.000000000000000000 ) ) ;
#5288 = VECTOR ( 'NONE', #1711, 1000.000000000000114 ) ;
#5289 = ADVANCED_FACE ( 'NONE', ( #672 ), #5646, .T. ) ;
#5290 = EDGE_CURVE ( 'NONE', #4455, #961, #1138, .T. ) ;
#5291 = CARTESIAN_POINT ( 'NONE',  ( 110.1950000000000074, 121.3940000000000055, 5.099999999999999645 ) ) ;
#5292 = VERTEX_POINT ( 'NONE', #2057 ) ;
#5293 = LINE ( 'NONE', #4849, #1564 ) ;
#5294 = ORIENTED_EDGE ( 'NONE', *, *, #1319, .T. ) ;
#5295 = VECTOR ( 'NONE', #3147, 1000.000000000000000 ) ;
#5296 = LINE ( 'NONE', #3906, #37 ) ;
#5297 = ORIENTED_EDGE ( 'NONE', *, *, #2726, .F. ) ;
#5298 = EDGE_CURVE ( 'NONE', #1857, #5281, #1493, .T. ) ;
#5299 = EDGE_CURVE ( 'NONE', #1220, #2597, #3319, .T. ) ;
#5300 = VERTEX_POINT ( 'NONE', #5153 ) ;
#5301 = LINE ( 'NONE', #3001, #2087 ) ;
#5302 = VERTEX_POINT ( 'NONE', #3854 ) ;
#5303 = DIRECTION ( 'NONE',  ( 0.4533922161898034653, -0.8913111119572663110, 0.000000000000000000 ) ) ;
#5304 = ORIENTED_EDGE ( 'NONE', *, *, #1730, .T. ) ;
#5305 = LINE ( 'NONE', #2248, #2532 ) ;
#5306 = ORIENTED_EDGE ( 'NONE', *, *, #3492, .T. ) ;
#5307 = DIRECTION ( 'NONE',  ( -0.000000000000000000, -0.000000000000000000, -1.000000000000000000 ) ) ;
#5308 = CARTESIAN_POINT ( 'NONE',  ( 110.1950000000000074, 4.344949999999999868, 5.099999999999999645 ) ) ;
#5309 = DIRECTION ( 'NONE',  ( -0.1537070062818597926, -0.9881164689548841418, 0.000000000000000000 ) ) ;
#5310 = CARTESIAN_POINT ( 'NONE',  ( 3.534660000000000135, 124.2890000000000157, 5.099999999999999645 ) ) ;
#5311 = PLANE ( 'NONE',  #3503 ) ;
#5312 = EDGE_LOOP ( 'NONE', ( #433, #43, #3076, #978 ) ) ;
#5313 = CARTESIAN_POINT ( 'NONE',  ( 108.6720000000000113, 122.5010000000000190, 5.099999999999999645 ) ) ;
#5314 = ORIENTED_EDGE ( 'NONE', *, *, #3332, .F. ) ;
#5315 = DIRECTION ( 'NONE',  ( 0.7084857568802659378, -0.7057251110012996431, 0.000000000000000000 ) ) ;
#5316 = ORIENTED_EDGE ( 'NONE', *, *, #5524, .T. ) ;
#5317 = LINE ( 'NONE', #891, #280 ) ;
#5319 = EDGE_CURVE ( 'NONE', #1829, #5281, #1048, .T. ) ;
#5318 = ORIENTED_EDGE ( 'NONE', *, *, #3562, .T. ) ;
#5320 = LINE ( 'NONE', #1272, #2527 ) ;
#5321 = ORIENTED_EDGE ( 'NONE', *, *, #4390, .T. ) ;
#5322 = CARTESIAN_POINT ( 'NONE',  ( 2.594850000000000101, 4.344949999999999868, 0.000000000000000000 ) ) ;
#5323 = CARTESIAN_POINT ( 'NONE',  ( 326.6899999999999977, 3.684870000000000090, 5.099999999999999645 ) ) ;
#5324 = PERSON_AND_ORGANIZATION ( #4494, #1102 ) ;
#5325 = ORIENTED_EDGE ( 'NONE', *, *, #3849, .F. ) ;
#5326 = EDGE_CURVE ( 'NONE', #2307, #4262, #4232, .T. ) ;
#5327 = CARTESIAN_POINT ( 'NONE',  ( 111.4890000000000043, 3.684870000000000090, 0.000000000000000000 ) ) ;
#5328 = ORIENTED_EDGE ( 'NONE', *, *, #716, .F. ) ;
#5329 = ORIENTED_EDGE ( 'NONE', *, *, #992, .F. ) ;
#5330 = PLANE ( 'NONE',  #2260 ) ;
#5331 = ORIENTED_EDGE ( 'NONE', *, *, #1694, .T. ) ;
#5332 = DIRECTION ( 'NONE',  ( -0.4511861774294056437, -0.8924298478293074544, 0.000000000000000000 ) ) ;
#5333 = ORIENTED_EDGE ( 'NONE', *, *, #3424, .F. ) ;
#5334 = CARTESIAN_POINT ( 'NONE',  ( 323.7950000000000159, 2.745049999999999990, 0.000000000000000000 ) ) ;
#5335 = EDGE_CURVE ( 'NONE', #2939, #2864, #4653, .T. ) ;
#5336 = ADVANCED_FACE ( 'NONE', ( #1167 ), #3292, .T. ) ;
#5337 = ORIENTED_EDGE ( 'NONE', *, *, #464, .F. ) ;
#5338 = CARTESIAN_POINT ( 'NONE',  ( 326.3360000000000127, 1.451070000000000082, 0.000000000000000000 ) ) ;
#5339 = LINE ( 'NONE', #1290, #2907 ) ;
#5340 = CARTESIAN_POINT ( 'NONE',  ( 1.653650000000000064, 124.2890000000000157, 5.099999999999999645 ) ) ;
#5341 = CARTESIAN_POINT ( 'NONE',  ( 3.534660000000000135, 4.039019999999999833, 0.000000000000000000 ) ) ;
#5342 = VECTOR ( 'NONE', #3352, 1000.000000000000000 ) ;
#5343 = DIRECTION ( 'NONE',  ( 0.8916045487671567793, -0.4528148944300691148, 0.000000000000000000 ) ) ;
#5344 = EDGE_CURVE ( 'NONE', #4104, #920, #3765, .T. ) ;
#5345 = ORIENTED_EDGE ( 'NONE', *, *, #2354, .T. ) ;
#5346 = CARTESIAN_POINT ( 'NONE',  ( 218.7359999999999900, 4.039019999999999833, 5.099999999999999645 ) ) ;
#5347 = ORIENTED_EDGE ( 'NONE', *, *, #2027, .F. ) ;
#5348 = VECTOR ( 'NONE', #2254, 1000.000000000000000 ) ;
#5349 = ORIENTED_EDGE ( 'NONE', *, *, #4204, .T. ) ;
#5350 = EDGE_CURVE ( 'NONE', #3912, #1513, #619, .T. ) ;
#5351 = AXIS2_PLACEMENT_3D ( 'NONE', #1725, #5695, #1755 ) ;
#5352 = CARTESIAN_POINT ( 'NONE',  ( 327.8960000000000150, 0.2439130000000000187, 0.000000000000000000 ) ) ;
#5353 = CARTESIAN_POINT ( 'NONE',  ( 219.3160000000000025, 3.238389999999999880, 5.099999999999999645 ) ) ;
#5354 = ORIENTED_EDGE ( 'NONE', *, *, #3012, .F. ) ;
#5355 = CARTESIAN_POINT ( 'NONE',  ( 1.299490000000000256, 122.0540000000000163, 0.000000000000000000 ) ) ;
#5356 = VERTEX_POINT ( 'NONE', #4679 ) ;
#5357 = EDGE_CURVE ( 'NONE', #1544, #763, #177, .T. ) ;
#5358 = CALENDAR_DATE ( 2026, 25, 9 ) ;
#5359 = EDGE_LOOP ( 'NONE', ( #3973, #2738, #2705, #492 ) ) ;
#5360 = EDGE_CURVE ( 'NONE', #3851, #1343, #1968, .T. ) ;
#5361 = CARTESIAN_POINT ( 'NONE',  ( 323.8730000000000473, 3.238389999999999880, 5.099999999999999645 ) ) ;
#5362 = VERTEX_POINT ( 'NONE', #4708 ) ;
#5363 = VECTOR ( 'NONE', #5367, 1000.000000000000000 ) ;
#5364 = VECTOR ( 'NONE', #5468, 1000.000000000000000 ) ;
#5366 = VERTEX_POINT ( 'NONE', #237 ) ;
#5365 = PRODUCT_DEFINITION ( 'UNKNOWN', '', #1861, #2253 ) ;
#5367 = DIRECTION ( 'NONE',  ( -0.000000000000000000, -0.000000000000000000, -1.000000000000000000 ) ) ;
#5368 = DIRECTION ( 'NONE',  ( 0.4520072321735774112, -0.8920142723425347198, 0.000000000000000000 ) ) ;
#5369 = DIRECTION ( 'NONE',  ( -0.000000000000000000, -0.000000000000000000, -1.000000000000000000 ) ) ;
#5370 = VECTOR ( 'NONE', #1509, 1000.000000000000114 ) ;
#5371 = ORIENTED_EDGE ( 'NONE', *, *, #1235, .F. ) ;
#5372 = CARTESIAN_POINT ( 'NONE',  ( 217.3000000000000114, 124.5169999999999959, 0.000000000000000000 ) ) ;
#5373 = CARTESIAN_POINT ( 'NONE',  ( 3.888809999999999878, 1.803850000000000176, 0.000000000000000000 ) ) ;
#5374 = DIRECTION ( 'NONE',  ( 0.9881164689548826985, 0.1537070062818681471, 0.000000000000000000 ) ) ;
#5375 = VECTOR ( 'NONE', #2229, 1000.000000000000114 ) ;
#5376 = EDGE_CURVE ( 'NONE', #4895, #848, #5563, .T. ) ;
#5377 = EDGE_CURVE ( 'NONE', #4984, #2555, #4261, .T. ) ;
#5378 = LINE ( 'NONE', #2682, #3178 ) ;
#5379 = LINE ( 'NONE', #3133, #5104 ) ;
#5380 = ORIENTED_EDGE ( 'NONE', *, *, #3216, .F. ) ;
#5381 = ORIENTED_EDGE ( 'NONE', *, *, #1441, .F. ) ;
#5382 = LINE ( 'NONE', #3520, #2813 ) ;
#5383 = DIRECTION ( 'NONE',  ( -0.9871105220788048973, -0.1600400487418979223, 0.000000000000000000 ) ) ;
#5384 = ORIENTED_EDGE ( 'NONE', *, *, #2400, .T. ) ;
#5385 = DIRECTION ( 'NONE',  ( 0.7072665251725597235, -0.7069470011042785496, 0.000000000000000000 ) ) ;
#5386 = ORIENTED_EDGE ( 'NONE', *, *, #5084, .T. ) ;
#5387 = DATE_AND_TIME ( #4915, #4026 ) ;
#5388 = LINE ( 'NONE', #1348, #5404 ) ;
#5389 = ORIENTED_EDGE ( 'NONE', *, *, #4066, .T. ) ;
#5390 = AXIS2_PLACEMENT_3D ( 'NONE', #623, #3221, #104 ) ;
#5391 = CARTESIAN_POINT ( 'NONE',  ( 323.8730000000000473, 2.248959999999999848, 0.000000000000000000 ) ) ;
#5392 = ORIENTED_EDGE ( 'NONE', *, *, #4047, .F. ) ;
#5393 = CARTESIAN_POINT ( 'NONE',  ( 109.2540000000000049, 121.7000000000000028, 0.000000000000000000 ) ) ;
#5394 = VECTOR ( 'NONE', #4156, 1000.000000000000227 ) ;
#5395 = ORIENTED_EDGE ( 'NONE', *, *, #175, .F. ) ;
#5396 = CARTESIAN_POINT ( 'NONE',  ( 111.1350000000000051, 1.451070000000000082, 0.000000000000000000 ) ) ;
#5397 = FACE_OUTER_BOUND ( 'NONE', #5432, .T. ) ;
#5398 = ORIENTED_EDGE ( 'NONE', *, *, #4928, .T. ) ;
#5399 = DIRECTION ( 'NONE',  ( -0.000000000000000000, -0.000000000000000000, -1.000000000000000000 ) ) ;
#5400 = VECTOR ( 'NONE', #5282, 1000.000000000000114 ) ;
#5401 = EDGE_CURVE ( 'NONE', #3173, #5008, #422, .T. ) ;
#5402 = CARTESIAN_POINT ( 'NONE',  ( 323.8730000000000473, 3.238389999999999880, 5.099999999999999645 ) ) ;
#5403 = CARTESIAN_POINT ( 'NONE',  ( 1.072109999999999896, 3.238389999999999880, 0.000000000000000000 ) ) ;
#5404 = VECTOR ( 'NONE', #4501, 999.9999999999998863 ) ;
#5405 = ORIENTED_EDGE ( 'NONE', *, *, #1368, .F. ) ;
#5406 = EDGE_CURVE ( 'NONE', #5302, #1199, #3911, .T. ) ;
#5407 = VERTEX_POINT ( 'NONE', #5735 ) ;
#5408 = FACE_OUTER_BOUND ( 'NONE', #2199, .T. ) ;
#5409 = VECTOR ( 'NONE', #508, 1000.000000000000114 ) ;
#5410 = VERTEX_POINT ( 'NONE', #4416 ) ;
#5411 = ADVANCED_FACE ( 'NONE', ( #355 ), #5701, .T. ) ;
#5412 = EDGE_CURVE ( 'NONE', #4056, #5302, #2676, .T. ) ;
#5413 = CARTESIAN_POINT ( 'NONE',  ( 327.8960000000000150, 118.9939999999999998, 5.099999999999999645 ) ) ;
#5414 = DIRECTION ( 'NONE',  ( 0.1543157444028216974, -0.9880215842932799086, 0.000000000000000000 ) ) ;
#5415 = VERTEX_POINT ( 'NONE', #393 ) ;
#5416 = CARTESIAN_POINT ( 'NONE',  ( 219.3950000000000102, 122.9939999999999998, 0.000000000000000000 ) ) ;
#5417 = EDGE_LOOP ( 'NONE', ( #2269, #1640, #5745, #1819 ) ) ;
#5418 = ORIENTED_EDGE ( 'NONE', *, *, #4210, .T. ) ;
#5419 = LINE ( 'NONE', #1314, #1717 ) ;
#5420 = ORIENTED_EDGE ( 'NONE', *, *, #4165, .T. ) ;
#5421 = PLANE ( 'NONE',  #3577 ) ;
#5422 = VERTEX_POINT ( 'NONE', #2124 ) ;
#5423 = DIRECTION ( 'NONE',  ( -0.1597243542218900192, 0.9871616537672035507, 0.000000000000000000 ) ) ;
#5424 = ORIENTED_EDGE ( 'NONE', *, *, #3135, .T. ) ;
#5425 = CARTESIAN_POINT ( 'NONE',  ( 219.3160000000000025, 123.4890000000000043, 5.099999999999999645 ) ) ;
#5426 = DIRECTION ( 'NONE',  ( -0.7069569863009865784, 0.7072565443459868373, 0.000000000000000000 ) ) ;
#5427 = VERTEX_POINT ( 'NONE', #3505 ) ;
#5428 = DIRECTION ( 'NONE',  ( -0.1572637512810249882, -0.9875566376330118246, 0.000000000000000000 ) ) ;
#5429 = CARTESIAN_POINT ( 'NONE',  ( 218.7359999999999900, 124.2890000000000157, 0.000000000000000000 ) ) ;
#5430 = DIRECTION ( 'NONE',  ( -0.8905970137628030914, -0.4547933146790720804, 0.000000000000000000 ) ) ;
#5431 = ORIENTED_EDGE ( 'NONE', *, *, #3372, .F. ) ;
#5432 = EDGE_LOOP ( 'NONE', ( #1091, #5738, #421, #440 ) ) ;
#5433 = ORIENTED_EDGE ( 'NONE', *, *, #5767, .F. ) ;
#5434 = DIRECTION ( 'NONE',  ( -0.9871905049027036583, -0.1595459401863458804, 0.000000000000000000 ) ) ;
#5435 = VECTOR ( 'NONE', #4646, 1000.000000000000114 ) ;
#5436 = DIRECTION ( 'NONE',  ( 0.7071067811865059394, -0.7071067811865890951, 0.000000000000000000 ) ) ;
#5437 = EDGE_LOOP ( 'NONE', ( #5761, #789, #4275, #2107 ) ) ;
#5438 = ADVANCED_FACE ( 'NONE', ( #3065 ), #1256, .T. ) ;
#5439 = ADVANCED_FACE ( 'NONE', ( #1736 ), #1702, .T. ) ;
#5440 = AXIS2_PLACEMENT_3D ( 'NONE', #451, #3884, #5274 ) ;
#5441 = CARTESIAN_POINT ( 'NONE',  ( 111.1350000000000051, 124.2890000000000157, 5.099999999999999645 ) ) ;
#5442 = EDGE_LOOP ( 'NONE', ( #3443, #2491, #815, #1034 ) ) ;
#5443 = ORIENTED_EDGE ( 'NONE', *, *, #894, .T. ) ;
#5444 = PLANE ( 'NONE',  #649 ) ;
#5445 = CARTESIAN_POINT ( 'NONE',  ( 324.1010000000000559, 123.9350000000000023, 5.099999999999999645 ) ) ;
#5446 = VERTEX_POINT ( 'NONE', #813 ) ;
#5447 = AXIS2_PLACEMENT_3D ( 'NONE', #3648, #2706, #1878 ) ;
#5448 = PLANE ( 'NONE',  #1024 ) ;
#5449 = DIRECTION ( 'NONE',  ( 0.4547933146790936187, 0.8905970137627921002, 0.000000000000000000 ) ) ;
#5450 = EDGE_LOOP ( 'NONE', ( #1746, #5056, #3018, #1655 ) ) ;
#5451 = VECTOR ( 'NONE', #3853, 1000.000000000000000 ) ;
#5452 = CARTESIAN_POINT ( 'NONE',  ( 111.4890000000000043, 3.684870000000000090, 5.099999999999999645 ) ) ;
#5453 = ORIENTED_EDGE ( 'NONE', *, *, #5461, .T. ) ;
#5454 = PLANE ( 'NONE',  #5158 ) ;
#5455 = LINE ( 'NONE', #4926, #3128 ) ;
#5456 = LINE ( 'NONE', #429, #4239 ) ;
#5457 = ORIENTED_EDGE ( 'NONE', *, *, #1767, .F. ) ;
#5458 = VECTOR ( 'NONE', #957, 1000.000000000000114 ) ;
#5459 = LINE ( 'NONE', #5017, #902 ) ;
#5460 = EDGE_LOOP ( 'NONE', ( #2827, #68, #4576, #2924 ) ) ;
#5461 = EDGE_CURVE ( 'NONE', #1213, #1186, #2612, .T. ) ;
#5462 = VECTOR ( 'NONE', #1304, 1000.000000000000000 ) ;
#5463 = CARTESIAN_POINT ( 'NONE',  ( 1.653650000000000064, 4.039019999999999833, 5.099999999999999645 ) ) ;
#5464 = ORIENTED_EDGE ( 'NONE', *, *, #1023, .T. ) ;
#5465 = VECTOR ( 'NONE', #3110, 1000.000000000000000 ) ;
#5466 = DIRECTION ( 'NONE',  ( -0.8919900795199010579, -0.4520549723629646577, 0.000000000000000000 ) ) ;
#5467 = CARTESIAN_POINT ( 'NONE',  ( 1.653650000000000064, 1.451070000000000082, 5.099999999999999645 ) ) ;
#5468 = DIRECTION ( 'NONE',  ( -0.000000000000000000, -0.000000000000000000, -1.000000000000000000 ) ) ;
#5469 = ORIENTED_EDGE ( 'NONE', *, *, #1993, .T. ) ;
#5470 = CARTESIAN_POINT ( 'NONE',  ( 5.094599999999999795, 120.4939999999999998, 5.099999999999999645 ) ) ;
#5471 = DIRECTION ( 'NONE',  ( -0.4543735275849096200, -0.8908112580283465975, 0.000000000000000000 ) ) ;
#5472 = ORIENTED_EDGE ( 'NONE', *, *, #5600, .F. ) ;
#5473 = ADVANCED_FACE ( 'NONE', ( #3472 ), #2191, .F. ) ;
#5474 = ADVANCED_FACE ( 'NONE', ( #4476 ), #1285, .T. ) ;
#5475 = DIRECTION ( 'NONE',  ( 0.9871073587932579496, -0.1600595583406319855, 0.000000000000000000 ) ) ;
#5476 = DIRECTION ( 'NONE',  ( -0.4547933146790717474, -0.8905970137628034244, 0.000000000000000000 ) ) ;
#5477 = VERTEX_POINT ( 'NONE', #3093 ) ;
#5478 = CARTESIAN_POINT ( 'NONE',  ( 327.8960000000000150, 0.2439130000000000187, 0.000000000000000000 ) ) ;
#5479 = CARTESIAN_POINT ( 'NONE',  ( 326.3360000000000127, 1.451070000000000082, 5.099999999999999645 ) ) ;
#5480 = CARTESIAN_POINT ( 'NONE',  ( 324.4549999999999841, 121.7000000000000028, 0.000000000000000000 ) ) ;
#5481 = CARTESIAN_POINT ( 'NONE',  ( 1.072109999999999896, 123.4890000000000043, 5.099999999999999645 ) ) ;
#5482 = FACE_OUTER_BOUND ( 'NONE', #424, .T. ) ;
#5483 = VERTEX_POINT ( 'NONE', #3038 ) ;
#5484 = EDGE_CURVE ( 'NONE', #3877, #4902, #4893, .T. ) ;
#5485 = EDGE_CURVE ( 'NONE', #558, #1633, #847, .T. ) ;
#5486 = AXIS2_PLACEMENT_3D ( 'NONE', #4563, #2789, #2654 ) ;
#5487 = CARTESIAN_POINT ( 'NONE',  ( 3.088179999999999925, 121.4740000000000180, 0.000000000000000000 ) ) ;
#5488 = ORIENTED_EDGE ( 'NONE', *, *, #2579, .T. ) ;
#5489 = VECTOR ( 'NONE', #2821, 1000.000000000000114 ) ;
#5490 = DIRECTION ( 'NONE',  ( 0.000000000000000000, -1.000000000000000000, 0.000000000000000000 ) ) ;
#5491 = PLANE ( 'NONE',  #5390 ) ;
#5492 = CARTESIAN_POINT ( 'NONE',  ( 4.114840000000000053, 123.4890000000000043, 5.099999999999999645 ) ) ;
#5493 = VECTOR ( 'NONE', #1059, 1000.000000000000000 ) ;
#5494 = FACE_OUTER_BOUND ( 'NONE', #3157, .T. ) ;
#5495 = ORIENTED_EDGE ( 'NONE', *, *, #2027, .T. ) ;
#5496 = ORIENTED_EDGE ( 'NONE', *, *, #2239, .F. ) ;
#5497 = DIRECTION ( 'NONE',  ( -0.7083262900088698188, -0.7058851655065930819, 0.000000000000000000 ) ) ;
#5498 = VERTEX_POINT ( 'NONE', #4801 ) ;
#5499 = DIRECTION ( 'NONE',  ( -0.000000000000000000, -0.000000000000000000, -1.000000000000000000 ) ) ;
#5500 = ORIENTED_EDGE ( 'NONE', *, *, #4033, .F. ) ;
#5501 = DIRECTION ( 'NONE',  ( 0.4512497765713583409, 0.8923976911356837904, 0.000000000000000000 ) ) ;
#5502 = EDGE_CURVE ( 'NONE', #1791, #3628, #1764, .T. ) ;
#5503 = FACE_OUTER_BOUND ( 'NONE', #5241, .T. ) ;
#5504 = CARTESIAN_POINT ( 'NONE',  ( 109.7000000000000028, 124.5169999999999959, 5.099999999999999645 ) ) ;
#5505 = CARTESIAN_POINT ( 'NONE',  ( 218.7359999999999900, 121.7000000000000028, 0.000000000000000000 ) ) ;
#5506 = CARTESIAN_POINT ( 'NONE',  ( 111.7950000000000017, 2.745049999999999990, 0.000000000000000000 ) ) ;
#5507 = ORIENTED_EDGE ( 'NONE', *, *, #310, .F. ) ;
#5508 = EDGE_CURVE ( 'NONE', #750, #2939, #5674, .T. ) ;
#5509 = ADVANCED_FACE ( 'NONE', ( #762 ), #2553, .T. ) ;
#5510 = CARTESIAN_POINT ( 'NONE',  ( 216.2719999999999914, 2.248959999999999848, 0.000000000000000000 ) ) ;
#5511 = ORIENTED_EDGE ( 'NONE', *, *, #994, .T. ) ;
#5512 = VECTOR ( 'NONE', #2127, 1000.000000000000000 ) ;
#5513 = ORIENTED_EDGE ( 'NONE', *, *, #657, .T. ) ;
#5514 = DIRECTION ( 'NONE',  ( -0.000000000000000000, -0.000000000000000000, -1.000000000000000000 ) ) ;
#5515 = DIRECTION ( 'NONE',  ( -0.4516045380685624888, -0.8922182138893379744, 0.000000000000000000 ) ) ;
#5516 = ORIENTED_EDGE ( 'NONE', *, *, #1775, .T. ) ;
#5517 = EDGE_CURVE ( 'NONE', #3220, #1796, #3211, .T. ) ;
#5518 = ORIENTED_EDGE ( 'NONE', *, *, #5097, .F. ) ;
#5519 = VECTOR ( 'NONE', #4777, 1000.000000000000000 ) ;
#5520 = LINE ( 'NONE', #4640, #5493 ) ;
#5521 = DIRECTION ( 'NONE',  ( 0.4532090333824307926, -0.8914042697118758074, 0.000000000000000000 ) ) ;
#5522 = VECTOR ( 'NONE', #3563, 1000.000000000000000 ) ;
#5523 = VERTEX_POINT ( 'NONE', #3592 ) ;
#5524 = EDGE_CURVE ( 'NONE', #1487, #1266, #2817, .T. ) ;
#5525 = EDGE_CURVE ( 'NONE', #3945, #5134, #4618, .T. ) ;
#5526 = LINE ( 'NONE', #1093, #2146 ) ;
#5527 = LINE ( 'NONE', #260, #3189 ) ;
#5528 = DIRECTION ( 'NONE',  ( 0.4543163942506014408, -0.8908403975545405862, 0.000000000000000000 ) ) ;
#5529 = CARTESIAN_POINT ( 'NONE',  ( 110.6880000000000024, 4.265010000000000190, 0.000000000000000000 ) ) ;
#5530 = ORIENTED_EDGE ( 'NONE', *, *, #4657, .F. ) ;
#5531 = CARTESIAN_POINT ( 'NONE',  ( 110.6880000000000024, 124.5169999999999959, 5.099999999999999645 ) ) ;
#5532 = DIRECTION ( 'NONE',  ( 0.9871395892538341599, 0.1598606622273645861, 0.000000000000000000 ) ) ;
#5533 = VECTOR ( 'NONE', #576, 1000.000000000000000 ) ;
#5534 = LINE ( 'NONE', #2419, #1675 ) ;
#5535 = VERTEX_POINT ( 'NONE', #4985 ) ;
#5536 = EDGE_CURVE ( 'NONE', #882, #2257, #4030, .T. ) ;
#5537 = EDGE_CURVE ( 'NONE', #3166, #3766, #1381, .T. ) ;
#5538 = VECTOR ( 'NONE', #3695, 1000.000000000000000 ) ;
#5539 = PLANE ( 'NONE',  #3080 ) ;
#5540 = ORIENTED_EDGE ( 'NONE', *, *, #5412, .T. ) ;
#5541 = CARTESIAN_POINT ( 'NONE',  ( 326.9159999999999968, 123.4890000000000043, 5.099999999999999645 ) ) ;
#5542 = AXIS2_PLACEMENT_3D ( 'NONE', #4127, #5049, #998 ) ;
#5543 = LINE ( 'NONE', #4214, #3108 ) ;
#5544 = EDGE_CURVE ( 'NONE', #403, #4947, #4561, .T. ) ;
#5545 = CARTESIAN_POINT ( 'NONE',  ( 108.6720000000000113, 2.248959999999999848, 5.099999999999999645 ) ) ;
#5546 = VECTOR ( 'NONE', #2915, 1000.000000000000227 ) ;
#5547 = ORIENTED_EDGE ( 'NONE', *, *, #1490, .F. ) ;
#5548 = VERTEX_POINT ( 'NONE', #5396 ) ;
#5549 = DIRECTION ( 'NONE',  ( 0.1594098865181494684, 0.9872124837542679554, -0.000000000000000000 ) ) ;
#5550 = LINE ( 'NONE', #4756, #5370 ) ;
#5551 = LINE ( 'NONE', #1037, #1201 ) ;
#5552 = ORIENTED_EDGE ( 'NONE', *, *, #5785, .T. ) ;
#5553 = CARTESIAN_POINT ( 'NONE',  ( 111.7159999999999940, 2.248959999999999848, 5.099999999999999645 ) ) ;
#5554 = DIRECTION ( 'NONE',  ( -0.4520072321735773557, 0.8920142723425347198, 0.000000000000000000 ) ) ;
#5555 = CARTESIAN_POINT ( 'NONE',  ( 108.6720000000000113, 123.4890000000000043, 5.099999999999999645 ) ) ;
#5556 = DIRECTION ( 'NONE',  ( -0.8920142723425459330, 0.4520072321735553178, 0.000000000000000000 ) ) ;
#5557 = ORIENTED_EDGE ( 'NONE', *, *, #3671, .T. ) ;
#5558 = LINE ( 'NONE', #1552, #4216 ) ;
#5559 = ORIENTED_EDGE ( 'NONE', *, *, #4749, .T. ) ;
#5560 = VECTOR ( 'NONE', #345, 1000.000000000000000 ) ;
#5561 = CARTESIAN_POINT ( 'NONE',  ( 217.3000000000000114, 124.5169999999999959, 5.099999999999999645 ) ) ;
#5562 = VECTOR ( 'NONE', #4435, 1000.000000000000114 ) ;
#5563 = LINE ( 'NONE', #2475, #5706 ) ;
#5564 = EDGE_LOOP ( 'NONE', ( #4871, #3724, #4313, #3565 ) ) ;
#5565 = DIRECTION ( 'NONE',  ( 0.8904950446498628436, -0.4549929400046100469, 0.000000000000000000 ) ) ;
#5566 = CARTESIAN_POINT ( 'NONE',  ( 216.1949999999999932, 2.745049999999999990, 5.099999999999999645 ) ) ;
#5567 = LINE ( 'NONE', #2342, #2089 ) ;
#5568 = AXIS2_PLACEMENT_3D ( 'NONE', #5176, #171, #3286 ) ;
#5569 = ADVANCED_FACE ( 'NONE', ( #33 ), #2308, .T. ) ;
#5570 = DIRECTION ( 'NONE',  ( 0.4512020778594382775, 0.8924218088635694768, 0.000000000000000000 ) ) ;
#5571 = CARTESIAN_POINT ( 'NONE',  ( 325.3960000000000150, 4.344949999999999868, 5.099999999999999645 ) ) ;
#5572 = VECTOR ( 'NONE', #3229, 1000.000000000000000 ) ;
#5573 = LINE ( 'NONE', #1537, #5732 ) ;
#5574 = VERTEX_POINT ( 'NONE', #3678 ) ;
#5575 = ADVANCED_FACE ( 'NONE', ( #5011 ), #3261, .T. ) ;
#5576 = EDGE_CURVE ( 'NONE', #1756, #2515, #2279, .T. ) ;
#5577 = ORIENTED_EDGE ( 'NONE', *, *, #518, .F. ) ;
#5578 = FACE_OUTER_BOUND ( 'NONE', #5140, .T. ) ;
#5579 = CARTESIAN_POINT ( 'NONE',  ( 217.3000000000000114, 121.4740000000000180, 0.000000000000000000 ) ) ;
#5580 = EDGE_LOOP ( 'NONE', ( #2243, #1315, #3696, #735 ) ) ;
#5581 = DIRECTION ( 'NONE',  ( -0.4538115675396487414, -0.8910976720692332931, 0.000000000000000000 ) ) ;
#5582 = FACE_OUTER_BOUND ( 'NONE', #4606, .T. ) ;
#5583 = PLANE ( 'NONE',  #5568 ) ;
#5584 = CARTESIAN_POINT ( 'NONE',  ( 110.6880000000000024, 4.265010000000000190, 0.000000000000000000 ) ) ;
#5585 = CARTESIAN_POINT ( 'NONE',  ( 4.114840000000000053, 122.5010000000000190, 5.099999999999999645 ) ) ;
#5586 = ORIENTED_EDGE ( 'NONE', *, *, #4748, .F. ) ;
#5587 = VERTEX_POINT ( 'NONE', #2734 ) ;
#5588 = CARTESIAN_POINT ( 'NONE',  ( 324.8999999999999773, 4.265010000000000190, 0.000000000000000000 ) ) ;
#5589 = DIRECTION ( 'NONE',  ( -0.4563732901630923600, -0.8897884130655523416, 0.000000000000000000 ) ) ;
#5590 = VERTEX_POINT ( 'NONE', #2332 ) ;
#5591 = LINE ( 'NONE', #3322, #2038 ) ;
#5592 = DIRECTION ( 'NONE',  ( -0.9871073587932587268, 0.1600595583406276001, 0.000000000000000000 ) ) ;
#5593 = DIRECTION ( 'NONE',  ( -0.9880215842932849046, 0.1543157444027903058, 0.000000000000000000 ) ) ;
#5594 = CARTESIAN_POINT ( 'NONE',  ( 2.594850000000000101, 124.5939999999999941, 0.000000000000000000 ) ) ;
#5595 = CARTESIAN_POINT ( 'NONE',  ( 323.7950000000000159, 122.9939999999999998, 5.099999999999999645 ) ) ;
#5596 = EDGE_CURVE ( 'NONE', #5236, #3259, #2363, .T. ) ;
#5597 = VECTOR ( 'NONE', #4989, 1000.000000000000000 ) ;
#5598 = VERTEX_POINT ( 'NONE', #4954 ) ;
#5599 = CARTESIAN_POINT ( 'NONE',  ( 320.7790795951257223, 118.9939999999999998, 8.418240729305537684 ) ) ;
#5600 = EDGE_CURVE ( 'NONE', #4953, #95, #2246, .T. ) ;
#5601 = EDGE_CURVE ( 'NONE', #2567, #4218, #904, .T. ) ;
#5602 = LINE ( 'NONE', #719, #2897 ) ;
#5603 = EDGE_LOOP ( 'NONE', ( #2714, #4000, #3313, #172 ) ) ;
#5604 = VECTOR ( 'NONE', #5554, 1000.000000000000114 ) ;
#5605 = DIRECTION ( 'NONE',  ( 0.9872598878091026764, 0.1591160391763127013, 0.000000000000000000 ) ) ;
#5606 = CARTESIAN_POINT ( 'NONE',  ( 218.7359999999999900, 1.451070000000000082, 5.099999999999999645 ) ) ;
#5607 = DIRECTION ( 'NONE',  ( -0.000000000000000000, -0.000000000000000000, -1.000000000000000000 ) ) ;
#5608 = LINE ( 'NONE', #1961, #3134 ) ;
#5609 = LINE ( 'NONE', #5237, #3662 ) ;
#5610 = DIRECTION ( 'NONE',  ( 0.4527899509762593477, 0.8916172162396353018, 0.000000000000000000 ) ) ;
#5611 = ORIENTED_EDGE ( 'NONE', *, *, #2447, .F. ) ;
#5612 = VECTOR ( 'NONE', #2643, 1000.000000000000000 ) ;
#5613 = PLANE ( 'NONE',  #1414 ) ;
#5614 = EDGE_CURVE ( 'NONE', #3031, #5782, #3706, .T. ) ;
#5615 = ORIENTED_EDGE ( 'NONE', *, *, #3237, .T. ) ;
#5616 = LINE ( 'NONE', #2449, #1613 ) ;
#5617 = DIRECTION ( 'NONE',  ( -0.000000000000000000, -0.000000000000000000, -1.000000000000000000 ) ) ;
#5618 = ORIENTED_EDGE ( 'NONE', *, *, #3562, .F. ) ;
#5619 = LINE ( 'NONE', #5157, #2819 ) ;
#5620 = ADVANCED_FACE ( 'NONE', ( #5503 ), #1848, .T. ) ;
#5621 = AXIS2_PLACEMENT_3D ( 'NONE', #3337, #1929, #2018 ) ;
#5622 = CARTESIAN_POINT ( 'NONE',  ( 219.3160000000000025, 122.5010000000000190, 0.000000000000000000 ) ) ;
#5623 = LINE ( 'NONE', #4363, #4919 ) ;
#5624 = VECTOR ( 'NONE', #3590, 1000.000000000000114 ) ;
#5625 = DIRECTION ( 'NONE',  ( 0.1563763198671320742, -0.9876975481314167471, 0.000000000000000000 ) ) ;
#5626 = VECTOR ( 'NONE', #3250, 1000.000000000000227 ) ;
#5627 = CARTESIAN_POINT ( 'NONE',  ( 111.1350000000000051, 121.7000000000000028, 0.000000000000000000 ) ) ;
#5628 = LINE ( 'NONE', #3864, #4520 ) ;
#5629 = AXIS2_PLACEMENT_3D ( 'NONE', #1339, #1719, #1688 ) ;
#5630 = ORIENTED_EDGE ( 'NONE', *, *, #3331, .F. ) ;
#5631 = DIRECTION ( 'NONE',  ( -0.000000000000000000, -0.000000000000000000, -1.000000000000000000 ) ) ;
#5632 = FACE_BOUND ( 'NONE', #1223, .T. ) ;
#5633 = VECTOR ( 'NONE', #85, 1000.000000000000000 ) ;
#5634 = CARTESIAN_POINT ( 'NONE',  ( 4.114840000000000053, 2.248959999999999848, 0.000000000000000000 ) ) ;
#5635 = ORIENTED_EDGE ( 'NONE', *, *, #3102, .T. ) ;
#5636 = DIRECTION ( 'NONE',  ( -0.000000000000000000, -0.000000000000000000, -1.000000000000000000 ) ) ;
#5637 = PLANE ( 'NONE',  #3460 ) ;
#5638 = DIRECTION ( 'NONE',  ( -0.000000000000000000, -0.000000000000000000, -1.000000000000000000 ) ) ;
#5639 = ORIENTED_EDGE ( 'NONE', *, *, #4609, .T. ) ;
#5640 = CARTESIAN_POINT ( 'NONE',  ( 108.8990000000000151, 1.803850000000000176, 5.099999999999999645 ) ) ;
#5641 = CARTESIAN_POINT ( 'NONE',  ( 1.072109999999999896, 122.5010000000000190, 5.099999999999999645 ) ) ;
#5642 = EDGE_CURVE ( 'NONE', #2982, #2081, #5062, .T. ) ;
#5643 = CARTESIAN_POINT ( 'NONE',  ( 325.8890000000000668, 121.4740000000000180, 5.099999999999999645 ) ) ;
#5644 = VERTEX_POINT ( 'NONE', #91 ) ;
#5645 = DIRECTION ( 'NONE',  ( -0.8903987221554817699, -0.4551814095323809539, 0.000000000000000000 ) ) ;
#5646 = PLANE ( 'NONE',  #2040 ) ;
#5647 = ADVANCED_FACE ( 'NONE', ( #2762 ), #5454, .T. ) ;
#5648 = ADVANCED_FACE ( 'NONE', ( #4700 ), #3285, .T. ) ;
#5649 = ORIENTED_EDGE ( 'NONE', *, *, #968, .F. ) ;
#5650 = DIRECTION ( 'NONE',  ( -0.8922101619186267873, -0.4516204456943215262, 0.000000000000000000 ) ) ;
#5651 = DIRECTION ( 'NONE',  ( -0.000000000000000000, -0.000000000000000000, -1.000000000000000000 ) ) ;
#5652 = PLANE ( 'NONE',  #1180 ) ;
#5653 = DIRECTION ( 'NONE',  ( 0.000000000000000000, -0.000000000000000000, -1.000000000000000000 ) ) ;
#5654 = CARTESIAN_POINT ( 'NONE',  ( 326.9159999999999968, 122.5010000000000190, 5.099999999999999645 ) ) ;
#5655 = EDGE_CURVE ( 'NONE', #1287, #2009, #588, .T. ) ;
#5656 = CARTESIAN_POINT ( 'NONE',  ( 326.9959999999999809, 122.9939999999999998, 5.099999999999999645 ) ) ;
#5657 = FACE_OUTER_BOUND ( 'NONE', #3234, .T. ) ;
#5658 = CARTESIAN_POINT ( 'NONE',  ( 2.100130000000000052, 121.4740000000000180, 5.099999999999999645 ) ) ;
#5659 = VECTOR ( 'NONE', #5089, 1000.000000000000114 ) ;
#5660 = ORIENTED_EDGE ( 'NONE', *, *, #2910, .T. ) ;
#5661 = CARTESIAN_POINT ( 'NONE',  ( 3.888809999999999878, 3.684870000000000090, 5.099999999999999645 ) ) ;
#5662 = VECTOR ( 'NONE', #2482, 999.9999999999998863 ) ;
#5663 = DIRECTION ( 'NONE',  ( -0.4516204456943435641, 0.8922101619186156851, 0.000000000000000000 ) ) ;
#5664 = ORIENTED_EDGE ( 'NONE', *, *, #3924, .T. ) ;
#5665 = PLANE ( 'NONE',  #2547 ) ;
#5666 = CARTESIAN_POINT ( 'NONE',  ( 3.888809999999999878, 3.684870000000000090, 5.099999999999999645 ) ) ;
#5667 = SECURITY_CLASSIFICATION_LEVEL ( 'unclassified' ) ;
#5668 = ORIENTED_EDGE ( 'NONE', *, *, #3171, .F. ) ;
#5669 = FACE_OUTER_BOUND ( 'NONE', #4788, .T. ) ;
#5670 = VERTEX_POINT ( 'NONE', #664 ) ;
#5671 = ORIENTED_EDGE ( 'NONE', *, *, #1335, .T. ) ;
#5672 = CARTESIAN_POINT ( 'NONE',  ( 216.2719999999999914, 2.248959999999999848, 0.000000000000000000 ) ) ;
#5673 = VERTEX_POINT ( 'NONE', #2050 ) ;
#5674 = LINE ( 'NONE', #3126, #77 ) ;
#5675 = PLANE ( 'NONE',  #1405 ) ;
#5676 = EDGE_LOOP ( 'NONE', ( #2085, #3253, #32, #2626 ) ) ;
#5677 = CARTESIAN_POINT ( 'NONE',  ( 326.6899999999999977, 122.0540000000000163, 5.099999999999999645 ) ) ;
#5678 = DIRECTION ( 'NONE',  ( -0.8924298478293074544, 0.4511861774294056437, 0.000000000000000000 ) ) ;
#5679 = DIRECTION ( 'NONE',  ( -0.7069569863009310673, -0.7072565443460422374, 0.000000000000000000 ) ) ;
#5680 = ADVANCED_FACE ( 'NONE', ( #3403 ), #4730, .T. ) ;
#5681 = EDGE_CURVE ( 'NONE', #3491, #4661, #1067, .T. ) ;
#5682 = DIRECTION ( 'NONE',  ( 0.000000000000000000, -1.000000000000000000, 0.000000000000000000 ) ) ;
#5683 = CARTESIAN_POINT ( 'NONE',  ( 1.072109999999999896, 3.238389999999999880, 5.099999999999999645 ) ) ;
#5684 = EDGE_LOOP ( 'NONE', ( #3430, #4803, #2238, #3203 ) ) ;
#5685 = DIRECTION ( 'NONE',  ( 0.000000000000000000, 0.000000000000000000, -1.000000000000000000 ) ) ;
#5686 = EDGE_LOOP ( 'NONE', ( #2615, #2090, #3970, #2765 ) ) ;
#5687 = LINE ( 'NONE', #1656, #4835 ) ;
#5688 = LINE ( 'NONE', #3457, #5166 ) ;
#5689 = ORIENTED_EDGE ( 'NONE', *, *, #782, .F. ) ;
#5691 = ADVANCED_FACE ( 'NONE', ( #2849 ), #3367, .T. ) ;
#5690 = PLANE ( 'NONE',  #2164 ) ;
#5692 = ORIENTED_EDGE ( 'NONE', *, *, #1439, .T. ) ;
#5693 = CARTESIAN_POINT ( 'NONE',  ( 326.9159999999999968, 123.4890000000000043, 5.099999999999999645 ) ) ;
#5694 = DIRECTION ( 'NONE',  ( 0.7083262900088421743, -0.7058851655066208375, 0.000000000000000000 ) ) ;
#5695 = DIRECTION ( 'NONE',  ( 0.000000000000000000, 0.000000000000000000, 1.000000000000000000 ) ) ;
#5696 = ORIENTED_EDGE ( 'NONE', *, *, #2768, .F. ) ;
#5697 = DIRECTION ( 'NONE',  ( 0.4512020778594382775, 0.8924218088635694768, 0.000000000000000000 ) ) ;
#5698 = ORIENTED_EDGE ( 'NONE', *, *, #4204, .F. ) ;
#5699 = DIRECTION ( 'NONE',  ( -0.000000000000000000, 1.000000000000000000, -0.000000000000000000 ) ) ;
#5700 = ORIENTED_EDGE ( 'NONE', *, *, #5097, .T. ) ;
#5701 = PLANE ( 'NONE',  #3268 ) ;
#5702 = VERTEX_POINT ( 'NONE', #610 ) ;
#5703 = VECTOR ( 'NONE', #1774, 1000.000000000000000 ) ;
#5704 = DIRECTION ( 'NONE',  ( -0.9874201402453381959, -0.1581185208565923372, 0.000000000000000000 ) ) ;
#5705 = DIRECTION ( 'NONE',  ( -0.000000000000000000, -0.000000000000000000, -1.000000000000000000 ) ) ;
#5706 = VECTOR ( 'NONE', #1527, 999.9999999999998863 ) ;
#5707 = LINE ( 'NONE', #4934, #2152 ) ;
#5708 = CARTESIAN_POINT ( 'NONE',  ( 0.000000000000000000, 105.1244291827815971, 5.099999999999999645 ) ) ;
#5709 = ORIENTED_EDGE ( 'NONE', *, *, #4672, .T. ) ;
#5710 = CARTESIAN_POINT ( 'NONE',  ( 108.6720000000000113, 122.5010000000000190, 5.099999999999999645 ) ) ;
#5711 = EDGE_CURVE ( 'NONE', #3846, #3118, #2962, .T. ) ;
#5712 = EDGE_CURVE ( 'NONE', #2009, #5598, #1040, .T. ) ;
#5713 = VECTOR ( 'NONE', #4195, 1000.000000000000000 ) ;
#5714 = CARTESIAN_POINT ( 'NONE',  ( 111.4890000000000043, 123.9350000000000023, 5.099999999999999645 ) ) ;
#5715 = EDGE_LOOP ( 'NONE', ( #4468, #3749, #840, #2665 ) ) ;
#5716 = VECTOR ( 'NONE', #4018, 1000.000000000000114 ) ;
#5717 = EDGE_CURVE ( 'NONE', #1311, #527, #2387, .T. ) ;
#5718 = EDGE_CURVE ( 'NONE', #4759, #90, #4170, .T. ) ;
#5719 = DIRECTION ( 'NONE',  ( -0.000000000000000000, -0.000000000000000000, -1.000000000000000000 ) ) ;
#5720 = EDGE_LOOP ( 'NONE', ( #2809, #890, #976, #2693 ) ) ;
#5721 = DIRECTION ( 'NONE',  ( 0.4516681659875569910, -0.8921860051768558675, 0.000000000000000000 ) ) ;
#5722 = VECTOR ( 'NONE', #453, 1000.000000000000114 ) ;
#5723 = VERTEX_POINT ( 'NONE', #1959 ) ;
#5724 = CARTESIAN_POINT ( 'NONE',  ( 3.088179999999999925, 1.223700000000000010, 5.099999999999999645 ) ) ;
#5725 = CARTESIAN_POINT ( 'NONE',  ( 326.3360000000000127, 4.039019999999999833, 5.099999999999999645 ) ) ;
#5726 = PERSON_AND_ORGANIZATION ( #4494, #1102 ) ;
#5727 = ORIENTED_EDGE ( 'NONE', *, *, #3244, .F. ) ;
#5728 = DIRECTION ( 'NONE',  ( -0.7069569863009588229, 0.7072565443460143708, 0.000000000000000000 ) ) ;
#5729 = EDGE_LOOP ( 'NONE', ( #5496, #1620, #4540, #1875 ) ) ;
#5730 = VECTOR ( 'NONE', #1007, 1000.000000000000000 ) ;
#5731 = VERTEX_POINT ( 'NONE', #2929 ) ;
#5732 = VECTOR ( 'NONE', #3327, 1000.000000000000000 ) ;
#5733 = CARTESIAN_POINT ( 'NONE',  ( 3.534660000000000135, 1.451070000000000082, 5.099999999999999645 ) ) ;
#5734 = ORIENTED_EDGE ( 'NONE', *, *, #5093, .T. ) ;
#5735 = CARTESIAN_POINT ( 'NONE',  ( 217.7949999999999875, 124.5940000000000083, 0.000000000000000000 ) ) ;
#5736 = EDGE_LOOP ( 'NONE', ( #2599, #2288, #1383, #1602 ) ) ;
#5737 = DIRECTION ( 'NONE',  ( -0.000000000000000000, -0.000000000000000000, -1.000000000000000000 ) ) ;
#5738 = ORIENTED_EDGE ( 'NONE', *, *, #747, .F. ) ;
#5739 = LINE ( 'NONE', #426, #3444 ) ;
#5740 = LINE ( 'NONE', #854, #4295 ) ;
#5741 = CARTESIAN_POINT ( 'NONE',  ( 4.114840000000000053, 123.4890000000000043, 5.099999999999999645 ) ) ;
#5742 = ORIENTED_EDGE ( 'NONE', *, *, #2687, .F. ) ;
#5743 = ADVANCED_FACE ( 'NONE', ( #5582 ), #5637, .T. ) ;
#5744 = CARTESIAN_POINT ( 'NONE',  ( 3.088179999999999925, 4.265010000000000190, 5.099999999999999645 ) ) ;
#5745 = ORIENTED_EDGE ( 'NONE', *, *, #5182, .T. ) ;
#5746 = EDGE_CURVE ( 'NONE', #3299, #4962, #228, .T. ) ;
#5747 = ORIENTED_EDGE ( 'NONE', *, *, #1308, .T. ) ;
#5748 = ORIENTED_EDGE ( 'NONE', *, *, #3361, .F. ) ;
#5749 = VECTOR ( 'NONE', #5073, 1000.000000000000227 ) ;
#5750 = CARTESIAN_POINT ( 'NONE',  ( 111.7159999999999940, 3.238389999999999880, 5.099999999999999645 ) ) ;
#5751 = ORIENTED_EDGE ( 'NONE', *, *, #865, .T. ) ;
#5752 = ADVANCED_FACE ( 'NONE', ( #5175 ), #144, .T. ) ;
#5753 = EDGE_CURVE ( 'NONE', #4736, #5202, #3727, .T. ) ;
#5754 = DIRECTION ( 'NONE',  ( -0.9872456615083831100, 0.1592042833370856114, 0.000000000000000000 ) ) ;
#5755 = CARTESIAN_POINT ( 'NONE',  ( 218.7359999999999900, 121.7000000000000028, 5.099999999999999645 ) ) ;
#5756 = VECTOR ( 'NONE', #4173, 1000.000000000000000 ) ;
#5757 = DIRECTION ( 'NONE',  ( -0.000000000000000000, -0.000000000000000000, -1.000000000000000000 ) ) ;
#5758 = LINE ( 'NONE', #5111, #941 ) ;
#5759 = VERTEX_POINT ( 'NONE', #5555 ) ;
#5760 = CARTESIAN_POINT ( 'NONE',  ( 326.6899999999999977, 123.9350000000000023, 5.099999999999999645 ) ) ;
#5761 = ORIENTED_EDGE ( 'NONE', *, *, #3034, .T. ) ;
#5762 = DIRECTION ( 'NONE',  ( 0.000000000000000000, 0.000000000000000000, -1.000000000000000000 ) ) ;
#5763 = ORIENTED_EDGE ( 'NONE', *, *, #1098, .F. ) ;
#5764 = ORIENTED_EDGE ( 'NONE', *, *, #2878, .F. ) ;
#5765 = LINE ( 'NONE', #486, #3815 ) ;
#5766 = FACE_OUTER_BOUND ( 'NONE', #3498, .T. ) ;
#5767 = EDGE_CURVE ( 'NONE', #750, #2074, #5143, .T. ) ;
#5768 = CARTESIAN_POINT ( 'NONE',  ( 4.194740000000000357, 122.9939999999999998, 5.099999999999999645 ) ) ;
#5769 = CARTESIAN_POINT ( 'NONE',  ( 111.1350000000000051, 121.7000000000000028, 5.099999999999999645 ) ) ;
#5770 = VERTEX_POINT ( 'NONE', #4280 ) ;
#5771 = DIRECTION ( 'NONE',  ( -0.000000000000000000, -0.000000000000000000, -1.000000000000000000 ) ) ;
#5772 = ORIENTED_EDGE ( 'NONE', *, *, #1502, .T. ) ;
#5773 = LINE ( 'NONE', #2258, #3016 ) ;
#5774 = ORIENTED_EDGE ( 'NONE', *, *, #3188, .T. ) ;
#5775 = CARTESIAN_POINT ( 'NONE',  ( 219.3160000000000025, 122.5010000000000190, 5.099999999999999645 ) ) ;
#5776 = CC_DESIGN_PERSON_AND_ORGANIZATION_ASSIGNMENT ( #5726, #347, ( #3153 ) ) ;
#5777 = CARTESIAN_POINT ( 'NONE',  ( 325.3960000000000150, 1.143769999999999953, 5.099999999999999645 ) ) ;
#5778 = ORIENTED_EDGE ( 'NONE', *, *, #926, .T. ) ;
#5779 = FACE_OUTER_BOUND ( 'NONE', #784, .T. ) ;
#5780 = ORIENTED_EDGE ( 'NONE', *, *, #2354, .F. ) ;
#5781 = DATE_AND_TIME ( #4762, #4119 ) ;
#5782 = VERTEX_POINT ( 'NONE', #5606 ) ;
#5783 = CARTESIAN_POINT ( 'NONE',  ( 216.1949999999999932, 122.9939999999999998, 0.000000000000000000 ) ) ;
#5784 = ORIENTED_EDGE ( 'NONE', *, *, #1032, .F. ) ;
#5785 = EDGE_CURVE ( 'NONE', #4455, #3778, #5527, .T. ) ;
#5786 = EDGE_CURVE ( 'NONE', #4942, #807, #3433, .T. ) ;
#5787 = VERTEX_POINT ( 'NONE', #1218 ) ;
#5788 = PLANE ( 'NONE',  #1136 ) ;
#5789 = VECTOR ( 'NONE', #487, 1000.000000000000000 ) ;
#5790 = ORIENTED_EDGE ( 'NONE', *, *, #4682, .F. ) ;
#5791 = DIRECTION ( 'NONE',  ( 1.000000000000000000, 0.000000000000000000, 0.000000000000000000 ) ) ;
#5792 = LINE ( 'NONE', #1765, #1421 ) ;
#5793 = EDGE_LOOP ( 'NONE', ( #17, #491, #3905, #5431 ) ) ;
#5794 = CARTESIAN_POINT ( 'NONE',  ( 218.2889999999999873, 4.265010000000000190, 5.099999999999999645 ) ) ;
#5795 = DIRECTION ( 'NONE',  ( 0.4527737055417302980, 0.8916254659721257747, 0.000000000000000000 ) ) ;
#5796 = DIRECTION ( 'NONE',  ( 0.7069470011042785496, -0.7072665251725598345, 0.000000000000000000 ) ) ;
#5797 = DIRECTION ( 'NONE',  ( -0.1572265105709937383, -0.9875625673210124411, 0.000000000000000000 ) ) ;
#5798 = VECTOR ( 'NONE', #2723, 1000.000000000000000 ) ;
#5799 = CARTESIAN_POINT ( 'NONE',  ( 326.9159999999999968, 122.5010000000000190, 0.000000000000000000 ) ) ;
#5800 = ORIENTED_EDGE ( 'NONE', *, *, #2748, .F. ) ;
#5801 = VECTOR ( 'NONE', #1107, 999.9999999999998863 ) ;
#5802 = ORIENTED_EDGE ( 'NONE', *, *, #2736, .F. ) ;
#5803 =( GEOMETRIC_REPRESENTATION_CONTEXT ( 3 ) GLOBAL_UNCERTAINTY_ASSIGNED_CONTEXT ( ( #1362 ) ) GLOBAL_UNIT_ASSIGNED_CONTEXT ( ( #2213, #753, #4375 ) ) REPRESENTATION_CONTEXT ( 'NONE', 'WORKASPACE' ) );
#5804 = DIRECTION ( 'NONE',  ( 0.1582248390206102417, 0.9874031093311901319, 0.000000000000000000 ) ) ;
#5805 = DIRECTION ( 'NONE',  ( 0.9871279408508155662, -0.1599325745169778434, 0.000000000000000000 ) ) ;
#5806 = VERTEX_POINT ( 'NONE', #1245 ) ;
#5807 = CARTESIAN_POINT ( 'NONE',  ( 326.9159999999999968, 122.5010000000000190, 5.099999999999999645 ) ) ;
#5808 = ORIENTED_EDGE ( 'NONE', *, *, #2540, .F. ) ;
#5809 = ORIENTED_EDGE ( 'NONE', *, *, #1151, .F. ) ;
#5810 = LINE ( 'NONE', #4082, #775 ) ;
#5811 = ORIENTED_EDGE ( 'NONE', *, *, #2138, .T. ) ;
#5812 = VECTOR ( 'NONE', #3235, 1000.000000000000000 ) ;
#5813 = EDGE_CURVE ( 'NONE', #875, #2982, #5264, .T. ) ;
ENDSEC;
END-ISO-10303-21;
